SeniorCitizen,Partner,Dependents,tenure,PhoneService,PaperlessBilling,MonthlyCharges,TotalCharges,Churn,gender_Male,MultipleLines_No phone service,MultipleLines_Yes,InternetService_Fiber optic,InternetService_No,OnlineSecurity_No internet service,OnlineSecurity_Yes,OnlineBackup_No internet service,OnlineBackup_Yes,DeviceProtection_No internet service,DeviceProtection_Yes,TechSupport_No internet service,TechSupport_Yes,StreamingTV_No internet service,StreamingTV_Yes,StreamingMovies_No internet service,StreamingMovies_Yes,Contract_One year,Contract_Two year,PaymentMethod_Credit card (automatic),PaymentMethod_Electronic check,PaymentMethod_Mailed check
0,1,1,72,1,1,22.44,1634.99,0,0,0,0,0,1,1,0,1,0,1,0,1,0,1,0,1,0,0,0,0,0,0
1,1,0,30,0,1,71.77,2158.83,1,1,1,0,0,0,0,1,0,0,0,1,0,1,0,0,0,1,1,0,0,1,0
1,0,0,9,1,0,21.47,266.4,0,0,0,1,0,1,1,0,1,0,1,0,1,0,1,0,1,0,0,0,0,0,0
0,1,0,32,1,1,80.77,2554.16,1,0,0,0,0,0,0,1,0,0,0,1,0,1,0,1,0,1,0,0,0,1,0
0,0,0,37,1,1,86.99,3214.63,1,1,0,0,1,0,0,1,0,0,0,1,0,1,0,0,0,0,1,0,0,0,1
0,0,0,16,1,1,92.18,1488.57,1,0,0,0,1,0,0,0,0,1,0,0,0,1,0,1,0,0,0,0,0,0,1
0,0,0,36,1,0,64.33,2303.4,0,0,0,0,0,0,0,0,0,1,0,0,0,0,0,1,0,0,0,1,0,0,0
1,0,1,35,1,1,18.25,652.4,0,0,0,0,0,1,1,0,1,0,1,0,1,0,1,0,1,0,0,1,1,0,0
0,1,0,12,1,1,68.07,808.06,1,1,0,1,0,0,0,0,0,1,0,0,0,0,0,1,0,0,0,0,0,1,0
0,1,1,41,1,1,21.39,885.47,0,1,0,0,0,1,1,0,1,0,1,0,1,0,1,0,1,0,0,1,1,0,0
0,0,0,31,1,1,20.05,673.8,0,1,0,0,0,1,1,0,1,0,1,0,1,0,1,0,1,0,0,0,0,0,0
0,1,0,25,0,1,77.65,1870.81,1,0,1,0,1,0,0,0,0,0,0,1,0,0,0,1,0,0,0,0,1,0,0
0,0,0,27,1,1,22.35,621.87,0,0,0,0,0,1,1,0,1,0,1,0,1,0,1,0,1,0,0,0,0,1,0
1,0,0,8,1,1,98.51,806.17,1,0,0,0,1,0,0,1,0,0,0,0,0,1,0,1,0,1,1,0,0,1,0
0,1,0,63,1,1,18.65,1237.21,1,1,0,1,0,1,1,0,1,0,1,0,1,0,1,0,1,0,0,0,1,0,0
0,1,0,20,1,1,20.67,438.79,1,1,0,0,0,1,1,0,1,0,1,0,1,0,1,0,1,0,0,1,0,0,1
0,0,1,18,1,1,79.09,1458.29,0,0,0,1,1,0,0,0,0,0,0,0,0,1,0,0,0,1,0,1,0,1,0
0,0,1,33,1,1,21.79,716.23,0,1,0,0,0,1,1,0,1,0,1,0,1,0,1,0,1,0,0,0,0,1,0
0,0,0,72,1,0,77.15,5561.69,1,0,0,0,1,0,0,0,0,1,0,0,0,0,0,0,0,1,0,0,1,0,0
0,1,0,42,1,0,75.64,3222.19,0,0,0,1,1,0,0,0,0,0,0,0,0,0,0,0,0,1,0,1,0,1,0
0,0,1,20,1,1,21.27,444.89,0,0,0,0,0,1,1,0,1,0,1,0,1,0,1,0,1,0,1,0,0,0,0
0,1,0,32,1,0,83.68,2641.94,0,1,0,0,1,0,0,1,0,0,0,0,0,0,0,1,0,1,0,1,0,0,0
0,1,0,32,1,1,54.05,1726.24,0,0,0,1,0,0,0,0,0,0,0,0,0,1,0,0,0,0,1,0,0,0,1
0,0,0,25,0,1,73.05,1827.61,0,0,1,0,0,0,0,0,0,0,0,1,0,1,0,1,0,1,0,1,0,0,0
1,0,1,9,1,0,102.11,915.51,1,0,0,0,1,0,0,1,0,1,0,0,0,1,0,0,0,1,0,0,0,0,1
0,1,0,43,1,0,59.29,2538.01,1,1,0,0,0,0,0,1,0,0,0,0,0,1,0,1,0,0,0,0,1,0,0
0,0,1,17,1,1,100.09,1683.12,1,1,0,1,1,0,0,0,0,1,0,1,0,0,0,1,0,0,0,0,0,0,0
0,1,1,13,1,1,65.5,840.62,0,1,0,0,0,0,0,0,0,0,0,1,0,0,0,1,0,1,0,0,1,0,0
0,1,0,19,1,1,70.22,1337.92,1,1,0,0,0,0,0,1,0,0,0,1,0,1,0,0,0,1,0,1,0,1,0
0,1,0,51,0,1,18.25,959.85,0,0,1,0,0,1,1,0,1,0,1,0,1,0,1,0,1,0,1,0,0,0,1
0,0,1,17,1,0,68.39,1234.35,0,0,0,0,0,0,0,1,0,0,0,0,0,1,0,0,0,1,0,0,0,0,1
0,1,1,23,1,0,21.28,467.34,0,0,0,1,0,1,1,0,1,0,1,0,1,0,1,0,1,0,0,1,0,0,1
0,0,0,72,1,0,87.02,6276.16,0,1,0,0,1,0,0,0,0,1,0,0,0,0,0,1,0,0,0,1,0,0,1
0,1,0,18,1,0,21.36,369.36,0,1,0,0,0,1,1,0,1,0,1,0,1,0,1,0,1,0,1,0,1,0,0
1,1,1,23,1,0,70.48,1624.37,0,1,0,0,1,0,0,0,0,0,0,0,0,0,0,1,0,0,0,1,0,0,0
0,1,1,25,1,0,71.36,1802.68,1,1,0,1,1,0,0,0,0,0,0,0,0,0,0,0,0,1,0,0,0,0,0
1,1,0,18,0,0,55.83,1005.69,0,1,1,0,0,0,0,0,0,1,0,0,0,1,0,0,0,0,0,0,0,0,1
0,0,1,22,1,1,18.61,397.06,0,1,0,0,0,1,1,0,1,0,1,0,1,0,1,0,1,0,0,0,0,0,0
0,0,0,27,1,0,89.11,2390.01,1,1,0,1,1,0,0,1,0,0,0,1,0,0,0,1,0,1,0,0,1,0,0
0,0,0,17,1,0,59.51,1020.92,1,0,0,1,0,0,0,1,0,0,0,1,0,0,0,0,0,0,0,1,1,0,0
0,1,0,4,1,1,18.25,123.46,0,1,0,0,0,1,1,0,1,0,1,0,1,0,1,0,1,0,1,0,0,1,0
0,0,0,6,0,1,77.89,461.95,0,0,1,0,1,0,0,0,0,0,0,1,0,1,0,0,0,0,0,1,0,0,0
0,0,0,24,1,0,63.95,1542.32,0,0,0,0,0,0,0,1,0,1,0,0,0,0,0,0,0,1,0,0,0,0,0
0,1,1,69,0,1,56.0,3834.64,1,1,1,0,0,0,0,0,0,0,0,0,0,0,0,1,0,0,0,0,0,1,0
0,0,0,20,1,1,18.25,383.8,0,0,0,0,0,1,1,0,1,0,1,0,1,0,1,0,1,0,0,0,0,0,0
0,0,1,30,1,1,75.95,2277.91,1,0,0,0,1,0,0,0,0,0,0,1,0,0,0,0,0,0,0,0,1,0,0
0,0,0,54,1,1,21.42,1180.1,0,1,0,0,0,1,1,0,1,0,1,0,1,0,1,0,1,0,0,1,0,1,0
0,0,1,36,1,0,81.97,2955.1,1,1,0,1,1,0,0,0,0,1,0,1,0,0,0,0,0,0,0,0,0,1,0
0,0,0,25,1,0,56.51,1403.91,0,0,0,1,0,0,0,1,0,1,0,0,0,0,0,0,0,0,1,0,1,0,0
0,1,1,23,0,1,74.0,1705.9,0,1,1,0,0,0,0,1,0,1,0,0,0,0,0,1,0,1,0,1,0,0,0
0,0,0,14,1,1,25.09,326.72,0,1,0,0,0,1,1,0,1,0,1,0,1,0,1,0,1,0,1,0,1,0,0
0,0,0,42,1,1,71.71,3042.64,0,1,0,0,0,0,0,0,0,1,0,1,0,1,0,0,0,1,1,0,1,0,0
0,1,1,52,1,1,21.22,1112.2,0,0,0,0,0,1,1,0,1,0,1,0,1,0,1,0,1,0,0,1,0,1,0
0,0,0,0,1,1,79.63,0.0,1,0,0,0,0,0,0,1,0,0,0,1,0,1,0,0,0,1,0,0,0,1,0
0,0,1,42,1,1,21.74,903.64,0,0,0,0,0,1,1,0,1,0,1,0,1,0,1,0,1,0,0,1,0,1,0
0,1,0,37,1,0,70.68,2584.51,0,0,0,0,0,0,0,1,0,1,0,0,0,0,0,1,0,1,0,1,0,1,0
0,0,0,19,1,1,82.39,1520.32,0,1,0,1,1,0,0,1,0,1,0,0,0,1,0,0,0,1,1,0,0,0,0
0,0,0,14,1,0,53.92,725.17,1,0,0,1,0,0,0,0,0,1,0,0,0,0,0,0,0,0,0,0,0,0,0
0,0,0,34,0,1,73.35,2512.98,0,1,1,0,0,0,0,0,0,1,0,1,0,0,0,1,0,1,0,0,0,0,0
0,0,0,6,0,1,18.25,102.45,0,1,1,0,0,1,1,0,1,0,1,0,1,0,1,0,1,0,0,0,1,0,0
0,1,0,19,1,1,43.7,846.72,0,0,0,0,0,0,0,0,0,0,0,0,0,0,0,0,0,0,0,0,0,1,0
0,0,0,30,1,1,19.91,602.31,0,1,0,0,0,1,1,0,1,0,1,0,1,0,1,0,1,0,0,0,0,0,1
0,0,0,59,1,0,72.99,4314.2,1,0,0,1,1,0,0,0,0,0,0,0,0,1,0,0,0,0,0,0,0,0,1
0,0,0,72,1,1,97.64,7046.71,0,0,0,1,1,0,0,0,0,0,0,1,0,1,0,1,0,1,0,1,0,1,0
0,1,0,10,1,0,91.26,944.69,1,0,0,0,1,0,0,0,0,0,0,1,0,0,0,1,0,1,0,0,1,0,0
0,1,1,32,1,0,21.36,645.57,0,0,0,0,0,1,1,0,1,0,1,0,1,0,1,0,1,0,0,0,1,0,0
0,0,0,25,1,0,18.25,529.2,0,0,0,0,0,1,1,0,1,0,1,0,1,0,1,0,1,0,0,0,1,0,0
1,1,1,39,1,0,20.17,828.95,0,1,0,1,0,1,1,0,1,0,1,0,1,0,1,0,1,0,0,0,0,1,0
0,1,0,22,1,1,60.6,1306.53,1,1,0,0,0,0,0,1,0,1,0,0,0,0,0,0,0,0,0,0,0,1,0
0,0,0,40,1,1,48.27,1926.77,0,1,0,0,0,0,0,0,0,0,0,0,0,0,0,0,0,0,0,0,0,1,0
0,0,0,30,1,0,21.51,663.28,0,1,0,0,0,1,1,0,1,0,1,0,1,0,1,0,1,0,0,1,1,0,0
0,0,1,16,1,0,87.9,1454.53,0,1,0,0,1,0,0,0,0,1,0,1,0,0,0,0,0,1,0,1,0,0,1
1,0,1,40,1,0,83.15,3335.77,1,0,0,0,1,0,0,0,0,0,0,1,0,0,0,0,0,1,1,0,0,1,0
0,0,0,22,1,0,85.97,1952.21,1,1,0,0,1,0,0,1,0,0,0,1,0,0,0,1,0,0,0,0,0,1,0
0,0,0,26,1,1,72.52,1936.07,1,1,0,0,1,0,0,0,0,0,0,0,0,0,0,0,0,1,0,1,0,1,0
0,0,0,12,1,1,77.98,946.65,0,1,0,0,1,0,0,1,0,0,0,0,0,0,0,0,0,1,0,1,0,0,0
0,0,0,20,0,0,79.11,1590.44,0,1,1,0,1,0,0,0,0,1,0,0,0,0,0,0,0,1,1,0,0,0,1
0,0,1,58,1,1,81.96,4704.84,0,0,0,0,1,0,0,0,0,1,0,1,0,0,0,0,0,0,0,1,1,0,0
0,1,0,16,1,0,59.54,921.85,0,0,0,1,0,0,0,0,0,0,0,0,0,0,0,1,0,1,0,1,0,0,0
1,1,0,72,1,1,81.15,5861.12,0,0,0,0,1,0,0,0,0,1,0,0,0,0,0,1,0,0,0,0,0,0,1
1,0,1,27,1,1,44.16,1172.8,0,0,0,0,0,0,0,0,0,0,0,0,0,0,0,0,0,0,1,0,0,0,0
0,0,0,31,1,0,71.44,2206.26,0,1,0,0,0,0,0,1,0,1,0,1,0,0,0,0,0,0,0,0,1,0,0
1,0,1,14,1,1,80.9,1149.67,1,0,0,0,1,0,0,0,0,1,0,0,0,0,0,0,0,1,0,0,0,0,0
0,0,1,42,1,0,21.97,912.99,0,1,0,0,0,1,1,0,1,0,1,0,1,0,1,0,1,0,1,0,0,0,1
0,0,1,6,1,1,68.28,422.2,0,1,0,0,0,0,0,0,0,0,0,1,0,0,0,1,0,1,1,0,1,0,0
1,1,0,21,1,0,20.92,426.6,0,1,0,1,0,1,1,0,1,0,1,0,1,0,1,0,1,0,1,0,0,1,0
0,0,0,14,1,1,86.15,1213.55,0,0,0,0,1,0,0,0,0,0,0,1,0,0,0,1,0,0,0,1,0,1,0
0,0,1,7,1,1,22.68,192.19,0,1,0,1,0,1,1,0,1,0,1,0,1,0,1,0,1,0,0,0,0,0,0
0,1,0,39,1,1,76.52,2929.14,0,1,0,0,1,0,0,0,0,1,0,0,0,1,0,0,0,0,0,1,1,0,0
0,0,0,21,1,0,97.26,2053.77,1,1,0,0,1,0,0,1,0,0,0,0,0,1,0,1,0,0,1,0,0,1,0
0,0,0,26,1,1,84.66,2176.04,1,1,0,1,1,0,0,0,0,0,0,0,0,1,0,1,0,1,0,0,0,1,0
0,0,1,14,1,1,21.08,327.95,0,0,0,0,0,1,1,0,1,0,1,0,1,0,1,0,1,0,0,0,1,0,0
0,1,1,44,1,1,60.59,2674.65,1,1,0,0,0,0,0,0,0,0,0,0,0,0,0,1,0,1,0,0,0,0,0
0,1,1,30,1,0,65.18,1920.81,1,1,0,0,0,0,0,1,0,0,0,1,0,0,0,1,0,0,0,0,0,0,0
0,0,0,65,0,1,19.95,1282.97,0,1,1,0,0,1,1,0,1,0,1,0,1,0,1,0,1,0,1,0,0,0,1
0,0,0,15,1,1,55.72,822.05,0,0,0,1,0,0,0,0,0,0,0,0,0,0,0,1,0,1,0,1,1,0,0
0,0,1,15,1,1,21.93,330.96,0,1,0,0,0,1,1,0,1,0,1,0,1,0,1,0,1,0,1,0,0,0,0
0,1,0,36,1,1,69.75,2495.06,1,1,0,0,0,0,0,0,0,0,0,1,0,0,0,1,0,1,0,0,0,1,0
0,0,1,70,1,1,67.11,4702.27,0,1,0,0,0,0,0,0,0,1,0,1,0,0,0,0,0,1,0,0,0,1,0
0,1,1,17,1,0,63.42,1073.22,1,0,0,0,0,0,0,1,0,1,0,0,0,1,0,0,0,0,0,0,0,0,0
0,1,0,2,1,1,72.46,118.04,0,0,0,0,1,0,0,0,0,0,0,0,0,0,0,0,0,1,0,0,0,0,1
1,1,1,8,1,1,92.72,761.25,1,0,0,0,1,0,0,0,0,0,0,1,0,0,0,1,0,1,0,1,0,1,0
0,0,1,58,1,0,21.18,1280.29,0,1,0,1,0,1,1,0,1,0,1,0,1,0,1,0,1,0,0,0,0,1,0
0,0,0,20,1,1,79.48,1583.54,0,0,0,1,1,0,0,1,0,0,0,0,0,0,0,0,0,1,0,1,1,0,0
0,1,0,72,1,1,80.11,5756.69,1,0,0,0,1,0,0,0,0,0,0,0,0,1,0,1,0,0,0,0,0,1,0
0,0,0,10,1,1,81.71,825.23,1,0,0,1,1,0,0,0,0,1,0,0,0,1,0,1,0,0,0,0,1,0,0
0,0,0,36,1,0,93.53,3377.09,1,1,0,0,1,0,0,0,0,1,0,0,0,1,0,0,0,1,0,0,0,0,1
0,0,0,37,1,1,78.88,2911.0,1,1,0,0,1,0,0,0,0,1,0,0,0,1,0,0,0,0,0,1,0,1,0
0,0,0,6,1,1,21.75,102.3,0,1,0,1,0,1,1,0,1,0,1,0,1,0,1,0,1,0,0,0,0,1,0
1,0,0,7,1,1,22.6,132.47,0,0,0,1,0,1,1,0,1,0,1,0,1,0,1,0,1,0,1,0,0,1,0
0,1,0,21,1,1,70.62,1471.8,0,1,0,1,0,0,0,0,0,1,0,0,0,0,0,1,0,1,0,0,1,0,0
0,1,1,38,1,1,79.62,3058.07,1,1,0,1,1,0,0,0,0,0,0,0,0,0,0,1,0,1,0,0,0,1,0
0,0,0,33,1,0,82.62,2720.79,1,1,0,1,1,0,0,1,0,0,0,0,0,0,0,1,0,1,0,0,0,1,0
1,0,1,22,1,0,80.11,1741.95,1,0,0,1,1,0,0,0,0,0,0,1,0,0,0,1,0,0,0,0,0,0,1
1,0,0,21,1,1,59.06,1219.22,1,1,0,0,0,0,0,0,0,1,0,1,0,0,0,1,0,0,0,0,0,1,0
0,0,0,3,1,1,21.48,61.02,0,0,0,0,0,1,1,0,1,0,1,0,1,0,1,0,1,0,0,0,0,0,1
0,0,0,12,0,1,71.46,860.81,1,0,1,0,1,0,0,0,0,0,0,1,0,0,0,0,0,0,0,0,0,1,0
0,0,0,5,1,1,72.39,350.93,0,0,0,0,0,0,0,1,0,1,0,1,0,1,0,1,0,0,0,0,0,0,0
0,0,0,32,1,1,68.97,2247.3,1,1,0,0,1,0,0,0,0,1,0,0,0,0,0,0,0,0,0,0,0,1,0
0,1,1,8,1,1,90.65,771.1,0,0,0,1,1,0,0,0,0,0,0,1,0,0,0,1,0,1,1,0,0,0,0
0,0,0,57,1,0,22.9,1301.37,0,0,0,1,0,1,1,0,1,0,1,0,1,0,1,0,1,0,0,0,0,1,0
1,0,1,26,1,1,52.1,1341.46,0,0,0,0,0,0,0,0,0,0,0,0,0,0,0,1,0,0,0,0,1,0,0
0,1,0,12,1,1,51.53,612.57,0,1,0,1,0,0,0,0,0,0,0,0,0,0,0,1,0,0,0,1,0,0,0
0,1,0,51,1,1,21.11,1085.34,0,1,0,0,0,1,1,0,1,0,1,0,1,0,1,0,1,0,1,0,0,1,0
0,0,0,8,1,0,69.66,540.78,0,1,0,0,1,0,0,1,0,0,0,0,0,0,0,0,0,0,0,1,0,0,1
0,0,0,8,1,0,49.3,379.57,0,1,0,0,0,0,0,0,0,0,0,0,0,0,0,0,0,0,0,1,1,0,0
0,1,1,11,1,0,81.09,856.74,1,1,0,0,1,0,0,0,0,0,0,0,0,0,0,1,0,1,0,0,0,0,1
0,1,1,51,1,1,20.41,1035.13,0,1,0,1,0,1,1,0,1,0,1,0,1,0,1,0,1,0,0,0,1,0,0
0,1,0,72,1,1,22.53,1607.19,1,1,0,0,0,1,1,0,1,0,1,0,1,0,1,0,1,0,0,0,0,1,0
0,1,1,5,1,1,18.25,89.21,1,0,0,1,0,1,1,0,1,0,1,0,1,0,1,0,1,0,0,0,0,1,0
0,0,0,72,1,0,82.74,5932.76,0,1,0,0,0,0,0,0,0,1,0,1,0,1,0,1,0,0,0,1,1,0,0
0,0,0,39,1,1,22.28,873.96,0,0,0,1,0,1,1,0,1,0,1,0,1,0,1,0,1,0,0,1,0,1,0
0,0,0,17,1,0,60.93,1028.53,1,0,0,1,0,0,0,0,0,0,0,1,0,0,0,0,0,1,0,0,1,0,0
0,1,1,37,0,1,65.13,2441.12,1,1,1,0,1,0,0,0,0,0,0,0,0,1,0,0,0,0,0,0,1,0,0
1,1,1,52,0,1,55.6,2863.58,0,0,1,0,0,0,0,0,0,0,0,1,0,1,0,0,0,0,0,1,1,0,0
1,1,0,12,1,0,94.02,1161.12,1,1,0,1,1,0,0,1,0,1,0,0,0,1,0,0,0,1,1,0,0,1,0
0,0,0,52,1,0,78.66,4103.79,0,0,0,0,0,0,0,1,0,0,0,1,0,0,0,1,0,1,0,0,1,0,0
0,0,0,25,0,1,18.25,439.14,1,1,1,0,0,1,1,0,1,0,1,0,1,0,1,0,1,0,0,0,1,0,0
0,1,0,5,1,1,18.96,97.96,0,0,0,1,0,1,1,0,1,0,1,0,1,0,1,0,1,0,0,0,0,1,0
0,0,0,39,1,1,42.51,1687.81,0,1,0,1,0,0,0,0,0,0,0,0,0,0,0,0,0,0,0,0,1,0,0
0,1,1,67,1,0,47.47,3196.93,1,1,0,0,0,0,0,0,0,0,0,0,0,0,0,0,0,0,0,0,1,0,0
0,1,0,34,1,0,72.26,2455.22,0,1,0,0,0,0,0,1,0,1,0,0,0,0,0,1,0,1,0,0,0,1,0
0,0,0,9,1,1,85.69,757.09,1,0,0,0,1,0,0,0,0,1,0,1,0,0,0,0,0,1,1,0,0,0,0
0,1,0,34,1,1,19.99,640.07,1,0,0,0,0,1,1,0,1,0,1,0,1,0,1,0,1,0,0,0,1,0,0
0,0,0,30,1,0,86.05,2572.5,0,1,0,0,1,0,0,0,0,0,0,1,0,0,0,1,0,1,0,1,0,1,0
0,1,0,37,1,1,95.5,3537.89,1,1,0,0,1,0,0,1,0,1,0,1,0,0,0,1,0,0,1,0,0,1,0
0,0,0,5,0,0,19.06,79.01,0,1,1,0,0,1,1,0,1,0,1,0,1,0,1,0,1,0,0,0,1,0,0
0,1,1,5,1,1,76.27,326.21,1,0,0,0,1,0,0,0,0,1,0,0,0,0,0,0,0,0,0,0,0,1,0
0,1,1,16,1,1,24.31,428.74,0,1,0,1,0,1,1,0,1,0,1,0,1,0,1,0,1,0,1,0,0,1,0
0,1,0,46,1,0,89.55,4133.2,0,1,0,0,1,0,0,0,0,0,0,1,0,1,0,1,0,0,0,1,1,0,0
0,0,0,41,0,1,82.61,3443.17,0,0,1,0,1,0,0,0,0,1,0,1,0,0,0,0,0,0,0,1,0,1,0
0,0,0,49,1,1,87.91,4302.96,0,0,0,0,1,0,0,0,0,1,0,0,0,0,0,1,0,1,0,0,0,0,0
1,0,0,37,1,1,56.12,2087.99,1,1,0,0,0,0,0,0,0,1,0,0,0,0,0,0,0,0,0,0,0,0,0
0,1,0,43,1,0,86.68,3726.96,1,0,0,0,1,0,0,1,0,0,0,0,0,0,0,1,0,1,0,0,0,1,0
1,1,1,30,0,1,78.38,2360.4,1,1,1,0,0,0,0,0,0,0,0,1,0,1,0,1,0,1,0,0,0,0,1
0,1,0,22,1,0,75.51,1666.02,0,0,0,1,1,0,0,0,0,0,0,0,0,0,0,0,0,1,0,0,0,1,0
0,0,1,40,1,0,99.03,3970.48,1,1,0,1,1,0,0,1,0,0,0,1,0,0,0,1,0,1,0,0,1,0,0
0,1,0,8,0,0,78.56,639.82,0,0,1,0,1,0,0,1,0,0,0,0,0,1,0,0,0,1,1,0,0,1,0
0,1,0,11,1,1,54.89,619.07,0,0,0,1,0,0,0,1,0,0,0,0,0,0,0,0,0,0,1,0,1,0,0
0,0,1,8,1,1,20.4,157.09,0,0,0,1,0,1,1,0,1,0,1,0,1,0,1,0,1,0,0,0,0,1,0
1,0,0,29,1,0,81.8,2380.08,1,1,0,1,0,0,0,0,0,0,0,1,0,1,0,1,0,1,0,0,0,0,1
0,1,0,9,1,1,63.99,598.87,1,0,0,0,0,0,0,1,0,1,0,0,0,0,0,0,0,0,1,0,1,0,0
0,1,0,2,1,0,54.24,111.87,0,1,0,0,0,0,0,0,0,0,0,1,0,0,0,0,0,0,0,0,1,0,0
0,1,1,6,0,1,61.29,402.3,1,1,1,0,0,0,0,0,0,0,0,0,0,1,0,0,0,1,0,0,1,0,0
0,0,1,67,1,1,75.72,5099.29,1,0,0,0,1,0,0,0,0,0,0,0,0,0,0,1,0,1,0,0,1,0,0
0,1,0,29,1,1,71.23,2039.52,1,1,0,0,1,0,0,0,0,0,0,1,0,0,0,0,0,0,0,0,0,0,1
0,0,0,51,1,1,18.25,962.04,0,0,0,0,0,1,1,0,1,0,1,0,1,0,1,0,1,0,0,0,0,0,0
0,1,0,5,1,1,68.73,305.53,1,0,0,1,1,0,0,0,0,0,0,1,0,0,0,0,0,0,0,1,0,1,0
0,0,1,36,1,1,53.73,1955.67,0,1,0,1,0,0,0,0,0,1,0,0,0,0,0,0,0,0,0,1,1,0,0
0,0,0,8,1,1,25.45,192.63,0,0,0,1,0,1,1,0,1,0,1,0,1,0,1,0,1,0,0,1,0,1,0
0,1,0,35,1,0,19.14,656.92,0,1,0,1,0,1,1,0,1,0,1,0,1,0,1,0,1,0,1,0,0,0,0
0,1,1,49,1,0,56.4,2718.45,0,0,0,1,0,0,0,0,0,0,0,1,0,0,0,0,0,1,0,0,0,1,0
0,1,0,39,1,0,86.77,3369.9,1,1,0,0,1,0,0,0,0,1,0,0,0,1,0,0,0,0,0,0,0,0,1
0,0,0,26,1,1,25.61,684.2,0,0,0,0,0,1,1,0,1,0,1,0,1,0,1,0,1,0,0,0,0,0,0
0,0,0,65,1,1,20.1,1287.06,0,1,0,1,0,1,1,0,1,0,1,0,1,0,1,0,1,0,1,0,0,1,0
0,0,0,46,1,1,69.85,3201.76,0,1,0,0,1,0,0,0,0,0,0,1,0,0,0,0,0,0,0,0,0,0,1
0,1,1,13,1,1,82.46,1070.67,1,1,0,0,1,0,0,0,0,1,0,0,0,0,0,1,0,1,0,0,0,1,0
0,1,0,8,1,1,98.34,763.02,1,0,0,1,1,0,0,1,0,1,0,0,0,0,0,1,0,1,0,1,1,0,0
0,0,1,72,1,0,64.83,4700.58,0,0,0,0,1,0,0,0,0,0,0,0,0,0,0,0,0,0,0,1,0,0,0
0,0,0,14,1,0,22.18,297.89,0,0,0,0,0,1,1,0,1,0,1,0,1,0,1,0,1,0,0,0,0,1,0
0,0,0,23,1,0,103.57,2377.82,1,0,0,0,1,0,0,1,0,0,0,1,0,1,0,1,0,0,1,0,1,0,0
0,0,0,10,1,1,71.52,736.46,0,0,0,1,0,0,0,0,0,1,0,0,0,0,0,1,0,1,0,0,0,0,1
0,0,0,44,1,1,72.71,3156.7,1,0,0,0,1,0,0,0,0,0,0,0,0,0,0,1,0,0,0,0,0,0,0
0,0,0,11,1,0,20.92,216.03,0,1,0,0,0,1,1,0,1,0,1,0,1,0,1,0,1,0,0,0,0,1,0
0,0,1,25,1,0,18.5,507.04,0,0,0,1,0,1,1,0,1,0,1,0,1,0,1,0,1,0,0,1,0,0,0
0,0,0,34,1,1,69.84,2394.01,0,0,0,1,0,0,0,0,0,1,0,1,0,0,0,1,0,0,0,0,1,0,0
1,0,0,15,1,1,23.87,392.69,0,1,0,1,0,1,1,0,1,0,1,0,1,0,1,0,1,0,1,0,0,1,0
0,0,0,34,1,1,59.29,2037.88,0,1,0,1,0,0,0,0,0,0,0,1,0,1,0,0,0,0,0,1,0,1,0
0,1,0,72,1,0,18.25,1330.02,0,0,0,1,0,1,1,0,1,0,1,0,1,0,1,0,1,0,1,0,0,0,0
0,0,0,30,1,0,66.26,1994.41,1,1,0,0,1,0,0,0,0,0,0,0,0,0,0,0,0,0,0,0,0,0,0
0,0,0,41,1,0,48.11,1983.39,0,0,0,0,0,0,0,0,0,0,0,0,0,0,0,0,0,0,1,0,0,0,0
0,1,0,18,1,1,70.66,1305.9,1,1,0,0,0,0,0,1,0,0,0,0,0,0,0,1,0,1,0,0,0,0,1
0,0,0,17,1,0,63.13,1098.95,0,1,0,1,0,0,0,1,0,1,0,0,0,0,0,0,0,0,0,0,0,0,1
0,1,0,8,1,0,61.7,501.13,0,0,0,0,0,0,0,0,0,1,0,0,0,0,0,0,0,1,0,1,1,0,0
0,1,1,28,1,1,68.78,1917.83,0,1,0,0,0,0,0,0,0,0,0,1,0,1,0,1,0,1,0,1,0,0,1
0,1,0,52,1,0,21.48,1131.13,0,1,0,1,0,1,1,0,1,0,1,0,1,0,1,0,1,0,0,0,0,0,1
1,0,0,40,1,0,65.71,2597.31,0,0,0,0,0,0,0,0,0,1,0,1,0,0,0,0,0,0,1,0,0,1,0
0,0,0,17,1,1,18.25,287.63,0,0,0,0,0,1,1,0,1,0,1,0,1,0,1,0,1,0,0,1,0,0,0
0,0,0,20,1,0,67.21,1324.03,1,1,0,0,0,0,0,1,0,1,0,0,0,0,0,0,0,1,0,0,0,0,1
0,1,0,72,0,1,78.57,5650.75,0,1,1,0,1,0,0,1,0,0,0,0,0,1,0,0,0,0,1,0,0,0,0
0,0,0,36,1,1,75.57,2735.83,1,0,0,0,1,0,0,0,0,1,0,0,0,0,0,0,0,1,0,0,0,1,0
0,1,0,45,1,0,55.16,2477.72,0,0,0,1,0,0,0,1,0,0,0,0,0,0,0,1,0,0,0,0,0,1,0
1,1,1,48,1,1,77.89,3744.02,1,1,0,1,1,0,0,0,0,0,0,1,0,0,0,1,0,0,0,0,0,0,0
1,1,0,18,0,1,88.39,1610.47,1,1,1,0,1,0,0,0,0,0,0,1,0,1,0,0,0,1,0,0,0,1,0
0,0,0,16,1,1,69.33,1144.98,0,1,0,0,0,0,0,1,0,1,0,0,0,0,0,0,0,1,0,0,0,1,0
0,1,0,17,1,0,64.32,1119.91,0,1,0,0,1,0,0,0,0,0,0,0,0,0,0,0,0,0,1,0,1,0,0
0,0,0,16,1,1,20.37,315.01,1,1,0,1,0,1,1,0,1,0,1,0,1,0,1,0,1,0,0,0,0,0,0
0,0,0,66,1,1,62.74,4178.96,0,0,0,0,0,0,0,1,0,0,0,1,0,0,0,1,0,0,0,1,0,0,1
0,1,0,22,1,0,52.79,1159.43,1,1,0,0,0,0,0,0,0,0,0,0,0,1,0,0,0,0,0,0,0,0,0
1,0,0,60,1,0,68.32,4096.98,0,0,0,1,0,0,0,0,0,1,0,0,0,0,0,1,0,1,1,0,1,0,0
0,1,1,22,1,0,97.98,2169.85,0,0,0,1,1,0,0,1,0,1,0,0,0,1,0,1,0,0,0,1,0,1,0
0,1,0,24,1,1,18.68,432.91,0,0,0,0,0,1,1,0,1,0,1,0,1,0,1,0,1,0,0,1,0,1,0
0,1,1,3,1,1,51.35,97.68,0,1,0,1,0,0,0,0,0,0,0,0,0,0,0,1,0,0,0,1,0,0,0
0,0,0,17,1,1,78.46,1327.19,1,0,0,0,1,0,0,0,0,0,0,1,0,1,0,0,0,0,0,0,0,1,0
1,0,0,67,1,1,52.55,3512.06,0,0,0,0,0,0,0,0,0,1,0,0,0,0,0,0,0,0,0,0,0,1,0
0,0,0,66,1,0,20.78,1345.09,0,0,0,0,0,1,1,0,1,0,1,0,1,0,1,0,1,0,0,1,1,0,0
0,0,0,16,1,1,21.88,370.07,0,1,0,0,0,1,1,0,1,0,1,0,1,0,1,0,1,0,0,0,0,1,0
1,1,0,2,1,1,95.23,163.81,0,1,0,1,1,0,0,0,0,1,0,1,0,0,0,0,0,1,0,1,0,0,1
0,0,0,11,1,1,58.03,660.34,0,0,0,1,0,0,0,0,0,0,0,0,0,1,0,1,0,0,1,0,0,0,1
0,1,0,16,1,1,64.13,1017.99,1,1,0,0,1,0,0,0,0,0,0,0,0,0,0,0,0,0,0,0,0,0,0
0,1,1,16,1,1,89.18,1439.09,1,1,0,0,1,0,0,1,0,1,0,0,0,0,0,1,0,1,0,0,0,1,0
0,0,1,16,1,1,93.07,1477.89,0,1,0,0,1,0,0,1,0,0,0,0,0,0,0,1,0,1,0,1,0,0,0
0,1,0,26,0,0,51.04,1308.31,0,0,1,0,0,0,0,0,0,0,0,0,0,0,0,0,0,1,0,0,0,0,0
0,1,0,10,1,1,69.11,609.27,0,0,0,0,0,0,0,1,0,0,0,0,0,1,0,1,0,0,1,0,0,0,1
0,1,0,23,1,0,58.26,1363.89,0,1,0,1,0,0,0,0,0,0,0,0,0,0,0,1,0,0,0,0,0,1,0
1,1,1,31,1,1,66.9,2077.57,0,0,0,0,1,0,0,0,0,0,0,0,0,0,0,0,0,1,1,0,0,0,0
0,0,1,17,1,0,78.43,1342.49,0,1,0,0,1,0,0,0,0,0,0,0,0,0,0,0,0,1,0,1,1,0,0
1,1,0,27,1,1,72.63,1946.67,1,0,0,1,0,0,0,0,0,0,0,1,0,0,0,1,0,1,0,1,1,0,0
1,0,0,72,1,0,22.94,1631.28,0,0,0,1,0,1,1,0,1,0,1,0,1,0,1,0,1,0,0,1,0,1,0
0,1,1,41,1,1,18.25,774.26,0,1,0,1,0,1,1,0,1,0,1,0,1,0,1,0,1,0,0,1,0,1,0
0,0,1,37,0,0,20.36,760.43,0,1,1,0,0,1,1,0,1,0,1,0,1,0,1,0,1,0,0,1,0,0,0
0,0,1,19,1,1,90.42,1700.76,1,1,0,1,1,0,0,1,0,0,0,1,0,1,0,0,0,0,1,0,0,1,0
0,0,0,16,1,1,91.29,1442.74,1,0,0,0,1,0,0,1,0,0,0,1,0,1,0,0,0,0,0,0,1,0,0
0,0,0,24,1,0,70.56,1704.7,1,0,0,1,1,0,0,0,0,0,0,0,0,0,0,0,0,1,0,0,1,0,0
0,0,0,36,1,0,52.62,1878.43,0,0,0,0,0,0,0,0,0,1,0,0,0,0,0,0,0,0,0,0,0,0,1
0,0,0,30,1,1,76.03,2278.51,0,0,0,0,1,0,0,0,0,0,0,0,0,0,0,1,0,0,1,0,1,0,0
0,0,0,28,1,0,78.99,2227.51,1,1,0,1,1,0,0,0,0,0,0,1,0,0,0,0,0,1,0,0,0,1,0
0,1,0,46,1,0,79.02,3602.4,0,0,0,1,1,0,0,0,0,0,0,0,0,0,0,0,0,1,0,0,0,1,0
0,1,0,35,1,1,88.55,3119.75,1,1,0,1,1,0,0,1,0,0,0,1,0,0,0,1,0,1,0,0,0,0,1
0,0,0,44,1,1,81.15,3599.52,1,1,0,0,1,0,0,1,0,1,0,0,0,0,0,0,0,0,0,0,1,0,0
0,1,0,11,1,0,69.24,748.73,0,0,0,0,1,0,0,0,0,1,0,0,0,0,0,0,0,0,0,1,1,0,0
1,1,0,8,1,1,69.0,553.67,1,0,0,1,0,0,0,0,0,0,0,0,0,0,0,1,0,1,0,1,1,0,0
1,0,0,71,1,1,18.25,1263.6,1,1,0,0,0,1,1,0,1,0,1,0,1,0,1,0,1,0,0,0,1,0,0
0,1,0,2,1,1,21.75,46.47,0,0,0,1,0,1,1,0,1,0,1,0,1,0,1,0,1,0,0,1,0,1,0
0,1,1,9,0,0,62.75,595.54,1,0,1,0,1,0,0,0,0,0,0,0,0,0,0,0,0,0,1,0,1,0,0
0,0,0,18,1,0,91.87,1645.89,1,0,0,1,1,0,0,0,0,1,0,0,0,0,0,1,0,1,0,0,1,0,0
0,1,0,59,1,1,56.51,3320.37,0,0,0,0,0,0,0,0,0,0,0,0,0,1,0,1,0,0,0,1,0,0,0
0,1,0,8,1,1,22.62,197.65,0,1,0,0,0,1,1,0,1,0,1,0,1,0,1,0,1,0,0,1,1,0,0
0,1,1,4,1,1,73.54,291.71,0,1,0,0,0,0,0,0,0,1,0,0,0,1,0,1,0,0,1,0,0,1,0
0,1,0,12,1,1,18.25,185.82,0,1,0,1,0,1,1,0,1,0,1,0,1,0,1,0,1,0,1,0,0,0,1
0,1,0,17,1,0,70.67,1187.21,1,0,0,1,1,0,0,0,0,1,0,0,0,0,0,0,0,0,0,1,0,1,0
0,0,0,27,1,0,18.25,503.96,0,0,0,1,0,1,1,0,1,0,1,0,1,0,1,0,1,0,0,0,0,0,1
1,1,0,37,1,0,83.79,3091.24,0,1,0,0,1,0,0,0,0,1,0,0,0,0,0,0,0,1,1,0,0,1,0
0,1,1,47,1,1,74.2,3468.35,0,1,0,0,1,0,0,0,0,0,0,1,0,0,0,0,0,1,0,0,0,1,0
0,0,1,6,1,0,79.21,499.01,0,1,0,1,0,0,0,1,0,0,0,0,0,0,0,1,0,1,0,1,0,1,0
1,1,0,1,1,0,23.63,11.74,0,0,0,0,0,1,1,0,1,0,1,0,1,0,1,0,1,0,0,1,0,1,0
0,1,1,26,0,1,85.3,2193.62,1,0,1,0,1,0,0,0,0,1,0,1,0,0,0,0,0,1,0,0,0,1,0
0,1,0,8,1,1,74.56,616.97,1,1,0,0,1,0,0,0,0,0,0,1,0,0,0,0,0,0,0,0,1,0,0
0,1,0,15,1,1,54.44,829.15,0,1,0,0,0,0,0,0,0,0,0,0,0,0,0,1,0,0,1,0,1,0,0
1,1,0,19,1,0,99.99,1911.89,1,0,0,0,1,0,0,1,0,1,0,1,0,0,0,1,0,0,0,0,0,0,1
0,1,1,16,1,0,89.62,1453.47,1,1,0,0,1,0,0,0,0,1,0,1,0,0,0,1,0,1,0,0,0,1,0
0,0,0,3,1,1,88.29,299.81,1,0,0,0,1,0,0,1,0,0,0,0,0,0,0,0,0,1,0,0,0,1,0
0,0,0,28,1,1,81.09,2281.39,0,1,0,0,1,0,0,0,0,0,0,1,0,0,0,1,0,0,1,0,0,0,1
0,0,1,72,1,0,84.41,6065.95,1,1,0,1,1,0,0,0,0,1,0,1,0,1,0,0,0,0,0,0,1,0,0
0,1,1,23,1,1,21.82,504.73,0,0,0,1,0,1,1,0,1,0,1,0,1,0,1,0,1,0,0,1,0,0,0
0,0,0,72,0,1,45.67,3262.26,0,1,1,0,0,0,0,0,0,0,0,0,0,0,0,0,0,0,0,0,1,0,0
0,0,1,2,1,0,18.27,42.09,0,1,0,1,0,1,1,0,1,0,1,0,1,0,1,0,1,0,0,0,0,0,0
0,1,1,12,1,1,69.0,807.51,1,1,0,0,0,0,0,0,0,0,0,1,0,1,0,1,0,0,0,1,0,1,0
0,0,0,72,1,1,103.48,7439.7,0,1,0,1,1,0,0,1,0,1,0,1,0,0,0,0,0,1,1,0,0,1,0
0,0,0,11,1,1,65.25,731.72,0,1,0,0,1,0,0,0,0,0,0,0,0,0,0,1,0,0,0,0,0,0,0
0,1,1,30,1,0,21.64,588.5,0,1,0,1,0,1,1,0,1,0,1,0,1,0,1,0,1,0,0,1,0,0,1
0,0,0,23,1,0,83.56,1895.37,0,1,0,0,1,0,0,0,0,1,0,0,0,0,0,1,0,0,0,1,0,0,1
0,1,0,19,1,0,101.66,1953.52,0,1,0,0,1,0,0,1,0,1,0,1,0,0,0,1,0,0,0,1,0,1,0
1,1,0,47,1,1,19.39,881.34,0,0,0,1,0,1,1,0,1,0,1,0,1,0,1,0,1,0,1,0,1,0,0
1,1,0,24,1,1,20.1,511.87,0,0,0,1,0,1,1,0,1,0,1,0,1,0,1,0,1,0,1,0,0,0,0
0,1,1,41,1,0,23.47,943.15,0,1,0,1,0,1,1,0,1,0,1,0,1,0,1,0,1,0,0,1,1,0,0
0,0,1,72,0,1,73.74,5309.19,0,1,1,0,1,0,0,0,0,0,0,0,0,0,0,0,0,1,1,0,0,0,1
0,0,0,48,1,1,20.33,965.24,0,1,0,0,0,1,1,0,1,0,1,0,1,0,1,0,1,0,0,0,0,0,1
0,1,0,9,0,1,21.12,172.66,1,0,1,0,0,1,1,0,1,0,1,0,1,0,1,0,1,0,1,0,0,0,0
0,0,0,72,1,1,83.62,5953.44,0,0,0,0,1,0,0,1,0,0,0,1,0,1,0,0,0,0,0,1,0,0,0
1,0,0,36,1,0,107.06,3859.07,1,1,0,1,1,0,0,1,0,0,0,1,0,1,0,1,0,0,0,0,1,0,0
0,0,0,20,0,1,59.55,1207.98,1,1,1,0,0,0,0,0,0,1,0,1,0,0,0,0,0,0,0,0,0,1,0
0,0,0,8,1,1,55.43,451.96,0,1,0,0,0,0,0,0,0,0,0,0,0,1,0,1,0,0,0,1,0,1,0
1,0,0,25,1,1,64.37,1643.44,1,1,0,0,0,0,0,0,0,1,0,1,0,1,0,0,0,0,0,0,0,0,1
0,0,0,13,1,1,55.09,719.99,1,0,0,1,0,0,0,0,0,0,0,1,0,0,0,0,0,1,0,0,0,0,0
0,1,0,6,1,1,77.71,473.31,0,1,0,0,1,0,0,1,0,0,0,0,0,1,0,0,0,0,0,1,0,1,0
0,0,0,8,1,1,18.59,136.09,0,1,0,1,0,1,1,0,1,0,1,0,1,0,1,0,1,0,1,0,1,0,0
0,1,0,5,1,1,54.44,271.89,1,1,0,0,0,0,0,1,0,0,0,0,0,0,0,0,0,0,0,0,0,0,0
1,1,0,18,1,1,58.05,1038.64,0,0,0,0,0,0,0,0,0,0,0,1,0,0,0,0,0,1,0,0,0,0,0
0,1,0,22,1,1,67.76,1490.99,0,1,0,0,0,0,0,0,0,1,0,0,0,1,0,1,0,0,0,1,0,0,0
0,1,0,33,1,0,94.1,3070.53,1,0,0,0,1,0,0,0,0,0,0,1,0,1,0,1,0,1,0,0,0,0,1
0,0,0,36,1,0,87.52,3152.43,0,1,0,0,1,0,0,1,0,0,0,0,0,1,0,0,0,0,0,0,0,0,0
1,0,0,15,1,1,91.08,1337.87,1,0,0,1,1,0,0,1,0,1,0,0,0,1,0,0,0,1,0,0,0,1,0
0,0,1,17,1,0,67.49,1118.8,0,1,0,0,0,0,0,1,0,1,0,0,0,0,0,0,0,1,0,1,0,1,0
0,0,0,28,1,0,97.75,2735.33,0,0,0,1,1,0,0,1,0,0,0,1,0,0,0,1,0,1,0,1,1,0,0
0,1,0,9,1,0,78.85,719.84,0,0,0,1,1,0,0,1,0,0,0,1,0,0,0,0,0,1,1,0,0,1,0
1,0,0,40,1,0,18.25,737.91,0,0,0,0,0,1,1,0,1,0,1,0,1,0,1,0,1,0,1,0,1,0,0
0,1,1,18,0,1,91.52,1618.58,1,0,1,0,1,0,0,0,0,1,0,1,0,0,0,0,0,1,0,0,0,0,1
0,1,0,45,1,1,22.58,1049.64,0,0,0,1,0,1,1,0,1,0,1,0,1,0,1,0,1,0,0,0,0,1,0
1,0,0,26,1,0,77.97,2015.92,0,0,0,1,0,0,0,0,0,1,0,1,0,1,0,1,0,0,0,1,0,1,0
0,0,1,20,0,1,79.51,1586.08,0,0,1,0,1,0,0,0,0,1,0,0,0,0,0,0,0,1,0,1,0,1,0
0,1,0,54,0,0,85.52,4610.1,0,1,1,0,1,0,0,1,0,0,0,1,0,1,0,0,0,0,1,0,0,0,0
0,1,0,5,1,0,20.43,87.59,0,0,0,1,0,1,1,0,1,0,1,0,1,0,1,0,1,0,0,0,0,0,1
0,1,1,32,1,1,87.76,2795.8,1,0,0,1,1,0,0,1,0,0,0,0,0,1,0,1,0,0,0,0,1,0,0
0,0,1,71,1,1,80.37,5749.21,0,0,0,0,1,0,0,0,0,0,0,0,0,0,0,1,0,1,0,1,1,0,0
0,1,0,27,1,1,20.62,598.73,0,1,0,1,0,1,1,0,1,0,1,0,1,0,1,0,1,0,0,1,0,1,0
0,1,0,23,1,0,88.62,2042.28,1,1,0,0,0,0,0,1,0,1,0,1,0,1,0,1,0,1,0,0,0,0,1
0,0,0,46,1,1,74.4,3423.96,1,0,0,0,0,0,0,0,0,1,0,1,0,1,0,0,0,1,1,0,0,1,0
0,0,1,15,1,1,42.44,647.37,0,1,0,0,0,0,0,0,0,0,0,0,0,0,0,0,0,0,0,1,0,0,1
1,1,1,19,1,1,46.04,909.78,1,1,0,0,0,0,0,0,0,0,0,0,0,0,0,1,0,0,1,0,0,1,0
0,0,0,8,1,1,90.45,654.6,1,1,0,1,1,0,0,1,0,0,0,1,0,0,0,0,0,1,0,0,0,0,1
0,1,1,14,1,1,69.2,954.87,0,1,0,1,0,0,0,1,0,0,0,0,0,1,0,1,0,0,0,0,0,1,0
0,1,0,38,0,1,70.57,2656.08,0,1,1,0,0,0,0,1,0,0,0,0,0,1,0,0,0,1,0,1,0,0,0
0,0,1,20,1,1,52.54,1007.78,1,1,0,1,0,0,0,0,0,0,0,0,0,1,0,0,0,0,0,0,0,1,0
0,1,0,11,1,1,64.66,712.67,0,1,0,0,0,0,0,1,0,1,0,0,0,1,0,0,0,0,0,1,0,0,1
0,1,0,56,1,0,84.55,4754.91,1,1,0,1,1,0,0,1,0,1,0,0,0,0,0,0,0,0,0,0,0,0,1
0,0,0,51,0,1,99.38,5071.51,0,1,1,0,1,0,0,1,0,1,0,1,0,1,0,0,0,1,0,1,0,0,1
0,0,1,12,1,1,74.78,876.64,0,0,0,1,0,0,0,1,0,0,0,0,0,1,0,0,0,1,0,1,0,0,1
0,0,0,51,1,0,23.41,1217.58,0,1,0,1,0,1,1,0,1,0,1,0,1,0,1,0,1,0,0,0,0,0,1
1,0,0,37,1,1,61.19,2218.73,0,0,0,0,0,0,0,0,0,1,0,1,0,0,0,0,0,0,0,1,0,1,0
0,1,0,28,1,1,71.26,1986.3,1,0,0,0,0,0,0,0,0,1,0,1,0,0,0,0,0,1,0,0,0,1,0
0,0,1,72,1,1,56.11,4013.07,0,1,0,1,0,0,0,0,0,0,0,1,0,0,0,1,0,0,0,0,0,0,0
0,1,1,32,1,0,55.5,1749.96,1,1,0,0,0,0,0,0,0,0,0,0,0,1,0,1,0,0,0,0,0,0,1
0,0,0,13,1,1,23.54,343.25,0,0,0,1,0,1,1,0,1,0,1,0,1,0,1,0,1,0,0,0,0,0,0
0,1,0,18,1,1,96.94,1748.6,1,0,0,0,1,0,0,1,0,0,0,1,0,1,0,0,0,1,0,0,1,0,0
1,1,0,5,1,0,66.08,325.75,0,0,0,1,0,0,0,0,0,0,0,1,0,1,0,0,0,1,0,0,0,0,1
1,1,0,37,1,0,22.91,903.18,0,0,0,1,0,1,1,0,1,0,1,0,1,0,1,0,1,0,0,1,0,1,0
0,0,0,72,1,0,80.36,5800.8,0,0,0,0,1,0,0,0,0,0,0,1,0,0,0,1,0,0,0,1,0,0,0
1,1,0,32,1,1,97.9,3140.14,1,0,0,1,1,0,0,1,0,1,0,0,0,0,0,1,0,1,0,0,0,0,1
0,0,0,28,1,1,59.07,1627.8,0,1,0,0,0,0,0,0,0,0,0,0,0,1,0,1,0,0,1,0,0,0,1
0,0,1,45,1,1,72.24,3245.24,1,0,0,0,0,0,0,0,0,1,0,1,0,0,0,0,0,1,0,0,0,1,0
0,0,1,40,1,1,78.81,3175.52,0,1,0,1,1,0,0,0,0,0,0,0,0,0,0,1,0,1,0,1,0,1,0
0,1,0,57,1,1,82.87,4758.2,0,0,0,0,1,0,0,0,0,0,0,1,0,1,0,1,0,0,1,0,0,1,0
0,1,0,24,0,0,19.12,482.67,0,0,1,0,0,1,1,0,1,0,1,0,1,0,1,0,1,0,1,0,0,1,0
1,0,0,34,1,1,57.41,1979.22,1,1,0,1,0,0,0,0,0,0,0,0,0,0,0,0,0,1,0,0,0,0,0
0,0,1,23,1,1,67.15,1535.74,1,0,0,1,0,0,0,0,0,0,0,1,0,0,0,1,0,1,0,0,0,1,0
0,1,1,7,1,1,65.03,439.24,1,1,0,1,1,0,0,0,0,0,0,0,0,0,0,0,0,0,0,0,0,0,1
0,0,0,9,1,0,85.76,772.1,1,0,0,0,1,0,0,0,0,1,0,0,0,1,0,1,0,0,0,1,0,0,0
0,1,0,14,1,1,89.35,1246.83,0,1,0,1,1,0,0,0,0,0,0,1,0,1,0,0,0,1,1,0,1,0,0
1,1,0,7,1,0,78.25,526.75,0,0,0,0,1,0,0,1,0,0,0,0,0,0,0,0,0,0,0,0,0,0,1
0,1,1,28,1,1,98.79,2785.43,0,1,0,1,1,0,0,0,0,1,0,1,0,0,0,1,0,1,0,0,0,1,0
0,1,0,47,1,1,67.35,3145.06,0,0,0,1,0,0,0,1,0,1,0,0,0,0,0,1,0,1,0,1,1,0,0
0,1,0,15,1,0,19.63,330.29,0,0,0,0,0,1,1,0,1,0,1,0,1,0,1,0,1,0,0,0,0,0,0
0,0,0,4,1,0,97.41,412.79,1,0,0,0,1,0,0,1,0,0,0,1,0,0,0,1,0,1,0,0,0,0,1
0,1,1,13,1,1,21.11,268.06,0,0,0,0,0,1,1,0,1,0,1,0,1,0,1,0,1,0,1,0,0,0,1
0,0,0,20,0,1,88.55,1729.77,0,0,1,0,1,0,0,0,0,1,0,1,0,0,0,1,0,1,1,0,1,0,0
0,0,1,45,1,1,18.25,884.31,0,0,0,0,0,1,1,0,1,0,1,0,1,0,1,0,1,0,0,0,0,0,1
0,0,0,26,1,1,18.25,470.8,0,1,0,0,0,1,1,0,1,0,1,0,1,0,1,0,1,0,1,0,0,1,0
0,1,1,26,1,1,78.24,2033.65,1,0,0,1,1,0,0,1,0,0,0,1,0,0,0,0,0,1,0,0,0,1,0
0,0,0,35,1,1,20.49,678.86,0,1,0,0,0,1,1,0,1,0,1,0,1,0,1,0,1,0,1,0,0,1,0
0,1,1,50,1,1,56.22,2800.73,0,0,0,1,0,0,0,0,0,0,0,0,0,0,0,1,0,1,0,0,1,0,0
1,0,0,71,1,0,69.2,4904.39,1,1,0,0,0,0,0,0,0,0,0,1,0,0,0,1,0,1,0,0,1,0,0
1,1,0,15,1,1,81.88,1245.61,1,0,0,0,1,0,0,1,0,0,0,0,0,0,0,0,0,1,1,0,0,1,0
0,0,1,24,1,1,50.2,1149.07,1,0,0,0,0,0,0,1,0,0,0,0,0,0,0,0,0,0,0,0,1,0,0
0,1,1,15,0,0,82.45,1214.97,1,1,1,0,1,0,0,0,0,1,0,0,0,0,0,1,0,0,0,1,1,0,0
1,0,0,34,1,0,88.16,3005.55,1,0,0,0,0,0,0,1,0,0,0,1,0,1,0,1,0,1,0,0,0,1,0
0,1,0,4,1,1,49.98,162.98,0,0,0,1,0,0,0,0,0,0,0,0,0,0,0,0,0,1,0,1,0,1,0
0,1,0,72,1,0,87.69,6331.55,0,0,0,0,1,0,0,0,0,0,0,1,0,1,0,1,0,1,1,0,0,0,0
0,0,0,37,1,1,23.21,855.96,0,1,0,0,0,1,1,0,1,0,1,0,1,0,1,0,1,0,0,0,0,1,0
0,1,1,33,1,1,74.58,2448.81,1,0,0,1,1,0,0,0,0,0,0,0,0,1,0,0,0,0,1,0,0,1,0
0,0,0,13,1,1,81.62,1045.49,0,0,0,0,1,0,0,1,0,0,0,1,0,0,0,0,0,0,1,0,0,0,0
0,0,1,18,1,0,92.84,1664.05,0,1,0,0,1,0,0,0,0,1,0,0,0,1,0,0,0,1,0,0,1,0,0
0,0,0,7,1,0,22.66,156.13,0,1,0,0,0,1,1,0,1,0,1,0,1,0,1,0,1,0,0,0,0,1,0
1,0,0,12,1,1,68.95,881.53,1,1,0,0,0,0,0,0,0,0,0,1,0,1,0,0,0,1,0,1,0,0,0
0,0,0,50,1,1,20.37,1041.72,0,0,0,1,0,1,1,0,1,0,1,0,1,0,1,0,1,0,0,0,0,0,0
0,0,1,5,1,1,71.86,380.63,1,1,0,0,1,0,0,1,0,0,0,0,0,0,0,1,0,0,1,0,0,1,0
0,1,1,72,1,0,94.45,6761.35,0,0,0,1,1,0,0,0,0,0,0,1,0,1,0,1,0,1,0,0,0,1,0
0,0,0,57,1,1,18.25,1066.43,0,0,0,1,0,1,1,0,1,0,1,0,1,0,1,0,1,0,0,1,1,0,0
0,0,0,32,1,0,21.06,672.18,0,1,0,0,0,1,1,0,1,0,1,0,1,0,1,0,1,0,0,0,0,1,0
0,1,0,11,1,1,77.28,840.03,1,0,0,0,1,0,0,0,0,0,0,0,0,0,0,1,0,1,0,0,0,1,0
0,1,0,41,1,1,78.49,3225.94,1,0,0,1,1,0,0,0,0,0,0,0,0,1,0,0,0,1,0,0,0,1,0
0,1,1,39,1,0,71.82,2853.11,0,1,0,0,1,0,0,0,0,0,0,1,0,0,0,1,0,0,0,0,0,1,0
0,0,0,15,1,0,56.37,843.71,1,1,0,1,0,0,0,0,0,0,0,0,0,0,0,1,0,0,1,0,0,0,1
0,1,0,36,1,1,88.32,3134.83,1,1,0,1,1,0,0,0,0,0,0,1,0,0,0,1,0,1,0,0,0,1,0
1,0,0,20,1,1,84.29,1715.56,1,1,0,0,1,0,0,0,0,1,0,1,0,0,0,0,0,1,1,0,0,1,0
0,0,0,3,1,0,70.72,203.09,1,1,0,0,1,0,0,0,0,0,0,0,0,0,0,1,0,0,1,0,1,0,0
0,0,1,8,1,1,60.02,454.1,0,0,0,0,0,0,0,1,0,1,0,0,0,0,0,0,0,0,0,0,0,0,1
0,1,0,56,0,1,80.22,4448.72,1,1,1,0,1,0,0,0,0,0,0,0,0,1,0,1,0,0,0,0,0,0,1
0,0,0,17,1,1,58.63,980.52,1,1,0,0,0,0,0,0,0,1,0,0,0,0,0,0,0,1,1,0,0,1,0
0,0,0,13,1,1,75.22,980.21,0,0,0,1,1,0,0,0,0,1,0,0,0,0,0,0,0,1,0,1,0,1,0
0,1,0,28,1,1,18.76,496.9,0,0,0,0,0,1,1,0,1,0,1,0,1,0,1,0,1,0,0,0,0,0,1
0,1,0,2,1,1,71.12,110.91,0,0,0,0,0,0,0,0,0,1,0,1,0,1,0,1,0,0,0,0,0,0,0
0,1,0,25,1,0,18.25,444.37,0,0,0,1,0,1,1,0,1,0,1,0,1,0,1,0,1,0,0,0,0,1,0
1,0,0,29,1,1,92.0,2667.08,1,1,0,1,1,0,0,1,0,1,0,0,0,0,0,1,0,0,0,0,1,0,0
0,1,1,41,0,1,63.95,2619.42,1,1,1,0,0,0,0,0,0,0,0,0,0,1,0,1,0,1,0,0,1,0,0
0,1,0,9,0,1,65.72,598.88,1,0,1,0,0,0,0,0,0,1,0,0,0,1,0,1,0,0,0,1,0,0,0
1,1,0,15,1,1,52.79,808.36,1,0,0,1,0,0,0,0,0,0,0,0,0,0,0,0,0,1,0,0,0,0,0
0,1,0,28,1,1,19.55,553.29,0,0,0,0,0,1,1,0,1,0,1,0,1,0,1,0,1,0,0,0,0,1,0
0,1,0,10,1,1,64.31,647.33,0,1,0,0,0,0,0,1,0,1,0,0,0,1,0,0,0,0,0,0,0,0,1
0,0,1,30,1,1,85.56,2553.4,0,0,0,1,1,0,0,1,0,0,0,0,0,1,0,1,0,0,1,0,0,0,1
0,1,0,28,1,0,70.28,1983.5,1,0,0,1,1,0,0,0,0,0,0,0,0,0,0,0,0,1,0,0,0,1,0
0,0,0,2,0,1,57.96,122.86,0,1,1,0,0,0,0,0,0,0,0,1,0,0,0,0,0,1,0,0,0,0,0
0,1,0,49,0,0,92.62,4534.85,1,0,1,0,1,0,0,1,0,1,0,1,0,1,0,0,0,1,0,0,0,1,0
0,1,0,10,1,1,78.69,762.03,1,0,0,1,0,0,0,1,0,0,0,1,0,0,0,1,0,1,1,0,0,1,0
0,0,0,26,1,1,18.39,422.22,0,1,0,0,0,1,1,0,1,0,1,0,1,0,1,0,1,0,0,1,1,0,0
0,0,0,72,1,1,20.72,1471.35,0,1,0,0,0,1,1,0,1,0,1,0,1,0,1,0,1,0,0,0,1,0,0
1,0,0,12,1,1,18.25,208.09,0,0,0,0,0,1,1,0,1,0,1,0,1,0,1,0,1,0,0,0,0,0,0
1,1,0,35,1,1,77.93,2746.22,0,1,0,1,0,0,0,1,0,1,0,1,0,0,0,0,0,1,0,1,0,1,0
0,0,0,72,1,0,82.16,5919.89,0,1,0,1,1,0,0,0,0,1,0,0,0,1,0,1,0,0,1,0,0,1,0
0,0,0,39,1,0,87.09,3387.21,0,1,0,1,1,0,0,0,0,0,0,1,0,1,0,0,0,1,0,1,0,1,0
0,1,0,57,1,0,20.13,1144.59,0,1,0,0,0,1,1,0,1,0,1,0,1,0,1,0,1,0,0,0,0,0,0
0,0,0,8,1,0,95.79,717.09,1,0,0,0,1,0,0,1,0,1,0,1,0,0,0,1,0,0,1,0,0,1,0
0,1,1,71,1,1,72.79,5156.16,1,0,0,1,1,0,0,0,0,0,0,0,0,1,0,0,0,0,0,0,0,0,1
0,1,0,3,1,0,90.76,253.81,1,1,0,0,1,0,0,0,0,1,0,1,0,0,0,1,0,1,0,0,0,1,0
0,0,0,38,1,1,18.25,667.05,0,0,0,1,0,1,1,0,1,0,1,0,1,0,1,0,1,0,0,0,0,1,0
0,0,0,25,1,1,96.05,2379.6,1,0,0,0,1,0,0,1,0,0,0,0,0,1,0,1,0,1,0,0,0,0,0
0,0,0,19,1,1,75.03,1403.97,0,1,0,0,0,0,0,1,0,1,0,0,0,1,0,1,0,0,1,0,1,0,0
0,0,0,16,1,1,22.27,356.77,0,0,0,1,0,1,1,0,1,0,1,0,1,0,1,0,1,0,0,0,0,0,1
0,1,0,40,1,0,85.36,3457.02,0,1,0,1,1,0,0,1,0,0,0,1,0,1,0,1,0,0,1,0,0,0,0
0,0,1,13,1,1,66.57,837.32,1,0,0,1,0,0,0,0,0,0,0,0,0,1,0,1,0,1,0,0,0,1,0
0,0,1,17,1,1,78.88,1326.09,1,0,0,1,1,0,0,0,0,0,0,0,0,1,0,0,0,0,0,0,0,1,0
1,1,0,38,1,1,65.63,2522.2,0,0,0,0,0,0,0,1,0,1,0,0,0,0,0,1,0,0,0,1,0,1,0
0,1,0,55,1,0,98.02,5379.81,0,1,0,1,1,0,0,1,0,0,0,1,0,1,0,1,0,0,0,1,1,0,0
0,0,1,23,1,0,72.71,1669.6,0,0,0,0,1,0,0,0,0,0,0,1,0,0,0,0,0,0,0,1,0,1,0
0,1,1,72,1,1,20.58,1523.05,0,1,0,0,0,1,1,0,1,0,1,0,1,0,1,0,1,0,0,0,0,0,0
0,0,1,29,0,1,55.36,1630.39,1,1,1,0,0,0,0,0,0,1,0,1,0,0,0,0,0,0,0,0,0,1,0
0,0,1,27,1,1,81.61,2194.84,1,1,0,1,1,0,0,0,0,0,0,0,0,1,0,0,0,1,0,0,1,0,0
0,0,0,72,1,0,45.82,3244.81,0,0,0,1,0,0,0,0,0,0,0,0,0,0,0,0,0,0,0,0,1,0,0
0,0,0,34,1,1,57.23,1927.8,0,1,0,0,0,0,0,0,0,1,0,0,0,1,0,0,0,0,0,0,0,0,0
0,0,0,72,1,0,85.11,6131.69,0,0,0,0,1,0,0,1,0,0,0,0,0,0,0,1,0,1,1,0,0,1,0
1,0,0,72,1,0,88.77,6417.91,0,0,0,1,1,0,0,1,0,0,0,0,0,0,0,1,0,0,1,0,0,0,1
1,1,1,9,1,1,20.01,211.73,0,1,0,1,0,1,1,0,1,0,1,0,1,0,1,0,1,0,0,1,0,0,1
0,0,0,13,0,1,72.7,903.3,0,1,1,0,1,0,0,0,0,1,0,0,0,0,0,0,0,0,1,0,0,0,1
0,0,0,5,1,1,65.89,362.81,0,1,0,1,0,0,0,1,0,0,0,1,0,0,0,0,0,0,0,0,0,1,0
0,0,1,42,0,1,74.07,3084.02,0,0,1,0,1,0,0,0,0,0,0,0,0,0,0,0,0,1,0,1,1,0,0
0,0,1,43,1,0,79.87,3452.77,1,0,0,1,1,0,0,0,0,0,0,1,0,1,0,0,0,0,0,0,0,1,0
0,0,0,16,1,1,87.57,1406.86,1,1,0,1,1,0,0,0,0,0,0,1,0,0,0,1,0,1,1,0,0,0,0
0,0,1,2,1,0,58.5,135.53,0,0,0,0,0,0,0,1,0,1,0,0,0,0,0,0,0,0,0,0,0,0,1
0,0,1,35,1,1,21.1,758.39,0,1,0,0,0,1,1,0,1,0,1,0,1,0,1,0,1,0,0,0,1,0,0
0,0,0,5,1,0,19.4,101.4,0,0,0,1,0,1,1,0,1,0,1,0,1,0,1,0,1,0,1,0,0,0,0
0,0,0,21,1,1,22.38,489.47,0,0,0,1,0,1,1,0,1,0,1,0,1,0,1,0,1,0,1,0,1,0,0
0,1,1,44,1,1,56.36,2442.25,0,0,0,0,0,0,0,1,0,0,0,0,0,0,0,0,0,0,0,0,1,0,0
0,1,0,28,1,0,67.77,1906.43,1,0,0,1,1,0,0,0,0,0,0,0,0,0,0,0,0,0,1,0,0,1,0
0,0,1,55,1,0,81.12,4491.97,0,0,0,0,1,0,0,0,0,0,0,1,0,0,0,1,0,0,0,0,0,1,0
0,1,0,20,1,1,61.03,1243.41,0,1,0,0,0,0,0,0,0,0,0,0,0,1,0,0,0,1,1,0,0,0,1
0,1,0,13,1,1,97.43,1269.51,1,1,0,0,1,0,0,1,0,1,0,1,0,1,0,1,0,0,0,1,0,1,0
1,1,0,11,1,0,84.07,889.81,1,1,0,1,1,0,0,1,0,0,0,1,0,0,0,0,0,0,0,0,0,1,0
0,0,0,43,1,1,63.44,2730.77,0,1,0,0,0,0,0,0,0,1,0,1,0,0,0,0,0,0,0,0,0,0,0
1,0,0,24,1,1,76.84,1876.79,1,0,0,1,0,0,0,1,0,1,0,0,0,0,0,1,0,1,0,0,1,0,0
0,0,0,13,1,1,72.33,921.97,1,0,0,0,0,0,0,0,0,0,0,1,0,1,0,1,0,1,0,0,0,0,1
0,0,0,34,1,0,82.93,2818.77,0,0,0,0,0,0,0,1,0,0,0,1,0,1,0,1,0,1,0,0,0,1,0
0,0,0,4,1,1,100.31,396.88,1,1,0,0,1,0,0,1,0,1,0,1,0,1,0,0,0,1,0,1,0,0,1
0,1,0,26,1,1,18.25,418.75,0,0,0,1,0,1,1,0,1,0,1,0,1,0,1,0,1,0,0,1,0,0,0
0,1,0,31,1,0,79.46,2473.46,0,1,0,0,0,0,0,0,0,1,0,0,0,1,0,1,0,1,0,0,1,0,0
0,1,1,35,1,0,88.41,3113.53,1,1,0,0,1,0,0,0,0,1,0,1,0,1,0,1,0,0,1,0,0,1,0
0,1,0,72,1,1,71.71,5152.23,1,0,0,1,0,0,0,1,0,0,0,0,0,1,0,0,0,1,0,0,0,1,0
0,0,1,19,1,1,108.12,2068.82,0,0,0,0,1,0,0,1,0,0,0,1,0,1,0,1,0,1,0,1,1,0,0
1,1,0,32,1,0,59.16,1877.95,0,0,0,0,0,0,0,0,0,0,0,0,0,0,0,1,0,1,0,0,1,0,0
1,0,0,36,1,0,76.99,2791.1,0,1,0,0,0,0,0,1,0,1,0,1,0,1,0,0,0,0,0,0,0,0,0
0,0,0,24,1,1,20.76,500.3,0,0,0,1,0,1,1,0,1,0,1,0,1,0,1,0,1,0,0,0,1,0,0
0,1,1,8,1,1,28.98,228.62,0,1,0,0,0,1,1,0,1,0,1,0,1,0,1,0,1,0,1,0,0,1,0
1,0,0,46,1,1,87.77,4073.43,0,0,0,1,1,0,0,0,0,0,0,1,0,1,0,0,0,1,1,0,1,0,0
0,0,0,1,1,0,66.23,9.85,1,0,0,0,0,0,0,0,0,1,0,1,0,0,0,0,0,1,0,1,0,0,0
0,0,0,8,1,1,87.94,682.2,0,1,0,0,1,0,0,1,0,0,0,1,0,0,0,0,0,1,0,0,1,0,0
0,0,0,19,1,1,73.35,1400.14,0,1,0,1,1,0,0,1,0,0,0,0,0,0,0,0,0,1,0,1,0,0,1
0,0,1,8,1,1,82.68,664.04,0,1,0,0,1,0,0,1,0,1,0,1,0,0,0,0,0,0,0,0,1,0,0
0,0,0,26,1,0,18.25,449.24,0,0,0,0,0,1,1,0,1,0,1,0,1,0,1,0,1,0,1,0,1,0,0
0,0,0,59,1,1,75.08,4426.23,0,1,0,1,1,0,0,0,0,0,0,0,0,0,0,0,0,1,1,0,0,1,0
0,1,1,72,1,1,26.89,1939.35,0,0,0,1,0,1,1,0,1,0,1,0,1,0,1,0,1,0,0,0,0,1,0
0,0,0,24,1,0,25.28,608.5,0,0,0,0,0,1,1,0,1,0,1,0,1,0,1,0,1,0,1,0,0,0,1
0,0,0,34,1,1,22.1,763.14,0,0,0,0,0,1,1,0,1,0,1,0,1,0,1,0,1,0,0,0,0,1,0
0,1,0,26,1,1,83.24,2202.89,0,1,0,1,0,0,0,0,0,0,0,1,0,1,0,1,0,1,0,1,0,1,0
0,1,0,23,1,1,73.0,1671.07,1,0,0,0,0,0,0,0,0,1,0,1,0,0,0,1,0,1,0,0,1,0,0
1,1,1,23,1,1,83.85,1946.93,0,1,0,1,1,0,0,0,0,1,0,1,0,1,0,0,0,0,0,0,0,0,0
1,1,0,72,1,0,77.94,5605.82,1,0,0,1,1,0,0,1,0,0,0,1,0,0,0,0,0,0,1,0,0,1,0
0,1,0,2,0,0,56.19,109.33,0,0,1,0,0,0,0,1,0,1,0,0,0,0,0,0,0,0,0,1,1,0,0
0,1,0,49,1,0,71.56,3523.33,0,0,0,1,0,0,0,1,0,1,0,0,0,1,0,1,0,0,0,1,0,1,0
0,0,0,11,1,0,66.12,767.01,0,0,0,0,0,0,0,0,0,1,0,0,0,1,0,0,0,0,1,0,1,0,0
0,0,0,21,1,0,80.12,1646.0,0,1,0,1,0,0,0,1,0,1,0,1,0,0,0,0,0,1,0,1,0,1,0
0,0,0,8,1,0,18.25,143.03,1,0,0,1,0,1,1,0,1,0,1,0,1,0,1,0,1,0,1,0,0,0,1
0,1,0,7,1,1,23.77,164.32,0,1,0,0,0,1,1,0,1,0,1,0,1,0,1,0,1,0,0,0,0,0,1
0,0,0,55,1,0,55.74,3092.78,1,1,0,1,0,0,0,0,0,0,0,1,0,0,0,1,0,0,0,0,0,0,1
0,1,0,14,1,1,60.89,820.32,0,1,0,0,0,0,0,0,0,0,0,0,0,0,0,1,0,1,0,0,0,0,1
1,1,0,26,0,1,107.57,2841.55,0,1,1,0,1,0,0,1,0,1,0,0,0,1,0,1,0,1,0,0,0,1,0
0,0,0,37,1,1,75.37,2768.97,1,1,0,0,1,0,0,0,0,0,0,1,0,0,0,0,0,0,0,0,1,0,0
0,0,0,72,1,0,77.81,5593.74,0,1,0,0,1,0,0,0,0,0,0,0,0,0,0,1,0,1,1,0,0,0,1
0,0,0,7,1,1,80.8,566.3,1,1,0,0,1,0,0,0,0,1,0,0,0,0,0,0,0,1,0,0,0,0,1
0,0,0,72,1,1,81.65,5890.42,1,0,0,1,1,0,0,0,0,0,0,1,0,0,0,1,0,1,0,0,0,1,0
0,0,0,31,1,1,64.13,2007.88,1,0,0,0,0,0,0,0,0,1,0,1,0,1,0,0,0,0,0,1,0,1,0
0,0,0,30,0,0,76.39,2273.17,0,1,1,0,1,0,0,1,0,1,0,0,0,0,0,1,0,0,0,1,1,0,0
0,0,0,19,1,0,18.25,317.87,0,1,0,0,0,1,1,0,1,0,1,0,1,0,1,0,1,0,0,0,0,1,0
0,1,1,17,1,1,20.32,303.79,0,1,0,0,0,1,1,0,1,0,1,0,1,0,1,0,1,0,0,0,0,0,0
0,1,1,4,1,0,86.58,331.14,1,0,0,1,1,0,0,0,0,1,0,1,0,0,0,1,0,0,0,0,1,0,0
0,0,0,62,1,1,79.59,4969.12,1,1,0,0,1,0,0,0,0,0,0,1,0,1,0,0,0,0,0,0,0,0,0
0,0,1,7,1,1,22.7,138.01,0,1,0,1,0,1,1,0,1,0,1,0,1,0,1,0,1,0,1,0,0,0,0
0,1,0,15,1,1,74.99,1110.47,1,1,0,0,1,0,0,0,0,0,0,0,0,0,0,0,0,1,0,0,0,0,1
0,1,1,55,1,1,80.71,4408.25,0,1,0,0,1,0,0,0,0,1,0,0,0,0,0,1,0,0,1,0,0,0,1
0,1,1,23,1,0,61.64,1403.0,0,1,0,1,0,0,0,0,0,1,0,1,0,0,0,0,0,0,0,1,0,0,1
0,0,0,9,0,1,82.41,720.45,1,0,1,0,1,0,0,0,0,0,0,1,0,0,0,1,0,1,0,0,0,0,1
0,1,0,47,1,0,18.25,830.7,0,0,0,0,0,1,1,0,1,0,1,0,1,0,1,0,1,0,0,0,0,1,0
0,0,0,17,1,0,78.77,1335.31,1,0,0,0,1,0,0,0,0,0,0,1,0,0,0,0,0,1,0,1,0,1,0
0,1,0,15,1,1,54.54,797.46,1,0,0,0,0,0,0,0,0,1,0,0,0,0,0,0,0,1,0,0,1,0,0
1,1,1,7,1,0,78.06,512.8,1,0,0,0,1,0,0,0,0,0,0,1,0,1,0,0,0,0,0,0,1,0,0
0,1,1,16,1,1,68.92,1121.09,0,1,0,0,1,0,0,1,0,0,0,0,0,0,0,0,0,0,0,1,0,1,0
0,0,0,19,0,1,64.16,1251.02,1,0,1,0,0,0,0,1,0,0,0,0,0,1,0,0,0,0,0,0,0,0,0
0,1,0,36,1,1,105.74,3815.91,0,0,0,1,1,0,0,1,0,0,0,1,0,1,0,1,0,0,1,0,1,0,0
0,1,0,12,1,1,47.84,614.96,1,1,0,0,0,0,0,0,0,1,0,0,0,0,0,0,0,0,0,0,0,1,0
1,0,0,63,1,1,23.89,1496.97,0,0,0,1,0,1,1,0,1,0,1,0,1,0,1,0,1,0,0,1,1,0,0
0,0,0,56,1,0,95.73,5358.11,0,1,0,0,1,0,0,1,0,1,0,1,0,0,0,1,0,1,1,0,0,1,0
0,1,0,56,1,0,99.4,5573.53,0,0,0,0,1,0,0,0,0,1,0,1,0,1,0,0,0,1,0,0,0,0,1
1,0,1,29,1,1,20.22,604.83,0,0,0,0,0,1,1,0,1,0,1,0,1,0,1,0,1,0,0,0,0,1,0
0,1,1,45,1,1,98.65,4477.94,1,0,0,0,1,0,0,1,0,0,0,0,0,1,0,1,0,1,0,0,0,1,0
0,0,1,42,1,0,87.53,3715.54,0,0,0,0,1,0,0,0,0,1,0,1,0,0,0,0,0,1,0,1,0,1,0
0,1,0,52,1,1,75.34,3937.93,1,1,0,1,0,0,0,1,0,0,0,1,0,0,0,0,0,1,0,0,0,1,0
0,0,0,55,1,1,18.25,1089.11,0,0,0,0,0,1,1,0,1,0,1,0,1,0,1,0,1,0,1,0,0,0,1
0,0,1,43,1,0,89.77,3874.63,0,0,0,1,1,0,0,0,0,1,0,1,0,0,0,1,0,1,0,0,1,0,0
0,0,1,44,1,0,85.38,3759.59,1,1,0,1,1,0,0,0,0,0,0,1,0,0,0,1,0,1,0,0,0,1,0
1,0,1,41,1,1,65.4,2650.84,1,0,0,1,1,0,0,0,0,0,0,0,0,0,0,0,0,1,0,0,0,0,0
0,1,0,44,1,1,83.11,3655.0,0,1,0,0,1,0,0,1,0,0,0,1,0,0,0,1,0,0,0,0,0,1,0
0,0,0,27,1,1,86.59,2339.71,1,1,0,0,1,0,0,0,0,1,0,1,0,0,0,0,0,1,0,0,0,1,0
0,1,0,15,1,0,73.82,1139.91,1,1,0,0,1,0,0,0,0,0,0,0,0,0,0,0,0,1,0,0,0,0,0
0,1,0,9,1,0,79.97,712.62,0,0,0,1,1,0,0,0,0,0,0,1,0,0,0,1,0,0,1,0,0,1,0
1,0,1,7,1,0,95.05,650.84,1,1,0,1,1,0,0,1,0,0,0,0,0,1,0,1,0,1,1,0,0,0,1
0,0,0,10,1,1,85.08,849.03,1,1,0,1,1,0,0,0,0,0,0,1,0,0,0,1,0,0,0,0,1,0,0
0,0,0,53,1,1,74.62,3956.82,1,1,0,1,1,0,0,0,0,0,0,0,0,0,0,1,0,1,0,0,0,0,1
1,0,1,70,1,1,21.36,1512.7,0,1,0,0,0,1,1,0,1,0,1,0,1,0,1,0,1,0,0,0,0,0,1
1,0,0,42,1,1,87.15,3698.0,1,1,0,1,1,0,0,0,0,1,0,0,0,0,0,1,0,1,0,0,0,0,0
1,0,0,31,1,1,18.83,554.5,0,0,0,1,0,1,1,0,1,0,1,0,1,0,1,0,1,0,0,0,0,1,0
0,0,1,4,1,0,92.9,407.64,1,1,0,0,1,0,0,1,0,1,0,0,0,0,0,1,0,1,1,0,1,0,0
0,0,0,23,1,1,62.15,1411.07,0,0,0,0,0,0,0,0,0,0,0,1,0,0,0,0,0,1,1,0,0,1,0
0,1,0,14,0,1,88.99,1278.38,1,0,1,0,1,0,0,0,0,1,0,0,0,1,0,1,0,0,0,0,0,1,0
0,0,0,14,1,0,70.76,1004.06,1,1,0,1,1,0,0,0,0,0,0,0,0,0,0,0,0,1,0,0,0,1,0
1,0,0,28,1,1,61.4,1707.98,0,1,0,0,0,0,0,0,0,0,0,1,0,0,0,1,0,0,0,1,0,0,0
0,0,1,42,1,0,83.56,3501.15,0,0,0,1,1,0,0,1,0,1,0,1,0,0,0,0,0,0,1,0,0,0,0
0,1,0,26,1,1,90.96,2342.39,0,1,0,0,1,0,0,1,0,0,0,0,0,1,0,1,0,0,0,0,0,1,0
1,1,1,72,1,0,87.08,6219.31,1,1,0,0,1,0,0,1,0,1,0,1,0,0,0,0,0,0,0,0,0,0,1
1,1,1,30,1,1,56.92,1696.17,0,0,0,1,0,0,0,0,0,0,0,0,0,1,0,0,0,1,0,1,0,1,0
0,1,1,3,1,1,91.02,278.31,1,0,0,1,1,0,0,0,0,0,0,1,0,1,0,1,0,0,1,0,0,0,1
1,0,0,72,1,1,86.28,6195.11,0,0,0,1,1,0,0,0,0,0,0,0,0,0,0,1,0,1,0,0,0,0,1
0,1,0,25,1,1,75.35,1861.64,0,1,0,1,1,0,0,0,0,0,0,0,0,1,0,0,0,0,0,1,0,0,0
0,1,0,69,1,1,91.99,6322.49,0,0,0,1,1,0,0,0,0,1,0,0,0,0,0,1,0,1,0,0,0,0,1
0,0,0,7,1,0,78.76,507.45,1,0,0,1,0,0,0,0,0,1,0,1,0,0,0,1,0,0,0,0,1,0,0
1,1,0,12,1,1,53.91,636.23,0,1,0,1,0,0,0,0,0,0,0,0,0,0,0,0,0,1,0,1,0,1,0
1,1,0,10,1,0,93.12,965.44,1,0,0,1,1,0,0,1,0,0,0,1,0,0,0,1,0,0,0,0,0,0,0
0,0,0,52,1,1,75.62,3944.15,0,1,0,1,0,0,0,1,0,1,0,0,0,1,0,0,0,1,0,0,0,0,0
0,0,1,62,1,0,72.0,4483.61,0,1,0,1,0,0,0,1,0,0,0,0,0,0,0,1,0,1,0,1,0,0,0
0,0,1,38,1,0,18.25,706.89,0,0,0,1,0,1,1,0,1,0,1,0,1,0,1,0,1,0,0,1,1,0,0
0,0,0,32,1,1,51.42,1667.31,1,1,0,0,0,0,0,0,0,0,0,0,0,0,0,1,0,0,0,0,0,0,0
1,0,0,4,1,0,97.38,411.72,0,1,0,1,1,0,0,0,0,1,0,1,0,1,0,1,0,0,0,1,0,1,0
0,1,1,14,1,1,89.27,1229.62,1,0,0,1,1,0,0,0,0,1,0,0,0,0,0,1,0,1,0,0,0,1,0
0,0,0,15,1,1,76.88,1188.33,1,0,0,0,0,0,0,1,0,1,0,0,0,1,0,1,0,1,1,0,0,1,0
0,0,0,5,1,0,63.06,266.4,0,0,0,1,0,0,0,0,0,1,0,1,0,0,0,0,0,0,1,0,0,1,0
0,0,0,24,1,0,49.31,1154.01,0,0,0,1,0,0,0,0,0,0,0,0,0,0,0,0,0,1,0,0,1,0,0
0,1,1,39,1,1,50.11,1968.34,0,0,0,0,0,0,0,0,0,1,0,0,0,0,0,0,0,0,0,1,0,1,0
1,1,1,48,1,1,98.53,4722.53,1,1,0,1,1,0,0,1,0,0,0,0,0,1,0,1,0,1,0,0,0,1,0
0,1,0,41,1,0,65.48,2674.74,0,1,0,0,1,0,0,0,0,0,0,0,0,0,0,0,0,1,0,0,0,1,0
0,0,0,20,1,1,87.19,1721.28,1,1,0,0,1,0,0,1,0,0,0,1,0,0,0,1,0,0,0,0,0,0,1
0,0,0,16,1,0,94.28,1528.85,0,1,0,0,1,0,0,0,0,0,0,1,0,1,0,1,0,1,1,0,1,0,0
1,1,1,21,1,1,72.18,1553.85,1,0,0,0,0,0,0,1,0,1,0,0,0,0,0,1,0,0,0,0,0,1,0
0,0,1,23,1,1,23.26,510.33,0,1,0,1,0,1,1,0,1,0,1,0,1,0,1,0,1,0,1,0,1,0,0
0,0,0,9,1,1,76.99,667.15,1,1,0,1,0,0,0,0,0,0,0,1,0,1,0,1,0,1,1,0,1,0,0
0,0,1,17,1,1,52.25,966.95,1,1,0,1,0,0,0,0,0,0,0,0,0,0,0,0,0,1,0,0,0,0,1
1,1,0,15,1,1,96.46,1467.1,0,1,0,1,1,0,0,1,0,1,0,1,0,0,0,0,0,1,0,0,0,0,0
0,0,0,72,1,0,20.76,1479.81,0,0,0,0,0,1,1,0,1,0,1,0,1,0,1,0,1,0,0,0,0,1,0
0,0,0,51,1,1,80.86,4147.51,1,1,0,0,1,0,0,0,0,0,0,1,0,0,0,0,0,1,0,0,0,0,0
0,0,1,39,1,0,64.53,2552.53,0,1,0,1,0,0,0,0,0,0,0,0,0,1,0,1,0,0,0,0,1,0,0
0,0,0,11,1,1,66.18,746.33,1,1,0,0,0,0,0,0,0,1,0,0,0,0,0,1,0,1,0,0,0,1,0
1,0,0,44,1,1,71.11,3148.63,0,1,0,1,1,0,0,0,0,0,0,1,0,0,0,0,0,0,0,1,0,0,0
1,1,0,13,1,0,19.36,243.65,0,0,0,0,0,1,1,0,1,0,1,0,1,0,1,0,1,0,0,1,0,1,0
0,0,0,45,1,1,66.27,3004.84,0,1,0,1,0,0,0,0,0,0,0,1,0,1,0,0,0,0,1,0,0,1,0
0,1,0,21,1,0,65.2,1395.24,1,1,0,0,0,0,0,1,0,1,0,0,0,0,0,0,0,1,0,0,0,1,0
1,0,1,58,1,1,62.99,3645.88,0,1,0,0,0,0,0,0,0,1,0,1,0,0,0,0,0,0,0,0,0,1,0
1,0,0,6,1,1,68.74,391.97,1,0,0,0,0,0,0,1,0,0,0,1,0,0,0,1,0,0,0,0,1,0,0
0,0,0,43,1,0,60.01,2577.97,0,0,0,0,0,0,0,1,0,0,0,0,0,0,0,0,0,1,0,1,0,1,0
0,0,0,61,1,1,88.85,5407.28,0,0,0,0,1,0,0,0,0,1,0,1,0,1,0,0,0,0,0,0,0,1,0
0,1,0,22,1,1,57.05,1265.39,0,0,0,0,0,0,0,1,0,0,0,0,0,0,0,1,0,0,1,0,0,0,0
1,1,0,20,1,1,86.1,1665.25,1,0,0,0,1,0,0,0,0,0,0,1,0,0,0,1,0,1,0,0,0,1,0
0,0,1,26,1,1,81.43,2123.78,1,1,0,1,1,0,0,0,0,0,0,0,0,1,0,0,0,1,0,0,1,0,0
0,1,1,38,0,0,78.33,2989.17,0,1,1,0,1,0,0,1,0,1,0,0,0,1,0,0,0,0,1,0,0,1,0
0,1,0,16,1,1,26.16,385.42,1,0,0,0,0,1,1,0,1,0,1,0,1,0,1,0,1,0,0,0,1,0,0
0,0,0,14,1,0,67.49,982.57,0,1,0,1,0,0,0,1,0,1,0,0,0,0,0,0,0,1,1,0,0,0,1
0,1,1,72,1,0,64.43,4628.91,0,0,0,1,0,0,0,0,0,1,0,0,0,0,0,1,0,1,0,1,0,1,0
0,1,0,20,1,0,88.67,1771.56,0,1,0,1,1,0,0,0,0,1,0,1,0,0,0,0,0,1,0,0,1,0,0
0,1,0,25,1,0,83.16,2146.06,0,0,0,1,1,0,0,0,0,1,0,1,0,0,0,0,0,0,0,1,1,0,0
0,0,0,18,1,0,74.56,1352.56,1,0,0,0,1,0,0,0,0,1,0,0,0,0,0,0,0,0,0,0,0,0,1
0,1,1,41,1,1,71.43,2905.4,1,1,0,0,1,0,0,0,0,1,0,0,0,0,0,0,0,0,0,0,0,1,0
1,0,1,15,1,0,65.11,1003.55,0,0,0,1,0,0,0,0,0,1,0,0,0,1,0,0,0,0,0,1,0,0,1
0,0,0,23,1,1,85.99,2028.89,1,0,0,0,1,0,0,0,0,1,0,0,0,0,0,1,0,1,1,0,1,0,0
0,1,0,53,1,0,18.78,1024.28,0,0,0,1,0,1,1,0,1,0,1,0,1,0,1,0,1,0,1,0,0,0,1
0,1,1,48,1,0,64.99,3144.65,0,1,0,0,1,0,0,0,0,0,0,1,0,0,0,0,0,0,0,0,0,0,1
0,1,0,19,1,0,87.76,1669.67,1,1,0,0,1,0,0,1,0,1,0,1,0,0,0,0,0,1,0,0,0,0,1
0,0,0,26,1,0,23.35,625.83,0,0,0,1,0,1,1,0,1,0,1,0,1,0,1,0,1,0,1,0,0,0,1
0,1,0,12,1,0,94.74,1170.06,0,1,0,1,1,0,0,1,0,0,0,1,0,1,0,0,0,0,0,0,1,0,0
1,1,0,26,1,0,74.92,1945.47,1,1,0,0,0,0,0,1,0,0,0,1,0,0,0,0,0,1,0,0,0,1,0
1,1,0,72,1,0,89.61,6475.96,1,0,0,0,1,0,0,1,0,0,0,1,0,0,0,1,0,0,0,0,0,1,0
0,1,0,46,1,0,86.57,4025.87,1,0,0,1,1,0,0,1,0,1,0,1,0,0,0,0,0,1,0,0,0,0,0
0,0,0,11,1,1,22.92,231.78,0,1,0,0,0,1,1,0,1,0,1,0,1,0,1,0,1,0,0,0,0,0,0
0,1,1,5,1,0,22.35,119.99,0,1,0,1,0,1,1,0,1,0,1,0,1,0,1,0,1,0,0,1,0,1,0
0,0,0,12,1,0,92.17,1124.7,0,1,0,0,1,0,0,1,0,0,0,1,0,1,0,1,0,0,1,0,0,0,1
1,1,0,8,1,0,96.12,791.87,1,1,0,0,1,0,0,0,0,1,0,1,0,1,0,0,0,0,0,0,0,1,0
0,0,0,23,1,1,66.35,1552.57,1,0,0,1,0,0,0,0,0,1,0,0,0,1,0,0,0,1,1,0,0,1,0
0,0,0,57,1,1,92.48,5276.55,0,1,0,0,1,0,0,0,0,1,0,0,0,1,0,0,0,1,0,1,1,0,0
0,1,0,23,1,1,58.43,1356.88,0,1,0,0,0,0,0,0,0,1,0,0,0,0,0,0,0,1,0,1,0,1,0
0,0,1,15,1,0,20.49,303.99,0,0,0,1,0,1,1,0,1,0,1,0,1,0,1,0,1,0,0,0,0,0,0
1,0,0,20,1,1,80.28,1599.66,0,1,0,0,0,0,0,0,0,1,0,1,0,1,0,1,0,1,1,0,0,1,0
0,0,1,38,0,1,82.48,3140.89,1,1,1,0,1,0,0,0,0,0,0,0,0,0,0,1,0,1,0,0,0,1,0
0,0,1,29,1,1,77.41,2237.19,0,0,0,1,1,0,0,0,0,0,0,0,0,1,0,0,0,0,0,1,1,0,0
0,0,0,12,1,0,81.5,999.0,1,0,0,0,1,0,0,1,0,0,0,0,0,0,0,1,0,1,0,0,0,1,0
1,1,0,46,1,0,78.44,3574.51,0,0,0,0,1,0,0,0,0,0,0,0,0,0,0,1,0,1,0,0,1,0,0
0,0,0,10,1,0,68.88,666.19,0,0,0,1,0,0,0,0,0,1,0,1,0,0,0,0,0,1,1,0,0,1,0
0,1,0,28,1,1,91.4,2559.92,1,1,0,0,1,0,0,0,0,0,0,1,0,1,0,1,0,1,1,0,0,1,0
0,0,0,17,0,1,96.03,1683.46,0,0,1,0,1,0,0,1,0,1,0,0,0,1,0,1,0,0,1,0,1,0,0
0,0,0,22,1,0,68.79,1446.13,0,0,0,0,1,0,0,0,0,0,0,0,0,0,0,0,0,0,0,1,0,0,1
0,0,0,10,1,0,54.23,529.0,1,0,0,1,0,0,0,0,0,0,0,1,0,0,0,1,0,0,0,0,0,0,0
0,0,1,27,1,0,73.57,1945.58,0,0,0,0,1,0,0,0,0,1,0,0,0,0,0,1,0,0,0,1,1,0,0
0,1,0,9,1,0,78.28,749.17,1,0,0,0,1,0,0,1,0,0,0,1,0,0,0,0,0,0,0,0,0,0,1
0,0,0,16,1,1,64.21,1017.1,1,0,0,0,0,0,0,0,0,0,0,0,0,1,0,0,0,1,0,0,0,1,0
0,1,1,21,1,1,85.12,1759.48,0,1,0,1,1,0,0,0,0,0,0,0,0,1,0,1,0,1,0,1,1,0,0
0,0,1,12,1,0,18.25,240.95,0,0,0,0,0,1,1,0,1,0,1,0,1,0,1,0,1,0,1,0,0,0,0
0,0,1,64,1,1,60.77,3914.34,0,1,0,1,0,0,0,1,0,0,0,0,0,0,0,1,0,1,0,0,0,0,0
0,1,0,16,1,0,60.47,960.31,1,0,0,0,0,0,0,1,0,0,0,0,0,1,0,0,0,0,0,0,0,1,0
0,0,0,20,0,0,63.27,1293.57,1,0,1,0,0,0,0,0,0,1,0,0,0,0,0,1,0,1,0,0,1,0,0
0,1,0,26,1,1,90.02,2369.26,1,0,0,0,1,0,0,0,0,1,0,1,0,1,0,0,0,1,0,0,0,0,1
0,0,1,7,1,0,100.15,730.11,0,0,0,0,1,0,0,1,0,1,0,0,0,0,0,1,0,1,0,1,0,0,0
0,0,0,4,1,0,74.17,263.85,0,1,0,0,1,0,0,0,0,0,0,1,0,0,0,0,0,0,1,0,0,0,1
0,0,0,21,1,1,75.66,1575.99,1,0,0,1,1,0,0,0,0,0,0,0,0,0,0,1,0,1,1,0,0,1,0
0,0,0,5,1,1,22.38,108.92,0,0,0,0,0,1,1,0,1,0,1,0,1,0,1,0,1,0,0,1,0,0,1
0,1,0,33,1,0,70.7,2313.39,1,1,0,1,0,0,0,0,0,0,0,1,0,0,0,1,0,1,1,0,1,0,0
1,1,0,34,1,1,18.25,626.22,0,1,0,0,0,1,1,0,1,0,1,0,1,0,1,0,1,0,1,0,1,0,0
0,1,0,33,1,1,20.95,656.5,0,1,0,0,0,1,1,0,1,0,1,0,1,0,1,0,1,0,0,0,1,0,0
1,1,0,44,1,1,69.6,3086.83,0,0,0,0,0,0,0,1,0,0,0,0,0,1,0,0,0,1,1,0,0,0,1
0,1,0,21,0,0,55.5,1198.26,0,1,1,0,0,0,0,0,0,0,0,1,0,0,0,0,0,1,1,0,0,1,0
0,0,0,65,1,1,19.66,1237.22,0,0,0,1,0,1,1,0,1,0,1,0,1,0,1,0,1,0,0,0,0,1,0
0,0,0,30,1,0,73.24,2270.45,1,1,0,0,1,0,0,0,0,0,0,0,0,0,0,1,0,0,0,0,1,0,0
0,1,1,61,0,1,79.13,4838.73,1,0,1,0,1,0,0,1,0,1,0,0,0,0,0,0,0,1,0,0,0,0,0
0,0,0,42,1,0,65.0,2749.47,1,1,0,1,0,0,0,1,0,0,0,0,0,0,0,1,0,0,0,0,0,0,1
0,0,0,21,0,0,89.46,1909.44,0,0,1,0,1,0,0,1,0,1,0,1,0,0,0,1,0,0,0,1,0,0,0
1,1,0,30,0,1,72.34,2177.98,1,1,1,0,1,0,0,1,0,0,0,0,0,1,0,0,0,0,0,0,0,1,0
0,0,0,37,1,0,91.51,3373.93,0,0,0,1,1,0,0,0,0,0,0,1,0,1,0,0,0,1,1,0,0,0,0
1,1,0,4,1,1,74.79,292.65,1,0,0,0,0,0,0,1,0,0,0,1,0,0,0,1,0,1,1,0,0,0,0
0,0,0,7,1,0,54.69,409.87,1,0,0,1,0,0,0,0,0,0,0,0,0,0,0,1,0,0,0,0,0,1,0
0,0,0,72,1,1,18.59,1346.93,0,0,0,1,0,1,1,0,1,0,1,0,1,0,1,0,1,0,0,0,0,0,1
0,1,0,37,1,1,92.48,3377.02,1,1,0,0,1,0,0,0,0,0,0,1,0,1,0,0,0,1,0,0,0,1,0
0,1,1,52,1,1,98.01,5122.26,0,1,0,1,1,0,0,1,0,0,0,0,0,1,0,1,0,1,0,0,1,0,0
1,0,1,20,1,0,54.44,1065.72,1,1,0,1,0,0,0,0,0,0,0,0,0,0,0,1,0,0,0,0,0,0,1
1,1,0,62,1,1,71.96,4448.28,0,1,0,1,0,0,0,1,0,1,0,0,0,1,0,0,0,0,0,0,0,0,1
1,0,0,21,1,1,19.73,423.8,1,0,0,0,0,1,1,0,1,0,1,0,1,0,1,0,1,0,0,0,0,0,1
1,0,0,37,1,1,84.86,3192.78,1,0,0,1,1,0,0,0,0,1,0,0,0,1,0,0,0,0,0,0,1,0,0
0,1,0,68,1,1,94.98,6527.26,0,0,0,1,1,0,0,1,0,1,0,0,0,1,0,0,0,1,0,0,0,0,1
0,0,0,40,1,1,51.47,2042.15,0,0,0,0,0,0,0,0,0,0,0,0,0,0,0,1,0,0,0,0,0,0,1
1,0,0,10,1,1,81.96,839.61,1,0,0,0,1,0,0,0,0,1,0,1,0,0,0,1,0,0,0,1,0,0,1
0,1,0,23,1,1,91.94,2132.95,0,0,0,1,1,0,0,0,0,0,0,1,0,0,0,1,0,1,0,1,0,1,0
0,0,0,31,1,0,74.09,2270.63,0,1,0,0,0,0,0,1,0,1,0,0,0,0,0,1,0,1,1,0,0,0,1
0,0,0,39,1,1,49.25,1950.37,1,1,0,0,0,0,0,0,0,0,0,0,0,0,0,0,0,1,0,0,0,1,0
0,0,1,57,1,1,55.28,3111.75,0,0,0,0,0,0,0,0,0,0,0,0,0,0,0,0,0,1,0,0,0,0,1
0,1,0,39,1,1,18.56,779.74,0,0,0,1,0,1,1,0,1,0,1,0,1,0,1,0,1,0,0,1,0,0,0
0,1,1,24,1,0,24.8,556.81,0,1,0,1,0,1,1,0,1,0,1,0,1,0,1,0,1,0,0,1,0,0,0
0,0,1,20,1,0,82.88,1653.67,1,0,0,1,0,0,0,0,0,1,0,0,0,1,0,1,0,1,1,0,0,1,0
0,0,0,21,1,1,18.25,407.91,0,0,0,0,0,1,1,0,1,0,1,0,1,0,1,0,1,0,0,0,0,1,0
0,1,0,17,1,1,87.26,1512.29,1,1,0,1,1,0,0,0,0,1,0,1,0,0,0,1,0,0,0,0,0,0,1
0,0,0,16,0,1,19.4,304.42,0,1,1,0,0,1,1,0,1,0,1,0,1,0,1,0,1,0,0,1,0,1,0
0,0,0,51,1,0,79.55,4078.52,0,0,0,1,1,0,0,0,0,0,0,0,0,0,0,1,0,1,0,1,0,1,0
0,1,0,28,1,1,57.62,1618.93,0,0,0,0,0,0,0,0,0,1,0,0,0,0,0,1,0,0,1,0,1,0,0
0,0,0,17,1,0,18.25,353.28,0,1,0,1,0,1,1,0,1,0,1,0,1,0,1,0,1,0,0,0,0,0,0
0,0,0,25,1,0,23.98,594.47,1,0,0,1,0,1,1,0,1,0,1,0,1,0,1,0,1,0,0,0,0,1,0
0,0,0,18,0,0,84.5,1524.5,1,1,1,0,1,0,0,0,0,1,0,0,0,0,0,1,0,1,0,0,0,0,1
0,0,0,4,0,1,63.32,268.54,1,0,1,0,1,0,0,0,0,0,0,0,0,0,0,0,0,0,0,0,0,1,0
0,0,1,39,1,0,76.58,2970.42,1,1,0,0,1,0,0,0,0,0,0,0,0,1,0,0,0,0,0,0,0,0,0
0,0,0,54,1,1,65.95,3578.15,0,0,0,1,0,0,0,0,0,0,0,1,0,0,0,1,0,0,0,1,1,0,0
0,0,0,47,1,1,21.54,1008.31,0,1,0,1,0,1,1,0,1,0,1,0,1,0,1,0,1,0,0,0,1,0,0
0,1,0,45,1,1,18.25,787.66,0,1,0,1,0,1,1,0,1,0,1,0,1,0,1,0,1,0,0,0,0,1,0
0,1,0,9,1,1,49.8,443.16,1,0,0,0,0,0,0,0,0,1,0,0,0,0,0,0,0,0,0,0,0,0,0
0,0,0,62,1,0,55.91,3473.17,0,1,0,1,0,0,0,0,0,1,0,1,0,0,0,0,0,0,0,1,0,1,0
0,0,0,15,0,1,64.97,970.82,1,1,1,0,0,0,0,0,0,0,0,1,0,0,0,1,0,1,0,0,1,0,0
0,1,0,8,1,0,19.05,123.91,0,1,0,0,0,1,1,0,1,0,1,0,1,0,1,0,1,0,0,0,0,1,0
0,1,0,2,1,0,75.87,183.63,0,0,0,1,1,0,0,0,0,0,0,0,0,0,0,0,0,1,0,1,0,1,0
0,1,1,30,1,0,94.62,2807.63,0,0,0,1,1,0,0,1,0,1,0,0,0,1,0,1,0,0,0,1,0,1,0
0,0,0,63,1,1,20.8,1302.2,0,0,0,0,0,1,1,0,1,0,1,0,1,0,1,0,1,0,1,0,0,1,0
0,0,0,57,1,0,24.68,1376.79,0,1,0,0,0,1,1,0,1,0,1,0,1,0,1,0,1,0,1,0,0,1,0
0,0,1,26,1,0,19.66,474.62,0,1,0,0,0,1,1,0,1,0,1,0,1,0,1,0,1,0,1,0,0,0,0
0,1,0,50,1,1,90.07,4513.53,0,1,0,1,1,0,0,0,0,1,0,0,0,1,0,1,0,0,0,0,0,0,0
0,0,0,72,1,1,20.98,1513.32,0,0,0,1,0,1,1,0,1,0,1,0,1,0,1,0,1,0,0,0,0,1,0
0,1,0,19,1,0,70.15,1288.63,0,0,0,0,0,0,0,0,0,1,0,1,0,1,0,1,0,0,0,0,0,0,1
0,1,0,36,1,1,48.21,1702.35,1,0,0,0,0,0,0,0,0,1,0,0,0,0,0,0,0,0,0,0,0,0,1
0,1,1,64,0,0,82.9,5320.6,0,0,1,0,1,0,0,0,0,1,0,0,0,0,0,1,0,0,1,0,0,0,1
0,0,1,8,1,0,57.52,453.01,1,1,0,1,0,0,0,0,0,1,0,0,0,0,0,0,0,1,0,0,0,1,0
0,0,0,9,1,1,71.34,675.73,1,0,0,1,0,0,0,1,0,1,0,1,0,0,0,0,0,1,0,0,0,0,0
0,1,1,71,1,1,49.31,3510.93,0,1,0,1,0,0,0,0,0,0,0,0,0,1,0,0,0,0,1,0,0,0,1
1,1,0,51,1,0,90.61,4596.45,1,1,0,0,1,0,0,1,0,1,0,0,0,0,0,0,0,1,0,0,0,1,0
0,0,0,14,1,0,71.29,1034.82,0,1,0,1,1,0,0,1,0,0,0,0,0,0,0,0,0,0,0,1,1,0,0
0,1,0,10,1,1,22.93,228.3,0,1,0,1,0,1,1,0,1,0,1,0,1,0,1,0,1,0,0,1,0,0,1
1,0,0,9,1,1,71.41,682.25,1,1,0,1,1,0,0,0,0,0,0,0,0,0,0,0,0,1,0,0,0,0,1
0,1,1,30,1,0,73.75,2205.32,1,1,0,0,1,0,0,0,0,1,0,0,0,1,0,0,0,0,0,0,0,0,0
0,1,0,14,1,1,25.57,351.34,1,1,0,0,0,1,1,0,1,0,1,0,1,0,1,0,1,0,0,0,0,1,0
0,1,0,15,1,1,20.5,324.29,1,0,0,0,0,1,1,0,1,0,1,0,1,0,1,0,1,0,0,0,0,0,1
0,0,0,9,1,1,92.62,872.22,1,1,0,0,0,0,0,1,0,1,0,1,0,1,0,1,0,1,1,0,0,0,1
0,1,0,27,1,1,85.39,2299.5,1,1,0,1,1,0,0,1,0,1,0,1,0,0,0,0,0,0,1,0,0,1,0
0,1,1,8,1,1,18.25,169.1,0,0,0,0,0,1,1,0,1,0,1,0,1,0,1,0,1,0,0,0,0,0,0
0,0,0,40,1,1,21.37,855.54,0,0,0,1,0,1,1,0,1,0,1,0,1,0,1,0,1,0,0,0,0,1,0
0,1,1,58,1,0,80.98,4692.4,0,0,0,0,0,0,0,1,0,1,0,1,0,1,0,1,0,0,0,0,0,0,1
0,0,0,31,1,1,81.31,2519.77,1,1,0,1,1,0,0,1,0,1,0,0,0,0,0,0,0,0,1,0,0,0,1
0,1,1,51,1,1,81.82,4161.72,1,0,0,0,1,0,0,1,0,0,0,0,0,0,0,1,0,0,0,0,1,0,0
0,0,0,23,1,0,84.67,1933.1,0,1,0,0,0,0,0,1,0,1,0,0,0,0,0,1,0,1,1,0,1,0,0
0,1,1,13,1,0,81.64,1125.54,1,1,0,1,1,0,0,0,0,1,0,0,0,0,0,1,0,1,0,0,1,0,0
0,0,0,19,1,1,64.54,1220.95,0,0,0,0,0,0,0,0,0,1,0,0,0,1,0,1,0,0,1,0,0,0,1
0,0,1,5,1,0,59.69,290.95,1,0,0,1,0,0,0,1,0,1,0,0,0,1,0,0,0,0,0,0,0,1,0
0,0,1,15,1,0,79.49,1240.76,0,0,0,1,0,0,0,0,0,1,0,0,0,1,0,1,0,1,0,1,1,0,0
0,0,1,22,1,1,51.84,1149.23,0,0,0,0,0,0,0,0,0,0,0,0,0,1,0,0,0,0,0,0,0,0,0
0,1,1,26,1,1,66.92,1743.48,0,0,0,0,0,0,0,1,0,1,0,1,0,0,0,0,0,0,1,0,0,0,1
0,1,0,52,1,0,20.25,1070.91,0,1,0,1,0,1,1,0,1,0,1,0,1,0,1,0,1,0,1,0,1,0,0
1,0,0,65,1,0,57.91,3768.5,0,1,0,1,0,0,0,1,0,0,0,0,0,0,0,0,0,1,0,1,0,1,0
0,0,1,30,1,1,74.36,2229.47,0,1,0,0,0,0,0,1,0,1,0,0,0,0,0,1,0,1,1,0,1,0,0
0,0,0,10,1,1,85.88,885.11,1,1,0,0,1,0,0,0,0,0,0,1,0,1,0,1,0,0,0,0,0,1,0
0,0,0,10,1,1,83.02,780.84,1,0,0,0,1,0,0,0,0,0,0,1,0,0,0,1,0,0,0,0,0,1,0
0,0,1,16,0,1,85.92,1367.88,1,1,1,0,1,0,0,0,0,1,0,1,0,0,0,0,0,1,0,0,1,0,0
0,0,0,13,1,1,21.98,280.59,0,0,0,0,0,1,1,0,1,0,1,0,1,0,1,0,1,0,0,1,0,0,1
0,0,0,30,1,0,87.26,2622.47,0,0,0,0,1,0,0,0,0,0,0,1,0,1,0,1,0,1,1,0,0,0,1
1,0,0,10,1,0,88.17,903.83,0,0,0,1,1,0,0,1,0,0,0,0,0,0,0,1,0,1,0,0,0,0,0
0,1,0,67,1,0,103.39,6940.95,1,1,0,0,1,0,0,1,0,1,0,1,0,1,0,0,0,0,0,0,1,0,0
1,0,0,47,1,1,83.4,3915.18,0,1,0,1,1,0,0,0,0,1,0,0,0,1,0,0,0,0,0,0,0,0,1
1,0,0,54,1,1,91.33,4929.61,1,0,0,1,1,0,0,0,0,1,0,1,0,0,0,1,0,1,0,0,0,1,0
0,1,0,15,1,0,74.8,1121.03,1,0,0,0,1,0,0,0,0,1,0,0,0,0,0,0,0,0,1,0,0,0,1
1,0,0,10,1,1,76.63,702.8,1,0,0,0,0,0,0,1,0,1,0,1,0,0,0,1,0,1,0,1,0,1,0
0,0,0,14,1,0,62.16,872.97,0,0,0,0,1,0,0,0,0,0,0,0,0,0,0,0,0,0,1,0,0,0,1
0,1,0,27,1,0,83.55,2235.34,1,0,0,0,1,0,0,0,0,1,0,1,0,1,0,0,0,0,0,0,0,1,0
0,0,0,25,1,1,62.6,1560.29,0,1,0,0,0,0,0,1,0,0,0,0,0,1,0,0,0,1,0,0,0,0,0
0,1,0,62,1,1,91.17,5676.78,0,0,0,0,1,0,0,0,0,1,0,1,0,0,0,0,0,1,0,1,0,0,0
0,1,1,70,1,0,21.47,1509.6,0,1,0,1,0,1,1,0,1,0,1,0,1,0,1,0,1,0,0,1,1,0,0
1,0,1,28,1,1,74.35,2070.75,1,0,0,1,0,0,0,0,0,1,0,0,0,0,0,1,0,1,0,0,0,0,0
0,0,1,7,1,1,78.31,546.14,1,0,0,1,1,0,0,0,0,1,0,0,0,0,0,1,0,0,0,0,1,0,0
0,0,1,20,0,1,59.44,1201.09,1,0,1,0,0,0,0,0,0,0,0,1,0,1,0,0,0,1,0,0,0,1,0
0,1,0,72,1,0,94.24,6766.42,0,1,0,1,1,0,0,0,0,1,0,0,0,0,0,1,0,1,0,1,0,0,1
0,0,0,7,0,1,56.0,371.71,0,1,1,0,0,0,0,0,0,0,0,0,0,0,0,1,0,1,1,0,0,1,0
0,1,1,31,1,1,20.8,682.56,0,0,0,0,0,1,1,0,1,0,1,0,1,0,1,0,1,0,0,0,0,1,0
0,0,0,14,1,0,63.68,894.41,0,1,0,0,0,0,0,1,0,0,0,1,0,0,0,1,0,0,1,0,0,0,0
1,1,1,72,1,0,20.72,1500.67,0,1,0,0,0,1,1,0,1,0,1,0,1,0,1,0,1,0,1,0,1,0,0
0,0,0,33,1,0,68.84,2293.19,0,1,0,0,0,0,0,0,0,1,0,0,0,0,0,1,0,1,0,0,0,1,0
0,1,0,14,1,1,102.74,1441.14,0,1,0,1,1,0,0,1,0,1,0,1,0,1,0,0,0,0,0,1,0,1,0
0,1,1,18,1,1,55.82,1017.33,0,1,0,1,0,0,0,0,0,0,0,0,0,1,0,1,0,0,0,1,0,1,0
0,1,0,3,1,0,21.82,56.22,0,0,0,0,0,1,1,0,1,0,1,0,1,0,1,0,1,0,1,0,0,1,0
1,0,0,31,1,1,19.93,629.55,1,1,0,0,0,1,1,0,1,0,1,0,1,0,1,0,1,0,0,0,0,0,1
0,0,0,32,1,0,18.25,549.99,0,1,0,0,0,1,1,0,1,0,1,0,1,0,1,0,1,0,0,0,0,1,0
0,0,0,7,0,0,18.25,122.76,1,1,1,0,0,1,1,0,1,0,1,0,1,0,1,0,1,0,0,0,0,1,0
0,1,0,39,1,1,89.46,3464.31,0,1,0,1,1,0,0,0,0,1,0,1,0,0,0,1,0,0,0,1,0,0,1
1,1,1,69,0,0,93.67,6492.89,0,1,1,0,1,0,0,1,0,0,0,1,0,0,0,0,0,1,0,1,0,0,0
0,0,0,9,1,1,18.25,102.51,0,0,0,0,0,1,1,0,1,0,1,0,1,0,1,0,1,0,0,0,0,1,0
0,1,1,39,1,1,21.69,821.13,0,1,0,0,0,1,1,0,1,0,1,0,1,0,1,0,1,0,0,0,0,1,0
0,0,0,40,1,1,88.24,3518.09,0,1,0,1,1,0,0,1,0,0,0,0,0,1,0,0,0,1,1,0,0,1,0
0,1,0,28,1,0,72.03,2062.86,0,1,0,0,1,0,0,0,0,0,0,1,0,0,0,1,0,0,1,0,0,1,0
0,0,0,30,1,0,57.72,1745.32,0,1,0,0,0,0,0,0,0,0,0,0,0,1,0,0,0,0,0,0,0,1,0
0,0,0,17,1,0,82.18,1383.05,0,1,0,1,1,0,0,0,0,1,0,0,0,1,0,0,0,1,0,0,1,0,0
0,1,0,3,0,1,90.04,295.41,1,1,1,0,1,0,0,1,0,0,0,1,0,0,0,1,0,0,0,0,0,1,0
1,1,0,33,0,1,18.25,570.16,1,0,1,0,0,1,1,0,1,0,1,0,1,0,1,0,1,0,0,0,0,1,0
0,0,0,46,1,1,67.67,3107.71,0,1,0,1,0,0,0,1,0,0,0,1,0,0,0,0,0,1,0,0,0,0,1
1,1,0,11,1,0,62.98,693.87,0,0,0,0,0,0,0,1,0,0,0,1,0,0,0,0,0,1,0,0,0,0,1
0,0,1,14,1,0,69.67,988.02,1,1,0,0,0,0,0,0,0,1,0,0,0,0,0,1,0,1,0,0,0,0,0
0,0,0,13,1,1,43.39,535.1,0,1,0,1,0,0,0,0,0,0,0,0,0,0,0,0,0,0,0,1,0,0,1
0,1,0,35,1,1,18.25,616.42,0,1,0,0,0,1,1,0,1,0,1,0,1,0,1,0,1,0,0,0,0,1,0
0,0,1,31,1,0,56.39,1790.7,0,0,0,0,0,0,0,0,0,0,0,1,0,0,0,0,0,0,0,1,0,0,1
0,1,0,12,1,1,20.3,265.35,0,0,0,0,0,1,1,0,1,0,1,0,1,0,1,0,1,0,0,0,1,0,0
0,0,0,25,1,0,48.59,1183.4,0,1,0,0,0,0,0,0,0,0,0,1,0,0,0,0,0,0,1,0,0,1,0
0,1,0,25,0,1,22.44,565.52,0,1,1,0,0,1,1,0,1,0,1,0,1,0,1,0,1,0,0,0,0,1,0
0,0,0,33,1,0,62.21,2026.08,0,1,0,1,0,0,0,0,0,0,0,0,0,1,0,0,0,1,0,0,1,0,0
0,1,0,19,1,1,62.68,1258.12,1,1,0,0,1,0,0,0,0,0,0,0,0,0,0,0,0,0,0,0,0,0,0
1,1,0,55,1,0,80.64,4464.24,0,0,0,0,1,0,0,0,0,0,0,1,0,1,0,0,0,1,0,0,0,0,0
0,1,0,34,1,1,73.46,2523.65,1,1,0,0,0,0,0,1,0,0,0,1,0,0,0,1,0,1,0,0,0,1,0
0,1,1,55,1,0,72.84,3985.49,1,1,0,0,1,0,0,0,0,0,0,1,0,0,0,0,0,0,0,0,0,0,1
0,0,0,33,1,0,89.78,2958.96,1,0,0,0,1,0,0,0,0,0,0,1,0,1,0,0,0,1,0,0,0,0,1
0,1,0,35,1,1,61.65,2178.18,1,1,0,1,0,0,0,1,0,0,0,0,0,0,0,0,0,1,0,0,0,1,0
0,1,0,6,1,0,83.58,490.61,0,1,0,0,1,0,0,0,0,0,0,1,0,0,0,1,0,1,0,1,0,1,0
0,1,0,31,1,1,97.86,3023.63,0,0,0,1,1,0,0,1,0,1,0,1,0,1,0,0,0,0,0,1,0,0,0
0,1,1,24,1,0,74.29,1754.11,1,1,0,0,1,0,0,0,0,1,0,0,0,1,0,0,0,0,0,0,0,1,0
0,1,0,59,1,0,89.49,5269.74,0,1,0,0,1,0,0,1,0,1,0,1,0,0,0,0,0,0,1,0,1,0,0
0,1,0,53,1,1,83.42,4427.34,1,1,0,0,1,0,0,1,0,0,0,0,0,0,0,1,0,0,0,0,0,0,1
0,0,1,63,1,1,21.39,1334.7,0,0,0,1,0,1,1,0,1,0,1,0,1,0,1,0,1,0,0,0,0,1,0
1,0,0,15,1,1,85.19,1300.61,1,1,0,0,1,0,0,0,0,0,0,1,0,1,0,1,0,0,0,0,0,0,1
0,0,0,25,1,1,59.33,1513.78,0,1,0,1,0,0,0,0,0,0,0,1,0,0,0,0,0,1,1,0,0,0,1
0,1,1,67,1,0,63.66,4271.56,0,1,0,1,0,0,0,1,0,0,0,0,0,0,0,0,0,1,0,0,1,0,0
0,0,0,14,1,1,87.46,1221.55,1,1,0,0,1,0,0,1,0,0,0,0,0,1,0,0,0,1,0,0,1,0,0
0,0,0,59,1,1,104.46,6201.23,0,0,0,0,1,0,0,0,0,0,0,1,0,1,0,1,0,1,0,1,0,1,0
0,0,0,55,1,1,44.78,2472.98,0,1,0,1,0,0,0,0,0,0,0,0,0,0,0,0,0,0,0,1,0,0,1
0,1,1,25,1,1,72.64,1804.52,1,0,0,0,1,0,0,0,0,1,0,0,0,0,0,0,0,1,0,0,0,1,0
0,1,1,72,0,0,18.25,1293.54,0,0,1,0,0,1,1,0,1,0,1,0,1,0,1,0,1,0,0,0,0,0,1
0,1,0,56,1,1,18.25,1063.01,0,0,0,1,0,1,1,0,1,0,1,0,1,0,1,0,1,0,0,0,0,0,0
0,1,0,8,1,0,46.07,401.56,1,1,0,0,0,0,0,0,0,0,0,0,0,0,0,0,0,0,0,0,1,0,0
1,0,1,71,0,1,88.02,6269.44,1,0,1,0,1,0,0,0,0,0,0,1,0,0,0,1,0,1,0,0,1,0,0
0,1,0,25,1,1,92.78,2326.21,0,0,0,0,1,0,0,0,0,0,0,1,0,0,0,1,0,1,0,1,0,0,1
0,1,1,35,1,0,71.2,2487.67,0,1,0,0,0,0,0,1,0,1,0,0,0,1,0,1,0,0,1,0,0,0,0
0,1,0,35,1,1,68.63,2383.09,0,0,0,1,0,0,0,0,0,1,0,0,0,0,0,1,0,1,0,1,1,0,0
0,1,0,41,1,1,21.85,905.57,0,0,0,1,0,1,1,0,1,0,1,0,1,0,1,0,1,0,1,0,0,0,0
0,1,1,68,1,1,21.33,1417.73,0,1,0,1,0,1,1,0,1,0,1,0,1,0,1,0,1,0,0,1,0,0,1
1,1,0,34,1,1,18.25,669.89,0,0,0,0,0,1,1,0,1,0,1,0,1,0,1,0,1,0,1,0,0,0,0
0,0,0,24,1,1,78.42,1917.76,1,1,0,0,1,0,0,0,0,0,0,0,0,1,0,1,0,0,0,0,0,1,0
0,1,0,11,1,0,72.25,832.6,0,0,0,0,1,0,0,1,0,0,0,0,0,0,0,0,0,0,1,0,0,1,0
0,0,0,18,1,0,76.27,1354.37,0,0,0,0,1,0,0,1,0,0,0,0,0,0,0,0,0,1,0,0,0,1,0
0,0,1,54,1,0,77.81,4222.07,0,1,0,0,1,0,0,0,0,1,0,0,0,0,0,0,0,1,0,0,1,0,0
0,0,1,62,0,1,68.87,4308.57,0,0,1,0,0,0,0,1,0,0,0,1,0,1,0,1,0,0,0,1,0,0,1
1,0,0,20,1,1,57.98,1139.92,1,1,0,1,0,0,0,0,0,0,0,0,0,1,0,1,0,0,0,1,0,1,0
0,1,0,47,0,1,91.67,4301.17,0,0,1,0,1,0,0,1,0,0,0,1,0,1,0,1,0,1,0,0,0,0,0
0,0,1,17,0,1,80.18,1363.96,0,0,1,0,0,0,0,1,0,0,0,0,0,1,0,1,0,1,0,0,0,1,0
0,0,0,4,1,0,18.25,117.67,0,1,0,1,0,1,1,0,1,0,1,0,1,0,1,0,1,0,0,1,0,1,0
0,0,1,7,1,1,90.22,576.93,1,1,0,1,1,0,0,0,0,1,0,0,0,1,0,0,0,1,0,0,0,1,0
0,1,1,57,1,0,22.28,1303.86,0,1,0,1,0,1,1,0,1,0,1,0,1,0,1,0,1,0,0,1,0,0,0
0,0,0,5,1,1,75.68,417.57,0,1,0,0,1,0,0,0,0,1,0,0,0,0,0,1,0,0,0,1,0,0,1
0,1,0,44,1,1,76.98,3422.1,0,1,0,1,1,0,0,0,0,1,0,0,0,0,0,0,0,1,0,1,1,0,0
0,0,0,32,1,1,72.47,2300.63,0,1,0,1,0,0,0,1,0,1,0,0,0,0,0,1,0,0,0,1,0,1,0
0,1,1,59,0,1,67.6,3971.63,0,1,1,0,0,0,0,0,0,1,0,1,0,1,0,0,0,1,1,0,1,0,0
1,1,0,30,1,0,75.6,2236.1,0,1,0,0,1,0,0,0,0,0,0,0,0,1,0,0,0,1,0,1,0,0,1
0,0,1,38,1,0,67.05,2569.16,0,0,0,1,0,0,0,0,0,1,0,0,0,0,0,1,0,1,0,0,0,0,1
0,0,0,32,1,1,21.47,698.7,1,0,0,0,0,1,1,0,1,0,1,0,1,0,1,0,1,0,0,0,0,1,0
0,0,0,35,1,1,49.68,1683.63,0,0,0,0,0,0,0,0,0,0,0,0,0,1,0,0,0,0,1,0,1,0,0
0,0,0,26,1,0,23.64,636.81,0,1,0,1,0,1,1,0,1,0,1,0,1,0,1,0,1,0,0,0,0,0,0
0,0,0,38,1,1,87.0,3313.32,1,0,0,1,1,0,0,1,0,0,0,1,0,1,0,0,0,0,1,0,0,1,0
0,1,0,21,0,1,90.99,1932.08,1,0,1,0,1,0,0,0,0,1,0,0,0,0,0,1,0,1,1,0,0,1,0
0,0,1,51,1,1,23.91,1238.78,0,1,0,1,0,1,1,0,1,0,1,0,1,0,1,0,1,0,1,0,1,0,0
0,1,1,29,1,0,90.39,2614.09,1,1,0,0,1,0,0,0,0,0,0,0,0,1,0,1,0,1,0,0,0,0,0
0,1,0,48,1,1,58.06,2785.61,0,0,0,0,0,0,0,0,0,0,0,0,0,1,0,1,0,0,0,1,0,0,1
0,0,1,15,1,1,64.62,966.22,0,1,0,1,0,0,0,0,0,0,0,0,0,1,0,0,0,1,1,0,0,0,1
0,1,1,20,1,1,73.71,1487.86,0,0,0,1,0,0,0,1,0,0,0,1,0,1,0,0,0,1,0,0,1,0,0
0,0,1,7,1,0,94.39,680.2,1,0,0,1,1,0,0,0,0,1,0,0,0,0,0,1,0,1,1,0,0,1,0
0,1,0,35,1,1,78.99,2739.86,0,1,0,0,1,0,0,0,0,0,0,0,0,0,0,0,0,1,0,0,0,1,0
0,1,0,34,1,1,21.12,708.64,0,1,0,0,0,1,1,0,1,0,1,0,1,0,1,0,1,0,0,1,0,1,0
0,1,0,17,1,0,45.94,784.93,1,0,0,1,0,0,0,0,0,0,0,0,0,0,0,0,0,0,0,0,0,0,1
0,0,0,27,1,1,71.46,1906.16,0,0,0,0,0,0,0,0,0,0,0,1,0,1,0,0,0,1,0,0,1,0,0
0,0,0,11,1,1,51.25,556.62,0,1,0,1,0,0,0,0,0,0,0,0,0,0,0,0,0,1,0,1,1,0,0
1,1,1,55,1,0,21.66,1184.86,0,0,0,0,0,1,1,0,1,0,1,0,1,0,1,0,1,0,0,0,0,0,1
0,1,0,53,1,0,21.96,1156.35,0,0,0,1,0,1,1,0,1,0,1,0,1,0,1,0,1,0,0,1,1,0,0
0,1,0,26,1,0,95.54,2493.33,1,0,0,0,1,0,0,1,0,0,0,0,0,1,0,1,0,1,0,0,0,0,1
0,1,0,23,1,1,89.57,2043.04,1,0,0,0,1,0,0,1,0,0,0,1,0,0,0,1,0,1,1,0,0,1,0
0,0,0,6,1,1,26.29,172.83,0,1,0,0,0,1,1,0,1,0,1,0,1,0,1,0,1,0,0,0,0,1,0
0,0,0,47,1,1,76.61,3581.93,0,1,0,0,1,0,0,1,0,0,0,0,0,0,0,0,0,0,0,0,0,0,1
0,1,1,13,1,1,20.41,284.85,0,0,0,1,0,1,1,0,1,0,1,0,1,0,1,0,1,0,0,1,0,0,1
0,1,0,50,1,0,20.12,999.04,0,1,0,1,0,1,1,0,1,0,1,0,1,0,1,0,1,0,0,0,0,1,0
0,0,0,7,1,1,88.44,638.52,0,0,0,0,1,0,0,1,0,0,0,0,0,0,0,1,0,1,0,1,0,1,0
0,1,1,11,1,0,74.02,839.62,0,0,0,0,1,0,0,0,0,0,0,0,0,1,0,0,0,1,0,1,0,0,1
0,1,1,9,1,0,62.71,529.85,0,1,0,0,0,0,0,0,0,1,0,0,0,1,0,0,0,1,1,0,0,1,0
0,0,0,13,1,1,63.01,824.29,1,0,0,0,0,0,0,1,0,0,0,0,0,1,0,1,0,0,0,0,0,1,0
0,1,0,72,1,1,18.69,1338.89,0,1,0,0,0,1,1,0,1,0,1,0,1,0,1,0,1,0,0,0,0,1,0
0,1,0,24,1,1,59.86,1448.34,1,0,0,0,0,0,0,1,0,0,0,0,0,0,0,0,0,1,1,0,0,1,0
0,1,1,43,1,1,51.64,2288.37,0,1,0,0,0,0,0,0,0,0,0,0,0,0,0,0,0,1,0,1,0,0,1
0,0,0,10,1,1,24.23,240.9,0,0,0,1,0,1,1,0,1,0,1,0,1,0,1,0,1,0,0,0,0,0,0
0,1,1,15,1,1,51.05,803.52,0,0,0,1,0,0,0,0,0,0,0,1,0,0,0,0,0,0,0,1,0,1,0
0,0,0,72,1,0,86.27,6197.68,0,1,0,1,1,0,0,1,0,0,0,1,0,1,0,0,0,0,0,0,0,0,0
0,1,1,25,1,1,72.9,1814.41,1,0,0,1,1,0,0,0,0,0,0,0,0,0,0,0,0,1,0,0,1,0,0
0,1,1,30,1,1,63.88,1896.56,0,0,0,0,0,0,0,0,0,0,0,1,0,0,0,0,0,1,0,0,0,1,0
1,0,0,37,1,0,66.84,2497.45,1,0,0,0,0,0,0,0,0,1,0,1,0,1,0,0,0,0,0,0,0,1,0
1,1,1,72,1,0,56.29,4033.35,0,0,0,0,0,0,0,0,0,0,0,1,0,0,0,0,0,0,0,0,1,0,0
0,1,0,1,1,0,50.2,0.0,0,0,0,0,0,0,0,1,0,0,0,0,0,0,0,0,0,0,0,1,1,0,0
0,1,1,57,1,1,61.4,3510.26,0,1,0,0,0,0,0,0,0,0,0,1,0,0,0,0,0,1,0,1,0,0,0
0,0,0,65,1,1,20.4,1347.23,0,0,0,0,0,1,1,0,1,0,1,0,1,0,1,0,1,0,0,1,0,1,0
0,1,1,40,1,1,18.25,746.53,0,1,0,1,0,1,1,0,1,0,1,0,1,0,1,0,1,0,0,0,0,0,1
0,0,0,21,0,1,57.8,1183.61,1,0,1,0,0,0,0,1,0,0,0,0,0,0,0,1,0,0,0,0,0,1,0
0,1,1,33,1,0,94.53,3079.66,1,0,0,0,1,0,0,1,0,1,0,1,0,0,0,1,0,0,0,0,0,0,1
0,1,0,10,1,0,92.26,914.92,1,1,0,1,1,0,0,1,0,0,0,1,0,0,0,1,0,0,1,0,0,1,0
0,1,1,3,1,1,109.61,316.62,1,1,0,1,1,0,0,1,0,1,0,1,0,0,0,1,0,1,0,0,1,0,0
0,1,0,30,1,0,18.47,515.65,0,0,0,0,0,1,1,0,1,0,1,0,1,0,1,0,1,0,1,0,0,0,1
0,0,0,0,1,1,63.64,0.0,0,1,0,0,0,0,0,1,0,0,0,0,0,0,0,1,0,0,0,0,1,0,0
0,1,1,17,1,0,22.81,402.59,0,0,0,1,0,1,1,0,1,0,1,0,1,0,1,0,1,0,1,0,0,1,0
1,0,1,11,1,0,61.91,662.13,0,1,0,0,0,0,0,0,0,0,0,1,0,0,0,0,0,1,0,0,0,0,1
0,1,1,21,1,0,88.05,1855.24,0,0,0,0,1,0,0,1,0,0,0,1,0,0,0,1,0,1,0,1,0,0,0
0,0,1,22,1,0,21.09,482.84,0,1,0,0,0,1,1,0,1,0,1,0,1,0,1,0,1,0,0,0,1,0,0
0,1,0,8,1,0,93.57,709.75,1,1,0,0,1,0,0,0,0,1,0,1,0,1,0,1,0,0,0,0,0,1,0
0,0,0,38,1,1,67.45,2555.05,1,0,0,1,1,0,0,0,0,0,0,0,0,0,0,1,0,0,0,0,0,1,0
0,1,0,62,1,1,61.66,3816.44,1,0,0,0,0,0,0,1,0,0,0,1,0,0,0,0,0,0,0,0,0,0,0
0,0,0,10,0,1,75.39,683.63,1,1,1,0,1,0,0,0,0,0,0,0,0,1,0,1,0,0,1,0,0,0,1
1,0,1,9,1,0,69.35,647.04,0,1,0,0,0,0,0,1,0,0,0,0,0,0,0,1,0,1,0,0,0,0,0
0,0,1,25,1,1,73.24,1849.7,0,0,0,0,1,0,0,0,0,1,0,0,0,0,0,0,0,0,0,0,0,1,0
0,1,1,4,1,0,84.67,333.18,1,0,0,0,0,0,0,1,0,0,0,1,0,1,0,1,0,0,1,0,0,0,0
0,0,1,26,1,1,78.75,2045.0,0,1,0,0,1,0,0,0,0,1,0,0,0,1,0,0,0,0,1,0,0,1,0
1,1,0,57,1,1,96.77,5496.91,0,0,0,0,1,0,0,1,0,0,0,1,0,0,0,1,0,1,1,0,0,0,1
0,1,1,9,1,0,74.46,668.21,1,0,0,1,0,0,0,1,0,1,0,0,0,1,0,1,0,1,0,0,0,0,0
1,0,1,72,1,1,81.51,5866.69,1,0,0,0,1,0,0,0,0,0,0,0,0,0,0,1,0,1,0,0,0,1,0
0,0,1,19,1,1,60.44,1142.36,1,0,0,1,0,0,0,0,0,1,0,1,0,0,0,0,0,0,0,0,0,0,1
0,1,0,21,1,1,86.46,1827.66,1,0,0,1,1,0,0,0,0,1,0,0,0,0,0,0,0,1,0,0,0,1,0
0,0,1,16,1,1,20.28,361.69,0,1,0,1,0,1,1,0,1,0,1,0,1,0,1,0,1,0,0,0,0,0,1
0,0,0,46,1,0,74.75,3474.63,0,0,0,0,1,0,0,1,0,0,0,0,0,0,0,0,0,1,0,0,0,0,0
0,1,0,28,1,1,82.24,2295.23,0,0,0,1,1,0,0,0,0,0,0,1,0,1,0,1,0,0,0,1,0,0,1
1,1,0,20,1,1,24.76,501.71,1,0,0,0,0,1,1,0,1,0,1,0,1,0,1,0,1,0,0,0,0,0,0
0,0,0,13,1,1,95.53,1244.97,0,1,0,1,1,0,0,0,0,0,0,1,0,1,0,1,0,1,0,1,0,0,1
0,1,0,32,1,1,20.75,663.28,0,1,0,1,0,1,1,0,1,0,1,0,1,0,1,0,1,0,1,0,0,1,0
1,1,0,65,1,1,60.98,3944.39,1,0,0,1,0,0,0,0,0,0,0,0,0,1,0,0,0,1,0,0,0,0,0
1,1,0,21,1,1,94.34,1992.18,1,1,0,1,1,0,0,1,0,1,0,1,0,0,0,0,0,0,1,0,0,0,1
1,0,0,28,1,1,80.82,2272.66,1,0,0,1,1,0,0,0,0,0,0,0,0,0,0,1,0,1,1,0,0,1,0
1,1,0,6,1,0,71.5,420.26,1,1,0,0,1,0,0,0,0,0,0,0,0,1,0,0,0,0,1,0,0,0,1
0,1,1,28,1,1,58.62,1695.06,0,0,0,1,0,0,0,0,0,0,0,0,0,1,0,0,0,0,0,0,0,0,1
1,1,0,72,0,0,67.27,4862.87,1,0,1,0,0,0,0,1,0,0,0,0,0,1,0,1,0,0,0,0,0,1,0
0,1,0,8,1,1,100.2,838.24,1,1,0,1,1,0,0,1,0,0,0,1,0,0,0,1,0,1,0,1,0,0,0
0,0,0,34,1,0,19.7,654.18,0,1,0,1,0,1,1,0,1,0,1,0,1,0,1,0,1,0,1,0,0,1,0
0,0,0,17,0,0,65.96,1123.38,1,0,1,0,1,0,0,0,0,1,0,0,0,0,0,0,0,0,1,0,0,1,0
0,0,0,5,1,0,18.25,49.04,0,0,0,0,0,1,1,0,1,0,1,0,1,0,1,0,1,0,0,1,1,0,0
0,0,0,18,1,1,72.2,1278.03,1,1,0,1,1,0,0,0,0,0,0,1,0,0,0,0,0,0,1,0,1,0,0
1,1,0,72,1,1,18.25,1345.35,0,0,0,1,0,1,1,0,1,0,1,0,1,0,1,0,1,0,1,0,1,0,0
0,0,0,34,1,1,66.59,2288.13,0,0,0,0,0,0,0,0,0,0,0,0,0,1,0,1,0,1,0,1,0,0,1
0,0,0,31,0,1,18.25,524.66,0,1,1,0,0,1,1,0,1,0,1,0,1,0,1,0,1,0,0,0,0,0,1
0,0,1,9,1,1,22.55,187.17,1,1,0,1,0,1,1,0,1,0,1,0,1,0,1,0,1,0,0,0,0,1,0
0,0,1,54,1,1,18.25,977.46,1,1,0,0,0,1,1,0,1,0,1,0,1,0,1,0,1,0,0,0,0,0,0
0,1,0,68,1,0,18.25,1233.81,1,1,0,0,0,1,1,0,1,0,1,0,1,0,1,0,1,0,0,0,0,1,0
0,0,1,67,1,0,18.86,1248.68,0,1,0,0,0,1,1,0,1,0,1,0,1,0,1,0,1,0,0,1,0,0,1
0,1,1,51,1,0,58.39,2961.81,1,1,0,0,0,0,0,0,0,1,0,0,0,0,0,0,0,1,1,0,1,0,0
0,0,0,12,1,0,21.84,273.63,0,0,0,0,0,1,1,0,1,0,1,0,1,0,1,0,1,0,1,0,0,1,0
0,1,0,9,1,0,68.89,617.81,1,1,0,0,0,0,0,1,0,1,0,1,0,0,0,0,0,1,0,0,0,1,0
0,0,1,3,0,0,18.25,9.56,1,0,1,0,0,1,1,0,1,0,1,0,1,0,1,0,1,0,0,0,0,0,1
0,0,1,10,1,0,87.49,895.21,1,1,0,0,1,0,0,0,0,1,0,1,0,0,0,0,0,0,1,0,0,0,1
0,0,0,33,1,0,61.2,2015.01,0,1,0,0,0,0,0,1,0,0,0,1,0,0,0,0,0,0,0,0,0,0,1
0,1,0,10,1,1,63.04,652.84,1,0,0,1,0,0,0,0,0,0,0,0,0,1,0,1,0,0,0,0,0,1,0
0,0,0,55,1,1,68.1,3752.9,1,0,0,0,0,0,0,0,0,1,0,0,0,1,0,1,0,0,0,0,0,1,0
0,0,1,61,1,0,81.82,5024.87,0,1,0,1,1,0,0,0,0,0,0,0,0,0,0,1,0,1,0,1,0,0,1
0,0,0,59,0,0,76.69,4490.68,1,1,1,0,1,0,0,1,0,0,0,0,0,0,0,1,0,0,1,0,0,1,0
0,0,0,4,1,1,92.87,366.92,0,1,0,0,1,0,0,1,0,0,0,0,0,0,0,1,0,1,1,0,0,0,1
0,0,0,31,1,0,100.33,3127.36,1,0,0,0,1,0,0,0,0,0,0,1,0,1,0,1,0,1,0,0,0,0,0
0,0,0,28,1,1,77.48,2172.41,1,1,0,1,0,0,0,0,0,0,0,0,0,1,0,1,0,1,0,0,0,1,0
0,1,0,58,1,0,86.93,5026.98,1,1,0,1,1,0,0,0,0,0,0,1,0,1,0,0,0,0,0,0,1,0,0
0,1,0,6,1,1,66.48,388.36,0,1,0,1,1,0,0,0,0,0,0,0,0,1,0,0,0,0,0,1,0,1,0
1,0,0,28,1,1,86.68,2394.29,1,1,0,0,1,0,0,0,0,1,0,0,0,0,0,0,0,1,0,0,0,0,0
0,0,0,5,1,0,59.22,329.57,0,0,0,1,0,0,0,0,0,0,0,0,0,1,0,1,0,0,0,0,0,1,0
0,1,0,52,1,1,108.29,5617.19,0,0,0,1,1,0,0,0,0,1,0,1,0,1,0,1,0,1,1,0,0,1,0
1,1,0,1,1,1,22.44,32.06,0,1,0,0,0,1,1,0,1,0,1,0,1,0,1,0,1,0,1,0,0,1,0
0,1,0,72,1,1,21.12,1531.49,0,1,0,0,0,1,1,0,1,0,1,0,1,0,1,0,1,0,0,1,1,0,0
0,0,0,39,1,0,62.23,2452.02,0,1,0,0,0,0,0,0,0,1,0,0,0,1,0,0,0,0,0,1,0,0,1
1,0,0,25,1,1,19.8,541.75,0,1,0,0,0,1,1,0,1,0,1,0,1,0,1,0,1,0,0,1,1,0,0
0,0,0,15,0,1,69.01,1019.2,0,0,1,0,0,0,0,0,0,0,0,1,0,1,0,0,0,1,1,0,0,0,0
0,1,0,60,1,0,57.29,3473.11,0,0,0,1,0,0,0,0,0,1,0,1,0,0,0,0,0,0,0,0,1,0,0
0,1,0,6,1,1,58.76,380.94,1,0,0,0,0,0,0,0,0,1,0,0,0,0,0,0,0,1,0,0,0,1,0
0,0,1,1,0,0,83.01,45.26,1,0,1,0,1,0,0,0,0,0,0,1,0,0,0,1,0,0,0,0,0,1,0
0,1,1,37,1,0,18.44,667.27,0,0,0,1,0,1,1,0,1,0,1,0,1,0,1,0,1,0,0,0,0,1,0
0,1,0,24,1,1,18.59,477.94,0,0,0,0,0,1,1,0,1,0,1,0,1,0,1,0,1,0,0,1,0,0,1
1,1,1,33,1,0,102.61,3380.99,1,1,0,1,1,0,0,0,0,1,0,1,0,0,0,1,0,1,0,0,0,1,0
0,0,0,29,1,1,87.09,2522.27,0,1,0,1,1,0,0,0,0,0,0,0,0,1,0,1,0,1,0,0,0,0,1
0,0,1,41,1,0,73.01,3030.89,0,1,0,1,0,0,0,0,0,0,0,1,0,1,0,1,0,0,0,1,0,0,0
0,1,0,25,1,0,20.97,532.4,0,0,0,0,0,1,1,0,1,0,1,0,1,0,1,0,1,0,0,0,0,1,0
0,1,0,18,1,0,72.92,1352.8,1,1,0,1,0,0,0,0,0,1,0,0,0,0,0,1,0,1,0,0,1,0,0
0,0,0,26,0,1,73.64,1940.95,1,0,1,0,0,0,0,1,0,1,0,0,0,0,0,1,0,1,0,0,0,0,1
0,1,0,46,1,0,20.72,982.96,0,0,0,1,0,1,1,0,1,0,1,0,1,0,1,0,1,0,0,0,0,0,1
0,1,0,48,1,1,64.56,3114.22,0,0,0,1,0,0,0,0,0,0,0,1,0,1,0,0,0,1,0,0,0,0,1
1,1,1,34,1,1,73.16,2511.35,1,1,0,0,0,0,0,1,0,1,0,1,0,0,0,1,0,1,0,0,1,0,0
0,1,0,2,1,1,20.21,40.35,0,1,0,0,0,1,1,0,1,0,1,0,1,0,1,0,1,0,0,1,0,0,0
0,0,1,31,0,0,55.91,1767.29,1,1,1,0,0,0,0,1,0,0,0,1,0,0,0,0,0,0,0,0,0,1,0
0,0,0,5,1,1,67.19,318.36,0,0,0,1,0,0,0,0,0,1,0,1,0,0,0,1,0,0,1,0,0,0,0
0,1,0,50,1,1,84.35,4211.47,1,0,0,0,1,0,0,0,0,1,0,1,0,0,0,0,0,1,0,0,0,1,0
0,0,0,45,1,1,76.22,3412.41,1,0,0,0,0,0,0,0,0,0,0,1,0,1,0,1,0,1,0,0,1,0,0
0,1,0,11,1,1,27.21,319.19,0,1,0,0,0,1,1,0,1,0,1,0,1,0,1,0,1,0,0,0,1,0,0
0,0,0,40,1,1,91.72,3656.51,0,1,0,0,1,0,0,0,0,1,0,0,0,0,0,1,0,1,0,0,0,1,0
1,1,1,27,0,1,94.28,2534.47,1,1,1,0,1,0,0,0,0,1,0,1,0,1,0,0,0,1,0,0,1,0,0
0,1,0,13,1,0,57.44,712.74,0,0,0,0,0,0,0,0,0,0,0,1,0,0,0,0,0,1,0,0,0,0,0
1,0,1,40,1,1,71.74,2873.56,1,0,0,1,0,0,0,0,0,0,0,0,0,1,0,1,0,1,0,0,0,1,0
1,0,0,72,1,1,20.85,1524.8,0,1,0,0,0,1,1,0,1,0,1,0,1,0,1,0,1,0,0,0,0,1,0
0,0,0,18,1,1,60.43,1038.95,0,0,0,0,0,0,0,1,0,0,0,1,0,0,0,0,0,0,0,1,0,0,1
0,0,0,34,1,0,56.53,1931.37,0,1,0,1,0,0,0,1,0,0,0,0,0,0,0,0,0,1,0,0,0,0,0
1,0,0,11,1,1,67.02,715.31,1,0,0,1,0,0,0,1,0,0,0,0,0,1,0,0,0,1,0,0,1,0,0
1,0,1,15,1,1,77.91,1160.15,1,1,0,1,1,0,0,0,0,0,0,0,0,1,0,0,0,1,0,0,1,0,0
1,1,1,26,1,1,18.55,492.36,0,1,0,1,0,1,1,0,1,0,1,0,1,0,1,0,1,0,0,1,0,1,0
0,1,0,13,1,0,61.97,828.1,0,0,0,0,0,0,0,0,0,0,0,1,0,1,0,0,0,0,0,0,0,1,0
0,0,1,12,1,0,70.98,859.82,0,1,0,0,0,0,0,0,0,1,0,1,0,0,0,1,0,0,0,1,1,0,0
1,0,0,9,1,1,20.33,186.53,0,1,0,1,0,1,1,0,1,0,1,0,1,0,1,0,1,0,1,0,0,0,0
1,0,0,61,1,0,68.93,4196.86,0,1,0,1,0,0,0,0,0,0,0,1,0,1,0,0,0,1,0,0,0,1,0
0,1,0,47,1,0,71.63,3388.73,1,1,0,0,1,0,0,0,0,0,0,0,0,0,0,0,0,0,1,0,1,0,0
1,1,0,26,1,0,71.61,1894.34,1,0,0,1,1,0,0,0,0,0,0,1,0,0,0,0,0,0,1,0,1,0,0
0,1,0,49,1,0,77.48,3822.49,0,0,0,0,1,0,0,1,0,0,0,0,0,1,0,0,0,0,1,0,0,0,1
1,0,0,52,1,0,54.75,2854.29,0,0,0,1,0,0,0,0,0,0,0,0,0,0,0,0,0,1,0,0,0,1,0
0,1,0,22,1,0,22.57,479.79,0,1,0,0,0,1,1,0,1,0,1,0,1,0,1,0,1,0,0,1,0,1,0
1,0,0,10,0,1,45.53,462.61,0,0,1,0,0,0,0,0,0,0,0,0,0,0,0,1,0,0,0,1,1,0,0
0,1,0,34,1,1,87.66,3005.72,1,1,0,1,1,0,0,1,0,1,0,1,0,0,0,0,0,0,0,0,0,1,0
0,1,1,62,1,0,102.39,6346.97,1,1,0,1,1,0,0,1,0,1,0,0,0,1,0,0,0,1,0,0,1,0,0
0,0,0,44,0,0,18.66,809.22,0,1,1,0,0,1,1,0,1,0,1,0,1,0,1,0,1,0,0,0,0,1,0
0,1,0,70,1,1,78.87,5548.89,1,0,0,1,1,0,0,0,0,0,0,1,0,0,0,1,0,0,0,1,0,1,0
0,0,0,51,1,0,86.19,4380.9,1,0,0,1,1,0,0,0,0,1,0,0,0,0,0,0,0,1,0,0,1,0,0
1,1,0,72,1,1,64.92,4736.6,0,0,0,0,0,0,0,1,0,1,0,1,0,0,0,0,0,0,0,0,0,0,0
0,0,0,36,1,1,99.12,3558.84,1,0,0,0,1,0,0,1,0,1,0,0,0,1,0,0,0,1,0,0,0,1,0
1,0,1,20,1,1,72.01,1441.27,1,1,0,1,1,0,0,0,0,0,0,0,0,0,0,0,0,1,1,0,1,0,0
0,0,1,46,1,0,80.1,3684.29,0,0,0,0,1,0,0,1,0,0,0,1,0,0,0,0,0,0,0,1,1,0,0
0,1,0,63,1,0,63.3,3938.84,0,0,0,1,1,0,0,0,0,0,0,0,0,0,0,0,0,0,0,1,0,1,0
0,1,0,31,1,1,20.5,648.73,0,1,0,1,0,1,1,0,1,0,1,0,1,0,1,0,1,0,1,0,0,1,0
0,0,0,52,1,0,57.39,2985.7,0,1,0,1,0,0,0,0,0,0,0,0,0,1,0,1,0,0,1,0,1,0,0
0,0,0,19,1,0,23.29,418.59,0,1,0,1,0,1,1,0,1,0,1,0,1,0,1,0,1,0,1,0,0,0,1
0,0,0,51,1,0,73.04,3721.5,0,0,0,1,1,0,0,1,0,0,0,0,0,0,0,0,0,0,0,1,0,1,0
1,0,0,72,1,1,54.86,3956.98,1,1,0,1,0,0,0,0,0,1,0,0,0,0,0,0,0,0,0,0,0,1,0
0,0,0,19,1,0,65.96,1236.85,1,0,0,1,1,0,0,0,0,0,0,0,0,0,0,0,0,0,0,0,0,1,0
1,0,1,33,1,0,90.79,3012.76,1,1,0,0,1,0,0,1,0,1,0,0,0,0,0,0,0,1,0,0,0,1,0
0,0,0,42,1,1,97.39,4094.06,1,0,0,0,1,0,0,0,0,1,0,1,0,0,0,1,0,1,1,0,0,0,0
0,0,0,25,1,1,84.63,2151.13,0,1,0,0,1,0,0,1,0,1,0,0,0,0,0,0,0,0,0,1,0,0,1
0,0,1,20,1,1,78.16,1576.13,1,1,0,1,1,0,0,0,0,0,0,0,0,1,0,1,0,1,1,0,0,1,0
0,0,0,28,1,0,72.63,2028.94,1,1,0,0,1,0,0,0,0,0,0,1,0,0,0,0,0,0,1,0,0,1,0
0,0,1,58,1,1,76.23,4370.55,1,1,0,1,1,0,0,0,0,1,0,0,0,0,0,0,0,1,0,0,0,1,0
0,1,0,6,1,1,65.28,386.72,0,0,0,1,0,0,0,1,0,0,0,0,0,1,0,0,0,1,0,1,0,0,0
0,1,0,12,1,0,18.26,213.18,0,1,0,1,0,1,1,0,1,0,1,0,1,0,1,0,1,0,0,0,0,1,0
0,0,1,24,1,0,59.27,1478.65,0,0,0,1,0,0,0,0,0,0,0,0,0,0,0,0,0,1,0,0,0,1,0
0,0,0,53,1,1,85.44,4503.11,1,1,0,1,1,0,0,0,0,0,0,1,0,1,0,1,0,1,0,0,0,0,0
0,1,0,28,0,0,85.94,2433.0,1,1,1,0,1,0,0,0,0,1,0,0,0,1,0,0,0,1,0,0,0,1,0
0,0,1,16,1,0,19.39,319.22,0,0,0,0,0,1,1,0,1,0,1,0,1,0,1,0,1,0,0,0,0,0,1
1,0,0,72,0,1,73.22,5249.59,0,1,1,0,1,0,0,1,0,0,0,0,0,0,0,0,0,0,0,0,1,0,0
0,0,0,32,1,0,63.13,2025.65,0,0,0,0,0,0,0,1,0,1,0,0,0,0,0,0,0,1,0,1,0,0,0
0,0,0,20,1,0,67.24,1349.4,0,0,0,1,0,0,0,1,0,0,0,0,0,0,0,1,0,1,0,0,0,0,0
0,1,0,42,1,0,100.52,4226.81,0,0,0,1,1,0,0,1,0,1,0,1,0,1,0,1,0,0,0,0,0,1,0
0,1,1,40,1,0,75.61,3050.24,1,1,0,1,1,0,0,0,0,0,0,1,0,0,0,0,0,0,0,0,0,1,0
0,1,0,33,1,1,100.07,3316.55,0,1,0,1,1,0,0,1,0,1,0,1,0,1,0,0,0,0,1,0,0,0,1
1,0,0,15,1,0,19.64,319.04,0,0,0,1,0,1,1,0,1,0,1,0,1,0,1,0,1,0,1,0,1,0,0
0,1,1,53,1,0,83.84,4499.11,1,1,0,1,1,0,0,0,0,0,0,0,0,0,0,1,0,1,0,0,1,0,0
0,0,0,72,1,1,98.91,7151.85,0,1,0,1,1,0,0,1,0,0,0,1,0,1,0,1,0,1,1,0,0,1,0
0,0,0,37,1,0,53.61,1940.39,0,1,0,0,0,0,0,1,0,0,0,0,0,0,0,0,0,1,0,0,0,1,0
0,0,0,7,1,1,18.25,106.51,0,0,0,0,0,1,1,0,1,0,1,0,1,0,1,0,1,0,0,1,0,1,0
0,0,0,72,1,0,49.13,3554.8,0,0,0,0,0,0,0,0,0,0,0,1,0,0,0,0,0,0,0,1,1,0,0
0,0,0,41,1,0,20.57,859.59,0,0,0,1,0,1,1,0,1,0,1,0,1,0,1,0,1,0,0,0,0,1,0
1,0,0,11,1,1,75.56,829.42,1,0,0,1,0,0,0,0,0,0,0,1,0,1,0,1,0,0,0,0,0,1,0
0,1,0,51,1,1,86.0,4371.63,0,1,0,0,1,0,0,1,0,0,0,0,0,0,0,1,0,0,0,1,0,0,1
0,1,1,62,1,1,85.15,5307.05,1,0,0,0,1,0,0,0,0,1,0,1,0,1,0,0,0,0,0,0,1,0,0
0,0,0,29,1,0,98.2,2879.36,1,1,0,1,1,0,0,1,0,0,0,1,0,1,0,1,0,1,0,0,0,1,0
0,1,1,5,1,1,20.65,103.6,0,0,0,0,0,1,1,0,1,0,1,0,1,0,1,0,1,0,0,0,0,1,0
0,0,1,34,0,1,75.88,2608.34,1,1,1,0,1,0,0,0,0,0,0,1,0,0,0,0,0,0,0,0,1,0,0
0,1,1,11,1,1,65.54,809.89,0,0,0,1,0,0,0,1,0,1,0,0,0,0,0,0,0,1,0,0,0,0,0
1,0,0,42,0,1,89.28,3731.64,1,1,1,0,1,0,0,0,0,1,0,1,0,0,0,1,0,0,1,0,0,1,0
0,1,0,16,1,1,65.05,1033.11,1,1,0,1,0,0,0,0,0,1,0,0,0,0,0,1,0,1,0,0,0,0,1
1,0,0,39,1,1,50.32,1917.81,0,1,0,0,0,0,0,0,0,0,0,0,0,0,0,0,0,1,1,0,0,1,0
0,1,0,20,1,1,72.72,1403.25,0,1,0,1,0,0,0,0,0,1,0,1,0,1,0,1,0,0,0,1,1,0,0
0,0,0,35,0,0,88.58,3108.66,0,1,1,0,1,0,0,1,0,1,0,0,0,0,0,0,0,1,0,1,0,0,0
1,1,1,52,1,1,20.37,1101.7,0,0,0,1,0,1,1,0,1,0,1,0,1,0,1,0,1,0,1,0,0,0,1
0,0,1,53,1,0,57.08,3031.34,0,1,0,0,0,0,0,1,0,0,0,0,0,1,0,0,0,0,0,0,1,0,0
0,1,1,14,1,0,19.59,308.62,1,0,0,1,0,1,1,0,1,0,1,0,1,0,1,0,1,0,0,0,0,1,0
0,0,0,22,1,0,18.25,485.42,0,1,0,1,0,1,1,0,1,0,1,0,1,0,1,0,1,0,0,0,0,0,0
0,0,1,23,1,0,86.11,1983.63,0,0,0,0,1,0,0,0,0,0,0,0,0,1,0,1,0,1,0,1,0,1,0
1,0,0,34,1,1,88.91,2998.72,1,1,0,1,1,0,0,0,0,1,0,1,0,0,0,0,0,1,0,0,0,1,0
0,0,0,65,1,0,23.2,1544.46,0,0,0,0,0,1,1,0,1,0,1,0,1,0,1,0,1,0,0,0,0,1,0
1,0,0,25,1,0,75.85,1915.7,1,0,0,0,1,0,0,0,0,1,0,0,0,0,0,1,0,0,0,0,1,0,0
0,0,0,39,1,1,18.97,782.47,0,1,0,0,0,1,1,0,1,0,1,0,1,0,1,0,1,0,0,0,0,1,0
0,1,0,24,1,0,89.24,2140.05,1,0,0,0,1,0,0,1,0,0,0,1,0,0,0,1,0,0,0,0,0,0,0
0,0,1,16,1,0,77.59,1249.06,0,1,0,1,0,0,0,1,0,1,0,1,0,0,0,1,0,0,0,1,0,0,0
0,1,0,7,1,1,67.87,427.76,1,1,0,0,1,0,0,1,0,0,0,0,0,0,0,0,0,0,0,0,0,0,0
1,0,1,19,1,1,54.67,1021.55,0,0,0,0,0,0,0,0,0,0,0,0,0,0,0,0,0,1,1,0,0,0,1
0,1,0,9,0,1,66.69,610.91,0,0,1,0,0,0,0,1,0,1,0,0,0,1,0,1,0,0,0,1,0,0,1
0,1,1,10,1,1,56.26,561.19,0,1,0,1,0,0,0,0,0,1,0,0,0,1,0,0,0,0,0,1,0,0,1
0,0,0,36,1,1,97.97,3519.03,1,1,0,0,1,0,0,0,0,1,0,1,0,0,0,1,0,0,0,0,0,1,0
0,1,0,39,1,0,53.73,2071.26,1,0,0,0,0,0,0,0,0,0,0,1,0,0,0,0,0,0,1,0,0,1,0
1,1,0,54,1,1,53.05,2847.27,0,0,0,0,0,0,0,0,0,0,0,0,0,0,0,1,0,0,1,0,0,0,1
0,1,0,4,1,1,51.0,175.55,0,0,0,0,0,0,0,0,0,1,0,0,0,0,0,0,0,0,0,0,0,0,1
0,0,1,48,1,1,67.01,3228.57,1,0,0,1,1,0,0,0,0,0,0,0,0,0,0,1,0,0,0,1,0,1,0
0,1,0,1,1,1,65.15,55.29,1,0,0,1,0,0,0,0,0,0,0,1,0,1,0,0,0,1,0,0,0,0,1
0,1,0,16,1,0,102.5,1639.29,0,1,0,1,1,0,0,0,0,1,0,1,0,0,0,1,0,1,0,0,0,1,0
1,0,1,24,1,1,18.83,434.97,0,0,0,0,0,1,1,0,1,0,1,0,1,0,1,0,1,0,0,0,0,1,0
0,0,1,16,1,1,86.36,1384.95,1,1,0,0,1,0,0,0,0,1,0,1,0,0,0,0,0,1,1,0,0,1,0
0,1,1,27,1,0,60.04,1652.87,1,0,0,0,0,0,0,0,0,0,0,0,0,1,0,1,0,0,0,0,0,0,1
0,0,1,32,1,1,71.05,2277.08,0,1,0,0,1,0,0,0,0,0,0,1,0,0,0,0,0,0,0,1,0,0,0
0,1,0,0,1,0,55.61,0.0,1,0,0,0,0,0,0,0,0,0,0,0,0,0,0,0,0,1,0,1,0,1,0
1,0,1,40,1,1,22.45,880.5,0,0,0,1,0,1,1,0,1,0,1,0,1,0,1,0,1,0,1,0,0,1,0
0,1,0,18,1,0,66.18,1226.04,0,0,0,1,0,0,0,1,0,0,0,1,0,0,0,0,0,1,1,0,0,1,0
0,1,1,47,1,0,68.69,3218.38,0,0,0,0,0,0,0,0,0,1,0,1,0,0,0,0,0,1,0,0,0,1,0
0,1,0,48,1,0,60.67,2924.47,0,1,0,1,0,0,0,1,0,0,0,0,0,1,0,1,0,0,1,0,1,0,0
1,0,1,30,1,1,19.0,558.91,0,0,0,0,0,1,1,0,1,0,1,0,1,0,1,0,1,0,0,0,1,0,0
1,1,0,53,1,1,67.29,3507.93,1,1,0,0,0,0,0,1,0,0,0,0,0,0,0,1,0,1,1,0,1,0,0
0,0,0,13,0,0,54.98,693.31,0,1,1,0,0,0,0,0,0,0,0,0,0,1,0,1,0,0,0,0,0,0,1
0,0,0,16,1,1,63.57,991.78,1,1,0,1,0,0,0,0,0,0,0,0,0,1,0,1,0,1,1,0,0,0,0
0,0,0,4,1,1,23.1,154.97,0,1,0,0,0,1,1,0,1,0,1,0,1,0,1,0,1,0,1,0,0,0,1
0,0,0,41,1,0,82.66,3373.16,0,1,0,1,1,0,0,0,0,1,0,1,0,1,0,0,0,0,0,1,0,0,0
0,1,0,28,1,0,18.83,570.97,0,0,0,0,0,1,1,0,1,0,1,0,1,0,1,0,1,0,0,0,1,0,0
0,1,0,24,0,0,18.25,468.65,0,0,1,0,0,1,1,0,1,0,1,0,1,0,1,0,1,0,0,1,0,1,0
1,1,0,23,1,0,78.79,1816.52,0,0,0,0,1,0,0,0,0,0,0,1,0,0,0,0,0,0,1,0,0,1,0
0,0,1,20,1,1,51.48,1023.56,1,1,0,0,0,0,0,0,0,1,0,0,0,0,0,0,0,0,0,0,0,0,1
0,1,1,10,1,0,18.96,198.12,0,1,0,1,0,1,1,0,1,0,1,0,1,0,1,0,1,0,0,0,0,1,0
0,0,1,8,1,1,103.17,784.24,0,1,0,0,1,0,0,0,0,1,0,1,0,1,0,1,0,1,0,1,1,0,0
0,0,0,72,0,1,88.57,6390.99,0,0,1,0,1,0,0,0,0,0,0,1,0,1,0,1,0,0,0,0,0,0,0
0,0,1,38,1,1,70.78,2709.07,0,0,0,1,1,0,0,0,0,1,0,0,0,0,0,0,0,0,0,1,0,0,1
0,0,1,24,1,0,65.7,1633.83,0,1,0,0,1,0,0,0,0,0,0,0,0,0,0,0,0,1,1,0,0,0,0
1,1,0,21,1,0,22.15,482.59,0,0,0,1,0,1,1,0,1,0,1,0,1,0,1,0,1,0,0,0,0,1,0
0,1,0,35,1,0,23.57,804.21,0,1,0,0,0,1,1,0,1,0,1,0,1,0,1,0,1,0,0,0,0,0,0
1,0,0,60,1,1,85.94,5147.75,0,1,0,1,1,0,0,1,0,0,0,1,0,1,0,0,0,0,0,0,0,0,1
0,1,0,30,1,1,63.77,1924.07,1,1,0,1,0,0,0,1,0,0,0,0,0,1,0,1,0,0,1,0,1,0,0
0,0,1,72,1,1,18.93,1343.31,0,1,0,0,0,1,1,0,1,0,1,0,1,0,1,0,1,0,0,1,0,1,0
0,0,0,42,1,1,72.05,2998.77,0,0,0,0,0,0,0,1,0,1,0,1,0,0,0,1,0,0,0,0,0,0,0
1,1,1,18,1,1,92.41,1623.87,0,0,0,0,1,0,0,1,0,0,0,0,0,1,0,1,0,1,1,0,0,0,0
0,1,1,8,1,1,61.68,516.18,1,1,0,0,0,0,0,1,0,0,0,1,0,0,0,0,0,0,1,0,0,1,0
0,1,0,58,1,1,80.89,4685.11,1,0,0,0,1,0,0,0,0,1,0,0,0,0,0,1,0,1,0,1,0,1,0
0,1,1,11,1,0,74.48,804.09,1,0,0,0,1,0,0,0,0,0,0,0,0,0,0,1,0,1,0,0,0,0,1
0,0,0,47,1,1,83.19,3896.73,1,0,0,1,1,0,0,0,0,1,0,1,0,0,0,1,0,0,0,0,0,1,0
0,0,0,36,1,1,22.29,850.56,0,0,0,0,0,1,1,0,1,0,1,0,1,0,1,0,1,0,0,0,0,1,0
0,1,1,6,0,1,20.81,129.78,0,1,1,0,0,1,1,0,1,0,1,0,1,0,1,0,1,0,0,0,0,1,0
0,0,1,34,1,0,100.97,3438.58,0,0,0,0,1,0,0,1,0,1,0,1,0,0,0,1,0,1,1,0,0,1,0
0,1,1,39,1,1,61.3,2456.42,1,1,0,0,0,0,0,1,0,0,0,0,0,0,0,0,0,1,0,1,0,1,0
0,0,1,21,1,1,82.39,1726.04,1,0,0,1,1,0,0,0,0,1,0,0,0,0,0,1,0,0,0,0,0,1,0
0,0,0,19,0,1,82.98,1605.12,1,1,1,0,1,0,0,0,0,0,0,1,0,0,0,1,0,1,1,0,1,0,0
0,1,0,22,1,1,65.64,1461.34,0,0,0,0,1,0,0,0,0,0,0,0,0,0,0,0,0,0,1,0,0,1,0
0,0,1,57,1,0,19.1,1082.94,0,1,0,1,0,1,1,0,1,0,1,0,1,0,1,0,1,0,0,0,1,0,0
1,0,1,19,1,1,67.49,1283.34,0,1,0,0,1,0,0,0,0,0,0,0,0,0,0,0,0,0,0,0,0,0,0
0,1,0,4,1,1,52.31,217.72,0,0,0,0,0,0,0,1,0,0,0,1,0,0,0,0,0,0,0,0,1,0,0
0,1,0,28,1,1,69.49,1912.96,0,0,0,0,1,0,0,0,0,0,0,0,0,0,0,1,0,0,0,0,1,0,0
1,0,0,3,1,1,65.99,204.4,0,1,0,1,0,0,0,1,0,1,0,0,0,0,0,1,0,0,0,1,1,0,0
0,1,1,34,1,0,71.44,2460.53,0,0,0,1,0,0,0,1,0,0,0,1,0,1,0,0,0,1,0,1,0,0,0
0,1,0,10,1,1,97.36,960.15,0,0,0,1,1,0,0,0,0,1,0,1,0,0,0,0,0,1,1,0,0,0,0
0,1,1,23,1,1,58.33,1347.43,0,1,0,1,0,0,0,0,0,0,0,0,0,0,0,1,0,1,0,1,0,1,0
0,0,0,11,0,0,72.14,810.27,1,0,1,0,1,0,0,0,0,0,0,0,0,0,0,0,0,1,0,0,1,0,0
0,1,0,71,1,1,18.46,1313.16,0,1,0,0,0,1,1,0,1,0,1,0,1,0,1,0,1,0,0,0,0,1,0
0,0,0,35,1,0,66.49,2298.72,0,0,0,0,0,0,0,1,0,0,0,0,0,0,0,0,0,1,0,0,0,0,0
0,1,1,10,1,1,89.21,863.63,1,1,0,1,1,0,0,0,0,1,0,0,0,1,0,1,0,0,0,0,0,1,0
0,1,0,30,0,1,86.68,2634.04,0,1,1,0,1,0,0,1,0,1,0,1,0,0,0,0,0,0,1,0,0,1,0
1,0,1,8,1,1,71.2,589.37,1,0,0,0,1,0,0,0,0,0,0,0,0,1,0,0,0,0,1,0,0,0,0
0,1,0,22,1,0,24.8,560.91,0,0,0,0,0,1,1,0,1,0,1,0,1,0,1,0,1,0,0,0,0,0,1
0,0,1,60,1,0,18.92,1154.45,0,0,0,0,0,1,1,0,1,0,1,0,1,0,1,0,1,0,0,1,0,0,0
0,1,0,36,0,1,54.31,1940.11,1,0,1,0,0,0,0,0,0,0,0,0,0,1,0,0,0,0,0,0,1,0,0
0,0,1,11,1,0,72.28,833.57,1,0,0,0,1,0,0,1,0,0,0,0,0,0,0,0,0,0,0,0,0,1,0
0,1,0,7,1,0,70.8,450.19,0,0,0,0,0,0,0,0,0,1,0,1,0,1,0,0,0,1,0,0,1,0,0
0,0,0,40,1,1,81.71,3281.57,0,0,0,0,0,0,0,1,0,1,0,1,0,1,0,1,0,0,0,0,0,1,0
1,1,0,72,1,1,77.17,5534.79,0,1,0,0,1,0,0,0,0,0,0,0,0,1,0,0,0,1,1,0,1,0,0
0,0,1,23,1,1,47.3,1101.22,0,1,0,1,0,0,0,0,0,0,0,0,0,0,0,0,0,0,1,0,0,0,0
0,1,0,58,1,0,83.8,4825.5,1,1,0,0,1,0,0,1,0,0,0,0,0,0,0,0,0,1,1,0,0,0,1
0,1,1,36,1,1,78.82,2870.24,1,0,0,1,1,0,0,0,0,0,0,1,0,0,0,0,0,0,0,0,0,0,1
0,0,0,39,1,1,74.93,2908.42,1,1,0,1,1,0,0,0,0,0,0,0,0,1,0,0,0,0,0,0,0,1,0
0,1,1,8,1,0,25.68,197.94,0,1,0,0,0,1,1,0,1,0,1,0,1,0,1,0,1,0,0,0,0,0,1
0,1,1,22,1,1,18.25,417.28,0,0,0,0,0,1,1,0,1,0,1,0,1,0,1,0,1,0,0,1,0,1,0
0,0,1,24,1,1,102.72,2520.76,1,1,0,0,1,0,0,0,0,1,0,1,0,0,0,1,0,1,0,0,0,0,0
0,0,1,2,1,1,76.3,133.12,1,1,0,1,1,0,0,0,0,0,0,0,0,1,0,0,0,0,0,0,0,0,0
0,0,1,15,1,0,48.48,697.0,0,0,0,0,0,0,0,0,0,0,0,0,0,0,0,1,0,0,0,1,1,0,0
0,0,0,16,1,1,50.17,790.19,0,0,0,1,0,0,0,0,0,0,0,0,0,0,0,1,0,0,0,0,0,0,0
0,1,1,11,0,1,60.44,705.09,0,1,1,0,0,0,0,0,0,0,0,1,0,0,0,1,0,0,0,1,1,0,0
0,1,0,22,1,0,22.96,490.35,0,1,0,0,0,1,1,0,1,0,1,0,1,0,1,0,1,0,0,1,0,1,0
0,0,0,45,1,1,86.74,3878.41,0,1,0,1,1,0,0,1,0,1,0,0,0,0,0,0,0,1,0,1,0,0,0
0,1,0,46,1,0,81.02,3664.93,1,0,0,1,1,0,0,0,0,1,0,0,0,0,0,0,0,1,0,0,0,1,0
0,1,0,65,0,0,80.32,5209.55,0,0,1,0,1,0,0,1,0,0,0,1,0,0,0,0,0,0,0,1,0,1,0
0,1,0,51,1,1,93.96,4779.26,1,1,0,1,1,0,0,0,0,0,0,0,0,1,0,1,0,1,1,0,0,0,1
0,1,0,32,1,0,20.35,663.5,0,0,0,1,0,1,1,0,1,0,1,0,1,0,1,0,1,0,0,1,0,0,1
0,1,0,67,1,1,65.22,4369.73,0,1,0,0,0,0,0,0,0,0,0,1,0,0,0,1,0,1,0,0,1,0,0
0,1,0,17,1,0,18.25,290.9,0,1,0,0,0,1,1,0,1,0,1,0,1,0,1,0,1,0,0,0,0,0,0
0,0,1,25,1,1,84.26,2074.34,0,0,0,1,1,0,0,0,0,0,0,0,0,1,0,1,0,1,1,0,0,0,1
0,0,0,72,1,1,53.91,3883.83,0,1,0,0,0,0,0,1,0,0,0,0,0,0,0,0,0,0,0,0,0,0,0
1,0,1,17,1,1,81.8,1379.76,1,1,0,0,1,0,0,0,0,0,0,0,0,0,0,1,0,1,1,0,0,1,0
0,1,0,1,1,1,82.55,91.89,0,1,0,0,1,0,0,1,0,0,0,0,0,1,0,0,0,0,0,1,1,0,0
1,1,0,7,1,1,49.04,330.96,0,0,0,0,0,0,0,0,0,0,0,0,0,1,0,0,0,0,0,1,0,1,0
1,0,1,23,1,1,68.87,1584.73,0,0,0,0,0,0,0,1,0,0,0,0,0,1,0,1,0,0,0,0,0,1,0
0,1,1,11,1,0,67.77,746.58,1,0,0,0,1,0,0,0,0,0,0,0,0,0,0,0,0,0,0,0,0,0,1
0,1,0,6,1,0,92.44,534.72,1,1,0,1,1,0,0,0,0,1,0,0,0,0,0,1,0,1,1,0,0,0,1
0,0,1,47,1,0,81.26,3816.39,1,1,0,0,1,0,0,1,0,0,0,0,0,0,0,1,0,0,0,0,0,0,0
0,0,1,36,1,1,91.44,3313.75,1,0,0,1,1,0,0,1,0,1,0,0,0,1,0,1,0,0,0,0,0,0,0
0,1,0,2,1,0,88.23,178.03,1,1,0,0,1,0,0,0,0,1,0,1,0,0,0,0,0,1,0,0,0,1,0
0,0,0,54,1,0,18.25,988.47,0,0,0,0,0,1,1,0,1,0,1,0,1,0,1,0,1,0,0,0,0,0,0
0,0,0,72,1,0,22.97,1686.68,0,0,0,0,0,1,1,0,1,0,1,0,1,0,1,0,1,0,0,0,0,1,0
0,0,0,14,0,0,40.58,525.85,1,1,1,0,0,0,0,0,0,0,0,0,0,0,0,0,0,0,0,0,0,0,0
0,1,0,37,1,1,62.7,2346.43,0,0,0,0,0,0,0,0,0,0,0,1,0,0,0,1,0,0,0,1,0,0,1
0,0,0,10,1,0,93.46,978.96,1,1,0,1,1,0,0,0,0,0,0,1,0,1,0,0,0,1,0,1,0,1,0
1,0,0,29,1,1,67.12,1962.19,1,1,0,0,0,0,0,0,0,1,0,0,0,0,0,1,0,1,0,0,0,1,0
0,1,0,38,1,1,23.06,846.35,0,0,0,0,0,1,1,0,1,0,1,0,1,0,1,0,1,0,1,0,1,0,0
0,0,0,23,1,0,53.26,1269.71,0,1,0,1,0,0,0,0,0,0,0,0,0,0,0,1,0,0,0,1,1,0,0
1,0,0,13,1,1,59.07,755.14,1,0,0,1,0,0,0,1,0,0,0,0,0,0,0,0,0,1,0,0,1,0,0
0,1,1,17,1,1,23.54,415.86,0,0,0,1,0,1,1,0,1,0,1,0,1,0,1,0,1,0,0,0,0,0,0
0,1,1,3,1,0,78.89,215.22,1,0,0,0,0,0,0,1,0,0,0,1,0,0,0,1,0,1,0,0,0,1,0
0,1,1,27,0,1,51.84,1403.54,0,0,1,0,0,0,0,0,0,0,0,1,0,0,0,0,0,1,1,0,0,1,0
0,0,0,72,1,0,18.25,1334.18,0,0,0,0,0,1,1,0,1,0,1,0,1,0,1,0,1,0,0,0,0,0,1
1,1,0,7,1,1,54.77,367.06,1,1,0,0,0,0,0,0,0,0,0,0,0,1,0,0,0,0,0,0,0,0,1
0,0,0,65,1,1,84.56,5485.97,1,0,0,1,1,0,0,0,0,0,0,1,0,0,0,1,0,1,0,0,1,0,0
0,1,0,20,1,0,78.4,1562.62,0,0,0,1,1,0,0,1,0,0,0,0,0,0,0,0,0,0,0,1,0,1,0
0,0,0,3,1,1,59.88,182.17,0,1,0,0,0,0,0,0,0,0,0,0,0,1,0,1,0,0,0,1,0,0,1
0,0,0,48,1,1,71.98,3428.51,1,1,0,0,0,0,0,1,0,1,0,0,0,1,0,0,0,1,1,0,0,0,1
0,0,0,27,0,0,55.31,1477.25,0,1,1,0,0,0,0,0,0,1,0,1,0,0,0,0,0,0,0,0,0,0,1
0,0,1,9,1,1,91.2,760.79,1,1,0,1,1,0,0,1,0,1,0,1,0,0,0,0,0,0,1,0,0,0,1
0,1,0,13,1,1,22.71,287.57,0,0,0,0,0,1,1,0,1,0,1,0,1,0,1,0,1,0,1,0,1,0,0
0,1,0,16,1,0,85.47,1373.13,0,1,0,0,1,0,0,0,0,0,0,1,0,1,0,0,0,1,1,0,0,0,1
0,0,1,22,1,1,81.26,1758.68,1,0,0,0,1,0,0,0,0,0,0,0,0,0,0,1,0,1,0,0,1,0,0
1,1,1,29,1,1,71.07,2066.93,1,0,0,0,1,0,0,0,0,0,0,0,0,0,0,0,0,1,0,0,0,1,0
0,0,1,30,1,0,70.95,2174.42,0,0,0,1,1,0,0,0,0,0,0,0,0,0,0,0,0,1,1,0,0,0,1
0,0,1,44,1,1,72.79,3175.91,1,1,0,0,1,0,0,0,0,1,0,0,0,0,0,0,0,0,0,0,0,0,1
0,0,1,26,1,1,18.25,424.52,0,1,0,1,0,1,1,0,1,0,1,0,1,0,1,0,1,0,0,0,0,1,0
0,1,0,33,1,0,75.29,2468.42,0,0,0,0,1,0,0,0,0,0,0,0,0,0,0,0,0,1,0,1,1,0,0
0,0,0,27,1,1,75.73,2050.18,1,0,0,0,1,0,0,0,0,0,0,1,0,0,0,0,0,1,1,0,0,0,0
1,1,0,0,1,1,69.26,0.0,0,1,0,1,0,0,0,1,0,0,0,0,0,1,0,1,0,0,0,1,0,0,1
0,0,1,7,1,1,85.99,601.18,0,0,0,0,1,0,0,1,0,1,0,0,0,0,0,0,0,0,0,0,0,1,0
1,0,0,10,1,1,70.73,667.85,1,1,0,1,1,0,0,0,0,0,0,0,0,1,0,0,0,0,0,0,1,0,0
1,0,0,25,1,0,76.57,1922.3,1,0,0,1,1,0,0,0,0,0,0,0,0,0,0,1,0,1,0,0,0,0,1
0,0,0,27,0,1,18.25,470.61,0,1,1,0,0,1,1,0,1,0,1,0,1,0,1,0,1,0,0,0,0,1,0
0,1,0,20,1,1,65.42,1304.25,1,1,0,0,0,0,0,0,0,1,0,0,0,0,0,1,0,0,0,0,0,1,0
0,0,0,37,0,1,78.74,2893.05,0,0,1,0,1,0,0,0,0,0,0,0,0,0,0,1,0,1,0,1,1,0,0
0,0,0,41,1,1,18.25,717.82,0,1,0,1,0,1,1,0,1,0,1,0,1,0,1,0,1,0,0,1,0,0,1
0,1,0,22,0,1,77.48,1719.0,1,1,1,0,0,0,0,1,0,1,0,1,0,0,0,1,0,0,0,0,0,0,0
0,0,0,45,1,1,102.04,4595.41,0,1,0,1,1,0,0,1,0,1,0,1,0,1,0,0,0,1,0,0,0,0,1
1,0,1,20,1,0,58.5,1121.42,0,1,0,0,0,0,0,0,0,1,0,1,0,0,0,0,0,0,0,0,1,0,0
0,0,1,32,1,1,80.36,2531.98,0,0,0,1,1,0,0,1,0,0,0,1,0,0,0,0,0,0,0,1,0,1,0
0,0,0,1,1,1,21.58,0.0,0,1,0,0,0,1,1,0,1,0,1,0,1,0,1,0,1,0,1,0,1,0,0
0,1,1,22,0,0,84.44,1898.09,0,0,1,0,1,0,0,1,0,1,0,0,0,0,0,1,0,0,0,1,0,0,0
0,0,0,46,1,1,92.56,4276.97,0,0,0,0,1,0,0,0,0,1,0,1,0,1,0,1,0,0,0,1,1,0,0
0,1,1,25,1,0,84.0,2106.48,1,1,0,1,1,0,0,0,0,0,0,1,0,0,0,1,0,0,0,0,0,0,1
0,0,0,9,1,1,63.39,577.72,1,1,0,0,0,0,0,1,0,0,0,0,0,0,0,1,0,1,0,0,0,1,0
0,1,1,30,1,1,50.43,1502.66,1,0,0,0,0,0,0,1,0,0,0,0,0,0,0,0,0,0,0,0,0,0,1
1,0,0,20,1,1,86.07,1747.02,1,0,0,0,1,0,0,1,0,0,0,1,0,1,0,0,0,0,0,0,0,0,0
0,1,0,33,1,1,20.53,690.98,0,0,0,0,0,1,1,0,1,0,1,0,1,0,1,0,1,0,0,1,0,0,1
1,1,0,13,1,0,83.83,1071.04,0,0,0,0,1,0,0,0,0,1,0,0,0,0,0,1,0,1,1,0,1,0,0
0,1,1,22,1,1,96.53,2122.34,1,1,0,0,1,0,0,0,0,1,0,1,0,1,0,1,0,1,0,0,1,0,0
0,0,0,9,1,0,69.99,593.99,1,1,0,1,0,0,0,1,0,0,0,0,0,1,0,1,0,0,0,0,1,0,0
0,1,0,16,1,1,58.16,917.6,0,0,0,0,0,0,0,0,0,1,0,1,0,0,0,0,0,0,0,1,0,0,1
0,1,1,28,0,0,70.3,1922.86,1,1,1,0,0,0,0,0,0,0,0,0,0,1,0,1,0,1,0,0,0,0,1
1,1,1,4,1,0,18.25,47.98,1,0,0,0,0,1,1,0,1,0,1,0,1,0,1,0,1,0,0,0,0,0,1
0,1,0,22,1,1,79.33,1694.99,0,1,0,0,1,0,0,0,0,0,0,0,0,1,0,0,0,1,0,1,0,0,1
0,0,0,7,1,1,18.25,121.28,0,0,0,0,0,1,1,0,1,0,1,0,1,0,1,0,1,0,0,0,0,1,0
0,0,0,19,1,1,53.38,1021.74,1,1,0,1,0,0,0,0,0,1,0,0,0,0,0,0,0,0,0,0,0,1,0
0,1,1,6,1,0,86.31,482.45,1,1,0,0,1,0,0,0,0,1,0,0,0,0,0,0,0,1,0,1,0,0,1
0,1,0,72,1,0,50.64,3631.57,0,1,0,1,0,0,0,0,0,0,0,0,0,1,0,0,0,0,0,1,0,0,0
0,1,0,46,1,0,20.16,922.06,0,1,0,0,0,1,1,0,1,0,1,0,1,0,1,0,1,0,0,1,1,0,0
1,1,0,20,1,1,66.93,1361.57,0,0,0,1,0,0,0,1,0,0,0,1,0,1,0,0,0,0,0,0,0,0,0
0,1,0,65,1,0,47.3,3038.5,0,1,0,0,0,0,0,0,0,0,0,0,0,0,0,0,0,0,0,1,0,0,1
0,1,0,13,1,1,73.71,990.69,0,1,0,1,0,0,0,0,0,1,0,1,0,0,0,0,0,1,1,0,0,1,0
0,1,0,55,1,1,69.41,3862.38,1,1,0,1,0,0,0,1,0,0,0,1,0,0,0,1,0,0,0,0,1,0,0
0,1,0,33,1,0,61.07,2012.35,0,1,0,0,0,0,0,0,0,0,0,0,0,1,0,1,0,0,0,0,0,1,0
1,0,0,13,1,1,21.7,308.42,0,0,0,1,0,1,1,0,1,0,1,0,1,0,1,0,1,0,0,1,1,0,0
0,1,1,38,0,1,18.25,686.31,0,1,1,0,0,1,1,0,1,0,1,0,1,0,1,0,1,0,0,0,0,1,0
0,0,0,48,1,0,83.6,4023.37,0,0,0,0,1,0,0,0,0,0,0,1,0,1,0,0,0,1,0,0,0,0,1
0,0,0,23,1,0,21.51,511.04,0,1,0,0,0,1,1,0,1,0,1,0,1,0,1,0,1,0,0,0,0,0,0
1,0,1,44,1,1,97.58,4347.3,1,0,0,0,1,0,0,0,0,1,0,1,0,1,0,1,0,0,0,0,0,1,0
0,1,0,41,1,1,19.74,835.43,0,1,0,0,0,1,1,0,1,0,1,0,1,0,1,0,1,0,0,0,0,1,0
1,0,0,30,1,0,71.88,2143.58,1,1,0,0,0,0,0,1,0,0,0,1,0,0,0,0,0,1,0,0,0,1,0
0,0,1,6,0,0,109.11,702.38,1,0,1,0,1,0,0,1,0,1,0,1,0,1,0,1,0,1,0,0,1,0,0
1,0,0,29,0,0,62.72,1836.09,0,0,1,0,0,0,0,1,0,0,0,0,0,0,0,1,0,0,0,0,0,0,1
0,0,1,23,1,0,20.06,457.93,0,0,0,1,0,1,1,0,1,0,1,0,1,0,1,0,1,0,0,1,0,1,0
0,1,0,36,1,1,84.45,3040.69,0,1,0,0,0,0,0,0,0,1,0,1,0,1,0,1,0,1,1,0,0,0,1
0,0,0,10,1,1,68.42,693.49,1,1,0,1,0,0,0,1,0,0,0,0,0,1,0,0,0,1,0,0,1,0,0
0,0,0,45,1,1,60.12,2694.07,0,0,0,1,0,0,0,0,0,1,0,1,0,0,0,0,0,0,1,0,0,1,0
1,1,0,15,1,1,87.32,1315.48,0,1,0,1,1,0,0,0,0,1,0,0,0,0,0,1,0,1,0,1,0,1,0
1,1,0,10,1,1,76.2,750.96,1,0,0,1,1,0,0,1,0,0,0,0,0,0,0,1,0,0,0,0,0,0,1
0,0,0,40,1,0,75.85,3050.12,0,0,0,1,1,0,0,0,0,0,0,0,0,0,0,0,0,1,1,0,0,0,0
1,1,0,66,1,0,18.25,1186.26,0,0,0,0,0,1,1,0,1,0,1,0,1,0,1,0,1,0,0,0,0,1,0
0,0,0,27,1,0,68.1,1853.02,1,0,0,0,1,0,0,0,0,0,0,0,0,0,0,0,0,0,1,0,0,1,0
0,1,0,63,1,0,98.16,6238.83,0,0,0,0,1,0,0,0,0,1,0,1,0,1,0,1,0,0,1,0,0,0,0
0,0,0,13,1,0,69.88,944.88,1,1,0,0,1,0,0,1,0,0,0,0,0,0,0,0,0,0,0,0,1,0,0
0,1,0,11,1,1,18.25,193.94,0,1,0,0,0,1,1,0,1,0,1,0,1,0,1,0,1,0,1,0,0,1,0
0,0,0,52,1,1,102.8,5348.09,1,0,0,0,1,0,0,1,0,1,0,1,0,0,0,1,0,0,0,0,0,0,1
0,0,0,36,1,1,57.04,1991.44,0,1,0,1,0,0,0,0,0,1,0,0,0,0,0,0,0,0,0,1,0,1,0
0,0,0,7,1,1,70.24,496.77,1,1,0,0,1,0,0,0,0,0,0,0,0,1,0,0,0,0,0,0,1,0,0
0,1,1,70,1,1,108.82,7619.69,1,1,0,0,1,0,0,0,0,1,0,1,0,1,0,1,0,1,0,0,0,1,0
0,1,0,23,1,0,18.25,433.82,0,0,0,0,0,1,1,0,1,0,1,0,1,0,1,0,1,0,0,1,0,0,1
0,1,1,24,1,1,92.34,2230.4,1,0,0,1,1,0,0,1,0,1,0,1,0,0,0,0,0,1,0,0,0,1,0
0,1,0,72,1,1,81.13,5811.54,0,0,0,0,1,0,0,0,0,0,0,1,0,0,0,1,0,0,1,0,0,0,1
0,0,1,64,1,1,92.63,5941.94,1,1,0,1,1,0,0,0,0,1,0,1,0,0,0,1,0,0,0,0,1,0,0
0,1,0,60,1,0,85.87,5148.51,1,1,0,1,1,0,0,0,0,0,0,1,0,0,0,1,0,1,0,0,0,0,0
0,1,1,14,1,0,68.81,931.71,0,0,0,0,0,0,0,1,0,1,0,0,0,0,0,0,0,1,0,1,0,1,0
0,0,0,30,1,1,18.55,559.15,0,1,0,0,0,1,1,0,1,0,1,0,1,0,1,0,1,0,0,0,1,0,0
0,1,0,35,1,1,71.86,2528.37,0,0,0,0,0,0,0,0,0,1,0,0,0,1,0,1,0,0,0,0,0,0,0
0,1,0,10,1,1,65.87,679.1,0,0,0,0,0,0,0,0,0,0,0,1,0,0,0,1,0,0,0,1,0,0,0
0,0,0,7,1,0,83.97,596.17,1,1,0,0,1,0,0,0,0,1,0,0,0,0,0,1,0,0,1,0,0,0,1
1,1,0,21,1,0,79.27,1671.6,1,1,0,0,0,0,0,0,0,0,0,1,0,1,0,1,0,1,0,0,0,1,0
0,0,1,44,1,0,64.82,2879.74,0,1,0,0,0,0,0,1,0,0,0,0,0,1,0,0,0,0,0,0,1,0,0
1,0,0,1,1,1,18.25,0.0,0,0,0,0,0,1,1,0,1,0,1,0,1,0,1,0,1,0,0,0,1,0,0
1,1,0,26,1,1,100.15,2584.2,1,0,0,1,1,0,0,0,0,1,0,1,0,1,0,1,0,1,0,0,0,1,0
0,0,0,8,0,1,18.25,88.48,0,1,1,0,0,1,1,0,1,0,1,0,1,0,1,0,1,0,0,0,0,1,0
0,0,0,47,1,0,67.47,3164.27,1,0,0,0,0,0,0,0,0,0,0,1,0,1,0,0,0,1,0,0,0,0,1
0,1,0,31,1,1,78.67,2421.2,1,1,0,1,0,0,0,1,0,1,0,1,0,1,0,0,0,0,0,0,1,0,0
0,0,0,8,1,1,60.67,450.71,1,1,0,0,0,0,0,1,0,0,0,0,0,0,0,0,0,1,0,1,0,1,0
0,1,0,48,1,1,60.52,2893.59,0,0,0,0,0,0,0,0,0,0,0,0,0,0,0,1,0,1,0,1,0,0,0
1,0,0,31,1,1,74.39,2347.22,1,1,0,0,1,0,0,0,0,0,0,1,0,0,0,0,0,1,0,0,0,1,0
0,0,0,20,0,0,18.25,388.93,0,1,1,0,0,1,1,0,1,0,1,0,1,0,1,0,1,0,0,0,1,0,0
0,1,0,72,1,1,96.47,6972.2,0,0,0,0,1,0,0,0,0,1,0,1,0,0,0,1,0,0,1,0,0,0,0
0,1,0,22,1,1,76.52,1703.7,1,1,0,0,1,0,0,0,0,0,0,0,0,0,0,0,0,1,0,0,0,0,1
0,1,1,15,1,0,88.63,1304.14,0,0,0,0,1,0,0,0,0,0,0,0,0,1,0,1,0,1,0,0,0,0,1
0,0,0,38,1,0,65.72,2455.36,0,1,0,1,0,0,0,0,0,1,0,1,0,1,0,0,0,0,0,0,0,0,0
1,0,0,72,1,1,63.08,4507.54,0,1,0,0,0,0,0,1,0,0,0,0,0,1,0,0,0,0,0,1,0,1,0
0,1,1,1,1,0,80.52,77.2,1,1,0,0,1,0,0,1,0,1,0,0,0,1,0,0,0,0,0,0,1,0,0
0,1,0,55,1,1,65.87,3626.08,1,1,0,1,0,0,0,0,0,1,0,0,0,0,0,1,0,1,0,0,0,0,0
0,0,1,39,1,0,77.29,3011.31,1,1,0,1,1,0,0,0,0,1,0,0,0,0,0,1,0,0,0,0,0,0,1
0,1,0,65,1,1,76.92,5001.51,0,1,0,1,1,0,0,0,0,1,0,0,0,0,0,1,0,0,0,0,1,0,0
0,1,0,57,1,0,66.14,3785.91,1,0,0,0,0,0,0,0,0,1,0,1,0,0,0,0,0,1,1,0,0,0,0
0,1,1,34,1,0,67.89,2325.76,0,1,0,0,0,0,0,0,0,1,0,0,0,0,0,1,0,0,0,0,1,0,0
0,0,1,39,1,0,74.35,2904.87,1,1,0,0,1,0,0,0,0,0,0,0,0,0,0,0,0,1,1,0,0,1,0
0,1,0,27,1,0,88.89,2391.59,0,1,0,0,1,0,0,0,0,1,0,1,0,0,0,1,0,0,0,1,0,1,0
1,0,1,67,1,0,111.42,7485.28,0,1,0,1,1,0,0,1,0,1,0,1,0,1,0,1,0,1,0,1,0,1,0
0,0,1,13,0,1,69.35,893.41,0,1,1,0,0,0,0,0,0,0,0,1,0,1,0,1,0,1,1,0,1,0,0
0,1,0,27,0,0,18.25,469.64,0,0,1,0,0,1,1,0,1,0,1,0,1,0,1,0,1,0,0,0,0,0,0
0,0,0,44,1,0,71.6,3127.58,0,1,0,0,1,0,0,0,0,0,0,0,0,1,0,0,0,0,0,1,1,0,0
1,1,0,48,1,1,20.38,992.5,0,0,0,0,0,1,1,0,1,0,1,0,1,0,1,0,1,0,0,1,0,1,0
0,1,0,48,1,1,82.24,3968.52,1,0,0,0,1,0,0,0,0,1,0,0,0,0,0,0,0,1,0,0,0,0,1
0,0,0,36,1,0,76.93,2779.75,0,1,0,1,1,0,0,0,0,0,0,0,0,1,0,0,0,0,1,0,0,1,0
0,1,0,48,0,1,91.59,4349.13,1,1,1,0,1,0,0,0,0,1,0,0,0,1,0,0,0,1,0,0,1,0,0
0,0,1,38,1,0,71.67,2751.67,0,1,0,0,0,0,0,1,0,0,0,1,0,0,0,1,0,1,1,0,1,0,0
0,0,0,72,1,1,78.66,5632.34,0,0,0,1,1,0,0,1,0,0,0,0,0,0,0,1,0,0,0,1,1,0,0
0,1,0,13,1,1,72.92,910.9,1,1,0,1,1,0,0,0,0,0,0,0,0,1,0,0,0,0,0,0,0,1,0
0,0,0,48,1,1,84.93,4115.4,0,0,0,0,1,0,0,1,0,0,0,1,0,1,0,0,0,0,0,0,0,0,1
0,0,1,24,1,0,19.84,479.0,0,0,0,1,0,1,1,0,1,0,1,0,1,0,1,0,1,0,0,0,1,0,0
0,1,0,28,1,1,66.55,1881.81,1,0,0,1,1,0,0,0,0,0,0,0,0,0,0,0,0,0,0,0,0,0,0
0,0,0,72,1,1,63.6,4612.75,1,0,0,0,0,0,0,0,0,1,0,0,0,1,0,0,0,0,0,0,0,1,0
0,0,1,72,0,1,73.58,5273.87,0,0,1,0,0,0,0,0,0,1,0,1,0,1,0,1,0,0,0,1,1,0,0
0,1,0,67,1,1,72.89,4906.9,1,1,0,1,0,0,0,1,0,0,0,1,0,0,0,1,0,1,0,0,0,0,1
0,1,1,17,1,0,18.25,341.02,0,1,0,0,0,1,1,0,1,0,1,0,1,0,1,0,1,0,0,0,0,1,0
0,1,0,16,1,1,50.77,839.0,1,1,0,1,0,0,0,0,0,0,0,0,0,0,0,1,0,0,0,0,0,0,1
0,1,0,8,1,1,20.55,161.91,0,0,0,1,0,1,1,0,1,0,1,0,1,0,1,0,1,0,0,0,0,1,0
0,1,1,71,1,1,73.4,5213.99,1,0,0,0,1,0,0,0,0,0,0,0,0,0,0,0,0,1,0,0,0,1,0
0,0,0,11,0,0,18.25,204.86,0,0,1,0,0,1,1,0,1,0,1,0,1,0,1,0,1,0,0,1,0,0,1
1,0,1,20,1,0,84.69,1743.75,0,1,0,1,1,0,0,0,0,1,0,1,0,0,0,1,0,0,0,0,1,0,0
1,0,0,17,1,1,20.31,345.92,1,0,0,0,0,1,1,0,1,0,1,0,1,0,1,0,1,0,0,0,0,1,0
0,1,0,16,1,0,75.17,1211.51,1,1,0,0,1,0,0,0,0,0,0,0,0,0,0,1,0,0,0,1,0,0,1
0,1,0,4,1,1,69.32,236.4,1,1,0,0,0,0,0,0,0,1,0,1,0,0,0,1,0,0,0,1,0,0,0
0,1,1,19,1,0,79.69,1524.69,1,0,0,0,1,0,0,0,0,1,0,0,0,0,0,0,0,1,1,0,1,0,0
0,1,0,30,1,0,57.53,1745.46,0,1,0,0,0,0,0,1,0,0,0,0,0,0,0,1,0,0,0,0,0,0,0
0,0,0,9,1,0,72.65,617.52,0,1,0,1,0,0,0,0,0,1,0,1,0,0,0,1,0,0,0,1,0,0,1
1,1,0,14,1,1,67.38,980.24,1,0,0,1,0,0,0,1,0,0,0,1,0,0,0,1,0,1,0,0,0,0,1
1,0,0,64,1,1,77.96,5039.41,0,1,0,1,0,0,0,1,0,1,0,1,0,0,0,1,0,0,0,0,0,0,1
0,1,0,12,1,1,82.87,1016.52,0,1,0,0,1,0,0,0,0,0,0,1,0,0,0,0,0,1,0,1,0,0,0
0,0,0,25,1,1,73.28,1842.05,0,1,0,0,1,0,0,0,0,0,0,1,0,0,0,1,0,0,1,0,1,0,0
0,0,0,26,1,0,20.4,538.42,0,1,0,1,0,1,1,0,1,0,1,0,1,0,1,0,1,0,0,0,0,0,1
0,0,0,14,1,0,92.75,1284.53,1,0,0,1,1,0,0,0,0,1,0,0,0,1,0,1,0,0,0,0,0,1,0
0,0,1,52,1,0,69.07,3598.83,1,0,0,0,1,0,0,1,0,0,0,0,0,0,0,0,0,0,0,0,0,0,1
1,0,0,62,1,1,87.38,5447.13,0,1,0,1,1,0,0,0,0,0,0,1,0,1,0,1,0,0,0,1,0,0,0
1,0,0,7,0,1,81.94,578.07,1,1,1,0,1,0,0,0,0,0,0,1,0,1,0,0,0,0,0,1,0,1,0
0,1,0,17,0,0,70.67,1188.39,0,1,1,0,1,0,0,0,0,1,0,0,0,0,0,0,0,0,0,1,1,0,0
0,1,0,13,1,1,22.85,310.39,1,0,0,0,0,1,1,0,1,0,1,0,1,0,1,0,1,0,0,0,1,0,0
0,0,0,21,1,0,67.27,1428.15,0,0,0,0,0,0,0,1,0,0,0,0,0,0,0,1,0,1,0,1,0,0,0
0,1,1,26,1,1,62.61,1590.5,0,0,0,0,0,0,0,0,0,1,0,0,0,0,0,1,0,0,0,0,1,0,0
0,0,0,4,1,1,83.67,359.53,1,1,0,0,1,0,0,0,0,0,0,1,0,0,0,1,0,0,0,0,0,1,0
0,1,0,26,1,1,73.18,1882.08,0,1,0,0,0,0,0,1,0,0,0,1,0,0,0,1,0,0,0,1,0,0,1
0,0,1,72,1,1,67.51,4840.05,0,1,0,1,0,0,0,0,0,1,0,0,0,1,0,0,0,1,0,1,0,1,0
0,1,1,58,0,0,60.72,3543.96,0,0,1,0,0,0,0,0,0,1,0,0,0,0,0,1,0,0,0,1,0,0,0
0,0,1,30,1,0,94.31,2818.29,0,1,0,0,0,0,0,1,0,1,0,1,0,1,0,1,0,0,0,0,0,0,0
0,1,0,5,1,1,62.67,274.61,0,0,0,1,0,0,0,1,0,0,0,0,0,1,0,0,0,1,0,1,0,1,0
0,1,0,47,1,1,82.53,3842.33,0,0,0,0,0,0,0,0,0,0,0,1,0,1,0,1,0,1,1,0,0,1,0
0,0,1,19,1,0,18.25,347.78,0,1,0,1,0,1,1,0,1,0,1,0,1,0,1,0,1,0,1,0,1,0,0
0,1,0,55,1,1,21.22,1123.57,0,1,0,1,0,1,1,0,1,0,1,0,1,0,1,0,1,0,0,0,1,0,0
0,1,0,49,1,1,69.53,3415.2,0,1,0,0,0,0,0,0,0,0,0,1,0,0,0,1,0,1,0,0,0,1,0
0,0,0,20,1,1,50.08,1018.48,1,1,0,1,0,0,0,0,0,0,0,0,0,0,0,1,0,0,0,0,0,0,1
0,0,0,24,1,1,18.25,439.62,0,1,0,1,0,1,1,0,1,0,1,0,1,0,1,0,1,0,1,0,0,1,0
0,1,0,13,1,0,76.16,978.94,0,0,0,0,1,0,0,0,0,0,0,1,0,0,0,0,0,0,0,1,0,1,0
0,0,0,5,1,1,104.97,516.05,1,1,0,1,1,0,0,1,0,0,0,1,0,1,0,1,0,1,1,0,0,1,0
0,1,0,25,1,0,83.0,2057.12,0,1,0,1,1,0,0,0,0,0,0,0,0,0,0,1,0,1,1,0,0,0,1
0,1,0,42,1,1,70.18,2978.4,1,0,0,1,0,0,0,0,0,1,0,1,0,1,0,0,0,0,0,0,0,1,0
0,0,0,28,1,0,55.01,1555.14,1,0,0,0,0,0,0,0,0,0,0,1,0,0,0,0,0,0,0,0,1,0,0
0,1,0,23,1,1,81.83,1891.58,0,1,0,0,1,0,0,0,0,0,0,1,0,0,0,0,0,1,0,1,0,1,0
0,1,0,38,1,1,63.65,2403.8,0,0,0,0,1,0,0,0,0,0,0,0,0,0,0,0,0,0,0,0,0,0,0
0,1,0,23,1,1,18.25,435.03,0,0,0,1,0,1,1,0,1,0,1,0,1,0,1,0,1,0,1,0,0,1,0
0,0,1,30,1,1,56.18,1682.55,0,0,0,0,0,0,0,1,0,0,0,0,0,0,0,1,0,0,0,0,1,0,0
1,0,0,20,1,1,56.46,1158.81,0,0,0,0,0,0,0,1,0,0,0,0,0,0,0,0,0,0,1,0,0,1,0
1,1,1,25,1,0,18.4,475.51,0,1,0,0,0,1,1,0,1,0,1,0,1,0,1,0,1,0,0,0,1,0,0
0,0,1,8,1,1,19.88,153.04,1,0,0,0,0,1,1,0,1,0,1,0,1,0,1,0,1,0,0,0,0,1,0
0,0,0,15,1,0,62.33,914.39,0,1,0,0,0,0,0,1,0,0,0,0,0,0,0,1,0,1,0,0,1,0,0
0,1,1,72,1,0,79.22,5720.91,0,0,0,1,0,0,0,0,0,1,0,0,0,1,0,1,0,1,0,1,0,0,1
0,0,0,7,1,1,84.5,583.54,1,0,0,0,1,0,0,0,0,1,0,0,0,0,0,1,0,0,0,0,0,1,0
0,1,0,72,1,0,77.85,5629.8,0,1,0,0,0,0,0,1,0,0,0,0,0,0,0,1,0,1,0,1,0,1,0
0,1,0,29,0,0,18.25,512.29,1,1,1,0,0,1,1,0,1,0,1,0,1,0,1,0,1,0,0,0,0,0,0
1,1,0,5,1,1,53.28,265.64,0,0,0,1,0,0,0,0,0,0,0,0,0,1,0,0,0,0,0,1,0,0,1
0,1,1,48,1,0,65.71,3165.02,0,0,0,1,0,0,0,0,0,0,0,0,0,1,0,1,0,0,0,0,1,0,0
0,0,1,7,1,1,91.57,652.3,0,1,0,1,1,0,0,0,0,1,0,1,0,1,0,1,0,0,0,1,0,0,1
1,0,0,45,1,1,79.97,3607.91,1,0,0,1,1,0,0,0,0,0,0,1,0,1,0,0,0,0,0,0,1,0,0
0,0,1,35,1,1,18.25,612.86,0,0,0,0,0,1,1,0,1,0,1,0,1,0,1,0,1,0,0,0,0,1,0
0,1,0,28,1,1,104.17,2879.77,0,1,0,0,1,0,0,1,0,0,0,0,0,1,0,1,0,1,1,0,0,1,0
0,1,1,32,1,0,74.69,2407.32,0,1,0,1,0,0,0,1,0,1,0,0,0,1,0,1,0,0,0,1,0,0,1
1,1,0,34,1,1,86.93,2966.46,1,1,0,0,1,0,0,1,0,0,0,0,0,1,0,1,0,0,0,1,0,1,0
0,1,1,22,1,1,66.77,1482.07,0,0,0,0,0,0,0,0,0,0,0,1,0,0,0,1,0,1,0,1,0,1,0
0,0,0,72,1,1,57.64,4177.09,0,1,0,0,0,0,0,0,0,0,0,1,0,0,0,1,0,0,0,1,0,1,0
0,0,1,66,1,0,76.69,5073.48,0,0,0,0,0,0,0,0,0,1,0,1,0,0,0,1,0,1,0,1,1,0,0
0,0,0,47,1,1,57.79,2707.38,0,1,0,0,0,0,0,0,0,0,0,0,0,1,0,0,0,1,1,0,0,0,0
0,0,1,20,1,0,90.0,1797.39,1,0,0,1,1,0,0,0,0,0,0,1,0,1,0,0,0,1,0,0,0,1,0
0,1,1,18,0,0,65.11,1138.41,1,1,1,0,1,0,0,0,0,0,0,0,0,0,0,0,0,0,0,0,0,1,0
0,1,1,33,1,1,46.58,1536.77,0,1,0,0,0,0,0,0,0,0,0,0,0,0,0,0,0,0,0,0,1,0,0
0,1,0,18,1,0,85.69,1571.36,0,0,0,0,1,0,0,0,0,1,0,1,0,0,0,1,0,0,0,1,0,0,1
0,0,0,22,0,1,64.41,1399.17,0,1,1,0,0,0,0,1,0,0,0,1,0,0,0,0,0,1,0,0,0,1,0
0,1,0,47,1,0,70.81,3346.39,0,0,0,0,1,0,0,0,0,0,0,0,0,0,0,0,0,1,0,1,0,0,1
0,1,0,67,1,1,88.47,5900.31,0,0,0,0,1,0,0,1,0,0,0,0,0,0,0,1,0,1,0,1,1,0,0
0,0,0,34,1,0,53.19,1836.01,1,0,0,0,0,0,0,0,0,0,0,0,0,0,0,1,0,1,0,0,0,0,0
0,1,1,31,1,1,22.91,704.43,0,0,0,0,0,1,1,0,1,0,1,0,1,0,1,0,1,0,0,0,0,0,0
0,0,0,5,1,0,83.95,396.74,0,1,0,1,1,0,0,0,0,0,0,0,0,1,0,1,0,0,1,0,0,0,0
0,1,0,46,1,1,22.43,1022.93,0,0,0,1,0,1,1,0,1,0,1,0,1,0,1,0,1,0,0,0,1,0,0
0,0,1,49,0,1,18.25,842.79,0,0,1,0,0,1,1,0,1,0,1,0,1,0,1,0,1,0,1,0,0,0,0
0,1,1,58,1,1,60.3,3497.41,0,1,0,1,0,0,0,0,0,0,0,0,0,0,0,1,0,1,0,0,0,0,0
0,0,0,72,1,0,21.13,1545.17,0,1,0,0,0,1,1,0,1,0,1,0,1,0,1,0,1,0,0,0,0,0,1
0,0,1,18,1,1,100.42,1821.4,0,0,0,0,1,0,0,1,0,1,0,0,0,1,0,1,0,1,0,0,1,0,0
0,1,1,72,1,0,101.5,7303.84,0,1,0,0,1,0,0,0,0,1,0,1,0,1,0,0,0,1,0,1,0,0,0
1,0,0,69,1,0,18.25,1251.62,0,0,0,1,0,1,1,0,1,0,1,0,1,0,1,0,1,0,0,1,0,0,1
0,0,1,31,1,1,65.43,2027.27,0,0,0,1,1,0,0,0,0,0,0,1,0,0,0,0,0,0,0,0,1,0,0
0,0,0,7,1,0,89.19,598.37,1,0,0,1,1,0,0,1,0,1,0,1,0,0,0,0,0,1,0,0,0,1,0
0,0,0,63,1,1,91.63,5789.32,1,1,0,0,1,0,0,1,0,0,0,1,0,1,0,0,0,1,1,0,1,0,0
0,0,0,72,1,1,18.37,1312.28,0,1,0,0,0,1,1,0,1,0,1,0,1,0,1,0,1,0,0,1,0,1,0
0,1,0,10,1,0,20.37,176.44,0,1,0,0,0,1,1,0,1,0,1,0,1,0,1,0,1,0,0,1,1,0,0
0,1,0,43,1,1,55.91,2434.33,0,1,0,0,0,0,0,0,0,0,0,1,0,0,0,0,0,0,0,1,0,0,1
0,1,0,29,1,1,89.62,2592.74,0,0,0,0,1,0,0,1,0,0,0,0,0,0,0,1,0,0,0,0,0,0,0
0,0,0,28,1,1,49.51,1397.91,0,0,0,1,0,0,0,0,0,0,0,0,0,0,0,0,0,1,0,0,0,1,0
0,0,0,5,1,0,20.21,82.17,0,1,0,1,0,1,1,0,1,0,1,0,1,0,1,0,1,0,0,0,0,0,1
0,0,0,62,1,1,47.2,2943.13,0,1,0,0,0,0,0,0,0,1,0,0,0,0,0,0,0,0,0,0,0,0,1
0,1,0,20,1,0,47.54,923.5,0,0,0,0,0,0,0,0,0,0,0,0,0,0,0,1,0,0,0,0,1,0,0
1,0,0,72,1,1,96.14,6910.58,0,1,0,1,1,0,0,0,0,1,0,1,0,0,0,0,0,1,0,0,0,0,0
0,0,1,23,1,0,70.89,1644.5,0,0,0,1,1,0,0,0,0,0,0,0,0,0,0,0,0,1,0,1,0,0,1
0,1,1,18,1,0,75.09,1324.32,1,1,0,0,1,0,0,0,0,1,0,0,0,0,0,1,0,0,1,0,1,0,0
0,0,0,20,1,0,88.82,1741.99,1,0,0,0,1,0,0,0,0,0,0,1,0,0,0,1,0,1,0,1,0,0,0
0,1,0,24,1,0,90.93,2154.38,1,1,0,1,1,0,0,1,0,0,0,1,0,1,0,0,0,0,0,1,1,0,0
0,0,0,24,0,1,67.63,1635.6,1,0,1,0,0,0,0,1,0,0,0,1,0,0,0,1,0,0,0,0,0,1,0
1,1,0,62,1,1,60.42,3748.77,0,1,0,1,0,0,0,0,0,0,0,0,0,0,0,1,0,1,0,0,0,0,1
0,0,1,24,1,0,92.71,2219.51,1,0,0,1,1,0,0,1,0,1,0,0,0,0,0,1,0,1,0,0,0,0,0
0,1,0,69,1,1,96.12,6629.27,0,1,0,1,1,0,0,1,0,0,0,1,0,0,0,1,0,1,0,1,1,0,0
0,1,0,61,1,0,96.3,5884.88,1,1,0,1,1,0,0,1,0,0,0,0,0,1,0,1,0,1,0,0,0,0,0
1,0,0,56,1,1,86.93,4852.69,0,0,0,0,1,0,0,1,0,0,0,1,0,0,0,0,0,0,1,0,0,0,0
0,0,0,49,1,0,81.76,4042.62,1,1,0,1,1,0,0,1,0,0,0,0,0,0,0,0,0,1,0,0,0,1,0
0,1,0,11,0,1,74.79,788.11,0,1,1,0,0,0,0,0,0,1,0,1,0,1,0,1,0,0,0,0,0,0,0
0,1,0,51,1,0,77.63,3989.57,0,1,0,0,0,0,0,1,0,0,0,1,0,1,0,0,0,1,0,1,0,0,0
0,0,0,61,1,1,95.55,5811.12,0,1,0,1,1,0,0,1,0,0,0,0,0,1,0,1,0,1,0,0,1,0,0
0,0,0,72,1,0,72.73,5257.88,0,1,0,0,0,0,0,0,0,1,0,1,0,1,0,1,0,0,1,0,0,0,1
0,1,0,6,1,0,18.52,87.38,0,0,0,1,0,1,1,0,1,0,1,0,1,0,1,0,1,0,0,0,0,1,0
0,1,1,59,0,1,18.25,1066.98,1,1,1,0,0,1,1,0,1,0,1,0,1,0,1,0,1,0,0,0,0,1,0
1,1,1,6,1,1,64.81,374.61,1,0,0,1,1,0,0,0,0,0,0,0,0,0,0,0,0,0,1,0,1,0,0
1,0,0,44,1,0,82.16,3623.37,1,0,0,0,0,0,0,0,0,1,0,0,0,1,0,1,0,1,0,0,0,1,0
0,0,0,39,1,0,51.57,2028.25,1,1,0,0,0,0,0,0,0,0,0,1,0,0,0,0,0,0,0,0,0,0,1
0,0,0,13,1,0,91.99,1202.33,1,0,0,1,1,0,0,0,0,1,0,0,0,1,0,1,0,0,1,0,0,0,1
0,1,0,31,1,0,18.81,627.24,0,0,0,1,0,1,1,0,1,0,1,0,1,0,1,0,1,0,0,1,0,1,0
1,0,0,26,1,1,69.03,1806.12,0,0,0,0,0,0,0,1,0,0,0,0,0,1,0,0,0,1,0,0,1,0,0
0,1,0,41,1,0,78.06,3180.29,1,1,0,0,0,0,0,0,0,1,0,0,0,1,0,1,0,1,0,0,0,1,0
1,0,0,30,1,1,96.64,2926.54,0,1,0,0,1,0,0,0,0,0,0,1,0,0,0,1,0,1,1,0,0,0,0
0,1,0,37,1,1,80.01,2975.53,1,1,0,0,1,0,0,1,0,0,0,0,0,0,0,0,0,1,0,1,0,0,1
0,1,0,23,1,0,80.87,1818.78,1,0,0,1,1,0,0,0,0,1,0,1,0,0,0,0,0,0,1,0,0,1,0
0,1,0,72,1,0,84.31,6075.89,0,0,0,1,1,0,0,1,0,1,0,0,0,0,0,1,0,0,0,0,0,0,0
0,1,0,38,1,1,21.66,815.59,0,0,0,0,0,1,1,0,1,0,1,0,1,0,1,0,1,0,0,0,0,0,1
1,1,0,20,0,1,77.02,1539.13,1,1,1,0,1,0,0,1,0,0,0,0,0,0,0,1,0,0,0,0,0,1,0
0,0,1,19,1,1,62.73,1189.26,0,0,0,0,0,0,0,0,0,0,0,0,0,1,0,0,0,1,0,1,0,0,0
0,0,0,49,1,1,87.22,4261.72,1,1,0,0,1,0,0,1,0,1,0,0,0,0,0,0,0,0,0,0,0,1,0
0,0,0,72,1,1,80.42,5722.86,1,0,0,1,1,0,0,1,0,0,0,0,0,0,0,1,0,0,1,0,1,0,0
1,0,1,66,1,0,61.79,4072.77,0,1,0,0,0,0,0,0,0,0,0,0,0,0,0,1,0,1,1,0,0,1,0
0,1,0,28,1,1,18.25,499.22,0,0,0,0,0,1,1,0,1,0,1,0,1,0,1,0,1,0,0,1,0,0,1
0,0,1,5,1,0,72.51,350.18,1,0,0,0,1,0,0,1,0,0,0,0,0,0,0,0,0,0,0,0,0,1,0
0,1,0,14,1,0,89.16,1275.37,1,1,0,1,1,0,0,0,0,1,0,0,0,1,0,1,0,0,1,0,0,0,0
0,1,0,17,1,0,18.25,305.84,0,1,0,0,0,1,1,0,1,0,1,0,1,0,1,0,1,0,1,0,1,0,0
0,1,1,5,0,1,86.78,374.9,1,0,1,0,1,0,0,1,0,1,0,1,0,0,0,1,0,0,0,1,0,1,0
1,1,0,25,1,1,22.95,521.28,0,1,0,1,0,1,1,0,1,0,1,0,1,0,1,0,1,0,0,1,0,1,0
0,0,0,45,1,0,82.48,3675.31,0,0,0,0,1,0,0,1,0,0,0,0,0,1,0,0,0,1,1,0,0,0,1
0,1,0,21,1,1,77.06,1669.25,1,0,0,0,1,0,0,0,0,0,0,1,0,0,0,0,0,0,1,0,0,1,0
0,1,0,53,1,1,58.71,3082.14,0,0,0,0,0,0,0,1,0,0,0,0,0,1,0,0,0,0,0,0,0,1,0
0,0,1,18,1,1,83.56,1523.58,1,1,0,0,1,0,0,0,0,1,0,0,0,0,0,0,0,1,0,0,1,0,0
0,1,1,8,1,1,96.63,752.81,1,1,0,1,1,0,0,0,0,1,0,1,0,0,0,1,0,1,1,0,0,0,0
1,0,0,16,1,0,22.49,382.86,0,1,0,0,0,1,1,0,1,0,1,0,1,0,1,0,1,0,0,1,0,0,0
0,1,0,14,1,0,19.93,328.34,0,0,0,0,0,1,1,0,1,0,1,0,1,0,1,0,1,0,0,0,0,0,0
0,0,0,6,1,1,75.36,447.42,1,1,0,1,0,0,0,1,0,0,0,1,0,0,0,1,0,1,0,0,1,0,0
0,0,1,12,1,1,86.44,1064.73,0,1,0,0,1,0,0,0,0,1,0,1,0,1,0,0,0,0,0,1,0,0,0
0,1,0,4,1,0,74.77,350.18,0,1,0,0,0,0,0,1,0,1,0,1,0,0,0,1,0,0,0,0,0,0,0
0,0,0,3,1,1,77.92,221.62,0,0,0,1,1,0,0,0,0,1,0,0,0,1,0,0,0,0,1,0,1,0,0
1,1,0,21,1,1,46.62,967.18,1,1,0,1,0,0,0,0,0,0,0,0,0,0,0,1,0,0,0,0,1,0,0
0,1,1,17,1,1,91.39,1558.73,0,0,0,0,1,0,0,1,0,0,0,1,0,1,0,1,0,0,0,1,1,0,0
0,0,0,72,1,1,92.53,6637.12,0,0,0,1,1,0,0,0,0,0,0,1,0,1,0,1,0,1,0,1,0,0,0
1,0,0,12,1,0,20.68,258.18,0,0,0,1,0,1,1,0,1,0,1,0,1,0,1,0,1,0,1,0,0,1,0
0,1,1,19,1,0,94.26,1804.82,0,0,0,0,1,0,0,1,0,0,0,1,0,0,0,0,0,1,0,0,0,0,1
0,1,0,33,1,0,60.22,1948.11,0,0,0,1,0,0,0,0,0,0,0,0,0,0,0,1,0,1,1,0,0,0,1
1,1,0,56,1,1,114.46,6398.37,1,0,0,1,1,0,0,1,0,1,0,1,0,1,0,1,0,1,0,0,0,0,0
1,0,1,71,1,0,80.53,5687.76,1,1,0,0,1,0,0,1,0,0,0,1,0,0,0,0,0,0,0,0,0,0,0
0,0,1,33,1,0,75.71,2433.07,0,0,0,0,1,0,0,0,0,0,0,0,0,0,0,0,0,1,1,0,0,0,1
0,1,0,25,1,0,61.09,1522.74,1,0,0,1,0,0,0,0,0,1,0,0,0,0,0,1,0,1,0,0,0,1,0
1,0,1,15,1,0,24.81,347.72,0,0,0,1,0,1,1,0,1,0,1,0,1,0,1,0,1,0,0,0,0,1,0
0,1,1,30,1,1,74.13,2235.57,0,0,0,1,0,0,0,1,0,1,0,1,0,1,0,0,0,0,0,0,0,1,0
0,0,0,67,1,1,72.35,4895.55,0,0,0,0,0,0,0,0,0,1,0,0,0,0,0,1,0,1,0,1,1,0,0
1,0,0,29,1,0,90.28,2617.03,1,0,0,1,1,0,0,0,0,1,0,1,0,0,0,0,0,1,1,0,0,1,0
0,0,0,38,1,0,85.03,3268.24,0,1,0,1,0,0,0,0,0,1,0,1,0,1,0,1,0,0,0,0,0,0,1
0,1,0,51,0,1,91.17,4656.12,1,1,1,0,1,0,0,0,0,0,0,1,0,0,0,1,0,1,0,0,0,1,0
0,1,0,36,1,1,68.6,2479.17,0,1,0,0,0,0,0,0,0,1,0,0,0,0,0,1,0,1,0,0,0,0,1
0,1,0,41,1,1,86.51,3574.44,0,1,0,0,1,0,0,0,0,0,0,1,0,0,0,1,0,1,0,1,0,1,0
0,0,1,35,1,1,71.66,2507.41,1,1,0,0,1,0,0,0,0,1,0,0,0,0,0,0,0,0,0,0,0,0,1
0,0,0,11,1,0,87.75,951.3,1,1,0,0,1,0,0,0,0,1,0,0,0,0,0,1,0,1,1,0,0,0,0
0,1,0,30,1,1,89.96,2669.25,0,1,0,1,0,0,0,1,0,0,0,1,0,0,0,1,0,1,0,1,0,0,0
0,1,0,33,1,0,70.9,2320.8,0,0,0,1,1,0,0,0,0,1,0,0,0,0,0,0,0,0,0,0,0,1,0
0,1,0,72,1,1,89.83,6456.81,0,1,0,1,1,0,0,0,0,0,0,0,0,1,0,1,0,1,0,1,1,0,0
0,0,0,15,1,1,80.62,1208.79,1,0,0,1,1,0,0,1,0,0,0,0,0,1,0,0,0,0,1,0,0,1,0
0,0,0,32,1,1,67.67,2152.41,0,0,0,0,0,0,0,0,0,0,0,0,0,0,0,1,0,1,1,0,0,1,0
0,1,0,21,0,1,75.98,1591.85,1,1,1,0,1,0,0,0,0,1,0,1,0,0,0,0,0,0,0,0,0,0,0
0,0,0,72,1,1,72.81,5235.59,1,1,0,1,1,0,0,0,0,1,0,0,0,0,0,0,0,0,0,0,1,0,0
0,1,1,61,0,1,53.82,3290.87,0,1,1,0,0,0,0,1,0,0,0,0,0,0,0,1,0,0,0,0,0,0,1
0,0,0,31,1,0,98.95,3075.96,1,0,0,0,1,0,0,0,0,1,0,1,0,1,0,1,0,0,0,0,1,0,0
0,1,1,0,1,1,91.2,0.0,1,1,0,1,1,0,0,0,0,1,0,1,0,0,0,0,0,1,1,0,0,1,0
0,1,0,62,1,0,18.75,1159.11,0,0,0,0,0,1,1,0,1,0,1,0,1,0,1,0,1,0,1,0,0,1,0
0,0,1,6,0,1,53.92,349.97,1,0,1,0,0,0,0,0,0,0,0,0,0,0,0,0,0,1,1,0,0,0,1
0,0,0,4,1,0,84.06,320.82,1,0,0,0,1,0,0,0,0,1,0,1,0,0,0,0,0,1,0,0,0,0,1
0,1,0,53,1,0,18.25,1007.8,0,1,0,1,0,1,1,0,1,0,1,0,1,0,1,0,1,0,0,0,0,0,0
0,0,0,40,1,1,62.31,2509.41,1,1,0,0,1,0,0,0,0,0,0,0,0,0,0,0,0,0,0,1,0,0,1
0,0,0,37,1,0,18.25,667.33,0,1,0,0,0,1,1,0,1,0,1,0,1,0,1,0,1,0,0,0,1,0,0
1,1,1,16,1,1,83.84,1316.71,1,1,0,0,1,0,0,0,0,0,0,1,0,0,0,0,0,1,0,0,0,0,1
0,0,0,5,1,1,18.25,71.6,1,1,0,1,0,1,1,0,1,0,1,0,1,0,1,0,1,0,0,0,0,1,0
0,0,0,1,0,1,84.75,114.11,1,0,1,0,1,0,0,0,0,0,0,1,0,0,0,1,0,1,1,0,0,0,0
0,1,0,37,1,0,63.0,2305.46,0,0,0,0,0,0,0,0,0,1,0,0,0,1,0,0,0,0,0,0,0,0,1
0,0,0,8,1,1,87.37,692.72,1,0,0,0,1,0,0,0,0,0,0,0,0,0,0,1,0,1,0,0,0,0,1
1,0,0,42,1,1,55.15,2335.77,0,0,0,1,0,0,0,0,0,0,0,1,0,0,0,0,0,0,1,0,0,0,0
0,1,1,9,1,0,73.69,648.18,1,1,0,1,1,0,0,0,0,0,0,0,0,1,0,0,0,0,0,0,0,1,0
1,0,0,32,1,0,76.68,2451.36,1,0,0,0,1,0,0,0,0,0,0,0,0,0,0,0,0,1,0,0,1,0,0
0,1,1,11,1,1,82.41,926.66,1,0,0,1,1,0,0,0,0,0,0,0,0,0,0,1,0,1,1,0,0,1,0
0,0,0,50,1,0,56.34,2844.89,0,0,0,1,0,0,0,0,0,0,0,1,0,0,0,0,0,1,0,0,0,1,0
0,0,0,36,1,0,76.21,2760.93,1,0,0,0,0,0,0,0,0,1,0,1,0,0,0,1,0,1,0,0,0,0,1
1,1,0,30,1,1,62.0,1876.76,1,1,0,1,0,0,0,0,0,1,0,0,0,1,0,0,0,0,0,0,0,1,0
0,0,1,12,1,1,78.61,944.77,0,1,0,0,1,0,0,0,0,1,0,0,0,1,0,0,0,0,0,1,0,0,1
0,1,0,6,1,0,92.72,538.08,0,1,0,1,0,0,0,0,0,1,0,1,0,1,0,1,0,1,0,0,0,1,0
0,0,0,37,1,0,86.67,3215.86,0,1,0,0,0,0,0,1,0,1,0,0,0,1,0,1,0,1,0,0,0,1,0
0,0,0,16,1,1,20.21,284.11,1,0,0,1,0,1,1,0,1,0,1,0,1,0,1,0,1,0,0,0,0,1,0
0,1,0,28,1,1,90.83,2491.91,1,1,0,0,1,0,0,0,0,1,0,1,0,1,0,0,0,1,0,0,0,1,0
0,0,0,27,1,1,92.32,2503.94,0,0,0,0,1,0,0,0,0,1,0,1,0,1,0,0,0,1,0,0,0,0,0
0,1,1,26,1,0,76.88,2001.51,1,0,0,0,1,0,0,1,0,0,0,0,0,0,0,0,0,1,0,0,0,1,0
0,0,0,61,1,1,76.7,4704.2,0,1,0,1,0,0,0,1,0,1,0,1,0,0,0,0,0,1,1,0,0,1,0
0,0,1,26,1,1,63.3,1669.22,1,1,0,1,1,0,0,0,0,0,0,0,0,0,0,0,0,0,0,1,1,0,0
0,0,0,11,1,0,85.07,884.62,0,0,0,1,1,0,0,0,0,0,0,1,0,0,0,1,0,1,0,1,1,0,0
1,1,0,44,1,1,70.93,3145.49,0,0,0,1,0,0,0,0,0,0,0,1,0,1,0,0,0,1,0,1,0,1,0
1,0,1,43,1,0,97.47,4223.88,1,1,0,1,1,0,0,1,0,1,0,1,0,0,0,1,0,1,0,0,0,1,0
0,0,1,15,1,1,18.25,276.68,0,1,0,0,0,1,1,0,1,0,1,0,1,0,1,0,1,0,1,0,1,0,0
0,0,0,12,1,0,57.91,697.56,0,0,0,1,0,0,0,0,0,1,0,1,0,0,0,0,0,0,0,0,0,0,0
0,0,0,35,1,0,43.93,1519.62,1,1,0,1,0,0,0,0,0,0,0,0,0,0,0,0,0,0,0,0,0,1,0
1,0,0,8,1,1,77.09,657.62,0,0,0,0,1,0,0,0,0,0,0,0,0,1,0,0,0,1,1,0,0,0,0
0,1,0,36,1,1,64.6,2325.5,0,1,0,0,0,0,0,0,0,1,0,0,0,0,0,0,0,1,0,0,1,0,0
0,1,0,72,1,1,77.26,5544.79,0,1,0,1,1,0,0,0,0,0,0,0,0,1,0,0,0,1,0,1,0,1,0
1,0,0,43,0,1,54.8,2330.76,0,1,1,0,0,0,0,0,0,0,0,1,0,0,0,0,0,0,1,0,0,0,1
0,1,0,72,1,1,50.17,3602.26,0,0,0,0,0,0,0,1,0,0,0,0,0,0,0,0,0,0,1,0,0,0,1
0,0,1,28,0,0,81.2,2312.61,0,0,1,0,1,0,0,0,0,0,0,0,0,1,0,1,0,1,0,1,0,1,0
0,0,0,28,1,1,23.71,661.22,0,1,0,1,0,1,1,0,1,0,1,0,1,0,1,0,1,0,0,0,0,0,1
0,0,1,31,1,1,84.28,2612.89,0,0,0,0,1,0,0,0,0,0,0,1,0,1,0,1,0,0,0,1,0,1,0
0,0,0,38,1,0,22.28,823.26,0,1,0,0,0,1,1,0,1,0,1,0,1,0,1,0,1,0,0,0,0,1,0
1,0,0,37,1,0,55.0,2064.23,1,1,0,0,0,0,0,0,0,1,0,0,0,0,0,0,0,0,0,0,0,1,0
0,0,1,13,1,0,67.07,841.61,1,1,0,0,0,0,0,0,0,1,0,0,0,1,0,1,0,0,0,1,0,0,0
0,0,0,27,1,1,92.94,2489.34,0,1,0,1,1,0,0,0,0,1,0,1,0,0,0,1,0,0,0,1,1,0,0
0,1,1,60,1,1,57.04,3394.07,0,0,0,0,0,0,0,0,0,1,0,0,0,0,0,1,0,0,1,0,0,1,0
0,1,0,10,1,0,70.8,665.47,1,1,0,0,1,0,0,0,0,0,0,1,0,0,0,0,0,0,0,0,0,1,0
0,1,0,31,1,1,19.14,614.34,0,0,0,0,0,1,1,0,1,0,1,0,1,0,1,0,1,0,0,1,0,0,0
0,0,0,38,1,1,68.15,2595.96,0,1,0,1,0,0,0,0,0,1,0,1,0,0,0,1,0,0,0,1,0,0,1
0,1,0,38,1,1,20.92,826.6,0,0,0,0,0,1,1,0,1,0,1,0,1,0,1,0,1,0,0,0,0,0,1
0,0,0,6,1,1,79.92,468.05,1,1,0,0,1,0,0,1,0,0,0,0,0,0,0,1,0,0,0,0,0,0,1
0,0,0,10,1,0,51.08,544.59,0,0,0,0,0,0,0,0,0,0,0,0,0,1,0,0,0,0,0,0,0,0,1
0,1,1,58,1,1,89.65,5168.72,0,1,0,0,1,0,0,1,0,0,0,0,0,1,0,0,0,1,0,1,1,0,0
1,0,0,57,1,0,84.65,4813.37,0,1,0,1,1,0,0,1,0,0,0,0,0,1,0,1,0,0,0,1,1,0,0
0,1,0,27,1,0,83.58,2291.37,0,0,0,0,1,0,0,0,0,0,0,1,0,0,0,1,0,0,0,0,0,0,0
0,0,1,34,1,0,69.88,2398.3,0,0,0,1,1,0,0,0,0,0,0,0,0,0,0,0,0,1,1,0,0,1,0
0,1,1,11,1,1,86.91,996.33,1,0,0,1,1,0,0,1,0,0,0,0,0,1,0,0,0,1,0,0,0,1,0
1,1,1,8,1,1,80.86,635.23,1,1,0,0,1,0,0,0,0,0,0,0,0,1,0,1,0,0,0,0,0,0,0
0,1,1,4,1,1,78.57,337.28,1,0,0,0,1,0,0,0,0,1,0,0,0,0,0,0,0,0,0,0,0,0,1
0,0,1,7,1,0,45.59,286.32,1,0,0,0,0,0,0,0,0,0,0,0,0,0,0,0,0,0,0,0,0,1,0
0,1,0,34,1,1,21.9,774.66,0,0,0,1,0,1,1,0,1,0,1,0,1,0,1,0,1,0,0,0,0,0,0
0,0,0,24,1,1,59.77,1440.17,1,1,0,0,0,0,0,0,0,1,0,0,0,1,0,0,0,0,0,0,0,0,1
0,0,0,30,1,0,83.29,2497.36,0,0,0,0,1,0,0,0,0,0,0,0,0,1,0,1,0,0,1,0,0,1,0
1,1,1,29,1,1,77.45,2261.24,1,0,0,0,1,0,0,0,0,1,0,0,0,0,0,0,0,1,0,0,0,0,0
0,1,0,10,1,1,71.11,713.77,1,0,0,0,0,0,0,1,0,0,0,0,0,0,0,1,0,1,0,0,0,0,0
0,1,0,36,1,1,87.5,3162.68,0,1,0,0,1,0,0,0,0,0,0,1,0,1,0,1,0,0,0,1,0,0,1
0,0,1,63,1,1,63.89,4012.69,0,1,0,1,0,0,0,0,0,1,0,0,0,0,0,0,0,1,0,0,1,0,0
0,0,0,10,1,1,55.11,642.05,1,0,0,0,0,0,0,0,0,1,0,0,0,0,0,0,0,1,0,0,0,0,0
0,1,0,26,1,0,83.12,2133.84,1,0,0,1,1,0,0,0,0,0,0,1,0,1,0,1,0,0,0,0,1,0,0
0,0,1,45,1,1,18.48,836.57,0,0,0,0,0,1,1,0,1,0,1,0,1,0,1,0,1,0,0,1,0,0,1
0,1,0,57,1,1,66.57,3769.49,1,1,0,0,0,0,0,0,0,1,0,1,0,0,0,0,0,1,0,0,0,0,1
0,0,0,39,1,1,24.2,959.86,0,1,0,1,0,1,1,0,1,0,1,0,1,0,1,0,1,0,1,0,0,0,1
0,1,0,11,1,1,89.33,957.14,0,0,0,0,1,0,0,1,0,1,0,1,0,0,0,0,0,1,0,1,0,1,0
0,1,0,4,1,1,96.58,388.82,1,1,0,0,1,0,0,1,0,1,0,0,0,0,0,0,0,1,0,0,1,0,0
0,1,0,21,1,1,21.18,467.09,0,1,0,0,0,1,1,0,1,0,1,0,1,0,1,0,1,0,0,0,0,0,0
0,0,0,23,1,0,92.48,2126.27,1,0,0,0,1,0,0,1,0,1,0,0,0,0,0,1,0,1,1,0,0,1,0
0,0,0,57,1,0,91.51,5211.34,1,0,0,1,1,0,0,0,0,1,0,0,0,1,0,1,0,0,0,0,0,1,0
0,1,0,19,1,1,79.24,1505.69,1,0,0,0,1,0,0,0,0,0,0,1,0,0,0,0,0,0,0,0,0,1,0
0,1,0,10,1,1,85.19,857.88,1,1,0,1,1,0,0,1,0,0,0,0,0,0,0,0,0,1,0,0,1,0,0
1,0,0,14,0,0,18.25,266.02,0,1,1,0,0,1,1,0,1,0,1,0,1,0,1,0,1,0,0,1,0,0,1
0,1,0,39,1,1,78.98,3054.32,1,0,0,0,1,0,0,0,0,1,0,1,0,0,0,0,0,0,0,0,1,0,0
0,0,1,27,1,1,24.6,701.42,0,1,0,0,0,1,1,0,1,0,1,0,1,0,1,0,1,0,0,1,0,1,0
1,1,1,24,1,1,86.79,2073.36,1,1,0,1,1,0,0,0,0,1,0,0,0,1,0,0,0,1,0,0,0,1,0
0,1,1,58,1,1,73.3,4299.4,0,1,0,1,1,0,0,0,0,1,0,0,0,0,0,0,0,0,0,0,1,0,0
0,0,0,2,1,1,75.28,179.04,1,0,0,1,1,0,0,0,0,1,0,0,0,0,0,1,0,0,0,0,0,0,0
0,1,0,51,1,1,63.01,3207.63,1,0,0,1,0,0,0,0,0,0,0,0,0,0,0,1,0,1,1,0,1,0,0
1,0,0,0,1,0,83.03,0.0,1,0,0,0,1,0,0,0,0,0,0,0,0,0,0,1,0,1,1,0,1,0,0
0,1,0,49,0,1,86.97,4273.49,1,0,1,0,1,0,0,1,0,1,0,1,0,0,0,0,0,1,1,0,0,0,1
0,1,0,31,1,0,97.5,3036.31,1,1,0,0,1,0,0,1,0,0,0,1,0,1,0,0,0,0,0,0,0,0,0
0,0,0,29,1,1,78.82,2216.52,1,1,0,0,1,0,0,0,0,1,0,0,0,0,0,0,0,1,0,0,1,0,0
0,1,1,30,1,1,21.61,627.58,0,1,0,0,0,1,1,0,1,0,1,0,1,0,1,0,1,0,0,1,1,0,0
1,0,0,49,1,1,22.7,1089.37,0,1,0,0,0,1,1,0,1,0,1,0,1,0,1,0,1,0,0,0,0,0,1
0,0,0,9,1,1,60.3,458.49,0,1,0,0,0,0,0,1,0,0,0,0,0,0,0,1,0,0,1,0,1,0,0
0,0,0,42,1,1,70.24,2944.1,0,1,0,0,0,0,0,0,0,1,0,0,0,0,0,1,0,1,1,0,0,1,0
1,1,0,50,1,0,19.61,975.59,0,1,0,0,0,1,1,0,1,0,1,0,1,0,1,0,1,0,0,1,0,0,0
0,1,0,25,1,1,64.16,1573.4,0,0,0,0,0,0,0,1,0,0,0,0,0,1,0,1,0,0,1,0,0,0,0
0,1,0,16,1,1,18.25,296.71,0,0,0,1,0,1,1,0,1,0,1,0,1,0,1,0,1,0,0,0,0,1,0
0,0,0,5,1,1,85.67,373.53,1,1,0,0,1,0,0,1,0,1,0,0,0,0,0,1,0,0,0,0,0,0,0
0,1,1,72,1,0,87.6,6322.53,0,1,0,0,1,0,0,0,0,1,0,0,0,0,0,1,0,1,0,1,0,0,1
0,1,0,30,1,1,89.7,2708.43,1,0,0,1,1,0,0,1,0,1,0,0,0,0,0,1,0,0,0,0,0,0,1
0,0,0,4,1,1,90.12,304.95,1,0,0,1,1,0,0,0,0,1,0,0,0,0,0,1,0,1,0,0,0,0,0
0,1,0,11,1,1,53.84,594.2,0,0,0,0,0,0,0,0,0,0,0,0,0,1,0,0,0,0,0,1,0,0,0
0,0,0,17,1,0,59.39,983.68,0,1,0,0,0,0,0,0,0,0,0,0,0,1,0,1,0,0,1,0,0,0,0
0,1,0,51,0,0,71.03,3628.73,1,0,1,0,1,0,0,0,0,0,0,0,0,0,0,1,0,0,0,0,0,0,1
1,0,0,11,1,1,100.01,1100.74,0,1,0,1,1,0,0,0,0,1,0,1,0,1,0,1,0,0,1,0,0,1,0
0,0,0,16,1,0,60.36,993.05,0,1,0,0,0,0,0,1,0,1,0,0,0,0,0,0,0,0,0,1,0,0,0
0,1,1,45,1,0,50.13,2232.55,1,1,0,1,0,0,0,0,0,0,0,0,0,0,0,0,0,1,0,0,1,0,0
0,0,0,20,1,0,81.38,1579.09,1,1,0,0,1,0,0,0,0,0,0,0,0,0,0,1,0,1,0,0,0,0,0
0,0,1,29,1,1,91.89,2654.42,0,1,0,1,1,0,0,0,0,0,0,1,0,1,0,1,0,0,0,1,0,1,0
0,1,0,7,0,0,71.95,539.9,1,1,1,0,1,0,0,0,0,0,0,1,0,0,0,0,0,1,1,0,0,0,1
0,0,0,9,0,1,18.67,186.15,0,0,1,0,0,1,1,0,1,0,1,0,1,0,1,0,1,0,0,1,0,0,1
0,0,0,10,0,0,82.75,799.09,1,1,1,0,1,0,0,0,0,0,0,0,0,1,0,0,0,1,0,0,1,0,0
1,0,0,26,1,1,73.17,1867.4,0,1,0,0,1,0,0,0,0,1,0,0,0,0,0,0,0,0,0,1,1,0,0
0,0,0,28,1,1,66.24,1878.55,1,1,0,0,1,0,0,0,0,0,0,1,0,0,0,0,0,0,1,0,0,1,0
0,1,0,31,1,1,68.7,2147.84,0,1,0,1,1,0,0,0,0,0,0,0,0,0,0,0,0,0,1,0,0,1,0
0,1,0,58,1,1,21.62,1268.37,0,1,0,1,0,1,1,0,1,0,1,0,1,0,1,0,1,0,0,0,1,0,0
0,1,0,16,1,1,73.51,1166.8,0,1,0,0,0,0,0,0,0,1,0,1,0,1,0,0,0,0,0,0,0,0,0
0,1,1,5,1,1,78.78,379.53,1,1,0,1,1,0,0,1,0,0,0,0,0,0,0,0,0,0,0,0,1,0,0
0,1,0,46,1,0,48.24,2208.7,0,0,0,0,0,0,0,0,0,0,0,0,0,0,0,0,0,1,0,1,0,1,0
0,1,0,32,1,0,94.27,2991.45,1,0,0,0,1,0,0,1,0,1,0,0,0,0,0,1,0,0,0,0,0,0,0
0,1,0,44,1,1,82.74,3650.65,0,1,0,1,1,0,0,1,0,1,0,1,0,0,0,0,0,0,0,1,1,0,0
0,0,0,32,1,1,60.77,1974.6,1,0,0,1,0,0,0,0,0,0,0,1,0,0,0,1,0,0,0,0,0,0,1
0,1,1,17,1,1,78.25,1330.38,1,0,0,0,1,0,0,0,0,1,0,0,0,0,0,1,0,0,0,0,0,0,0
1,0,0,17,1,0,79.17,1355.45,1,0,0,0,1,0,0,1,0,0,0,0,0,1,0,0,0,0,0,0,0,1,0
0,0,0,14,1,1,21.64,314.83,0,0,0,0,0,1,1,0,1,0,1,0,1,0,1,0,1,0,0,0,1,0,0
0,0,0,65,1,1,21.13,1391.61,0,0,0,0,0,1,1,0,1,0,1,0,1,0,1,0,1,0,1,0,0,1,0
0,1,0,72,1,0,88.56,6366.18,0,0,0,1,1,0,0,0,0,0,0,1,0,1,0,0,0,1,0,1,0,0,1
0,0,1,40,1,0,66.62,2669.44,1,0,0,1,0,0,0,1,0,0,0,1,0,0,0,0,0,1,1,0,0,1,0
0,0,0,22,1,0,20.31,489.55,0,1,0,0,0,1,1,0,1,0,1,0,1,0,1,0,1,0,0,0,1,0,0
0,0,0,15,1,0,18.56,238.15,0,1,0,0,0,1,1,0,1,0,1,0,1,0,1,0,1,0,0,0,0,0,0
0,1,0,36,1,1,18.25,655.66,0,1,0,1,0,1,1,0,1,0,1,0,1,0,1,0,1,0,1,0,1,0,0
0,1,1,7,1,0,89.89,650.33,1,1,0,0,1,0,0,1,0,0,0,0,0,0,0,1,0,1,1,0,0,0,0
0,0,1,39,1,1,22.31,837.61,0,1,0,0,0,1,1,0,1,0,1,0,1,0,1,0,1,0,0,0,0,0,1
0,1,0,14,1,0,79.05,1090.19,1,1,0,1,1,0,0,0,0,0,0,0,0,1,0,0,0,1,0,0,1,0,0
0,0,0,1,1,0,59.95,104.12,0,0,0,1,0,0,0,0,0,1,0,0,0,0,0,0,0,1,0,1,0,1,0
0,0,0,72,1,1,92.34,6658.32,0,0,0,1,1,0,0,1,0,0,0,0,0,1,0,1,0,0,1,0,1,0,0
0,0,1,47,1,0,67.12,3152.16,0,0,0,0,0,0,0,0,0,0,0,0,0,0,0,1,0,1,0,0,0,1,0
0,0,0,6,1,1,65.75,404.61,1,1,0,0,0,0,0,1,0,0,0,0,0,0,0,0,0,1,0,0,0,0,1
0,0,0,53,1,1,67.05,3529.67,1,1,0,1,0,0,0,0,0,1,0,0,0,0,0,1,0,1,0,0,1,0,0
0,0,0,14,1,1,79.22,1134.15,0,0,0,1,1,0,0,0,0,0,0,1,0,0,0,1,0,0,1,0,0,0,0
1,0,0,52,1,0,18.25,963.51,0,0,0,1,0,1,1,0,1,0,1,0,1,0,1,0,1,0,1,0,1,0,0
0,1,1,25,1,1,18.25,451.33,0,0,0,0,0,1,1,0,1,0,1,0,1,0,1,0,1,0,0,0,0,0,0
0,0,1,27,1,1,19.86,527.26,0,0,0,0,0,1,1,0,1,0,1,0,1,0,1,0,1,0,0,1,0,0,1
0,0,1,28,0,1,56.88,1613.26,0,0,1,0,0,0,0,0,0,0,0,1,0,1,0,0,0,0,1,0,1,0,0
0,0,0,25,1,1,78.38,1966.11,1,1,0,0,1,0,0,0,0,0,0,0,0,0,0,1,0,1,0,0,0,0,1
0,1,0,10,1,1,21.42,254.66,0,1,0,1,0,1,1,0,1,0,1,0,1,0,1,0,1,0,0,1,0,0,0
0,1,1,72,1,0,89.99,6469.34,0,1,0,0,1,0,0,1,0,1,0,0,0,0,0,0,0,1,1,0,0,1,0
1,0,0,40,1,1,72.78,2932.05,1,0,0,0,0,0,0,1,0,1,0,1,0,0,0,0,0,0,0,0,0,1,0
0,1,0,8,1,1,18.25,127.41,1,0,0,0,0,1,1,0,1,0,1,0,1,0,1,0,1,0,0,0,1,0,0
1,0,0,16,1,1,76.18,1202.51,1,1,0,0,1,0,0,0,0,0,0,0,0,0,0,1,0,0,0,0,0,0,1
0,0,0,72,1,1,87.19,6271.56,0,0,0,0,1,0,0,0,0,1,0,0,0,1,0,1,0,1,0,1,0,0,0
0,1,0,6,1,0,55.92,387.83,0,1,0,0,0,0,0,1,0,0,0,0,0,0,0,0,0,0,0,1,0,1,0
0,1,1,39,1,1,18.25,679.35,0,1,0,0,0,1,1,0,1,0,1,0,1,0,1,0,1,0,0,0,0,1,0
0,0,0,10,1,0,21.59,188.59,0,1,0,0,0,1,1,0,1,0,1,0,1,0,1,0,1,0,1,0,0,0,1
0,1,0,14,1,1,19.02,271.45,0,1,0,1,0,1,1,0,1,0,1,0,1,0,1,0,1,0,0,0,0,1,0
0,0,0,25,1,0,57.8,1495.9,0,0,0,0,0,0,0,0,0,0,0,0,0,0,0,0,0,1,0,1,0,0,1
0,0,1,37,1,1,63.67,2362.39,1,1,0,0,0,0,0,0,0,1,0,0,0,0,0,0,0,1,0,0,0,0,1
0,0,0,29,1,0,19.9,565.17,0,0,0,0,0,1,1,0,1,0,1,0,1,0,1,0,1,0,1,0,0,0,0
0,1,0,9,1,0,21.77,186.37,0,0,0,0,0,1,1,0,1,0,1,0,1,0,1,0,1,0,0,1,0,0,0
0,1,0,72,1,1,24.53,1782.11,0,1,0,0,0,1,1,0,1,0,1,0,1,0,1,0,1,0,1,0,0,0,1
0,0,1,43,1,0,76.93,3279.64,0,1,0,1,1,0,0,0,0,1,0,0,0,1,0,0,0,0,0,0,0,0,0
1,1,0,61,1,1,82.91,5111.23,0,0,0,0,0,0,0,1,0,1,0,1,0,1,0,0,0,1,1,0,0,1,0
0,1,1,24,1,0,88.15,2066.53,1,1,0,0,1,0,0,1,0,0,0,1,0,0,0,1,0,0,0,0,0,1,0
0,0,0,46,1,1,58.57,2675.17,0,0,0,1,0,0,0,0,0,0,0,0,0,0,0,1,0,0,1,0,1,0,0
0,1,1,61,1,1,74.13,4550.35,1,1,0,1,1,0,0,0,0,0,0,0,0,0,0,1,0,0,0,0,1,0,0
0,1,0,34,1,1,64.98,2213.77,1,0,0,1,0,0,0,0,0,0,0,1,0,0,0,1,0,1,0,0,0,1,0
0,0,1,33,1,1,91.79,3027.39,0,0,0,0,1,0,0,0,0,1,0,0,0,0,0,1,0,1,0,1,1,0,0
0,1,0,39,1,1,90.58,3533.1,0,1,0,0,1,0,0,1,0,1,0,1,0,0,0,0,0,1,0,0,1,0,0
0,1,0,38,1,1,19.83,777.55,0,1,0,0,0,1,1,0,1,0,1,0,1,0,1,0,1,0,0,1,1,0,0
0,1,0,35,1,0,65.45,2294.79,1,0,0,0,0,0,0,0,0,0,0,0,0,1,0,1,0,0,0,0,0,1,0
0,0,1,50,1,1,18.25,913.78,0,1,0,0,0,1,1,0,1,0,1,0,1,0,1,0,1,0,0,0,0,1,0
1,0,1,24,1,1,67.51,1589.46,0,1,0,1,0,0,0,0,0,0,0,1,0,0,0,1,0,1,0,1,0,0,1
1,0,1,71,1,0,21.87,1529.53,0,1,0,0,0,1,1,0,1,0,1,0,1,0,1,0,1,0,1,0,0,1,0
0,0,1,3,1,1,73.57,241.51,1,1,0,0,1,0,0,0,0,1,0,0,0,0,0,0,0,0,0,0,0,0,0
0,1,0,45,1,0,42.19,1920.65,0,0,0,0,0,0,0,0,0,0,0,0,0,0,0,0,0,0,1,0,0,0,1
0,0,0,68,1,1,24.37,1646.35,0,0,0,1,0,1,1,0,1,0,1,0,1,0,1,0,1,0,0,0,0,0,1
0,1,0,16,1,0,60.07,959.93,0,1,0,0,0,0,0,0,0,0,0,0,0,0,0,1,0,1,0,1,0,0,0
0,0,0,19,1,0,86.34,1662.71,1,0,0,0,1,0,0,0,0,1,0,1,0,1,0,0,0,1,0,0,0,0,1
0,0,0,72,1,0,19.14,1351.31,0,1,0,0,0,1,1,0,1,0,1,0,1,0,1,0,1,0,0,0,0,1,0
0,1,0,45,1,1,91.93,4172.99,0,1,0,0,1,0,0,0,0,0,0,1,0,0,0,1,0,1,0,1,0,1,0
0,0,0,47,1,0,98.8,4698.66,1,0,0,1,1,0,0,0,0,1,0,0,0,1,0,1,0,1,0,0,0,0,0
0,0,0,23,1,1,72.69,1660.19,0,0,0,1,1,0,0,0,0,0,0,1,0,0,0,0,0,1,0,1,0,1,0
1,1,0,21,1,1,59.79,1304.96,1,1,0,0,0,0,0,0,0,0,0,1,0,0,0,0,0,1,0,0,1,0,0
1,0,1,23,0,1,87.12,2023.3,1,1,1,0,1,0,0,1,0,1,0,0,0,0,0,0,0,1,0,0,0,0,1
0,0,0,21,1,1,19.64,411.54,0,0,0,1,0,1,1,0,1,0,1,0,1,0,1,0,1,0,0,0,1,0,0
0,1,0,23,1,0,60.05,1413.88,0,0,0,0,0,0,0,0,0,0,0,0,0,1,0,0,0,1,0,0,1,0,0
0,1,0,41,0,1,72.95,2932.95,1,1,1,0,0,0,0,1,0,0,0,1,0,1,0,0,0,0,0,0,0,0,0
0,0,0,20,1,1,68.32,1333.65,1,1,0,1,0,0,0,0,0,1,0,0,0,1,0,0,0,1,0,0,1,0,0
0,1,1,10,1,0,75.3,726.59,1,0,0,0,1,0,0,0,0,1,0,0,0,1,0,0,0,0,0,0,0,1,0
1,1,0,66,1,0,18.76,1238.25,0,1,0,0,0,1,1,0,1,0,1,0,1,0,1,0,1,0,1,0,0,0,0
0,0,0,16,1,0,18.25,305.23,0,1,0,0,0,1,1,0,1,0,1,0,1,0,1,0,1,0,0,0,0,0,1
0,0,0,19,1,0,100.17,1897.34,1,1,0,0,1,0,0,1,0,1,0,0,0,1,0,1,0,1,0,0,0,0,0
1,1,0,7,1,0,73.07,499.13,1,1,0,0,1,0,0,0,0,0,0,0,0,0,0,1,0,1,0,0,1,0,0
0,1,0,34,1,1,105.44,3590.07,1,1,0,1,1,0,0,1,0,1,0,1,0,1,0,0,0,1,0,0,0,1,0
0,0,0,15,1,0,102.77,1538.49,0,0,0,0,1,0,0,1,0,0,0,1,0,0,0,1,0,1,0,1,0,0,1
0,0,0,9,1,0,64.69,569.95,0,0,0,0,0,0,0,1,0,0,0,1,0,0,0,0,0,0,0,0,0,0,0
0,0,0,53,1,1,78.66,4167.38,1,0,0,1,1,0,0,1,0,0,0,1,0,1,0,0,0,0,0,0,0,1,0
0,0,0,72,1,1,86.2,6232.5,1,0,0,1,1,0,0,0,0,1,0,0,0,0,0,0,0,1,0,0,0,0,0
0,1,0,17,1,1,23.39,432.89,0,1,0,1,0,1,1,0,1,0,1,0,1,0,1,0,1,0,1,0,0,1,0
0,0,0,45,1,1,94.21,4260.76,0,1,0,0,1,0,0,0,0,1,0,0,0,0,0,1,0,1,0,0,0,0,1
0,0,0,36,1,0,84.19,2991.74,1,0,0,1,1,0,0,1,0,1,0,1,0,0,0,0,0,0,0,0,1,0,0
0,0,0,31,1,0,93.84,2951.73,1,1,0,0,1,0,0,1,0,1,0,0,0,1,0,0,0,0,0,1,0,0,0
0,1,0,9,1,1,20.49,137.21,0,0,0,0,0,1,1,0,1,0,1,0,1,0,1,0,1,0,0,0,0,0,1
1,1,0,33,1,1,56.93,1874.32,1,0,0,0,0,0,0,0,0,0,0,0,0,1,0,0,0,1,1,0,0,0,1
0,0,1,46,1,1,94.81,4344.9,1,1,0,0,1,0,0,1,0,0,0,1,0,1,0,1,0,0,1,0,0,0,0
0,0,1,72,1,1,23.94,1759.93,0,1,0,0,0,1,1,0,1,0,1,0,1,0,1,0,1,0,1,0,0,0,1
0,0,1,3,1,0,78.93,238.36,0,1,0,0,1,0,0,0,0,1,0,0,0,1,0,0,0,0,0,0,0,1,0
0,1,1,45,1,0,22.09,996.23,0,1,0,0,0,1,1,0,1,0,1,0,1,0,1,0,1,0,0,1,0,1,0
0,0,0,31,1,1,24.48,751.26,0,1,0,0,0,1,1,0,1,0,1,0,1,0,1,0,1,0,0,0,1,0,0
0,1,0,23,1,0,80.42,1826.78,0,1,0,1,1,0,0,0,0,1,0,0,0,1,0,0,0,0,0,0,0,1,0
0,0,0,66,1,1,72.47,4741.73,1,0,0,1,0,0,0,0,0,0,0,1,0,1,0,1,0,1,0,0,0,1,0
0,0,0,17,1,1,98.51,1674.63,0,0,0,0,1,0,0,1,0,1,0,1,0,1,0,0,0,1,0,1,0,1,0
0,0,1,72,1,1,99.94,7194.13,1,0,0,0,1,0,0,1,0,0,0,1,0,1,0,1,0,1,0,1,0,0,0
0,1,0,3,1,0,79.27,231.41,0,1,0,0,1,0,0,1,0,0,0,0,0,0,0,0,0,1,0,1,0,0,0
0,0,1,21,1,1,94.95,1990.14,1,1,0,0,1,0,0,0,0,0,0,1,0,1,0,1,0,1,0,0,0,1,0
0,1,1,54,1,0,81.68,4422.86,1,1,0,0,1,0,0,0,0,0,0,0,0,0,0,1,0,1,0,0,0,0,0
0,0,0,32,1,1,54.96,1741.91,0,1,0,1,0,0,0,0,0,0,0,0,0,0,0,1,0,0,1,0,0,0,1
0,0,1,15,0,1,88.86,1321.55,1,0,1,0,1,0,0,0,0,1,0,0,0,0,0,1,0,1,0,1,0,0,1
0,0,0,18,1,1,21.43,434.08,0,1,0,1,0,1,1,0,1,0,1,0,1,0,1,0,1,0,0,1,0,0,1
0,0,0,39,1,1,82.69,3247.29,1,1,0,1,1,0,0,0,0,1,0,1,0,0,0,0,0,1,0,0,1,0,0
0,0,0,13,1,0,69.98,909.82,0,0,0,0,0,0,0,0,0,0,0,1,0,1,0,1,0,1,0,1,0,1,0
0,1,0,72,1,1,88.47,6344.17,1,1,0,1,1,0,0,1,0,1,0,0,0,0,0,1,0,0,0,0,0,1,0
0,1,0,26,1,0,56.69,1485.57,1,1,0,1,0,0,0,0,0,0,0,1,0,0,0,0,0,0,0,0,0,1,0
0,0,0,24,1,0,57.54,1356.71,0,1,0,1,0,0,0,0,0,0,0,1,0,0,0,0,0,1,0,0,1,0,0
0,0,0,36,0,0,74.82,2658.65,0,0,1,0,0,0,0,1,0,1,0,1,0,0,0,1,0,0,1,0,0,1,0
0,0,0,7,1,1,93.62,685.41,1,0,0,0,1,0,0,1,0,0,0,0,0,1,0,1,0,1,0,0,0,1,0
0,1,1,32,1,0,70.69,2309.47,0,1,0,0,0,0,0,1,0,1,0,0,0,0,0,1,0,0,1,0,1,0,0
0,1,0,72,1,1,65.71,4695.16,0,0,0,1,0,0,0,0,0,0,0,0,0,1,0,1,0,1,0,0,1,0,0
0,0,1,25,1,1,61.85,1538.61,0,0,0,1,0,0,0,0,0,0,0,0,0,1,0,0,0,1,0,0,0,0,0
0,0,1,31,1,1,21.8,681.31,0,0,0,1,0,1,1,0,1,0,1,0,1,0,1,0,1,0,0,1,0,0,0
0,0,0,49,1,1,55.24,2695.8,0,1,0,0,0,0,0,0,0,1,0,0,0,0,0,0,0,0,0,1,0,1,0
0,1,0,72,1,1,73.11,5273.31,1,1,0,0,1,0,0,0,0,0,0,0,0,0,0,1,0,0,1,0,0,1,0
0,1,1,32,1,1,67.37,2171.5,1,0,0,1,0,0,0,1,0,1,0,0,0,0,0,0,0,1,0,0,0,0,1
0,1,0,23,1,1,18.25,429.84,0,1,0,0,0,1,1,0,1,0,1,0,1,0,1,0,1,0,0,1,0,0,1
0,1,1,53,1,0,60.6,3189.23,1,0,0,1,0,0,0,0,0,0,0,1,0,0,0,0,0,1,0,0,0,0,1
0,0,0,13,1,0,82.86,1070.69,1,0,0,0,1,0,0,0,0,1,0,1,0,1,0,0,0,0,0,0,1,0,0
0,1,0,71,1,0,67.58,4787.73,0,1,0,0,0,0,0,1,0,1,0,1,0,0,0,0,0,1,0,0,0,0,1
0,1,0,58,1,0,94.79,5479.62,0,0,0,0,1,0,0,0,0,1,0,1,0,1,0,0,0,1,0,0,0,0,0
0,0,1,51,1,1,69.09,3501.28,1,0,0,0,0,0,0,0,0,1,0,0,0,0,0,1,0,1,1,0,0,0,1
0,1,0,37,1,0,68.49,2530.59,0,0,0,0,0,0,0,0,0,1,0,1,0,0,0,1,0,1,0,0,0,0,1
0,0,0,44,0,1,59.07,2550.73,1,1,1,0,1,0,0,0,0,0,0,0,0,0,0,0,0,0,1,0,1,0,0
0,1,0,44,1,1,20.66,881.58,0,0,0,1,0,1,1,0,1,0,1,0,1,0,1,0,1,0,0,1,0,0,0
0,1,1,35,1,0,20.83,788.43,1,0,0,0,0,1,1,0,1,0,1,0,1,0,1,0,1,0,0,0,0,0,1
0,1,0,17,1,1,20.39,339.33,0,0,0,0,0,1,1,0,1,0,1,0,1,0,1,0,1,0,0,0,0,1,0
0,0,0,45,1,0,79.66,3539.84,1,0,0,1,1,0,0,1,0,0,0,0,0,0,0,0,0,1,1,0,1,0,0
1,1,0,9,1,1,89.21,859.45,0,0,0,0,1,0,0,1,0,1,0,0,0,0,0,1,0,0,1,0,0,0,0
1,0,0,11,1,0,23.02,256.39,1,1,0,1,0,1,1,0,1,0,1,0,1,0,1,0,1,0,1,0,0,0,0
0,0,0,72,1,1,62.66,4477.07,0,1,0,1,0,0,0,0,0,0,0,1,0,0,0,1,0,0,0,0,0,0,1
0,1,0,10,1,1,65.52,668.94,1,1,0,1,0,0,0,0,0,0,0,0,0,0,0,1,0,1,0,0,0,0,0
0,0,0,62,1,0,54.69,3399.06,0,1,0,0,0,0,0,0,0,1,0,0,0,0,0,0,0,1,0,1,0,0,1
0,1,1,10,1,0,22.3,210.87,0,0,0,1,0,1,1,0,1,0,1,0,1,0,1,0,1,0,0,0,0,1,0
0,1,0,24,1,0,21.22,483.89,0,0,0,0,0,1,1,0,1,0,1,0,1,0,1,0,1,0,0,0,0,0,0
0,0,0,26,1,1,70.93,1819.62,0,1,0,1,0,0,0,0,0,1,0,1,0,0,0,0,0,1,1,0,0,0,0
0,1,0,6,1,1,83.63,517.15,1,0,0,1,1,0,0,0,0,0,0,1,0,1,0,0,0,0,0,0,0,1,0
0,0,0,41,1,0,102.27,4194.13,0,0,0,0,1,0,0,1,0,1,0,1,0,0,0,1,0,0,0,1,0,0,1
0,0,0,7,0,1,89.48,638.6,1,1,1,0,1,0,0,1,0,1,0,1,0,0,0,0,0,0,1,0,1,0,0
0,1,0,8,1,1,54.54,471.79,0,0,0,0,0,0,0,0,0,0,0,0,0,0,0,1,0,0,0,1,0,0,1
0,1,0,7,1,0,103.9,716.08,1,0,0,0,1,0,0,1,0,1,0,0,0,0,0,1,0,1,0,1,0,0,1
0,0,0,2,0,1,74.87,193.86,0,0,1,0,0,0,0,0,0,0,0,1,0,1,0,1,0,1,0,0,0,1,0
0,0,0,51,1,0,68.83,3505.14,0,1,0,0,0,0,0,1,0,1,0,0,0,0,0,1,0,0,1,0,0,0,0
0,1,0,18,1,1,74.58,1359.58,1,0,0,1,1,0,0,0,0,1,0,0,0,0,0,1,0,0,0,0,0,1,0
0,0,1,22,1,1,55.46,1213.2,0,0,0,1,0,0,0,0,0,0,0,0,0,0,0,1,0,0,0,0,0,0,0
0,1,0,24,1,1,96.87,2344.3,1,0,0,0,1,0,0,1,0,1,0,0,0,1,0,0,0,1,0,0,1,0,0
0,0,1,18,1,0,74.9,1404.38,0,0,0,1,0,0,0,1,0,0,0,0,0,1,0,1,0,0,0,1,0,0,1
0,1,0,10,0,0,18.9,237.27,0,0,1,0,0,1,1,0,1,0,1,0,1,0,1,0,1,0,0,0,0,1,0
0,1,0,17,1,0,83.69,1450.71,0,1,0,1,1,0,0,1,0,1,0,0,0,0,0,0,0,0,0,1,1,0,0
0,0,1,24,0,0,60.94,1479.4,0,0,1,0,1,0,0,0,0,0,0,0,0,0,0,0,0,0,0,0,0,1,0
1,0,0,9,1,1,69.85,601.06,0,1,0,1,0,0,0,1,0,0,0,1,0,0,0,1,0,0,0,0,0,1,0
0,0,0,17,1,0,82.99,1394.73,0,0,0,1,0,0,0,0,0,1,0,1,0,0,0,1,0,1,0,1,0,1,0
0,0,1,56,0,0,48.65,2694.75,0,1,1,0,0,0,0,0,0,0,0,1,0,0,0,0,0,0,0,0,0,0,1
0,1,0,17,1,1,91.1,1516.57,0,1,0,0,1,0,0,1,0,0,0,0,0,0,0,1,0,1,0,1,0,1,0
0,1,1,36,1,1,74.13,2672.17,0,0,0,0,0,0,0,1,0,0,0,0,0,1,0,1,0,0,1,0,0,0,1
0,0,1,40,1,1,87.73,3495.28,1,1,0,0,1,0,0,1,0,1,0,0,0,0,0,1,0,0,0,1,0,0,0
0,1,0,4,1,1,75.74,330.31,1,0,0,0,1,0,0,0,0,1,0,0,0,0,0,0,0,1,1,0,0,0,0
0,0,1,41,1,1,23.79,979.22,0,1,0,1,0,1,1,0,1,0,1,0,1,0,1,0,1,0,0,0,1,0,0
0,1,0,51,1,0,91.37,4660.13,0,0,0,0,1,0,0,0,0,0,0,1,0,1,0,1,0,1,1,0,1,0,0
0,0,0,38,1,1,69.28,2656.03,1,0,0,1,1,0,0,0,0,0,0,0,0,0,0,0,0,0,1,0,0,0,0
0,0,0,20,1,1,18.25,354.09,0,1,0,0,0,1,1,0,1,0,1,0,1,0,1,0,1,0,0,0,0,0,1
0,0,0,7,1,0,74.04,494.9,1,0,0,1,1,0,0,0,0,0,0,0,0,0,0,1,0,1,0,0,0,1,0
0,1,0,39,1,0,71.43,2805.71,1,1,0,0,0,0,0,0,0,1,0,1,0,0,0,0,0,1,0,0,0,0,1
0,0,0,17,0,1,50.75,909.12,1,0,1,0,0,0,0,0,0,0,0,0,0,0,0,1,0,0,0,0,0,0,1
0,0,0,22,1,1,40.5,851.81,1,0,0,0,0,0,0,0,0,0,0,0,0,0,0,0,0,0,0,0,0,1,0
0,0,0,13,0,1,71.34,912.73,1,0,1,0,1,0,0,1,0,0,0,0,0,0,0,0,0,0,0,1,0,1,0
0,0,0,24,1,0,56.2,1368.46,0,1,0,1,0,0,0,0,0,0,0,0,0,1,0,0,0,0,0,1,0,0,1
0,1,0,23,1,1,76.59,1770.27,1,1,0,1,1,0,0,1,0,0,0,0,0,0,0,0,0,0,0,0,1,0,0
0,1,0,10,0,1,62.5,588.23,1,0,1,0,0,0,0,1,0,0,0,0,0,0,0,1,0,1,0,0,0,0,1
0,1,0,35,1,1,68.95,2398.3,0,0,0,1,1,0,0,0,0,0,0,0,0,0,0,0,0,1,0,0,0,1,0
1,0,0,72,1,1,85.28,6159.51,1,1,0,0,1,0,0,0,0,1,0,1,0,1,0,0,0,0,0,0,0,0,1
0,0,0,54,1,1,64.63,3506.68,0,1,0,0,0,0,0,1,0,1,0,0,0,0,0,1,0,0,1,0,1,0,0
0,1,0,72,1,1,64.19,4614.35,0,1,0,0,0,0,0,1,0,0,0,1,0,0,0,0,0,1,0,0,1,0,0
0,0,1,17,1,1,18.27,322.24,0,0,0,1,0,1,1,0,1,0,1,0,1,0,1,0,1,0,0,0,1,0,0
1,1,0,11,1,1,85.48,870.35,0,1,0,0,1,0,0,1,0,0,0,1,0,1,0,0,0,0,0,0,1,0,0
0,0,0,4,1,0,18.6,75.3,1,1,0,1,0,1,1,0,1,0,1,0,1,0,1,0,1,0,0,0,0,0,0
0,1,0,21,1,1,71.53,1510.56,0,0,0,1,0,0,0,1,0,0,0,0,0,0,0,0,0,1,0,1,0,0,1
0,1,0,23,1,1,86.59,1959.72,1,1,0,0,1,0,0,0,0,0,0,1,0,1,0,1,0,0,0,1,0,1,0
0,1,0,27,1,1,75.03,2045.56,1,0,0,0,0,0,0,0,0,1,0,0,0,1,0,1,0,1,0,0,1,0,0
0,0,0,10,1,1,91.42,911.83,1,1,0,1,1,0,0,0,0,1,0,0,0,1,0,1,0,1,0,0,0,0,1
0,0,1,31,1,1,95.76,2954.81,1,0,0,1,1,0,0,0,0,1,0,0,0,1,0,1,0,1,0,0,0,0,0
1,1,0,26,1,0,69.25,1797.14,1,0,0,0,0,0,0,1,0,1,0,0,0,0,0,1,0,0,0,0,0,0,1
0,0,0,31,1,0,82.78,2493.81,0,0,0,1,1,0,0,1,0,1,0,0,0,1,0,0,0,0,0,0,0,1,0
0,0,0,36,1,0,61.84,2244.5,0,1,0,1,0,0,0,0,0,1,0,0,0,1,0,1,0,0,1,0,0,0,0
0,1,0,28,0,1,50.3,1439.06,1,0,1,0,0,0,0,0,0,0,0,0,0,0,0,1,0,0,0,0,0,0,0
1,0,0,53,1,1,91.55,4877.29,0,0,0,1,1,0,0,1,0,0,0,1,0,0,0,0,0,1,0,1,1,0,0
0,1,0,35,1,0,43.89,1519.07,0,1,0,0,0,0,0,0,0,0,0,0,0,0,0,0,0,0,0,0,1,0,0
0,0,0,26,1,0,89.77,2341.3,1,1,0,0,1,0,0,0,0,1,0,0,0,1,0,0,0,1,0,1,0,1,0
0,0,0,14,0,0,90.41,1299.28,0,1,1,0,1,0,0,1,0,1,0,1,0,0,0,1,0,0,1,0,1,0,0
0,1,0,21,1,0,87.97,1829.63,0,0,0,0,1,0,0,0,0,1,0,0,0,0,0,1,0,1,0,0,1,0,0
0,0,0,7,1,0,56.35,402.57,0,0,0,0,0,0,0,0,0,0,0,1,0,0,0,0,0,0,1,0,0,0,0
0,1,0,46,1,1,61.95,2845.05,1,0,0,1,0,0,0,0,0,1,0,1,0,0,0,0,0,0,1,0,0,1,0
0,0,0,14,1,1,75.81,1056.23,1,0,0,1,1,0,0,0,0,0,0,0,0,1,0,0,0,0,0,0,1,0,0
1,0,1,11,0,1,18.68,256.79,0,0,1,0,0,1,1,0,1,0,1,0,1,0,1,0,1,0,0,0,0,0,0
1,1,1,8,1,1,21.21,164.29,0,1,0,1,0,1,1,0,1,0,1,0,1,0,1,0,1,0,1,0,0,1,0
0,0,0,14,1,1,92.35,1298.52,1,1,0,0,1,0,0,1,0,1,0,0,0,1,0,0,0,0,0,0,0,0,0
0,1,0,17,1,0,88.86,1524.29,0,0,0,0,1,0,0,1,0,1,0,0,0,0,0,1,0,0,0,0,0,0,1
0,0,0,60,1,0,82.18,5012.25,0,1,0,0,1,0,0,0,0,1,0,1,0,0,0,0,0,1,0,1,1,0,0
0,0,0,14,1,1,21.65,283.36,0,0,0,0,0,1,1,0,1,0,1,0,1,0,1,0,1,0,0,1,0,1,0
0,0,0,70,1,1,82.94,5783.7,1,0,0,0,1,0,0,0,0,1,0,0,0,1,0,0,0,1,1,0,0,0,1
0,0,1,61,0,1,87.59,5338.52,0,1,1,0,1,0,0,0,0,1,0,1,0,0,0,0,0,1,1,0,1,0,0
0,0,1,59,0,0,41.21,2414.74,0,0,1,0,0,0,0,0,0,0,0,0,0,0,0,0,0,0,1,0,0,0,0
0,1,0,39,1,1,24.91,990.34,0,1,0,0,0,1,1,0,1,0,1,0,1,0,1,0,1,0,0,0,0,0,1
0,1,1,5,1,0,89.14,454.11,1,0,0,0,1,0,0,0,0,1,0,1,0,0,0,1,0,0,0,0,0,1,0
0,0,1,55,0,1,73.11,3991.35,0,0,1,0,1,0,0,0,0,0,0,1,0,0,0,0,0,1,0,0,0,0,0
0,1,0,6,0,0,67.94,404.29,1,0,1,0,0,0,0,0,0,1,0,0,0,1,0,1,0,0,0,0,0,0,1
0,1,0,10,1,0,48.68,495.6,0,1,0,0,0,0,0,0,0,0,0,0,0,0,0,1,0,0,0,0,0,0,0
0,1,0,17,1,1,66.45,1177.86,1,1,0,1,1,0,0,0,0,0,0,0,0,0,0,0,0,0,0,0,0,0,1
0,0,1,15,1,1,23.97,361.8,0,1,0,0,0,1,1,0,1,0,1,0,1,0,1,0,1,0,0,0,0,0,1
0,0,0,47,1,0,85.1,3989.96,1,1,0,1,1,0,0,0,0,1,0,0,0,0,0,1,0,0,0,0,0,1,0
0,1,0,43,1,0,95.25,4104.51,0,1,0,1,1,0,0,1,0,1,0,1,0,1,0,0,0,0,0,1,1,0,0
1,1,0,23,1,1,64.73,1479.78,0,1,0,1,0,0,0,1,0,0,0,0,0,1,0,0,0,0,0,1,0,0,0
1,0,0,39,1,1,63.04,2478.3,1,0,0,1,0,0,0,1,0,0,0,1,0,0,0,0,0,0,0,0,1,0,0
0,1,0,29,1,1,90.19,2623.86,1,1,0,0,1,0,0,0,0,0,0,1,0,1,0,0,0,1,0,0,0,0,1
1,0,1,25,0,0,19.07,447.13,0,1,1,0,0,1,1,0,1,0,1,0,1,0,1,0,1,0,0,0,0,0,0
0,0,1,19,1,0,76.56,1502.46,1,0,0,0,1,0,0,0,0,0,0,1,0,0,0,0,0,1,0,0,0,1,0
1,0,0,13,1,1,59.42,781.28,0,0,0,1,0,0,0,1,0,0,0,0,0,0,0,0,0,0,0,0,0,0,1
1,1,1,1,0,1,77.17,60.97,1,0,1,0,1,0,0,0,0,1,0,0,0,0,0,0,0,0,0,1,0,1,0
0,0,1,46,1,1,92.08,4221.62,1,0,0,0,1,0,0,0,0,1,0,1,0,1,0,0,0,1,0,0,0,1,0
1,0,1,14,1,1,87.78,1258.53,1,0,0,1,1,0,0,0,0,0,0,0,0,0,0,1,0,1,1,0,0,1,0
0,1,0,15,1,1,101.45,1491.04,0,0,0,0,1,0,0,1,0,1,0,1,0,1,0,0,0,0,0,1,0,0,1
0,0,0,13,1,1,18.25,241.3,1,0,0,1,0,1,1,0,1,0,1,0,1,0,1,0,1,0,0,0,0,1,0
1,1,0,31,1,1,94.17,2916.92,0,0,0,0,1,0,0,1,0,0,0,0,0,1,0,1,0,1,1,0,0,0,1
0,0,0,37,0,1,48.81,1831.1,1,1,1,0,0,0,0,0,0,0,0,0,0,1,0,0,0,0,0,0,1,0,0
0,0,0,16,0,1,49.63,798.29,0,1,1,0,0,0,0,0,0,0,0,1,0,0,0,0,0,0,1,0,0,1,0
0,1,1,26,1,1,78.57,2044.54,0,1,0,1,1,0,0,0,0,0,0,0,0,1,0,1,0,0,0,0,0,1,0
0,1,0,17,1,1,21.0,350.84,0,1,0,1,0,1,1,0,1,0,1,0,1,0,1,0,1,0,0,0,0,0,0
1,1,0,47,1,0,87.18,4093.82,1,0,0,0,1,0,0,0,0,0,0,1,0,1,0,0,0,1,0,0,0,1,0
1,1,0,33,0,1,19.33,658.2,0,1,1,0,0,1,1,0,1,0,1,0,1,0,1,0,1,0,0,1,0,1,0
0,0,1,3,1,0,58.85,163.11,1,1,0,0,0,0,0,1,0,1,0,0,0,1,0,0,0,0,0,0,0,1,0
1,1,0,36,1,1,55.54,2007.98,0,1,0,0,0,0,0,0,0,0,0,0,0,1,0,0,0,1,0,1,1,0,0
0,0,0,27,1,0,75.2,2060.66,1,0,0,0,0,0,0,0,0,1,0,1,0,1,0,1,0,0,0,0,0,0,1
1,1,1,12,0,1,72.58,843.19,1,1,1,0,1,0,0,0,0,0,0,0,0,0,0,0,0,1,0,0,1,0,0
0,0,0,11,1,0,82.9,925.76,1,0,0,0,1,0,0,0,0,1,0,0,0,0,0,0,0,1,0,0,0,1,0
0,0,1,43,1,1,18.94,825.75,0,0,0,0,0,1,1,0,1,0,1,0,1,0,1,0,1,0,0,1,0,1,0
0,0,1,45,1,1,101.05,4564.16,0,1,0,1,1,0,0,0,0,1,0,1,0,0,0,1,0,1,1,0,0,0,0
0,0,1,29,1,0,86.01,2483.9,0,0,0,0,1,0,0,1,0,0,0,0,0,1,0,1,0,0,0,0,1,0,0
0,0,0,16,1,0,70.8,1185.29,0,1,0,0,1,0,0,0,0,0,0,0,0,1,0,0,0,0,0,1,0,0,0
0,0,1,12,1,0,76.85,915.8,0,1,0,1,1,0,0,0,0,1,0,1,0,0,0,0,0,0,0,1,0,1,0
0,0,0,13,1,1,65.96,906.4,0,0,0,1,0,0,0,0,0,1,0,0,0,0,0,0,0,1,0,0,1,0,0
0,1,0,19,1,1,64.92,1248.54,1,0,0,0,1,0,0,0,0,0,0,0,0,0,0,0,0,0,0,0,1,0,0
0,1,0,52,1,1,82.87,4355.14,1,1,0,0,1,0,0,0,0,0,0,0,0,0,0,1,0,1,1,0,0,0,1
0,1,0,4,1,0,91.36,420.27,1,0,0,1,1,0,0,1,0,1,0,0,0,0,0,0,0,1,0,0,1,0,0
0,0,1,26,1,1,21.54,569.32,1,1,0,0,0,1,1,0,1,0,1,0,1,0,1,0,1,0,0,0,1,0,0
0,0,0,19,1,0,99.64,1927.63,0,0,0,0,1,0,0,0,0,1,0,0,0,1,0,1,0,1,1,0,0,0,0
0,0,0,34,1,0,20.45,741.73,0,0,0,0,0,1,1,0,1,0,1,0,1,0,1,0,1,0,1,0,0,1,0
0,0,0,10,1,1,24.27,282.31,0,0,0,1,0,1,1,0,1,0,1,0,1,0,1,0,1,0,0,0,0,0,0
0,1,1,21,1,0,77.74,1603.99,1,0,0,1,1,0,0,0,0,0,0,1,0,0,0,0,0,1,0,0,1,0,0
0,0,0,44,1,1,57.3,2509.94,0,1,0,0,0,0,0,0,0,0,0,1,0,0,0,1,0,0,0,0,0,1,0
0,1,0,29,1,1,87.32,2531.92,1,0,0,1,1,0,0,1,0,1,0,0,0,0,0,0,0,1,1,0,0,1,0
0,1,0,17,1,1,82.19,1421.6,1,0,0,1,1,0,0,0,0,0,0,0,0,1,0,0,0,1,0,0,0,0,1
0,0,0,12,1,1,75.87,892.33,1,0,0,1,0,0,0,0,0,0,0,1,0,1,0,1,0,1,0,0,0,0,0
1,1,0,61,0,1,21.86,1311.59,0,1,1,0,0,1,1,0,1,0,1,0,1,0,1,0,1,0,0,0,0,0,1
0,0,0,7,1,1,47.99,344.17,0,1,0,1,0,0,0,0,0,0,0,0,0,0,0,1,0,0,0,0,1,0,0
0,0,1,66,1,1,83.13,5479.64,1,1,0,0,1,0,0,0,0,0,0,1,0,1,0,0,0,0,1,0,1,0,0
0,0,0,28,1,1,63.45,1749.46,1,1,0,0,0,0,0,0,0,1,0,1,0,0,0,0,0,1,0,0,1,0,0
0,1,1,23,1,1,94.74,2178.44,1,1,0,0,1,0,0,1,0,0,0,1,0,1,0,0,0,1,1,0,0,1,0
0,1,1,51,1,0,67.96,3468.84,1,1,0,1,1,0,0,0,0,0,0,0,0,0,0,0,0,0,0,0,0,1,0
0,1,1,53,1,1,93.09,4959.03,0,0,0,0,1,0,0,1,0,1,0,1,0,0,0,1,0,0,0,0,0,1,0
1,0,1,27,0,0,57.2,1534.55,0,1,1,0,0,0,0,0,0,0,0,1,0,0,0,0,0,1,0,0,0,0,0
1,1,0,35,1,0,72.71,2516.85,0,0,0,0,1,0,0,0,0,0,0,0,0,0,0,0,0,1,0,1,0,0,0
0,1,0,9,1,0,94.25,877.79,1,0,0,1,1,0,0,0,0,0,0,1,0,1,0,1,0,1,0,0,0,0,1
0,0,0,21,1,1,68.11,1431.34,1,0,0,1,0,0,0,0,0,1,0,1,0,0,0,1,0,1,0,0,0,0,1
0,0,0,14,1,1,60.23,854.72,1,1,0,0,0,0,0,0,0,1,0,1,0,0,0,0,0,0,0,0,0,0,1
0,0,0,61,1,1,22.1,1316.64,0,1,0,0,0,1,1,0,1,0,1,0,1,0,1,0,1,0,1,0,0,1,0
1,1,0,57,1,0,59.39,3383.72,0,0,0,1,0,0,0,0,0,1,0,0,0,0,0,0,0,1,1,0,0,0,1
0,0,0,9,1,1,69.02,618.25,1,0,0,0,0,0,0,0,0,1,0,1,0,0,0,1,0,1,1,0,1,0,0
0,1,0,8,0,1,50.38,391.17,0,1,1,0,0,0,0,0,0,0,0,0,0,0,0,0,0,1,1,0,0,0,1
0,1,0,22,1,0,100.43,2202.3,1,0,0,0,1,0,0,0,0,1,0,1,0,0,0,1,0,1,0,0,0,1,0
0,1,0,68,1,1,86.75,5856.81,0,0,0,1,1,0,0,0,0,0,0,0,0,1,0,1,0,1,0,0,0,0,1
0,0,0,18,1,0,54.94,998.03,1,0,0,0,0,0,0,0,0,0,0,0,0,0,0,1,0,0,0,0,0,1,0
0,0,0,72,0,0,52.02,3719.43,0,1,1,0,0,0,0,0,0,0,0,0,0,1,0,0,0,0,0,0,0,1,0
0,1,0,7,1,0,58.26,367.37,1,0,0,1,0,0,0,0,0,0,0,0,0,1,0,1,0,0,0,0,0,0,1
0,0,0,14,1,1,82.8,1168.74,1,1,0,0,1,0,0,0,0,1,0,0,0,1,0,0,0,1,1,0,0,0,0
1,0,1,9,1,0,24.66,212.97,0,0,0,1,0,1,1,0,1,0,1,0,1,0,1,0,1,0,0,1,0,1,0
0,1,0,27,1,0,18.25,506.42,0,1,0,0,0,1,1,0,1,0,1,0,1,0,1,0,1,0,0,1,0,0,1
0,0,0,17,1,0,91.03,1593.97,0,1,0,0,1,0,0,0,0,0,0,1,0,0,0,1,0,1,0,1,0,0,0
0,1,0,64,1,1,94.93,6084.5,0,0,0,0,1,0,0,1,0,1,0,0,0,0,0,1,0,1,0,0,1,0,0
0,1,1,16,1,1,49.59,759.27,1,1,0,1,0,0,0,0,0,1,0,0,0,0,0,0,0,1,0,0,0,1,0
1,0,0,45,1,1,73.34,3303.83,1,1,0,1,1,0,0,0,0,0,0,1,0,0,0,0,0,0,0,0,0,0,0
0,1,1,9,1,1,18.25,103.48,0,1,0,0,0,1,1,0,1,0,1,0,1,0,1,0,1,0,0,0,1,0,0
0,0,0,20,1,0,18.25,374.99,0,1,0,1,0,1,1,0,1,0,1,0,1,0,1,0,1,0,0,0,0,0,0
0,1,0,3,1,0,18.25,104.31,0,1,0,1,0,1,1,0,1,0,1,0,1,0,1,0,1,0,1,0,0,0,0
0,0,0,69,1,0,117.31,8092.11,1,1,0,0,1,0,0,1,0,1,0,1,0,1,0,1,0,1,0,0,0,1,0
1,0,0,22,1,1,60.49,1366.29,0,0,0,1,0,0,0,0,0,0,0,1,0,0,0,0,0,0,0,0,0,0,0
0,0,1,45,1,0,18.25,827.14,0,0,0,0,0,1,1,0,1,0,1,0,1,0,1,0,1,0,0,1,0,0,0
0,0,0,5,0,1,56.91,259.42,0,1,1,0,0,0,0,0,0,1,0,0,0,0,0,1,0,0,1,0,0,0,0
0,0,1,7,1,1,69.35,489.85,0,0,0,1,0,0,0,0,0,1,0,0,0,0,0,1,0,1,1,0,0,1,0
0,1,0,9,1,0,21.21,192.87,0,1,0,0,0,1,1,0,1,0,1,0,1,0,1,0,1,0,0,0,0,0,1
0,1,0,15,1,1,73.51,1164.29,1,0,0,0,1,0,0,1,0,0,0,0,0,0,0,0,0,0,0,0,0,1,0
0,0,1,52,1,1,65.18,3391.67,0,1,0,1,0,0,0,0,0,1,0,1,0,0,0,0,0,1,0,0,0,0,1
0,0,0,17,1,1,84.53,1479.99,1,0,0,1,1,0,0,1,0,0,0,0,0,0,0,0,0,1,0,0,1,0,0
0,1,0,36,1,1,88.22,3181.51,0,1,0,0,1,0,0,0,0,1,0,1,0,0,0,1,0,0,1,0,0,0,0
0,0,1,72,1,1,60.32,4341.63,0,0,0,0,0,0,0,1,0,0,0,0,0,1,0,0,0,0,0,1,0,1,0
0,1,0,19,1,1,82.91,1531.99,0,1,0,0,1,0,0,0,0,1,0,0,0,0,0,1,0,0,0,1,0,0,1
0,1,1,6,1,1,79.76,516.29,0,0,0,1,0,0,0,1,0,1,0,0,0,0,0,1,0,1,0,0,0,0,1
0,0,1,10,1,0,73.85,708.05,1,1,0,0,1,0,0,1,0,0,0,0,0,0,0,0,0,0,0,0,0,0,0
0,0,0,39,1,0,64.5,2514.17,1,0,0,0,0,0,0,0,0,0,0,1,0,0,0,0,0,1,1,0,0,0,1
0,0,0,14,1,0,98.88,1380.53,0,1,0,0,1,0,0,1,0,1,0,1,0,1,0,1,0,0,1,0,1,0,0
0,1,0,5,1,0,72.52,373.98,0,0,0,0,0,0,0,0,0,1,0,1,0,0,0,1,0,1,0,1,0,1,0
0,1,0,72,1,1,90.16,6497.79,0,0,0,1,1,0,0,1,0,1,0,1,0,0,0,0,0,0,0,0,0,0,0
0,0,0,55,1,1,20.14,1130.71,0,0,0,1,0,1,1,0,1,0,1,0,1,0,1,0,1,0,1,0,0,0,1
0,1,0,11,1,0,46.18,500.45,0,1,0,1,0,0,0,0,0,0,0,0,0,0,0,0,0,0,0,1,0,1,0
0,0,1,72,1,1,68.55,4954.8,1,1,0,1,1,0,0,1,0,0,0,0,0,0,0,0,0,0,1,0,0,1,0
1,1,1,72,1,0,70.27,5067.3,0,1,0,1,0,0,0,0,0,1,0,0,0,1,0,1,0,1,0,0,1,0,0
0,1,0,72,1,1,81.59,5862.08,0,1,0,0,1,0,0,1,0,1,0,0,0,0,0,0,0,0,0,1,1,0,0
0,1,0,20,1,1,90.64,1830.69,0,0,0,0,1,0,0,0,0,0,0,1,0,0,0,1,0,1,0,0,0,0,0
1,1,0,24,1,1,18.93,500.01,0,0,0,0,0,1,1,0,1,0,1,0,1,0,1,0,1,0,0,0,1,0,0
0,1,1,37,1,1,19.25,744.21,0,0,0,0,0,1,1,0,1,0,1,0,1,0,1,0,1,0,0,0,0,1,0
0,0,0,13,1,0,24.06,331.07,0,0,0,1,0,1,1,0,1,0,1,0,1,0,1,0,1,0,0,0,0,1,0
0,0,1,52,1,0,60.4,3138.9,0,0,0,1,0,0,0,0,0,1,0,1,0,0,0,0,0,0,1,0,1,0,0
0,1,0,32,1,1,86.83,2703.94,0,0,0,0,1,0,0,0,0,0,0,1,0,0,0,0,0,1,0,1,0,1,0
0,0,0,51,1,1,20.23,1016.2,0,0,0,0,0,1,1,0,1,0,1,0,1,0,1,0,1,0,1,0,0,0,1
0,1,1,17,1,0,20.38,339.7,0,1,0,0,0,1,1,0,1,0,1,0,1,0,1,0,1,0,1,0,0,1,0
0,1,0,30,1,1,77.84,2324.04,0,0,0,0,1,0,0,1,0,0,0,0,0,0,0,0,0,1,0,1,0,0,1
0,0,0,8,1,1,46.04,348.09,0,0,0,0,0,0,0,0,0,0,0,0,0,0,0,1,0,0,0,0,1,0,0
0,0,0,16,0,1,89.2,1448.35,0,1,1,0,1,0,0,0,0,1,0,0,0,0,0,1,0,1,0,1,0,0,1
0,0,0,18,1,0,99.49,1764.65,1,1,0,1,1,0,0,0,0,1,0,1,0,1,0,1,0,0,1,0,0,1,0
0,1,1,39,1,1,99.54,3875.05,0,0,0,1,1,0,0,1,0,1,0,0,0,1,0,1,0,0,0,0,0,0,0
0,1,1,49,1,1,72.13,3563.9,0,0,0,0,0,0,0,0,0,1,0,1,0,0,0,1,0,1,0,0,1,0,0
0,0,1,9,1,1,62.03,627.05,0,0,0,0,0,0,0,0,0,0,0,1,0,0,0,1,0,0,0,1,0,1,0
1,0,1,61,1,1,24.83,1524.61,0,0,0,1,0,1,1,0,1,0,1,0,1,0,1,0,1,0,1,0,0,0,0
0,0,0,35,1,1,82.87,2848.38,0,1,0,0,1,0,0,1,0,0,0,0,0,0,0,1,0,0,1,0,0,0,1
0,0,0,41,1,1,24.14,1004.1,0,1,0,0,0,1,1,0,1,0,1,0,1,0,1,0,1,0,0,0,0,1,0
0,1,0,49,1,1,20.54,1041.16,0,0,0,1,0,1,1,0,1,0,1,0,1,0,1,0,1,0,0,1,1,0,0
0,0,0,11,1,1,20.94,236.55,0,0,0,1,0,1,1,0,1,0,1,0,1,0,1,0,1,0,0,0,0,1,0
0,0,0,60,1,0,88.3,5338.29,0,0,0,0,1,0,0,1,0,0,0,0,0,1,0,1,0,0,0,0,1,0,0
0,1,1,15,1,0,73.05,1105.61,1,0,0,0,1,0,0,0,0,0,0,0,0,0,0,0,0,1,0,0,0,1,0
0,1,1,23,1,1,88.99,2062.58,0,1,0,0,1,0,0,1,0,1,0,1,0,0,0,1,0,0,0,1,0,0,0
0,0,0,20,1,1,83.41,1689.74,0,0,0,1,0,0,0,0,0,1,0,1,0,1,0,1,0,1,0,0,0,1,0
1,1,0,72,0,1,76.71,5515.32,0,1,1,0,1,0,0,0,0,0,0,0,0,1,0,0,0,1,0,1,1,0,0
0,0,1,11,1,1,68.03,749.85,1,1,0,1,1,0,0,0,0,0,0,0,0,0,0,0,0,0,0,0,0,0,0
0,0,0,72,1,1,70.19,5058.8,0,1,0,0,0,0,0,1,0,0,0,0,0,1,0,1,0,0,1,0,0,1,0
0,1,1,69,0,1,90.35,6225.22,0,1,1,0,1,0,0,0,0,1,0,0,0,0,0,1,0,1,0,0,0,0,0
0,0,0,7,1,0,84.1,567.47,1,0,0,1,1,0,0,0,0,0,0,0,0,1,0,1,0,0,0,0,0,0,0
0,0,0,14,1,0,22.06,338.56,0,1,0,1,0,1,1,0,1,0,1,0,1,0,1,0,1,0,0,0,0,0,1
1,1,1,14,1,1,18.56,266.37,0,1,0,0,0,1,1,0,1,0,1,0,1,0,1,0,1,0,0,1,1,0,0
0,0,0,42,1,1,92.6,3900.38,0,0,0,1,1,0,0,0,0,1,0,0,0,0,0,1,0,1,0,0,1,0,0
1,1,0,60,1,0,18.67,1113.17,0,0,0,1,0,1,1,0,1,0,1,0,1,0,1,0,1,0,0,1,0,0,1
0,0,0,14,1,0,58.6,852.99,0,1,0,1,0,0,0,0,0,0,0,0,0,0,0,1,0,1,0,1,0,1,0
0,1,0,6,1,0,87.8,541.62,0,1,0,0,1,0,0,0,0,1,0,0,0,1,0,1,0,1,0,0,0,0,0
0,1,0,42,1,1,52.73,2244.23,0,1,0,0,0,0,0,0,0,0,0,0,0,0,0,0,0,1,0,1,0,0,0
1,0,1,28,1,1,76.53,2152.63,0,0,0,0,1,0,0,1,0,0,0,0,0,0,0,0,0,0,1,0,0,0,1
0,1,1,7,1,1,73.86,498.88,1,1,0,1,1,0,0,0,0,0,0,0,0,0,0,1,0,0,0,0,0,0,1
0,1,0,38,1,0,21.47,821.68,0,1,0,0,0,1,1,0,1,0,1,0,1,0,1,0,1,0,0,0,0,0,1
0,1,0,26,1,0,75.19,1939.22,1,1,0,0,1,0,0,0,0,0,0,0,0,0,0,1,0,0,0,0,0,0,1
0,0,1,9,1,1,79.64,738.72,1,0,0,1,1,0,0,0,0,0,0,0,0,0,0,1,0,0,1,0,0,1,0
0,0,0,17,1,1,67.21,1132.26,0,1,0,0,0,0,0,0,0,0,0,1,0,0,0,1,0,1,0,1,0,1,0
0,1,0,72,1,1,105.02,7568.02,1,0,0,1,1,0,0,1,0,0,0,1,0,1,0,1,0,1,0,0,0,1,0
0,1,1,1,1,0,69.23,59.19,0,1,0,1,0,0,0,0,0,1,0,1,0,0,0,1,0,0,0,0,0,1,0
0,1,1,10,0,1,74.09,727.85,1,0,1,0,1,0,0,1,0,0,0,0,0,1,0,0,0,0,0,0,0,1,0
0,0,0,6,1,0,69.0,411.97,0,1,0,0,0,0,0,0,0,0,0,0,0,1,0,1,0,1,1,0,1,0,0
0,1,1,21,1,1,71.22,1515.13,1,1,0,0,0,0,0,0,0,0,0,1,0,1,0,1,0,1,1,0,0,0,0
0,0,0,29,1,1,81.01,2307.41,1,1,0,1,1,0,0,0,0,0,0,0,0,0,0,1,0,1,0,0,0,0,1
0,1,0,23,1,0,74.71,1697.11,0,0,0,0,1,0,0,1,0,0,0,0,0,0,0,0,0,0,1,0,0,1,0
0,0,1,26,1,0,22.83,583.13,0,0,0,0,0,1,1,0,1,0,1,0,1,0,1,0,1,0,0,0,1,0,0
1,0,0,31,0,0,18.25,546.68,0,1,1,0,0,1,1,0,1,0,1,0,1,0,1,0,1,0,1,0,0,1,0
0,1,1,16,1,0,75.22,1187.16,1,1,0,1,1,0,0,0,0,0,0,0,0,1,0,0,0,0,0,1,1,0,0
0,0,0,72,1,1,90.71,6547.9,1,0,0,0,1,0,0,0,0,0,0,1,0,0,0,1,0,1,0,0,0,0,0
0,1,1,27,1,1,57.81,1577.2,0,0,0,1,0,0,0,1,0,0,0,1,0,0,0,0,0,0,1,0,0,1,0
0,0,0,8,1,1,95.94,769.81,1,1,0,1,1,0,0,0,0,0,0,1,0,0,0,1,0,1,1,0,0,1,0
0,1,0,24,1,1,24.46,575.94,0,1,0,1,0,1,1,0,1,0,1,0,1,0,1,0,1,0,0,0,0,0,0
0,1,0,42,1,0,18.25,734.11,0,0,0,0,0,1,1,0,1,0,1,0,1,0,1,0,1,0,0,0,0,1,0
0,1,1,46,0,1,84.95,3944.44,0,0,1,0,1,0,0,0,0,1,0,1,0,0,0,1,0,0,0,1,0,0,1
0,1,0,38,1,1,21.69,831.36,0,0,0,0,0,1,1,0,1,0,1,0,1,0,1,0,1,0,0,0,1,0,0
0,0,0,29,1,0,98.21,2815.76,1,0,0,1,1,0,0,0,0,1,0,1,0,1,0,1,0,0,1,0,0,1,0
0,0,0,11,1,0,54.25,607.34,0,1,0,1,0,0,0,0,0,1,0,0,0,0,0,0,0,0,0,1,0,1,0
0,1,0,33,1,1,87.06,2878.74,0,1,0,1,1,0,0,0,0,1,0,0,0,1,0,1,0,0,0,1,0,0,1
0,0,0,24,1,0,101.32,2419.13,1,1,0,1,1,0,0,1,0,1,0,0,0,1,0,1,0,1,1,0,0,1,0
0,0,0,14,0,1,63.05,879.67,1,1,1,0,0,0,0,0,0,1,0,0,0,0,0,0,0,1,0,0,0,0,0
0,1,0,27,1,1,90.55,2453.51,1,1,0,1,1,0,0,0,0,1,0,1,0,0,0,1,0,0,0,0,1,0,0
1,1,0,48,1,1,21.1,1000.07,0,1,0,0,0,1,1,0,1,0,1,0,1,0,1,0,1,0,1,0,0,0,1
0,0,0,5,1,1,67.54,315.53,1,1,0,1,1,0,0,0,0,0,0,0,0,0,0,0,0,0,0,1,0,0,1
1,1,0,11,1,0,79.8,889.55,0,0,0,1,0,0,0,1,0,1,0,1,0,0,0,1,0,1,0,0,0,0,1
0,0,0,44,1,1,55.91,2468.84,1,1,0,0,0,0,0,1,0,0,0,0,0,0,0,0,0,0,0,0,0,0,1
0,1,1,9,1,0,61.98,523.2,0,1,0,1,0,0,0,0,0,0,0,0,0,1,0,0,0,1,0,0,1,0,0
0,1,0,58,1,1,58.44,3357.8,1,0,0,1,0,0,0,0,0,0,0,0,0,1,0,1,0,0,0,0,0,1,0
0,0,0,21,1,1,78.1,1586.55,1,0,0,1,0,0,0,0,0,1,0,1,0,1,0,1,0,0,0,1,1,0,0
0,0,0,37,1,0,84.09,3073.0,1,0,0,1,1,0,0,0,0,0,0,1,0,0,0,1,0,0,0,0,0,0,0
0,0,0,42,1,1,64.56,2705.56,1,0,0,0,1,0,0,0,0,0,0,0,0,0,0,0,0,0,1,0,0,0,1
1,1,0,25,1,1,100.64,2493.42,1,0,0,0,1,0,0,0,0,1,0,0,0,1,0,1,0,1,0,0,1,0,0
0,0,1,61,1,0,96.16,5874.42,1,1,0,1,1,0,0,1,0,1,0,0,0,0,0,1,0,1,0,0,0,1,0
0,0,0,28,1,1,75.05,2082.07,0,1,0,1,0,0,0,0,0,0,0,1,0,1,0,1,0,1,1,0,0,1,0
0,0,0,30,1,0,23.42,664.98,0,0,0,1,0,1,1,0,1,0,1,0,1,0,1,0,1,0,0,1,1,0,0
0,0,1,7,1,1,18.31,96.09,0,1,0,0,0,1,1,0,1,0,1,0,1,0,1,0,1,0,0,0,1,0,0
0,0,1,72,1,1,53.69,3877.92,0,1,0,1,0,0,0,0,0,0,0,0,0,0,0,0,0,1,0,0,1,0,0
0,0,0,48,1,0,69.0,3332.37,0,1,0,1,0,0,0,1,0,0,0,1,0,0,0,0,0,1,0,0,0,0,0
0,0,0,10,1,1,18.6,125.89,0,1,0,0,0,1,1,0,1,0,1,0,1,0,1,0,1,0,1,0,0,1,0
0,0,0,7,1,0,85.43,589.27,1,1,0,0,1,0,0,0,0,0,0,1,0,1,0,0,0,1,0,0,1,0,0
0,0,0,18,1,1,21.25,407.48,0,1,0,0,0,1,1,0,1,0,1,0,1,0,1,0,1,0,0,0,0,0,1
1,0,0,21,1,0,85.5,1789.49,0,0,0,0,0,0,0,0,0,1,0,1,0,1,0,1,0,0,0,0,1,0,0
0,0,1,26,1,1,20.64,528.72,0,0,0,1,0,1,1,0,1,0,1,0,1,0,1,0,1,0,0,1,0,0,0
0,1,0,59,1,1,83.92,5013.54,1,1,0,1,1,0,0,0,0,0,0,0,0,0,0,1,0,1,0,0,1,0,0
1,1,0,61,1,1,74.49,4534.57,0,0,0,0,1,0,0,1,0,0,0,0,0,0,0,0,0,0,1,0,0,1,0
0,1,0,48,0,1,82.6,4017.06,0,1,1,0,0,0,0,1,0,1,0,1,0,1,0,0,0,1,0,1,0,0,1
0,0,0,3,1,1,86.93,245.59,1,0,0,1,1,0,0,0,0,1,0,0,0,0,0,0,0,1,0,0,0,1,0
0,1,1,72,0,1,61.06,4409.0,1,0,1,0,1,0,0,0,0,0,0,0,0,0,0,0,0,0,0,0,0,0,0
0,1,0,52,1,0,49.66,2572.51,0,1,0,1,0,0,0,0,0,0,0,0,0,0,0,0,0,0,0,0,0,0,1
1,0,0,40,1,1,21.58,917.19,0,0,0,0,0,1,1,0,1,0,1,0,1,0,1,0,1,0,0,1,0,1,0
0,1,0,21,1,1,54.8,1133.59,1,0,0,1,0,0,0,0,0,0,0,1,0,0,0,0,0,0,0,0,0,1,0
0,0,1,37,1,1,59.4,2197.87,0,0,0,0,0,0,0,1,0,0,0,0,0,0,0,0,0,1,1,0,0,1,0
1,0,1,6,0,0,43.55,245.07,0,0,1,0,0,0,0,0,0,0,0,0,0,0,0,0,0,0,0,0,1,0,0
0,1,0,36,1,0,93.6,3403.01,0,0,0,0,1,0,0,1,0,1,0,1,0,0,0,1,0,0,0,0,0,1,0
1,1,0,50,0,1,51.93,2604.93,1,1,1,0,0,0,0,0,0,0,0,0,0,1,0,1,0,0,0,0,0,0,1
0,0,0,32,1,0,20.62,640.04,0,0,0,1,0,1,1,0,1,0,1,0,1,0,1,0,1,0,1,0,0,0,0
0,0,0,21,0,1,84.84,1779.98,1,0,1,0,1,0,0,0,0,0,0,0,0,1,0,1,0,1,0,0,0,1,0
0,1,1,62,1,1,23.04,1418.64,0,0,0,1,0,1,1,0,1,0,1,0,1,0,1,0,1,0,1,0,0,0,1
0,1,0,72,1,1,62.83,4541.88,0,1,0,0,0,0,0,0,0,1,0,0,0,0,0,1,0,1,0,1,0,0,1
0,0,0,39,0,1,96.14,3724.61,1,0,1,0,1,0,0,0,0,1,0,1,0,0,0,1,0,1,0,0,0,1,0
0,0,1,50,1,0,21.93,1031.79,0,1,0,0,0,1,1,0,1,0,1,0,1,0,1,0,1,0,0,0,0,1,0
0,0,0,25,1,0,19.83,513.4,0,0,0,1,0,1,1,0,1,0,1,0,1,0,1,0,1,0,0,0,0,0,0
0,1,1,18,1,1,85.25,1568.6,0,1,0,1,1,0,0,1,0,0,0,0,0,0,0,1,0,1,1,0,1,0,0
0,0,0,53,1,1,18.25,974.39,0,0,0,0,0,1,1,0,1,0,1,0,1,0,1,0,1,0,0,1,0,1,0
0,0,0,72,1,1,58.33,4199.85,0,0,0,0,0,0,0,0,0,0,0,1,0,0,0,0,0,1,0,0,1,0,0
0,1,1,15,1,1,51.37,737.08,1,1,0,0,0,0,0,1,0,0,0,0,0,0,0,0,0,0,1,0,0,1,0
1,0,0,10,1,1,85.55,846.82,1,0,0,0,1,0,0,1,0,0,0,0,0,0,0,1,0,1,0,0,0,0,0
0,0,0,17,1,1,73.53,1242.07,1,1,0,1,0,0,0,1,0,0,0,0,0,1,0,0,0,1,1,0,0,1,0
1,0,1,14,1,0,18.25,263.78,0,0,0,0,0,1,1,0,1,0,1,0,1,0,1,0,1,0,0,0,0,0,1
1,0,0,66,0,0,47.93,3142.5,0,0,1,0,0,0,0,0,0,0,0,1,0,0,0,0,0,0,0,0,0,0,1
0,1,0,60,1,1,76.88,4644.14,0,1,0,0,0,0,0,0,0,1,0,1,0,0,0,1,0,1,0,1,0,1,0
0,0,0,16,1,1,81.11,1304.31,0,1,0,0,1,0,0,0,0,0,0,0,0,0,0,1,0,1,0,0,1,0,0
0,1,1,31,1,1,71.46,2238.69,0,1,0,0,1,0,0,0,0,0,0,0,0,0,0,0,0,1,0,1,1,0,0
0,0,0,10,0,1,66.97,677.96,0,1,1,0,0,0,0,0,0,1,0,0,0,1,0,1,0,0,0,0,0,1,0
0,1,1,24,1,1,23.14,525.66,1,0,0,1,0,1,1,0,1,0,1,0,1,0,1,0,1,0,0,0,0,0,0
1,1,1,10,0,0,18.25,183.6,0,0,1,0,0,1,1,0,1,0,1,0,1,0,1,0,1,0,0,0,0,0,1
1,0,1,21,1,0,98.36,2067.79,1,1,0,0,1,0,0,1,0,0,0,1,0,0,0,1,0,1,0,0,0,1,0
0,1,1,10,1,1,58.77,607.17,0,0,0,0,0,0,0,0,0,0,0,0,0,1,0,1,0,0,0,0,0,1,0
0,0,0,62,1,1,64.9,4000.49,0,1,0,1,0,0,0,1,0,0,0,0,0,1,0,1,0,0,1,0,0,1,0
0,1,0,32,1,0,63.18,2069.85,0,0,0,1,0,0,0,1,0,0,0,0,0,1,0,0,0,1,0,0,0,1,0
0,1,0,36,1,1,69.63,2501.64,1,1,0,0,0,0,0,0,0,1,0,1,0,0,0,0,0,1,0,0,0,0,1
0,1,0,14,1,0,98.75,1367.36,1,0,0,0,1,0,0,0,0,1,0,1,0,1,0,1,0,0,0,0,1,0,0
0,1,1,19,1,0,83.52,1563.95,0,0,0,1,1,0,0,0,0,0,0,0,0,0,0,1,0,1,1,0,0,0,1
0,1,0,30,1,0,56.83,1700.5,0,1,0,1,0,0,0,0,0,0,0,0,0,1,0,0,0,0,0,1,0,0,1
0,1,0,72,1,1,22.0,1567.12,0,0,0,0,0,1,1,0,1,0,1,0,1,0,1,0,1,0,0,0,1,0,0
1,0,1,27,1,0,65.84,1775.26,1,0,0,1,1,0,0,0,0,0,0,0,0,0,0,0,0,0,0,0,1,0,0
0,0,0,70,1,1,69.65,4899.88,0,1,0,1,1,0,0,0,0,0,0,1,0,0,0,0,0,0,0,1,0,0,0
1,1,1,20,1,1,82.87,1645.54,1,1,0,0,1,0,0,0,0,0,0,0,0,0,0,1,0,1,0,0,0,0,1
0,1,0,28,1,1,18.25,513.37,0,0,0,0,0,1,1,0,1,0,1,0,1,0,1,0,1,0,0,0,0,1,0
0,1,0,59,1,0,82.63,4876.24,1,1,0,1,1,0,0,1,0,0,0,1,0,0,0,0,0,0,0,0,0,1,0
1,1,1,46,0,1,57.23,2613.53,0,1,1,0,0,0,0,1,0,0,0,0,0,0,0,0,0,1,1,0,0,0,0
0,1,0,14,1,0,77.28,1016.93,0,1,0,0,1,0,0,0,0,1,0,0,0,0,0,1,0,0,0,1,1,0,0
0,0,0,36,1,0,70.95,2539.54,1,0,0,0,1,0,0,0,0,1,0,0,0,0,0,0,0,0,1,0,1,0,0
0,0,1,38,1,1,57.36,2166.96,0,1,0,0,0,0,0,0,0,0,0,1,0,0,0,1,0,0,0,1,0,0,1
0,0,0,42,1,1,21.82,875.65,0,1,0,0,0,1,1,0,1,0,1,0,1,0,1,0,1,0,1,0,0,1,0
0,0,0,15,1,0,68.49,965.36,0,0,0,1,0,0,0,0,0,1,0,0,0,1,0,1,0,0,1,0,1,0,0
0,0,1,9,1,1,74.99,685.49,1,0,0,1,1,0,0,0,0,0,0,0,0,0,0,1,0,0,0,0,0,0,0
0,1,1,72,1,0,20.72,1480.34,0,0,0,1,0,1,1,0,1,0,1,0,1,0,1,0,1,0,1,0,0,0,1
0,1,0,72,0,1,47.69,3410.34,1,1,1,0,0,0,0,0,0,0,0,0,0,0,0,0,0,1,0,0,0,1,0
0,0,0,42,1,0,85.4,3552.96,1,0,0,0,1,0,0,0,0,0,0,1,0,0,0,1,0,1,0,0,0,0,0
0,1,0,20,1,1,65.54,1304.0,1,0,0,0,0,0,0,0,0,1,0,0,0,1,0,0,0,1,1,0,0,1,0
0,1,0,65,1,0,21.84,1436.76,0,1,0,0,0,1,1,0,1,0,1,0,1,0,1,0,1,0,0,1,0,0,0
1,0,0,12,1,0,21.63,256.04,0,0,0,0,0,1,1,0,1,0,1,0,1,0,1,0,1,0,1,0,0,0,0
0,1,0,13,1,1,18.25,220.43,0,1,0,0,0,1,1,0,1,0,1,0,1,0,1,0,1,0,0,0,0,1,0
0,1,0,72,1,1,65.03,4685.8,0,1,0,0,0,0,0,0,0,1,0,0,0,0,0,1,0,1,0,1,0,1,0
0,0,1,72,1,1,94.99,6861.49,0,1,0,1,1,0,0,0,0,1,0,1,0,1,0,0,0,0,0,0,0,0,1
1,1,1,18,1,0,100.76,1788.35,1,0,0,0,1,0,0,1,0,1,0,1,0,0,0,1,0,1,0,0,0,0,1
0,1,1,14,1,0,100.32,1426.84,0,1,0,0,1,0,0,1,0,0,0,0,0,1,0,1,0,1,1,0,0,0,0
0,1,0,28,1,1,23.27,619.1,1,1,0,1,0,1,1,0,1,0,1,0,1,0,1,0,1,0,0,0,0,1,0
1,1,0,11,1,1,20.29,228.99,0,1,0,1,0,1,1,0,1,0,1,0,1,0,1,0,1,0,0,0,0,0,0
0,0,0,7,1,0,64.76,427.91,1,1,0,0,1,0,0,0,0,0,0,0,0,0,0,0,0,0,1,0,1,0,0
1,0,0,7,1,0,94.04,637.44,0,1,0,1,0,0,0,1,0,1,0,1,0,1,0,1,0,1,0,1,0,0,0
0,1,0,35,1,0,58.75,2044.3,1,0,0,0,0,0,0,1,0,0,0,0,0,0,0,1,0,0,0,0,0,1,0
0,1,1,26,1,1,47.57,1248.64,0,1,0,0,0,0,0,1,0,0,0,0,0,0,0,0,0,0,0,0,0,0,0
1,1,0,59,1,1,62.9,3719.35,0,1,0,1,0,0,0,0,0,0,0,1,0,0,0,1,0,0,0,0,0,1,0
1,0,0,72,1,1,78.53,5679.47,0,0,0,1,1,0,0,0,0,0,0,0,0,1,0,1,0,0,1,0,0,1,0
0,1,0,41,1,1,72.26,2940.06,0,1,0,0,0,0,0,0,0,1,0,0,0,0,0,1,0,1,0,0,0,1,0
0,1,0,11,0,1,45.43,492.39,1,0,1,0,0,0,0,0,0,0,0,1,0,0,0,0,0,0,1,0,0,0,0
0,0,1,3,1,0,74.26,217.23,0,1,0,0,0,0,0,1,0,0,0,0,0,1,0,1,0,1,1,0,0,0,1
0,0,0,21,1,1,51.27,1089.95,0,1,0,0,0,0,0,0,0,1,0,0,0,0,0,0,0,0,1,0,1,0,0
0,0,0,19,1,0,77.14,1433.03,1,1,0,0,0,0,0,1,0,1,0,0,0,1,0,1,0,0,0,0,1,0,0
0,0,0,12,1,0,63.98,762.4,1,1,0,0,0,0,0,0,0,0,0,1,0,1,0,1,0,0,0,0,0,1,0
0,0,0,40,1,1,76.57,3028.6,0,1,0,0,1,0,0,0,0,1,0,0,0,1,0,0,0,0,0,1,1,0,0
0,0,0,42,1,1,75.76,3193.72,0,0,0,0,0,0,0,1,0,1,0,1,0,0,0,1,0,0,0,1,1,0,0
0,0,1,35,1,0,68.26,2358.47,0,1,0,0,0,0,0,0,0,1,0,1,0,0,0,0,0,0,0,0,1,0,0
0,1,0,72,1,0,80.38,5744.01,1,0,0,1,1,0,0,0,0,0,0,0,0,1,0,0,0,1,0,0,0,0,0
0,1,1,8,1,0,79.37,614.18,0,0,0,1,1,0,0,0,0,0,0,1,0,0,0,1,0,0,0,1,0,1,0
0,1,1,22,1,1,67.49,1508.15,1,1,0,0,0,0,0,0,0,1,0,0,0,0,0,0,0,1,0,0,0,1,0
0,0,1,27,1,1,21.41,566.5,0,0,0,1,0,1,1,0,1,0,1,0,1,0,1,0,1,0,0,1,0,0,1
0,0,0,20,1,0,59.9,1243.79,0,1,0,0,0,0,0,1,0,0,0,1,0,0,0,0,0,0,0,0,0,1,0
0,0,0,17,1,1,18.4,315.19,0,1,0,0,0,1,1,0,1,0,1,0,1,0,1,0,1,0,0,0,0,1,0
0,1,0,47,1,1,23.45,1123.31,0,1,0,0,0,1,1,0,1,0,1,0,1,0,1,0,1,0,0,0,0,1,0
0,0,0,15,1,0,19.14,323.42,0,0,0,1,0,1,1,0,1,0,1,0,1,0,1,0,1,0,0,0,0,0,1
0,1,1,13,1,1,22.88,292.54,0,0,0,0,0,1,1,0,1,0,1,0,1,0,1,0,1,0,0,1,0,1,0
0,1,0,42,1,1,21.18,899.53,0,1,0,0,0,1,1,0,1,0,1,0,1,0,1,0,1,0,0,1,1,0,0
0,0,0,41,1,1,63.93,2590.44,1,0,0,0,0,0,0,0,0,1,0,1,0,0,0,1,0,0,0,0,1,0,0
0,0,1,7,1,1,72.89,504.51,0,0,0,1,0,0,0,0,0,0,0,0,0,1,0,1,0,1,0,1,1,0,0
0,0,0,59,1,0,89.71,5278.76,1,1,0,1,1,0,0,0,0,0,0,1,0,0,0,1,0,1,0,0,0,0,0
0,1,0,72,1,1,95.39,6890.95,0,0,0,0,1,0,0,1,0,1,0,1,0,0,0,0,0,1,1,0,0,0,1
0,1,0,5,1,1,84.29,446.82,1,0,0,0,1,0,0,0,0,0,0,1,0,0,0,1,0,0,0,0,0,1,0
0,1,0,47,1,1,68.66,3257.47,0,0,0,0,0,0,0,0,0,0,0,1,0,1,0,1,0,0,0,0,0,1,0
0,1,0,33,1,0,64.03,2077.28,0,0,0,1,0,0,0,1,0,0,0,0,0,0,0,1,0,1,0,0,0,0,1
0,0,0,31,1,1,91.54,2838.82,1,1,0,1,1,0,0,1,0,0,0,1,0,1,0,0,0,0,1,0,0,1,0
0,1,0,62,1,0,85.01,5267.85,0,1,0,1,1,0,0,0,0,0,0,0,0,1,0,0,0,1,0,1,0,0,1
0,1,1,33,0,0,69.06,2261.38,0,0,1,0,1,0,0,0,0,0,0,0,0,0,0,0,0,1,0,1,0,1,0
0,1,0,32,1,1,52.0,1664.54,0,1,0,0,0,0,0,1,0,0,0,0,0,0,0,0,0,0,0,1,0,0,0
0,0,0,19,0,1,18.25,336.57,0,1,1,0,0,1,1,0,1,0,1,0,1,0,1,0,1,0,0,1,1,0,0
0,0,0,64,1,1,21.85,1388.59,0,0,0,1,0,1,1,0,1,0,1,0,1,0,1,0,1,0,0,0,0,1,0
0,1,0,6,1,1,63.73,393.67,1,1,0,1,0,0,0,0,0,1,0,0,0,0,0,1,0,0,0,0,0,0,0
0,1,1,54,1,0,107.17,5772.44,0,1,0,1,1,0,0,0,0,1,0,1,0,1,0,1,0,1,1,0,0,0,0
0,0,0,14,1,0,59.62,816.05,1,0,0,1,0,0,0,0,0,0,0,0,0,0,0,1,0,1,0,0,0,0,1
0,0,0,26,1,0,87.95,2238.52,1,1,0,0,1,0,0,1,0,1,0,0,0,0,0,0,0,1,0,0,0,0,0
0,1,0,11,1,0,73.55,811.21,0,1,0,1,1,0,0,0,0,0,0,0,0,0,0,0,0,1,0,0,0,1,0
1,1,1,20,1,1,99.1,1997.32,1,0,0,1,1,0,0,0,0,1,0,0,0,1,0,1,0,1,0,0,0,0,0
0,0,1,13,1,0,52.39,664.1,0,1,0,0,0,0,0,1,0,0,0,0,0,0,0,0,0,0,0,1,0,0,0
0,0,0,22,0,1,75.24,1633.09,1,1,1,0,1,0,0,1,0,0,0,0,0,0,0,0,0,1,0,0,0,0,0
0,1,0,56,1,0,86.93,4868.8,0,1,0,0,1,0,0,0,0,1,0,1,0,1,0,0,0,1,0,0,0,0,1
0,1,0,18,1,1,68.14,1206.07,0,0,0,1,0,0,0,1,0,0,0,1,0,0,0,0,0,1,0,1,0,0,1
0,1,0,39,1,1,83.02,3235.49,1,1,0,0,1,0,0,0,0,1,0,0,0,0,0,1,0,0,0,0,0,1,0
0,1,0,17,1,1,77.26,1295.68,1,1,0,1,1,0,0,0,0,1,0,0,0,0,0,0,0,0,0,0,0,1,0
0,1,1,13,1,0,22.57,308.86,0,1,0,1,0,1,1,0,1,0,1,0,1,0,1,0,1,0,0,0,1,0,0
0,1,0,28,0,1,91.94,2555.98,0,1,1,0,1,0,0,0,0,0,0,1,0,0,0,1,0,1,1,0,1,0,0
0,1,0,2,1,0,18.25,91.44,0,0,0,0,0,1,1,0,1,0,1,0,1,0,1,0,1,0,0,1,1,0,0
0,1,1,17,1,0,87.54,1482.93,1,1,0,1,1,0,0,0,0,1,0,0,0,0,0,1,0,1,0,0,0,0,0
1,0,0,65,1,1,63.81,4110.08,0,0,0,0,0,0,0,0,0,0,0,1,0,0,0,1,0,0,0,0,1,0,0
0,1,1,38,1,1,63.07,2381.65,1,1,0,0,0,0,0,0,0,0,0,0,0,0,0,1,0,1,0,0,0,1,0
0,0,0,27,1,0,21.78,616.13,0,1,0,0,0,1,1,0,1,0,1,0,1,0,1,0,1,0,1,0,0,1,0
0,1,1,25,1,1,87.77,2225.56,0,0,0,1,1,0,0,1,0,0,0,0,0,1,0,1,0,0,0,0,0,0,1
0,0,0,56,1,1,18.25,1023.89,0,1,0,0,0,1,1,0,1,0,1,0,1,0,1,0,1,0,1,0,1,0,0
1,0,0,17,1,1,67.78,1115.58,1,1,0,1,1,0,0,0,0,1,0,0,0,0,0,0,0,0,0,0,1,0,0
0,0,1,21,1,0,55.21,1130.18,0,0,0,1,0,0,0,0,0,1,0,0,0,0,0,0,0,0,0,1,0,1,0
0,1,0,2,1,1,75.97,183.63,1,1,0,1,1,0,0,1,0,0,0,0,0,0,0,0,0,0,0,0,1,0,0
0,1,0,25,1,1,66.68,1659.28,0,0,0,0,0,0,0,0,0,0,0,1,0,1,0,0,0,1,1,0,0,1,0
1,0,0,39,1,1,84.63,3314.48,0,0,0,0,1,0,0,0,0,0,0,0,0,1,0,0,0,1,1,0,1,0,0
0,1,0,18,1,1,90.48,1637.98,0,1,0,1,1,0,0,0,0,0,0,1,0,1,0,1,0,1,0,0,0,0,0
1,1,0,35,1,1,70.91,2457.48,0,1,0,1,1,0,0,0,0,0,0,0,0,0,0,1,0,0,0,0,0,0,1
1,1,0,21,1,1,83.38,1739.31,1,1,0,0,1,0,0,0,0,0,0,1,0,0,0,0,0,1,0,0,0,1,0
0,0,0,37,1,1,64.1,2364.52,0,1,0,0,0,0,0,1,0,0,0,1,0,0,0,0,0,1,1,0,1,0,0
1,0,0,30,1,0,78.96,2355.35,1,1,0,0,1,0,0,0,0,1,0,0,0,0,0,1,0,0,0,0,0,1,0
1,1,0,14,1,1,53.4,743.62,0,0,0,0,0,0,0,1,0,1,0,0,0,0,0,0,0,0,0,0,0,0,0
0,0,0,22,1,0,101.59,2239.76,0,1,0,0,1,0,0,0,0,1,0,1,0,1,0,1,0,1,0,0,0,0,0
0,0,0,25,1,1,69.11,1730.32,0,0,0,0,0,0,0,1,0,0,0,1,0,0,0,0,0,1,1,0,0,1,0
0,1,0,25,1,0,66.04,1630.71,0,1,0,1,0,0,0,0,0,1,0,0,0,0,0,0,0,1,0,1,0,0,0
0,1,0,72,0,0,21.15,1510.6,0,1,1,0,0,1,1,0,1,0,1,0,1,0,1,0,1,0,0,1,0,0,0
0,1,0,24,1,1,54.06,1330.42,1,1,0,1,0,0,0,0,0,1,0,0,0,0,0,0,0,1,0,0,0,0,1
0,0,0,66,1,1,96.89,6390.9,0,0,0,0,1,0,0,1,0,1,0,0,0,0,0,1,0,1,0,1,0,0,0
0,0,0,11,1,1,98.64,1083.67,0,1,0,0,1,0,0,1,0,0,0,0,0,1,0,1,0,1,1,0,0,0,0
0,0,0,36,1,1,83.48,2986.26,1,1,0,1,1,0,0,0,0,0,0,0,0,1,0,0,0,1,0,1,0,0,0
0,0,1,47,1,1,74.63,3500.48,0,0,0,0,1,0,0,1,0,0,0,0,0,0,0,0,0,1,0,0,0,0,1
0,1,0,6,1,1,107.91,633.05,1,0,0,1,1,0,0,1,0,1,0,1,0,0,0,1,0,1,0,1,1,0,0
0,0,1,40,1,0,21.16,816.29,0,1,0,0,0,1,1,0,1,0,1,0,1,0,1,0,1,0,0,0,0,1,0
0,0,0,3,0,1,55.68,193.59,0,0,1,0,0,0,0,0,0,0,0,1,0,0,0,1,0,0,0,0,1,0,0
0,0,1,16,0,1,50.17,807.92,0,1,1,0,0,0,0,0,0,0,0,0,0,0,0,1,0,0,0,0,1,0,0
0,1,1,28,1,0,89.67,2570.18,1,1,0,1,1,0,0,1,0,1,0,1,0,0,0,0,0,0,0,0,0,1,0
0,1,1,72,0,1,83.79,6081.78,1,1,1,0,1,0,0,1,0,1,0,0,0,0,0,1,0,0,0,0,0,1,0
1,1,1,40,1,1,58.55,2336.79,0,1,0,1,0,0,0,0,0,0,0,0,0,0,0,1,0,1,0,0,1,0,0
0,1,0,16,1,1,73.68,1173.02,0,1,0,1,1,0,0,0,0,0,0,1,0,0,0,0,0,0,0,1,0,1,0
0,0,1,55,0,1,83.97,4592.89,0,0,1,0,1,0,0,1,0,1,0,1,0,0,0,0,0,0,0,0,0,1,0
0,0,1,8,0,1,18.25,104.34,0,1,1,0,0,1,1,0,1,0,1,0,1,0,1,0,1,0,0,0,0,0,0
0,0,0,4,1,0,51.45,208.63,1,0,0,0,0,0,0,0,0,0,0,0,0,0,0,0,0,1,0,0,0,0,0
0,1,0,35,1,0,63.77,2227.18,1,0,0,1,0,0,0,1,0,0,0,0,0,0,0,0,0,1,0,0,0,0,0
0,1,0,18,1,1,62.24,1128.1,1,0,0,0,0,0,0,1,0,0,0,0,0,0,0,1,0,0,0,0,0,1,0
0,1,0,29,1,0,19.19,524.94,0,0,0,0,0,1,1,0,1,0,1,0,1,0,1,0,1,0,0,0,1,0,0
0,0,1,8,1,1,55.67,514.55,0,0,0,1,0,0,0,0,0,1,0,0,0,1,0,0,0,0,0,0,1,0,0
0,0,0,59,1,0,61.41,3653.73,0,0,0,1,0,0,0,0,0,0,0,1,0,0,0,0,0,1,0,0,0,1,0
0,1,0,55,0,1,73.58,4018.31,0,1,1,0,1,0,0,0,0,0,0,0,0,1,0,1,0,0,0,0,1,0,0
0,0,0,6,1,1,61.97,339.65,0,1,0,1,0,0,0,0,0,0,0,0,0,1,0,1,0,0,0,0,0,1,0
1,0,0,11,1,0,81.14,880.94,1,0,0,1,1,0,0,0,0,0,0,0,0,0,0,1,0,1,0,0,1,0,0
0,1,0,66,1,1,87.7,5783.52,0,0,0,0,0,0,0,1,0,1,0,1,0,1,0,0,0,1,1,0,0,0,1
1,1,0,17,1,1,79.46,1392.91,1,1,0,1,1,0,0,0,0,0,0,1,0,0,0,0,0,0,1,0,0,0,1
0,1,0,9,1,0,71.15,644.07,1,0,0,0,0,0,0,0,0,1,0,1,0,0,0,1,0,1,0,0,0,1,0
0,1,0,31,1,1,98.24,3039.29,1,1,0,0,1,0,0,0,0,1,0,1,0,0,0,0,0,1,0,0,0,1,0
0,0,1,18,1,1,62.13,1081.67,0,0,0,1,0,0,0,0,0,1,0,1,0,0,0,0,0,0,0,1,0,1,0
0,1,0,8,1,0,63.28,490.43,0,1,0,0,0,0,0,1,0,0,0,0,0,0,0,1,0,0,0,1,0,0,0
0,0,0,72,0,1,19.8,1444.42,0,1,1,0,0,1,1,0,1,0,1,0,1,0,1,0,1,0,0,0,0,0,0
1,0,0,4,1,1,21.65,72.42,0,1,0,1,0,1,1,0,1,0,1,0,1,0,1,0,1,0,0,0,0,0,1
0,0,0,23,1,0,90.22,2042.26,1,1,0,0,1,0,0,0,0,0,0,1,0,1,0,0,0,1,0,0,0,0,1
0,0,0,48,1,1,89.6,4296.38,0,1,0,0,1,0,0,0,0,1,0,0,0,0,0,1,0,1,0,1,0,0,1
0,1,0,62,1,1,75.26,4679.28,0,1,0,0,1,0,0,0,0,0,0,0,0,0,0,0,0,1,0,0,0,0,1
0,0,0,41,0,1,77.19,3173.39,1,1,1,0,1,0,0,0,0,0,0,1,0,0,0,0,0,1,0,0,0,1,0
0,1,1,50,1,1,85.64,4311.75,1,1,0,1,1,0,0,1,0,0,0,1,0,0,0,0,0,1,0,0,1,0,0
0,0,0,45,1,1,97.82,4400.85,1,1,0,1,1,0,0,0,0,1,0,1,0,0,0,1,0,1,0,0,0,0,0
0,0,1,28,0,0,67.13,1910.0,0,1,1,0,1,0,0,0,0,0,0,0,0,0,0,1,0,0,0,0,0,1,0
0,1,0,13,1,0,73.14,930.83,1,1,0,1,1,0,0,0,0,0,0,0,0,1,0,1,0,0,0,0,0,1,0
0,1,0,19,0,1,88.2,1667.51,1,1,1,0,1,0,0,0,0,0,0,1,0,1,0,1,0,1,0,0,1,0,0
0,0,0,10,1,0,62.34,630.02,1,1,0,0,0,0,0,0,0,0,0,1,0,1,0,0,0,0,0,0,0,1,0
0,0,0,30,1,1,18.81,532.38,0,1,0,0,0,1,1,0,1,0,1,0,1,0,1,0,1,0,0,0,0,0,0
0,0,0,13,0,0,75.96,987.14,0,1,1,0,1,0,0,1,0,0,0,0,0,0,0,0,0,1,1,0,0,0,0
1,1,0,24,1,1,89.26,2120.9,1,0,0,0,1,0,0,0,0,1,0,0,0,1,0,0,0,0,0,0,0,0,1
1,0,0,22,1,0,88.89,1964.63,0,0,0,0,1,0,0,1,0,1,0,1,0,0,0,0,0,0,0,1,0,1,0
0,0,0,34,1,0,88.79,3028.54,0,0,0,0,1,0,0,1,0,0,0,1,0,0,0,1,0,0,0,0,1,0,0
0,1,0,24,1,0,69.93,1626.4,0,1,0,1,1,0,0,0,0,0,0,0,0,0,0,1,0,0,0,0,0,1,0
0,0,1,25,1,1,78.13,1991.5,1,0,0,0,1,0,0,0,0,0,0,0,0,0,0,1,0,1,0,0,0,0,0
0,0,1,7,1,1,59.06,396.18,0,1,0,1,0,0,0,0,0,0,0,1,0,1,0,0,0,0,0,0,0,0,0
0,0,0,16,1,0,21.59,342.3,0,0,0,0,0,1,1,0,1,0,1,0,1,0,1,0,1,0,0,0,0,0,1
0,1,0,0,1,1,71.48,0.0,1,0,0,0,0,0,0,0,0,0,0,0,0,1,0,1,0,1,0,0,1,0,0
0,1,0,39,1,0,19.14,731.59,0,0,0,0,0,1,1,0,1,0,1,0,1,0,1,0,1,0,1,0,0,1,0
1,0,0,21,1,1,22.8,497.13,0,0,0,0,0,1,1,0,1,0,1,0,1,0,1,0,1,0,1,0,0,0,0
0,0,1,18,1,1,20.4,337.81,0,1,0,0,0,1,1,0,1,0,1,0,1,0,1,0,1,0,1,0,1,0,0
1,1,0,30,1,1,68.74,2070.39,1,0,0,1,0,0,0,0,0,0,0,1,0,1,0,1,0,1,0,0,0,1,0
0,0,0,27,1,0,64.45,1738.31,0,0,0,0,0,0,0,1,0,1,0,0,0,0,0,0,0,1,1,0,1,0,0
0,1,0,30,1,1,79.48,2399.79,1,1,0,0,1,0,0,0,0,1,0,0,0,0,0,0,0,1,0,0,0,1,0
0,0,0,34,0,1,64.18,2130.99,1,0,1,0,0,0,0,0,0,1,0,1,0,0,0,0,0,1,0,1,0,1,0
0,1,1,23,1,0,20.61,508.65,0,1,0,0,0,1,1,0,1,0,1,0,1,0,1,0,1,0,0,0,1,0,0
0,1,0,10,1,0,98.49,1009.93,0,0,0,0,1,0,0,1,0,0,0,1,0,0,0,1,0,1,0,1,0,0,1
0,0,0,8,1,1,21.31,171.35,0,0,0,1,0,1,1,0,1,0,1,0,1,0,1,0,1,0,0,1,0,0,1
0,1,0,15,1,1,20.74,343.82,0,1,0,0,0,1,1,0,1,0,1,0,1,0,1,0,1,0,0,1,0,0,1
0,0,1,72,1,1,20.61,1505.17,0,0,0,0,0,1,1,0,1,0,1,0,1,0,1,0,1,0,0,1,1,0,0
0,0,0,26,1,0,66.9,1763.02,0,1,0,0,0,0,0,0,0,1,0,0,0,0,0,1,0,1,0,0,1,0,0
0,1,0,37,1,1,24.33,924.26,0,0,0,0,0,1,1,0,1,0,1,0,1,0,1,0,1,0,0,1,0,1,0
0,0,0,19,1,1,81.14,1514.96,1,0,0,1,0,0,0,0,0,1,0,1,0,0,0,1,0,1,0,0,0,1,0
0,0,0,22,1,1,84.06,1841.73,1,0,0,1,1,0,0,1,0,0,0,1,0,0,0,0,0,0,0,0,0,1,0
0,0,1,13,1,0,80.08,1040.79,0,0,0,0,1,0,0,0,0,1,0,1,0,0,0,0,0,0,0,1,0,0,1
0,0,1,38,1,1,55.69,2097.89,0,1,0,1,0,0,0,1,0,0,0,1,0,0,0,0,0,0,0,0,1,0,0
0,1,1,20,1,0,84.39,1698.68,0,1,0,0,1,0,0,0,0,0,0,1,0,0,0,0,0,1,0,0,0,0,0
1,1,1,41,1,1,107.12,4393.69,0,1,0,0,1,0,0,1,0,1,0,0,0,1,0,1,0,1,0,1,0,0,1
0,1,1,2,1,1,87.2,180.06,0,1,0,0,1,0,0,1,0,1,0,0,0,0,0,1,0,1,0,1,0,0,0
0,0,1,42,1,1,74.04,3075.68,1,1,0,0,1,0,0,0,0,0,0,0,0,1,0,0,0,0,0,0,0,0,1
0,1,0,11,1,0,61.65,641.9,0,1,0,0,0,0,0,1,0,0,0,1,0,1,0,0,0,0,0,1,0,0,1
1,1,0,13,1,1,89.09,1163.09,1,1,0,0,1,0,0,0,0,0,0,1,0,1,0,0,0,0,0,0,0,0,0
0,0,0,50,1,0,78.2,3901.78,0,1,0,1,1,0,0,0,0,0,0,0,0,0,0,1,0,0,1,0,1,0,0
0,1,0,54,1,1,43.28,2314.53,0,0,0,0,0,0,0,0,0,0,0,0,0,0,0,0,0,0,0,1,0,0,1
0,0,1,28,1,1,84.63,2359.98,1,1,0,0,1,0,0,0,0,0,0,1,0,0,0,1,0,1,0,0,0,0,1
0,1,0,52,1,1,98.75,5132.97,1,0,0,0,1,0,0,1,0,1,0,0,0,1,0,0,0,1,0,0,1,0,0
1,1,0,16,1,1,19.9,323.19,0,1,0,1,0,1,1,0,1,0,1,0,1,0,1,0,1,0,0,1,1,0,0
0,1,1,18,1,0,18.25,335.43,0,1,0,1,0,1,1,0,1,0,1,0,1,0,1,0,1,0,1,0,1,0,0
0,1,0,63,1,0,76.05,4778.06,0,1,0,1,1,0,0,0,0,1,0,0,0,1,0,0,0,0,0,1,0,1,0
0,0,0,3,1,1,107.75,310.52,1,1,0,1,1,0,0,1,0,1,0,1,0,1,0,1,0,0,1,0,1,0,0
0,1,0,38,1,0,83.41,3139.67,0,1,0,0,1,0,0,0,0,0,0,0,0,1,0,0,0,1,0,0,0,0,1
0,0,0,23,1,0,64.12,1455.02,1,1,0,0,1,0,0,0,0,0,0,0,0,0,0,0,0,0,0,0,0,1,0
1,0,1,31,1,1,89.45,2761.16,0,1,0,1,1,0,0,0,0,1,0,0,0,1,0,0,0,1,0,1,1,0,0
1,1,1,27,0,0,47.4,1249.31,1,1,1,0,0,0,0,0,0,0,0,0,0,0,0,0,0,1,0,0,0,1,0
0,0,1,30,0,1,70.26,2058.91,0,0,1,0,0,0,0,0,0,0,0,1,0,1,0,1,0,1,0,1,0,0,1
0,0,0,23,1,1,92.02,2079.93,0,1,0,0,1,0,0,1,0,1,0,0,0,0,0,1,0,0,0,1,1,0,0
1,1,0,30,1,1,67.13,2030.83,0,0,0,0,0,0,0,1,0,0,0,1,0,0,0,1,0,0,0,0,1,0,0
0,0,0,37,1,1,20.94,779.13,0,1,0,0,0,1,1,0,1,0,1,0,1,0,1,0,1,0,0,1,1,0,0
0,1,0,19,1,0,70.94,1356.72,0,0,0,0,0,0,0,1,0,0,0,1,0,1,0,1,0,0,0,0,0,1,0
0,0,0,23,1,1,94.65,2165.93,1,0,0,1,1,0,0,0,0,0,0,1,0,1,0,0,0,1,0,0,0,0,0
0,1,1,29,1,0,70.3,2016.61,0,0,0,1,0,0,0,0,0,1,0,0,0,0,0,1,0,1,1,0,0,1,0
0,0,0,52,1,1,100.1,5243.24,1,0,0,0,1,0,0,1,0,0,0,0,0,0,0,1,0,1,0,0,0,0,0
1,0,1,5,1,0,77.11,406.66,1,1,0,0,0,0,0,0,0,1,0,1,0,0,0,1,0,1,0,0,0,0,0
0,0,0,10,1,0,70.79,735.24,0,0,0,1,1,0,0,1,0,0,0,0,0,0,0,0,0,0,0,0,1,0,0
0,0,0,72,1,1,20.03,1393.52,0,1,0,1,0,1,1,0,1,0,1,0,1,0,1,0,1,0,0,1,0,0,0
0,1,0,34,1,0,70.46,2432.8,0,0,0,0,1,0,0,0,0,0,0,0,0,1,0,0,0,0,0,0,0,1,0
0,0,0,33,1,1,59.49,1966.82,0,0,0,0,0,0,0,1,0,0,0,0,0,0,0,0,0,1,0,0,0,1,0
0,1,0,72,1,1,84.12,6046.03,1,1,0,0,1,0,0,0,0,0,0,1,0,1,0,1,0,0,0,0,0,0,1
0,1,1,33,1,0,83.99,2783.58,1,0,0,0,1,0,0,1,0,0,0,0,0,1,0,1,0,0,0,0,1,0,0
1,1,0,17,1,0,88.95,1536.3,1,1,0,0,1,0,0,0,0,0,0,1,0,1,0,0,0,1,0,0,0,1,0
0,0,0,2,1,1,21.46,59.11,0,0,0,1,0,1,1,0,1,0,1,0,1,0,1,0,1,0,0,0,0,0,0
0,0,1,22,1,1,18.25,417.75,1,0,0,0,0,1,1,0,1,0,1,0,1,0,1,0,1,0,0,0,0,0,0
0,1,1,26,1,0,18.25,467.12,0,1,0,1,0,1,1,0,1,0,1,0,1,0,1,0,1,0,1,0,0,1,0
0,0,0,47,0,1,70.86,3302.81,1,0,1,0,1,0,0,1,0,0,0,0,0,0,0,0,0,0,0,0,0,1,0
0,0,0,48,1,0,18.92,900.48,0,0,0,0,0,1,1,0,1,0,1,0,1,0,1,0,1,0,1,0,0,0,0
1,1,0,38,1,0,63.45,2451.75,1,1,0,0,1,0,0,0,0,0,0,0,0,0,0,0,0,0,1,0,1,0,0
0,1,0,54,0,0,53.77,2884.23,0,0,1,0,0,0,0,1,0,0,0,1,0,0,0,0,0,0,0,0,1,0,0
0,0,1,30,1,1,98.46,2966.1,1,1,0,0,1,0,0,1,0,0,0,1,0,1,0,0,0,1,1,0,0,0,0
0,0,1,6,1,1,73.21,395.92,0,0,0,1,1,0,0,0,0,0,0,1,0,0,0,0,0,0,1,0,0,0,1
0,1,0,21,0,0,67.28,1404.47,1,1,1,0,1,0,0,0,0,1,0,0,0,0,0,0,0,0,0,0,0,1,0
0,0,1,21,1,0,23.26,512.33,0,0,0,1,0,1,1,0,1,0,1,0,1,0,1,0,1,0,1,0,0,0,1
0,1,0,28,1,1,23.74,635.6,0,0,0,1,0,1,1,0,1,0,1,0,1,0,1,0,1,0,0,1,0,0,0
0,0,0,55,1,0,72.81,3980.91,1,1,0,0,1,0,0,0,0,0,0,1,0,0,0,0,0,0,0,0,0,1,0
0,1,0,25,1,1,84.74,2129.28,0,1,0,0,1,0,0,0,0,0,0,0,0,1,0,1,0,0,0,1,0,1,0
0,1,1,25,1,1,61.15,1524.22,0,0,0,1,0,0,0,1,0,0,0,0,0,0,0,1,0,0,1,0,0,0,0
0,1,0,72,1,0,43.78,3157.46,0,0,0,0,0,0,0,0,0,0,0,0,0,0,0,0,0,0,0,1,1,0,0
0,0,0,11,1,1,66.35,749.65,0,1,0,0,0,0,0,1,0,1,0,0,0,0,0,0,0,1,0,0,1,0,0
0,1,1,32,1,1,51.24,1604.11,0,1,0,0,0,0,0,0,0,0,0,0,0,0,0,1,0,0,0,1,0,1,0
0,1,0,16,0,1,19.03,274.85,0,1,1,0,0,1,1,0,1,0,1,0,1,0,1,0,1,0,0,0,0,1,0
0,1,0,35,1,0,88.52,3127.32,1,0,0,0,1,0,0,0,0,1,0,1,0,0,0,1,0,0,0,0,0,0,1
0,0,0,60,1,1,93.9,5613.11,1,1,0,1,1,0,0,0,0,0,0,1,0,1,0,1,0,0,1,0,1,0,0
0,1,1,43,1,1,59.72,2588.84,0,0,0,0,0,0,0,0,0,0,0,0,0,1,0,0,0,0,0,0,0,0,0
0,1,0,32,1,1,84.52,2701.14,0,1,0,0,1,0,0,1,0,1,0,0,0,0,0,1,0,0,0,0,0,1,0
1,1,0,26,1,1,72.22,1928.6,1,0,0,0,1,0,0,1,0,0,0,0,0,0,0,0,0,0,0,0,0,1,0
0,0,1,54,1,0,59.01,3181.08,0,1,0,0,0,0,0,1,0,0,0,0,0,1,0,0,0,0,0,1,0,0,0
0,1,0,45,1,0,62.63,2848.8,1,1,0,0,0,0,0,0,0,0,0,1,0,0,0,1,0,0,0,0,0,0,1
1,1,1,26,1,0,99.09,2562.73,1,0,0,0,1,0,0,0,0,1,0,1,0,1,0,1,0,1,0,0,0,1,0
0,0,0,72,1,1,54.24,3901.92,0,0,0,0,0,0,0,0,0,0,0,0,0,0,0,0,0,1,0,0,0,0,1
0,0,1,14,1,1,84.17,1183.02,1,1,0,0,1,0,0,1,0,0,0,1,0,1,0,0,0,0,0,0,0,1,0
1,0,1,72,1,1,18.52,1358.03,0,1,0,0,0,1,1,0,1,0,1,0,1,0,1,0,1,0,0,1,1,0,0
0,1,0,55,1,0,68.64,3780.51,0,1,0,0,0,0,0,1,0,1,0,0,0,0,0,0,0,0,1,0,0,1,0
0,0,1,8,1,1,52.63,472.9,1,1,0,1,0,0,0,1,0,0,0,0,0,0,0,0,0,0,1,0,0,1,0
0,0,1,15,1,0,88.5,1363.7,1,1,0,0,1,0,0,0,0,1,0,0,0,0,0,0,0,1,0,1,0,1,0
1,0,1,32,1,0,60.82,1970.07,0,0,0,0,0,0,0,1,0,0,0,0,0,1,0,0,0,1,1,0,0,1,0
1,0,0,6,1,1,94.36,593.29,1,1,0,1,1,0,0,0,0,0,0,1,0,1,0,1,0,0,0,1,1,0,0
1,0,1,46,1,1,46.08,2121.09,0,0,0,0,0,0,0,0,0,0,0,0,0,0,0,0,0,0,0,0,1,0,0
0,0,0,25,1,1,47.61,1183.02,0,1,0,1,0,0,0,0,0,0,0,0,0,0,0,0,0,0,1,0,0,0,1
0,1,0,47,0,0,91.49,4314.88,0,1,1,0,1,0,0,1,0,0,0,1,0,0,0,1,0,1,0,1,1,0,0
1,0,0,43,1,0,24.47,1086.38,0,0,0,1,0,1,1,0,1,0,1,0,1,0,1,0,1,0,0,0,0,1,0
0,0,0,22,1,0,78.88,1731.42,1,1,0,1,1,0,0,0,0,0,0,1,0,0,0,0,0,1,0,0,1,0,0
0,0,1,16,1,1,77.01,1240.92,0,0,0,0,0,0,0,1,0,0,0,1,0,1,0,1,0,1,0,1,0,0,0
0,1,0,3,1,1,94.12,274.79,1,1,0,1,1,0,0,0,0,0,0,1,0,1,0,0,0,1,0,0,0,1,0
1,1,0,72,1,1,78.28,5627.79,0,0,0,1,0,0,0,1,0,1,0,1,0,0,0,0,0,1,0,1,1,0,0
0,0,0,41,1,1,59.55,2439.43,0,0,0,1,0,0,0,1,0,0,0,0,0,0,0,0,0,0,1,0,0,1,0
0,0,0,9,0,1,82.14,764.97,1,0,1,0,1,0,0,0,0,0,0,0,0,1,0,1,0,1,1,0,0,0,1
1,1,0,25,1,1,24.93,594.66,0,1,0,0,0,1,1,0,1,0,1,0,1,0,1,0,1,0,1,0,0,0,0
1,0,0,53,1,0,20.08,1090.69,0,1,0,0,0,1,1,0,1,0,1,0,1,0,1,0,1,0,0,1,0,0,0
1,1,0,28,1,1,73.91,2079.38,0,1,0,0,1,0,0,0,0,0,0,0,0,0,0,1,0,0,1,0,0,1,0
0,0,0,7,1,0,18.25,132.3,0,0,0,1,0,1,1,0,1,0,1,0,1,0,1,0,1,0,0,0,0,1,0
0,0,1,45,0,1,63.79,2898.98,0,1,1,0,1,0,0,0,0,0,0,0,0,0,0,0,0,0,0,1,0,0,0
0,0,1,7,0,0,20.29,163.32,0,1,1,0,0,1,1,0,1,0,1,0,1,0,1,0,1,0,1,0,0,0,0
0,1,0,49,1,1,18.25,918.17,0,1,0,1,0,1,1,0,1,0,1,0,1,0,1,0,1,0,0,1,0,0,1
1,1,0,35,1,1,75.69,2667.13,1,1,0,0,1,0,0,0,0,1,0,0,0,0,0,1,0,0,0,1,0,0,0
0,1,0,25,1,0,47.48,1185.13,1,1,0,0,0,0,0,0,0,0,0,0,0,0,0,0,0,0,0,0,0,1,0
0,0,0,25,1,1,77.26,1958.76,1,1,0,0,1,0,0,0,0,0,0,0,0,1,0,0,0,1,1,0,0,0,1
0,0,0,21,1,0,24.09,505.53,0,1,0,0,0,1,1,0,1,0,1,0,1,0,1,0,1,0,1,0,0,1,0
0,0,0,41,1,0,76.22,3116.45,1,0,0,0,1,0,0,0,0,0,0,1,0,0,0,0,0,1,0,0,1,0,0
1,0,0,9,1,0,86.98,774.58,0,1,0,0,1,0,0,1,0,0,0,0,0,0,0,1,0,1,0,1,1,0,0
0,1,0,17,1,0,76.1,1240.86,1,1,0,1,1,0,0,0,0,1,0,0,0,0,0,0,0,0,1,0,0,1,0
0,1,0,68,1,1,86.96,5916.25,0,0,0,1,1,0,0,1,0,1,0,0,0,0,0,1,0,0,0,1,0,0,0
0,0,0,72,1,0,21.45,1539.45,1,0,0,0,0,1,1,0,1,0,1,0,1,0,1,0,1,0,1,0,0,1,0
0,0,0,23,1,1,84.48,1934.56,1,1,0,1,1,0,0,1,0,1,0,0,0,0,0,0,0,0,0,0,1,0,0
0,1,0,29,1,1,58.92,1727.31,0,0,0,1,0,0,0,1,0,1,0,0,0,0,0,0,0,0,1,0,0,0,1
1,0,1,10,1,0,92.02,941.74,0,0,0,0,0,0,0,1,0,1,0,1,0,1,0,1,0,1,0,0,0,1,0
0,0,0,14,1,1,18.51,207.95,0,0,0,0,0,1,1,0,1,0,1,0,1,0,1,0,1,0,0,1,0,0,1
0,1,1,3,1,1,68.49,157.95,1,0,0,0,0,0,0,1,0,1,0,1,0,0,0,0,0,0,0,0,0,1,0
0,1,0,5,1,0,18.29,95.52,0,0,0,0,0,1,1,0,1,0,1,0,1,0,1,0,1,0,0,0,0,0,1
0,0,0,19,1,1,79.46,1465.79,0,1,0,1,0,0,0,0,0,1,0,1,0,1,0,0,0,1,1,0,1,0,0
0,1,0,51,1,0,64.88,3309.17,0,1,0,0,0,0,0,0,0,0,0,0,0,0,0,1,0,1,0,0,1,0,0
0,1,0,26,0,1,75.57,1966.98,0,0,1,0,0,0,0,1,0,1,0,0,0,0,0,1,0,1,0,0,0,0,0
0,0,0,66,0,1,61.86,4080.72,0,0,1,0,0,0,0,0,0,0,0,0,0,0,0,1,0,1,0,1,0,0,0
0,0,1,17,1,0,23.12,374.91,1,1,0,0,0,1,1,0,1,0,1,0,1,0,1,0,1,0,1,0,0,0,1
1,1,0,58,1,0,65.89,3859.31,0,1,0,1,0,0,0,0,0,0,0,0,0,1,0,0,0,1,1,0,0,1,0
1,1,1,72,1,1,74.96,5331.68,1,0,0,0,1,0,0,0,0,0,0,0,0,0,0,0,0,1,0,0,0,1,0
0,0,1,35,1,1,22.49,823.17,0,1,0,0,0,1,1,0,1,0,1,0,1,0,1,0,1,0,0,0,0,0,0
0,1,0,3,1,1,70.92,215.82,1,0,0,0,1,0,0,0,0,0,0,0,0,0,0,0,0,1,0,0,0,0,0
0,0,0,3,1,0,22.54,18.61,0,0,0,0,0,1,1,0,1,0,1,0,1,0,1,0,1,0,0,0,0,0,1
0,0,0,6,1,1,59.61,320.43,0,0,0,1,0,0,0,0,0,0,0,1,0,1,0,0,0,0,0,0,0,0,0
0,1,0,13,0,1,72.29,940.68,0,0,1,0,1,0,0,0,0,0,0,1,0,1,0,0,0,0,1,0,0,1,0
0,0,0,48,1,0,82.87,4013.8,1,0,0,0,1,0,0,0,0,1,0,0,0,0,0,1,0,1,1,0,0,1,0
0,1,0,18,1,1,18.25,334.55,0,0,0,0,0,1,1,0,1,0,1,0,1,0,1,0,1,0,0,1,0,0,0
1,0,0,58,1,0,84.84,4919.54,0,0,0,0,1,0,0,0,0,1,0,0,0,1,0,1,0,1,1,0,0,0,1
1,0,1,15,1,1,89.47,1348.31,0,0,0,0,1,0,0,0,0,0,0,1,0,1,0,1,0,0,0,1,0,0,0
0,1,0,72,1,0,85.22,6104.13,1,0,0,0,1,0,0,0,0,0,0,1,0,0,0,1,0,0,0,0,0,1,0
0,1,0,68,1,0,75.55,5125.29,0,1,0,0,1,0,0,0,0,0,0,0,0,0,0,0,0,1,0,0,0,0,0
0,0,0,17,1,1,18.68,306.75,0,0,0,0,0,1,1,0,1,0,1,0,1,0,1,0,1,0,0,0,1,0,0
0,1,0,12,1,0,54.75,659.86,0,1,0,1,0,0,0,0,0,0,0,0,0,1,0,1,0,0,1,0,0,1,0
0,1,0,69,1,1,45.0,3124.18,0,0,0,0,0,0,0,0,0,0,0,0,0,0,0,0,0,0,0,1,0,1,0
0,1,0,9,1,1,75.41,664.52,0,0,0,0,0,0,0,0,0,0,0,1,0,1,0,0,0,1,0,0,0,0,1
0,1,0,16,1,0,19.77,314.59,0,1,0,1,0,1,1,0,1,0,1,0,1,0,1,0,1,0,0,1,0,0,1
0,0,0,9,1,0,74.07,672.76,1,1,0,0,1,0,0,0,0,0,0,0,0,0,0,1,0,0,0,0,0,0,0
0,1,0,31,1,0,65.98,2002.64,0,1,0,0,0,0,0,0,0,0,0,1,0,0,0,1,0,1,1,0,0,1,0
0,1,0,60,1,1,24.08,1473.76,0,0,0,1,0,1,1,0,1,0,1,0,1,0,1,0,1,0,0,0,0,0,0
0,1,0,18,1,0,67.61,1234.81,0,1,0,0,0,0,0,0,0,0,0,1,0,0,0,1,0,1,0,0,0,0,1
0,0,0,52,0,1,20.28,1039.8,0,1,1,0,0,1,1,0,1,0,1,0,1,0,1,0,1,0,0,0,1,0,0
0,0,1,33,0,0,18.25,623.43,0,0,1,0,0,1,1,0,1,0,1,0,1,0,1,0,1,0,1,0,0,0,1
0,0,1,9,1,1,80.63,731.33,0,0,0,1,1,0,0,0,0,0,0,1,0,0,0,0,0,1,0,0,1,0,0
0,0,0,16,1,1,71.86,1148.61,1,1,0,1,0,0,0,0,0,1,0,0,0,1,0,1,0,1,0,0,0,0,1
0,0,1,6,1,0,110.85,670.63,1,1,0,1,1,0,0,1,0,0,0,1,0,1,0,1,0,1,0,0,0,0,1
0,1,0,72,1,1,71.13,5163.27,0,0,0,1,1,0,0,0,0,1,0,0,0,0,0,0,0,0,0,0,0,0,0
0,1,1,29,1,1,71.63,2080.64,1,0,0,0,0,0,0,0,0,1,0,0,0,0,0,1,0,1,0,0,0,1,0
0,1,1,25,0,0,92.17,2350.37,0,0,1,0,1,0,0,1,0,0,0,1,0,0,0,1,0,1,0,0,0,0,1
0,1,0,28,1,0,77.98,2184.89,0,1,0,0,0,0,0,1,0,1,0,0,0,1,0,1,0,0,0,0,0,0,1
0,0,0,11,1,1,21.1,209.37,0,1,0,0,0,1,1,0,1,0,1,0,1,0,1,0,1,0,0,1,1,0,0
0,1,0,18,0,0,78.55,1401.87,1,1,1,0,1,0,0,0,0,0,0,0,0,0,0,1,0,1,0,0,1,0,0
0,0,1,34,1,0,61.31,2100.03,0,0,0,0,0,0,0,1,0,0,0,0,0,1,0,0,0,0,0,0,0,0,1
0,1,1,4,1,0,104.18,436.77,1,1,0,0,1,0,0,1,0,0,0,1,0,1,0,1,0,0,0,0,0,1,0
0,1,1,2,1,1,92.34,210.61,0,1,0,1,1,0,0,1,0,1,0,0,0,0,0,0,0,1,0,1,0,0,0
0,1,0,15,1,0,72.74,1064.57,0,0,0,0,0,0,0,1,0,1,0,0,0,0,0,1,0,1,1,0,0,0,0
0,1,1,13,1,1,56.29,755.09,1,0,0,1,0,0,0,1,0,0,0,0,0,0,0,0,0,0,1,0,1,0,0
0,1,0,63,1,0,52.01,3345.06,0,0,0,0,0,0,0,0,0,1,0,0,0,0,0,0,0,0,0,1,0,0,1
0,0,1,11,1,1,78.56,840.89,1,1,0,1,1,0,0,0,0,1,0,0,0,0,0,1,0,0,0,0,1,0,0
0,0,0,35,1,0,62.83,2228.93,0,1,0,0,0,0,0,0,0,1,0,1,0,0,0,1,0,0,0,1,0,0,1
0,0,0,13,1,1,52.73,673.48,1,1,0,1,0,0,0,0,0,1,0,0,0,0,0,0,0,0,1,0,0,1,0
0,0,0,33,1,0,20.05,646.75,0,1,0,0,0,1,1,0,1,0,1,0,1,0,1,0,1,0,0,1,0,1,0
0,1,1,29,1,1,61.02,1807.7,0,0,0,0,0,0,0,1,0,0,0,1,0,0,0,0,0,0,1,0,0,0,0
0,0,1,72,1,1,68.5,4970.12,0,1,0,0,0,0,0,0,0,1,0,0,0,1,0,0,0,1,0,1,0,1,0
0,1,0,10,1,1,69.88,725.87,1,0,0,1,1,0,0,0,0,0,0,1,0,0,0,0,0,0,0,0,0,1,0
0,1,0,10,0,1,18.25,204.22,0,0,1,0,0,1,1,0,1,0,1,0,1,0,1,0,1,0,0,0,1,0,0
0,1,0,72,1,0,75.24,5395.79,0,0,0,0,1,0,0,0,0,0,0,0,0,0,0,1,0,1,0,1,0,0,1
0,0,0,59,1,1,88.9,5263.9,0,1,0,0,0,0,0,1,0,1,0,1,0,1,0,1,0,0,0,0,0,1,0
0,0,1,16,1,1,88.23,1388.31,0,1,0,0,1,0,0,0,0,1,0,1,0,0,0,1,0,0,0,0,0,0,1
1,0,0,11,1,1,81.23,879.89,1,1,0,0,1,0,0,0,0,1,0,0,0,0,0,1,0,0,0,1,0,0,1
0,0,1,9,1,1,64.85,586.93,1,1,0,1,0,0,0,0,0,0,0,0,0,0,0,1,0,1,0,0,0,0,0
0,1,1,57,0,1,72.71,4147.49,0,1,1,0,0,0,0,0,0,1,0,1,0,0,0,1,0,1,0,0,0,0,1
0,0,0,14,1,1,85.99,1190.18,1,1,0,0,1,0,0,1,0,0,0,1,0,0,0,0,0,1,0,1,0,1,0
0,0,0,12,1,1,87.76,1037.17,1,0,0,0,1,0,0,0,0,0,0,1,0,0,0,0,0,1,0,0,0,1,0
0,0,0,11,1,0,63.43,685.54,1,1,0,0,0,0,0,1,0,0,0,0,0,0,0,1,0,0,0,0,0,0,0
0,1,0,39,1,0,109.6,4265.43,0,0,0,0,1,0,0,1,0,0,0,1,0,1,0,1,0,1,0,1,0,1,0
0,1,0,21,1,0,71.23,1487.15,0,1,0,0,0,0,0,0,0,1,0,1,0,0,0,1,0,0,1,0,1,0,0
0,1,0,58,1,1,83.28,4889.13,1,1,0,0,1,0,0,0,0,1,0,0,0,1,0,1,0,0,0,0,0,0,1
0,0,1,72,1,0,21.91,1538.95,0,1,0,0,0,1,1,0,1,0,1,0,1,0,1,0,1,0,0,0,0,0,1
0,1,1,29,1,0,70.04,2006.54,0,1,0,0,0,0,0,0,0,0,0,1,0,0,0,1,0,1,0,0,0,0,0
0,1,0,32,1,1,84.29,2677.58,0,1,0,0,1,0,0,0,0,1,0,0,0,0,0,1,0,1,0,0,0,1,0
0,0,1,20,1,1,86.73,1744.52,0,0,0,1,1,0,0,0,0,0,0,1,0,0,0,1,0,1,0,0,1,0,0
0,0,0,28,1,1,20.49,626.78,0,1,0,0,0,1,1,0,1,0,1,0,1,0,1,0,1,0,0,1,0,0,0
1,0,0,3,1,1,84.31,253.39,1,1,0,0,1,0,0,0,0,0,0,0,0,1,0,0,0,1,0,0,1,0,0
0,0,0,34,1,1,86.45,2940.89,1,0,0,0,1,0,0,1,0,1,0,1,0,0,0,0,0,0,0,0,0,0,1
0,0,1,50,1,1,100.84,5036.87,1,1,0,0,1,0,0,1,0,1,0,0,0,0,0,1,0,1,0,0,0,0,1
1,1,0,9,1,0,86.56,788.37,1,0,0,0,1,0,0,1,0,0,0,1,0,0,0,0,0,1,0,0,0,1,0
0,0,0,72,1,1,18.25,1289.29,1,1,0,1,0,1,1,0,1,0,1,0,1,0,1,0,1,0,0,0,0,1,0
0,1,0,15,1,1,72.72,1079.07,1,0,0,0,1,0,0,0,0,0,0,0,0,1,0,0,0,0,0,0,0,1,0
1,1,1,69,1,0,101.91,7021.13,0,1,0,1,1,0,0,1,0,1,0,1,0,0,0,1,0,1,1,0,0,0,1
0,0,0,42,1,1,20.39,876.05,0,1,0,0,0,1,1,0,1,0,1,0,1,0,1,0,1,0,1,0,0,0,0
0,0,0,8,1,1,76.07,595.11,1,0,0,0,0,0,0,1,0,1,0,1,0,0,0,1,0,0,0,0,1,0,0
0,0,0,56,1,1,74.47,4175.36,0,0,0,0,1,0,0,0,0,0,0,0,0,1,0,0,0,0,0,1,1,0,0
0,1,0,25,1,1,21.66,540.6,0,1,0,1,0,1,1,0,1,0,1,0,1,0,1,0,1,0,1,0,0,0,1
0,0,0,36,1,1,25.87,914.06,0,0,0,0,0,1,1,0,1,0,1,0,1,0,1,0,1,0,0,0,0,1,0
0,1,0,20,1,0,79.32,1605.81,1,1,0,0,0,0,0,1,0,0,0,0,0,1,0,1,0,1,0,0,0,0,1
1,1,0,23,1,0,86.88,1970.39,1,1,0,0,1,0,0,0,0,0,0,1,0,1,0,1,0,0,0,0,1,0,0
0,1,1,4,1,0,66.17,294.06,0,1,0,0,0,0,0,0,0,0,0,0,0,0,0,1,0,1,0,0,0,0,0
0,1,1,39,1,1,89.78,3527.36,1,0,0,0,1,0,0,0,0,1,0,1,0,0,0,1,0,1,0,0,0,0,0
1,1,0,25,1,1,76.82,1964.94,0,1,0,0,1,0,0,0,0,0,0,1,0,0,0,0,0,0,0,0,0,1,0
0,0,0,32,1,1,71.57,2279.14,1,0,0,1,1,0,0,0,0,0,0,0,0,1,0,0,0,0,0,0,0,1,0
0,1,1,37,1,1,18.25,688.83,0,1,0,1,0,1,1,0,1,0,1,0,1,0,1,0,1,0,0,0,1,0,0
0,0,1,35,1,1,67.65,2347.48,0,0,0,0,0,0,0,0,0,1,0,0,0,0,0,1,0,1,0,1,0,0,1
0,0,1,40,1,0,18.25,739.29,0,0,0,1,0,1,1,0,1,0,1,0,1,0,1,0,1,0,0,0,0,1,0
1,1,1,4,1,0,82.29,326.86,1,1,0,0,1,0,0,0,0,0,0,0,0,1,0,0,0,1,0,1,0,1,0
0,0,1,20,1,0,82.92,1647.83,0,1,0,1,0,0,0,1,0,1,0,1,0,1,0,1,0,0,1,0,0,0,0
0,1,0,8,1,1,18.25,127.26,0,1,0,1,0,1,1,0,1,0,1,0,1,0,1,0,1,0,1,0,0,1,0
0,0,1,1,1,1,21.73,57.59,1,0,0,0,0,1,1,0,1,0,1,0,1,0,1,0,1,0,0,0,0,0,1
0,0,0,36,1,1,23.26,834.28,0,1,0,0,0,1,1,0,1,0,1,0,1,0,1,0,1,0,0,0,0,1,0
0,1,0,72,0,0,18.25,1335.5,0,0,1,0,0,1,1,0,1,0,1,0,1,0,1,0,1,0,0,0,0,1,0
1,1,1,1,1,1,57.32,72.72,0,1,0,0,0,0,0,0,0,1,0,0,0,1,0,0,0,0,1,0,0,0,1
0,0,0,39,0,1,60.21,2312.73,0,0,1,0,0,0,0,0,0,1,0,0,0,0,0,0,0,1,0,0,0,1,0
0,1,0,19,1,1,53.7,1008.78,0,1,0,1,0,0,0,0,0,0,0,1,0,0,0,0,0,0,0,1,0,1,0
0,0,1,23,1,0,74.89,1711.83,0,1,0,0,0,0,0,1,0,0,0,0,0,1,0,1,0,1,0,0,0,1,0
0,1,0,38,1,0,18.75,740.54,0,0,0,0,0,1,1,0,1,0,1,0,1,0,1,0,1,0,1,0,0,0,1
0,0,0,34,1,1,89.58,3038.34,1,1,0,0,1,0,0,0,0,0,0,1,0,1,0,0,0,1,0,0,0,1,0
0,1,1,20,1,1,50.79,1057.9,0,0,0,0,0,0,0,0,0,0,0,0,0,0,0,1,0,0,1,0,0,0,1
0,1,0,15,1,0,89.6,1357.3,1,1,0,0,1,0,0,0,0,0,0,0,0,1,0,1,0,1,0,0,1,0,0
0,1,0,34,1,0,98.9,3358.89,1,1,0,0,1,0,0,0,0,1,0,1,0,1,0,0,0,1,1,0,0,1,0
0,1,1,2,1,1,84.47,148.41,1,0,0,1,1,0,0,0,0,1,0,1,0,0,0,0,0,0,0,0,0,0,1
0,0,0,38,1,1,18.25,733.69,0,0,0,1,0,1,1,0,1,0,1,0,1,0,1,0,1,0,0,1,0,0,1
0,0,1,19,1,1,98.52,1875.15,1,0,0,1,1,0,0,1,0,1,0,1,0,0,0,1,0,1,1,0,0,0,1
0,1,1,65,1,1,86.41,5611.01,1,1,0,0,1,0,0,0,0,0,0,1,0,0,0,0,0,1,0,0,0,1,0
0,1,1,24,1,0,52.96,1318.35,0,1,0,0,0,0,0,0,0,0,0,0,0,1,0,0,0,0,0,0,1,0,0
0,1,0,62,1,0,80.23,5010.29,0,1,0,0,1,0,0,1,0,1,0,0,0,0,0,0,0,0,0,0,0,0,1
0,0,0,10,1,1,86.89,863.05,1,0,0,0,1,0,0,1,0,0,0,0,0,0,0,1,0,1,0,0,0,1,0
1,0,0,9,1,0,86.84,755.27,1,1,0,0,1,0,0,1,0,0,0,0,0,0,0,1,0,1,1,0,0,1,0
1,0,0,13,1,1,53.62,676.62,1,1,0,0,0,0,0,0,0,0,0,1,0,0,0,0,0,1,0,0,0,0,0
0,0,0,72,1,1,91.75,6606.01,0,1,0,0,1,0,0,1,0,0,0,1,0,0,0,1,0,0,0,1,0,1,0
0,1,1,24,1,0,49.94,1191.36,0,1,0,0,0,0,0,0,0,1,0,0,0,0,0,0,0,0,0,1,0,0,1
0,1,0,15,1,0,19.13,290.69,0,1,0,0,0,1,1,0,1,0,1,0,1,0,1,0,1,0,0,0,0,1,0
0,0,0,34,1,1,91.52,3056.29,0,1,0,1,1,0,0,1,0,1,0,0,0,0,0,1,0,0,0,1,0,1,0
1,1,0,13,1,1,87.05,1108.7,0,0,0,0,0,0,0,0,0,1,0,1,0,1,0,1,0,1,0,1,0,0,1
0,1,0,33,1,0,92.42,3029.01,0,0,0,0,1,0,0,0,0,1,0,0,0,1,0,1,0,0,1,0,0,0,0
0,1,0,24,1,1,19.16,471.17,0,1,0,1,0,1,1,0,1,0,1,0,1,0,1,0,1,0,1,0,0,1,0
0,0,0,14,0,1,76.45,1079.96,1,0,1,0,1,0,0,0,0,0,0,0,0,1,0,1,0,0,0,0,0,0,0
0,0,0,25,1,1,21.83,562.88,1,0,0,0,0,1,1,0,1,0,1,0,1,0,1,0,1,0,0,0,0,1,0
0,0,0,25,1,0,19.72,460.62,1,1,0,0,0,1,1,0,1,0,1,0,1,0,1,0,1,0,0,0,0,1,0
0,1,0,46,1,1,18.25,845.95,0,1,0,0,0,1,1,0,1,0,1,0,1,0,1,0,1,0,0,0,1,0,0
0,1,0,7,1,1,66.86,490.88,1,1,0,0,1,0,0,1,0,0,0,0,0,0,0,0,0,0,0,0,0,0,1
0,1,1,17,1,1,91.15,1543.88,1,1,0,1,1,0,0,1,0,1,0,0,0,0,0,1,0,1,0,0,1,0,0
0,0,1,30,1,0,66.08,1982.69,1,0,0,1,0,0,0,1,0,1,0,1,0,0,0,0,0,0,0,0,0,1,0
0,1,1,12,1,0,20.19,232.91,0,0,0,1,0,1,1,0,1,0,1,0,1,0,1,0,1,0,0,0,0,0,1
0,0,0,21,1,1,22.63,486.22,0,1,0,0,0,1,1,0,1,0,1,0,1,0,1,0,1,0,0,0,0,0,0
0,0,1,14,1,1,72.84,1017.89,0,0,0,1,0,0,0,0,0,1,0,0,0,1,0,0,0,1,0,0,0,0,0
0,0,0,18,1,0,93.06,1692.75,1,1,0,0,1,0,0,1,0,1,0,1,0,0,0,1,0,0,0,0,0,0,0
0,0,0,9,1,1,47.87,428.54,1,0,0,0,0,0,0,0,0,0,0,1,0,0,0,0,0,0,0,1,0,1,0
0,1,0,72,1,1,18.25,1312.53,0,0,0,1,0,1,1,0,1,0,1,0,1,0,1,0,1,0,0,0,0,0,0
0,0,0,2,1,1,52.92,91.61,0,1,0,1,0,0,0,0,0,0,0,0,0,0,0,0,0,1,1,0,0,0,0
0,1,1,14,1,1,101.34,1472.58,1,1,0,0,1,0,0,1,0,0,0,0,0,1,0,1,0,1,0,0,0,0,0
0,0,0,24,1,1,76.62,1808.98,0,0,0,0,1,0,0,0,0,1,0,0,0,1,0,0,0,0,0,1,0,1,0
0,0,0,24,1,1,52.44,1268.8,1,0,0,0,0,0,0,0,0,0,0,0,0,0,0,1,0,0,0,0,1,0,0
0,0,0,58,1,1,18.53,1022.63,0,1,0,1,0,1,1,0,1,0,1,0,1,0,1,0,1,0,0,1,0,0,0
0,1,0,7,1,0,118.75,826.27,0,1,0,1,1,0,0,1,0,1,0,1,0,1,0,1,0,1,0,1,0,1,0
1,0,0,4,1,1,83.95,324.39,0,1,0,0,1,0,0,1,0,1,0,0,0,0,0,0,0,1,0,1,0,0,0
0,0,0,16,1,0,64.55,1019.7,0,0,0,1,0,0,0,1,0,0,0,0,0,0,0,1,0,0,0,1,0,1,0
0,0,0,24,1,1,77.29,1833.62,0,0,0,1,1,0,0,0,0,0,0,0,0,0,0,1,0,1,0,1,0,1,0
0,0,0,19,0,1,58.33,1076.62,0,0,1,0,0,0,0,1,0,1,0,0,0,0,0,0,0,0,0,1,0,1,0
0,0,0,49,1,0,79.43,3877.07,1,0,0,0,1,0,0,0,0,0,0,0,0,1,0,0,0,1,0,0,0,0,0
0,1,0,8,0,0,61.64,481.61,0,0,1,0,1,0,0,0,0,0,0,0,0,0,0,0,0,0,0,0,0,0,1
0,1,0,15,1,1,56.76,931.87,0,0,0,1,0,0,0,0,0,0,0,0,0,0,0,1,0,0,1,0,0,0,0
0,1,0,37,1,1,21.43,793.13,0,1,0,0,0,1,1,0,1,0,1,0,1,0,1,0,1,0,0,0,1,0,0
0,0,0,25,1,1,65.09,1666.53,1,0,0,0,0,0,0,1,0,1,0,1,0,0,0,0,0,0,0,0,1,0,0
1,0,1,58,1,0,87.09,5029.93,1,1,0,0,1,0,0,0,0,1,0,0,0,0,0,1,0,0,0,1,1,0,0
0,1,1,25,1,1,24.2,620.35,0,1,0,0,0,1,1,0,1,0,1,0,1,0,1,0,1,0,0,0,0,1,0
0,1,0,7,1,1,22.24,192.97,0,0,0,1,0,1,1,0,1,0,1,0,1,0,1,0,1,0,0,0,0,0,0
0,0,0,53,0,0,74.2,3932.25,0,0,1,0,1,0,0,1,0,0,0,0,0,1,0,0,0,0,0,0,0,0,1
0,0,0,49,0,1,60.72,3011.97,0,0,1,0,0,0,0,0,0,1,0,1,0,0,0,1,0,0,0,0,0,1,0
0,0,1,33,1,1,69.84,2270.14,1,1,0,1,1,0,0,0,0,0,0,1,0,0,0,0,0,0,0,0,0,0,0
0,1,0,72,1,0,72.45,5256.01,0,0,0,1,1,0,0,0,0,1,0,0,0,0,0,0,0,0,1,0,1,0,0
0,0,0,26,0,1,69.28,1813.47,0,1,1,0,1,0,0,0,0,0,0,0,0,1,0,0,0,0,1,0,0,0,0
0,1,0,27,1,1,78.2,2108.04,1,1,0,0,1,0,0,0,0,1,0,1,0,0,0,0,0,0,0,0,0,0,1
1,1,0,48,1,1,22.83,1133.4,0,1,0,1,0,1,1,0,1,0,1,0,1,0,1,0,1,0,0,0,0,0,0
1,0,1,31,1,1,103.96,3208.27,1,0,0,0,1,0,0,1,0,0,0,0,0,1,0,1,0,1,0,0,0,1,0
0,1,0,27,1,1,27.34,753.9,0,1,0,0,0,1,1,0,1,0,1,0,1,0,1,0,1,0,0,1,0,0,0
0,0,0,4,1,0,20.1,84.86,0,0,0,0,0,1,1,0,1,0,1,0,1,0,1,0,1,0,1,0,0,1,0
0,1,0,6,1,0,18.25,120.34,0,1,0,1,0,1,1,0,1,0,1,0,1,0,1,0,1,0,0,0,0,1,0
1,1,1,6,1,0,77.13,481.06,1,1,0,1,0,0,0,0,0,1,0,0,0,1,0,1,0,1,0,1,0,1,0
0,0,0,18,1,1,99.14,1744.32,1,0,0,1,1,0,0,0,0,1,0,0,0,1,0,1,0,1,0,0,1,0,0
0,1,1,60,1,1,21.65,1311.31,0,1,0,0,0,1,1,0,1,0,1,0,1,0,1,0,1,0,0,0,0,1,0
0,1,0,72,1,0,92.7,6722.81,0,0,0,0,1,0,0,0,0,1,0,1,0,1,0,0,0,0,0,1,0,0,1
0,1,0,66,1,1,68.52,4510.53,1,0,0,0,1,0,0,0,0,0,0,0,0,0,0,1,0,0,0,0,0,0,0
0,1,0,68,1,1,64.8,4439.72,0,1,0,0,0,0,0,0,0,1,0,1,0,0,0,1,0,0,1,0,0,0,1
0,0,0,11,1,1,87.77,998.88,1,0,0,0,1,0,0,0,0,1,0,0,0,1,0,1,0,0,0,0,0,1,0
0,1,0,25,1,1,85.21,2117.44,1,0,0,0,1,0,0,0,0,0,0,0,0,1,0,0,0,1,0,0,0,1,0
0,0,1,9,1,1,18.48,124.36,0,0,0,0,0,1,1,0,1,0,1,0,1,0,1,0,1,0,0,0,0,1,0
0,0,0,32,1,0,75.25,2419.62,1,0,0,1,0,0,0,0,0,1,0,1,0,0,0,1,0,1,0,0,0,1,0
0,0,1,18,1,1,68.02,1222.86,1,0,0,0,0,0,0,0,0,1,0,1,0,0,0,0,0,0,0,0,1,0,0
1,0,0,4,1,1,85.64,357.98,1,0,0,0,1,0,0,1,0,0,0,1,0,0,0,0,0,0,1,0,0,0,1
0,0,0,36,1,0,24.29,856.57,0,1,0,0,0,1,1,0,1,0,1,0,1,0,1,0,1,0,0,0,0,1,0
0,0,1,13,1,1,74.64,973.92,1,0,0,1,0,0,0,0,0,1,0,1,0,0,0,1,0,1,0,1,0,0,1
0,1,0,23,1,0,60.58,1375.99,0,0,0,0,0,0,0,0,0,0,0,0,0,0,0,1,0,1,0,1,0,0,0
0,0,1,16,0,1,18.69,311.16,0,0,1,0,0,1,1,0,1,0,1,0,1,0,1,0,1,0,0,1,1,0,0
1,1,1,39,1,0,60.59,2357.57,0,0,0,0,0,0,0,0,0,0,0,0,0,1,0,0,0,1,1,0,0,0,1
0,1,0,28,1,0,69.41,1919.98,1,1,0,1,1,0,0,0,0,0,0,0,0,0,0,0,0,1,0,1,0,0,0
1,0,1,24,1,0,18.61,467.96,0,0,0,1,0,1,1,0,1,0,1,0,1,0,1,0,1,0,1,0,1,0,0
0,1,1,65,1,1,23.69,1518.52,1,0,0,1,0,1,1,0,1,0,1,0,1,0,1,0,1,0,0,0,0,0,1
0,1,0,17,1,0,56.13,969.47,0,1,0,0,0,0,0,0,0,1,0,0,0,0,0,0,0,0,0,0,0,0,1
0,1,0,34,1,1,24.74,850.15,0,1,0,0,0,1,1,0,1,0,1,0,1,0,1,0,1,0,0,0,0,0,0
0,1,0,17,1,1,22.09,376.19,0,0,0,0,0,1,1,0,1,0,1,0,1,0,1,0,1,0,0,1,1,0,0
0,0,0,72,1,1,18.25,1332.65,0,1,0,1,0,1,1,0,1,0,1,0,1,0,1,0,1,0,0,1,0,0,1
1,1,1,55,1,0,82.28,4493.83,1,0,0,0,1,0,0,0,0,0,0,1,0,0,0,0,0,1,0,0,1,0,0
1,0,0,72,1,1,90.24,6503.75,0,1,0,0,1,0,0,1,0,0,0,0,0,1,0,1,0,0,1,0,0,0,0
0,0,0,27,1,0,68.81,1847.96,0,1,0,0,1,0,0,0,0,0,0,0,0,0,0,1,0,0,0,1,0,1,0
1,1,1,57,1,0,84.21,4771.8,0,0,0,0,1,0,0,0,0,1,0,1,0,0,0,0,0,1,1,0,0,0,0
1,1,0,8,1,1,91.83,773.61,1,0,0,0,1,0,0,0,0,1,0,0,0,1,0,1,0,1,0,0,1,0,0
0,1,0,7,1,1,91.44,621.14,1,0,0,0,1,0,0,1,0,0,0,1,0,0,0,1,0,1,0,0,0,1,0
0,0,1,21,1,1,79.0,1693.82,0,0,0,1,1,0,0,0,0,0,0,0,0,1,0,0,0,1,0,0,0,0,1
0,1,1,32,1,1,82.96,2717.89,1,0,0,1,1,0,0,1,0,1,0,0,0,0,0,0,0,0,0,0,0,1,0
0,1,0,61,1,1,68.58,4306.16,0,0,0,0,0,0,0,1,0,0,0,0,0,0,0,1,0,1,0,0,0,0,0
0,0,0,26,1,1,18.87,447.29,0,0,0,1,0,1,1,0,1,0,1,0,1,0,1,0,1,0,0,0,0,1,0
1,0,1,20,0,1,18.25,375.19,0,0,1,0,0,1,1,0,1,0,1,0,1,0,1,0,1,0,1,0,1,0,0
0,1,0,45,1,1,88.62,3969.44,1,0,0,0,1,0,0,1,0,1,0,1,0,0,0,0,0,0,0,0,0,0,1
0,0,1,72,1,1,103.98,7521.87,0,1,0,0,1,0,0,1,0,0,0,1,0,1,0,0,0,1,1,0,0,0,1
0,0,0,47,1,1,18.47,873.07,0,1,0,1,0,1,1,0,1,0,1,0,1,0,1,0,1,0,0,1,0,1,0
0,0,1,36,1,1,77.53,2838.74,0,0,0,0,1,0,0,0,0,0,0,1,0,0,0,0,0,1,0,1,0,0,0
0,1,0,56,1,1,66.1,3716.97,0,0,0,1,1,0,0,0,0,0,0,0,0,0,0,0,0,0,0,1,0,0,1
0,1,0,53,1,1,46.8,2489.59,0,0,0,1,0,0,0,0,0,0,0,0,0,0,0,0,0,0,1,0,1,0,0
0,1,0,47,1,0,18.25,870.02,0,1,0,1,0,1,1,0,1,0,1,0,1,0,1,0,1,0,0,0,0,0,0
0,1,1,54,0,1,67.32,3598.99,1,0,1,0,0,0,0,0,0,1,0,0,0,0,0,1,0,1,1,0,0,1,0
0,1,0,32,1,0,25.17,788.67,0,1,0,1,0,1,1,0,1,0,1,0,1,0,1,0,1,0,1,0,1,0,0
0,0,0,72,1,1,101.42,7322.5,0,0,0,0,1,0,0,0,0,1,0,1,0,1,0,0,0,1,0,0,1,0,0
0,0,1,7,1,0,78.48,564.47,0,0,0,1,1,0,0,0,0,0,0,0,0,1,0,1,0,0,0,1,0,1,0
0,0,0,41,1,1,77.94,3177.21,0,0,0,1,1,0,0,0,0,0,0,0,0,1,0,0,0,0,0,0,0,1,0
0,0,0,14,1,0,104.94,1480.31,0,0,0,1,1,0,0,1,0,1,0,0,0,1,0,1,0,1,0,1,0,0,1
0,1,0,30,1,1,20.61,578.73,1,1,0,0,0,1,1,0,1,0,1,0,1,0,1,0,1,0,1,0,0,0,0
0,1,0,8,1,1,59.14,494.5,1,1,0,0,0,0,0,0,0,0,0,0,0,1,0,0,0,0,0,0,0,0,1
0,0,0,18,1,0,60.76,1126.2,0,0,0,1,0,0,0,0,0,1,0,1,0,0,0,0,0,0,0,1,0,0,1
1,1,0,20,1,1,18.25,392.45,1,0,0,0,0,1,1,0,1,0,1,0,1,0,1,0,1,0,0,0,0,1,0
1,1,0,37,1,1,61.52,2310.19,0,0,0,1,0,0,0,0,0,0,0,0,0,1,0,1,0,0,0,0,0,0,1
0,0,1,17,0,0,69.98,1170.84,1,1,1,0,0,0,0,1,0,0,0,0,0,1,0,0,0,1,0,1,1,0,0
0,1,0,22,1,1,66.57,1515.57,1,1,0,1,0,0,0,0,0,1,0,0,0,0,0,1,0,1,0,0,0,1,0
0,1,1,46,1,1,86.31,3970.74,0,1,0,1,1,0,0,1,0,1,0,0,0,0,0,0,0,0,0,0,0,0,1
1,0,0,62,1,1,25.6,1619.26,0,1,0,0,0,1,1,0,1,0,1,0,1,0,1,0,1,0,0,0,0,1,0
0,0,1,19,1,1,82.92,1530.16,1,1,0,0,1,0,0,0,0,0,0,0,0,1,0,1,0,1,0,0,0,0,1
0,0,0,69,1,0,61.18,4241.2,0,0,0,0,0,0,0,0,0,0,0,0,0,0,0,1,0,1,0,1,0,1,0
0,1,0,44,1,1,71.26,3159.6,1,0,0,0,1,0,0,0,0,0,0,1,0,0,0,0,0,1,0,0,1,0,0
0,0,0,68,1,0,88.48,6024.19,0,1,0,0,1,0,0,0,0,0,0,0,0,0,0,1,0,1,0,0,1,0,0
0,0,1,28,1,1,22.33,589.96,0,1,0,1,0,1,1,0,1,0,1,0,1,0,1,0,1,0,0,1,0,0,1
0,1,0,21,1,1,66.11,1404.6,0,1,0,1,1,0,0,0,0,0,0,0,0,0,0,0,0,0,1,0,0,0,1
0,0,0,25,1,1,76.79,1876.73,1,0,0,1,0,0,0,1,0,1,0,1,0,1,0,0,0,0,0,0,0,1,0
0,0,0,36,1,0,18.25,604.65,0,1,0,1,0,1,1,0,1,0,1,0,1,0,1,0,1,0,0,1,0,1,0
0,0,0,28,1,1,66.05,1851.6,0,0,0,1,0,0,0,0,0,0,0,0,0,0,0,1,0,1,0,1,0,1,0
0,1,1,29,1,1,18.59,546.1,0,0,0,1,0,1,1,0,1,0,1,0,1,0,1,0,1,0,1,0,1,0,0
0,0,0,44,1,0,70.53,3164.04,0,1,0,0,0,0,0,0,0,1,0,1,0,0,0,1,0,1,0,0,0,0,1
1,1,0,17,1,0,82.24,1413.02,1,0,0,1,1,0,0,0,0,0,0,1,0,0,0,0,0,1,0,0,1,0,0
0,1,0,31,1,0,63.16,1972.3,0,0,0,0,0,0,0,0,0,0,0,0,0,0,0,1,0,1,1,0,0,1,0
1,1,1,8,1,1,18.25,130.12,1,1,0,0,0,1,1,0,1,0,1,0,1,0,1,0,1,0,0,0,0,0,0
0,1,1,26,1,0,82.5,2152.71,0,1,0,1,1,0,0,0,0,0,0,0,0,0,0,1,0,1,0,1,0,0,1
1,1,1,20,1,0,25.37,481.1,0,0,0,1,0,1,1,0,1,0,1,0,1,0,1,0,1,0,0,0,0,0,1
0,0,0,20,1,1,18.7,394.33,0,0,0,0,0,1,1,0,1,0,1,0,1,0,1,0,1,0,0,0,1,0,0
0,0,0,10,1,1,69.37,723.6,0,0,0,0,0,0,0,0,0,0,0,1,0,0,0,1,0,1,0,1,0,1,0
0,1,0,16,1,1,64.26,1036.47,1,0,0,0,0,0,0,0,0,1,0,0,0,1,0,0,0,1,1,0,0,0,1
1,0,1,37,1,1,18.25,653.86,0,1,0,0,0,1,1,0,1,0,1,0,1,0,1,0,1,0,0,0,1,0,0
1,0,1,12,1,0,78.98,945.6,0,0,0,1,1,0,0,0,0,0,0,1,0,1,0,0,0,0,0,0,0,1,0
0,1,0,4,1,1,22.16,114.9,0,1,0,0,0,1,1,0,1,0,1,0,1,0,1,0,1,0,0,0,0,0,0
0,0,1,41,0,1,71.45,2922.41,0,1,1,0,1,0,0,0,0,1,0,0,0,0,0,0,0,0,1,0,1,0,0
0,0,0,72,1,1,72.79,5229.03,1,0,0,0,1,0,0,0,0,1,0,0,0,0,0,0,0,0,0,0,0,1,0
0,0,0,15,1,1,78.43,1151.49,1,0,0,1,1,0,0,0,0,0,0,1,0,0,0,0,0,1,0,1,0,1,0
0,0,0,72,1,0,78.1,5646.08,1,0,0,0,1,0,0,0,0,0,0,1,0,0,0,1,0,0,0,0,1,0,0
0,0,1,3,1,0,18.25,70.46,0,1,0,0,0,1,1,0,1,0,1,0,1,0,1,0,1,0,0,1,0,1,0
0,0,1,39,1,1,71.44,2794.24,0,1,0,0,1,0,0,0,0,0,0,0,0,0,0,1,0,0,1,0,0,0,0
0,1,0,14,1,1,19.63,287.06,0,0,0,0,0,1,1,0,1,0,1,0,1,0,1,0,1,0,0,0,0,0,0
1,1,1,72,1,0,54.31,3877.55,0,0,0,0,0,0,0,0,0,0,0,1,0,0,0,0,0,0,0,0,1,0,0
0,0,0,23,0,1,21.75,496.19,1,0,1,0,0,1,1,0,1,0,1,0,1,0,1,0,1,0,1,0,0,0,0
0,1,0,16,1,0,89.87,1414.32,1,0,0,0,1,0,0,0,0,1,0,1,0,1,0,0,0,1,0,0,0,0,1
0,1,0,0,1,0,68.35,0.0,1,1,0,0,0,0,0,1,0,1,0,1,0,0,0,1,0,0,0,0,0,1,0
0,1,1,49,0,1,69.42,3397.7,1,1,1,0,1,0,0,0,0,0,0,0,0,0,0,0,0,1,1,0,0,0,0
0,0,0,47,1,1,79.67,3753.13,1,1,0,0,1,0,0,1,0,0,0,0,0,0,0,1,0,1,0,0,0,0,0
0,0,0,66,1,1,20.83,1381.05,0,1,0,1,0,1,1,0,1,0,1,0,1,0,1,0,1,0,1,0,0,1,0
0,1,1,32,1,1,84.24,2682.42,1,1,0,0,1,0,0,0,0,0,0,1,0,1,0,0,0,0,0,0,0,1,0
0,1,0,21,1,1,71.81,1515.26,1,0,0,1,0,0,0,0,0,1,0,1,0,1,0,1,0,0,0,0,0,0,0
0,1,0,58,1,1,22.95,1310.02,1,1,0,0,0,1,1,0,1,0,1,0,1,0,1,0,1,0,0,0,1,0,0
0,1,1,18,1,1,69.24,1246.68,0,1,0,0,0,0,0,1,0,0,0,0,0,1,0,0,0,1,0,1,1,0,0
0,0,0,7,1,1,90.46,605.38,0,0,0,1,1,0,0,0,0,1,0,1,0,1,0,0,0,0,0,1,1,0,0
0,1,1,38,1,1,75.21,2806.23,1,1,0,1,1,0,0,0,0,0,0,1,0,0,0,0,0,0,0,0,0,1,0
0,0,1,54,1,0,79.86,4324.9,1,1,0,1,1,0,0,1,0,0,0,0,0,0,0,1,0,1,0,0,0,0,0
0,1,1,5,1,1,88.06,443.97,1,0,0,0,1,0,0,0,0,0,0,0,0,1,0,1,0,1,0,1,0,0,1
0,1,0,30,1,0,100.27,2983.11,0,1,0,0,1,0,0,1,0,1,0,0,0,1,0,1,0,0,0,0,0,0,1
0,0,0,49,1,1,18.25,874.19,0,0,0,0,0,1,1,0,1,0,1,0,1,0,1,0,1,0,0,0,0,1,0
0,1,0,17,1,0,24.61,343.72,0,0,0,1,0,1,1,0,1,0,1,0,1,0,1,0,1,0,0,0,0,1,0
0,1,0,72,1,0,18.25,1314.29,0,1,0,0,0,1,1,0,1,0,1,0,1,0,1,0,1,0,1,0,0,1,0
0,1,1,15,1,1,61.33,923.32,0,0,0,1,0,0,0,0,0,1,0,0,0,1,0,0,0,0,1,0,0,1,0
0,0,0,15,1,1,75.96,1144.44,0,0,0,1,0,0,0,0,0,1,0,1,0,0,0,1,0,1,1,0,0,0,1
0,1,0,18,1,0,51.77,943.66,0,0,0,0,0,0,0,0,0,0,0,0,0,0,0,0,0,1,1,0,1,0,0
0,0,0,11,1,1,18.46,220.76,0,0,0,1,0,1,1,0,1,0,1,0,1,0,1,0,1,0,0,0,1,0,0
0,0,0,15,1,1,70.68,1021.73,1,0,0,0,0,0,0,0,0,0,0,1,0,0,0,1,0,1,0,1,1,0,0
0,0,0,30,1,1,85.64,2557.53,1,0,0,0,1,0,0,0,0,0,0,0,0,0,0,1,0,1,1,0,0,0,0
0,0,0,12,1,1,26.5,327.94,0,0,0,0,0,1,1,0,1,0,1,0,1,0,1,0,1,0,0,1,0,0,0
0,0,0,41,1,1,77.6,3142.52,0,1,0,1,1,0,0,1,0,0,0,0,0,0,0,1,0,1,1,0,1,0,0
0,0,0,6,1,1,66.09,376.42,0,0,0,1,0,0,0,0,0,1,0,0,0,0,0,1,0,0,0,1,0,0,0
0,1,1,13,1,0,52.81,716.69,0,0,0,0,0,0,0,1,0,0,0,0,0,0,0,0,0,0,0,0,0,1,0
0,0,0,72,1,1,65.22,4673.42,0,0,0,1,1,0,0,0,0,0,0,0,0,0,0,0,0,0,0,0,0,0,0
0,0,0,15,1,0,87.83,1315.0,1,1,0,0,1,0,0,0,0,1,0,1,0,0,0,0,0,1,0,0,0,1,0
0,1,0,26,1,1,81.41,2124.76,0,1,0,0,1,0,0,1,0,0,0,1,0,0,0,0,0,0,0,0,1,0,0
0,0,0,28,1,0,75.29,2119.44,0,0,0,1,0,0,0,1,0,0,0,0,0,1,0,1,0,1,0,1,1,0,0
0,1,0,10,1,0,18.77,200.67,0,0,0,1,0,1,1,0,1,0,1,0,1,0,1,0,1,0,0,0,0,0,1
0,0,1,14,1,1,21.61,275.43,0,1,0,1,0,1,1,0,1,0,1,0,1,0,1,0,1,0,0,0,0,1,0
1,1,1,35,1,0,70.33,2442.09,1,1,0,1,1,0,0,0,0,0,0,0,0,0,0,1,0,0,0,0,0,0,1
0,1,0,15,1,1,94.28,1433.81,1,1,0,0,1,0,0,1,0,1,0,1,0,0,0,0,0,1,0,0,1,0,0
0,1,0,14,1,0,82.84,1164.21,1,0,0,0,1,0,0,0,0,0,0,1,0,0,0,1,0,1,1,0,0,0,0
0,1,0,14,1,0,46.68,655.52,1,1,0,0,0,0,0,0,0,0,0,0,0,0,0,0,0,0,0,0,0,1,0
0,1,0,66,1,1,21.33,1413.78,0,0,0,1,0,1,1,0,1,0,1,0,1,0,1,0,1,0,0,0,0,1,0
0,1,0,57,1,0,65.16,3667.67,0,1,0,1,1,0,0,0,0,0,0,0,0,0,0,0,0,0,0,0,0,0,0
0,0,1,30,1,0,58.62,1717.72,0,1,0,0,0,0,0,0,0,1,0,1,0,0,0,0,0,0,0,1,0,0,1
1,1,1,23,1,0,18.25,422.39,1,1,0,0,0,1,1,0,1,0,1,0,1,0,1,0,1,0,0,0,0,1,0
0,0,1,29,1,1,18.25,532.72,0,0,0,0,0,1,1,0,1,0,1,0,1,0,1,0,1,0,0,0,0,0,0
0,0,0,37,1,1,53.04,1942.63,0,1,0,1,0,0,0,0,0,0,0,0,0,0,0,1,0,0,0,0,0,0,1
0,1,1,37,1,1,88.42,3311.36,1,0,0,0,1,0,0,1,0,1,0,0,0,0,0,1,0,1,0,0,1,0,0
0,1,0,15,1,1,22.95,343.39,0,0,0,1,0,1,1,0,1,0,1,0,1,0,1,0,1,0,1,0,0,0,1
0,1,0,19,1,1,56.71,1080.94,0,1,0,0,0,0,0,0,0,1,0,1,0,0,0,0,0,0,0,0,1,0,0
0,1,0,18,1,0,18.25,299.86,1,0,0,0,0,1,1,0,1,0,1,0,1,0,1,0,1,0,0,0,0,0,0
0,0,1,32,1,1,79.12,2534.01,1,1,0,0,1,0,0,0,0,0,0,0,0,0,0,1,0,1,0,0,1,0,0
0,0,0,63,1,0,91.23,5715.25,0,1,0,0,1,0,0,1,0,1,0,1,0,0,0,1,0,0,0,1,0,0,0
0,0,0,26,1,0,55.98,1429.83,0,1,0,0,0,0,0,0,0,0,0,0,0,0,0,1,0,1,1,0,1,0,0
0,1,0,28,1,1,73.32,2072.14,0,1,0,1,0,0,0,0,0,1,0,1,0,0,0,1,0,0,0,0,1,0,0
0,0,0,12,1,1,75.14,895.82,1,0,0,0,1,0,0,0,0,0,0,0,0,0,0,1,0,0,0,0,0,1,0
0,1,0,5,1,0,65.81,306.95,0,0,0,0,0,0,0,0,0,0,0,0,0,1,0,0,0,1,1,0,1,0,0
1,0,0,19,1,0,107.55,2037.43,1,0,0,1,1,0,0,1,0,1,0,0,0,1,0,1,0,1,0,0,0,0,1
0,0,0,43,1,0,56.43,2454.41,1,0,0,0,0,0,0,0,0,1,0,1,0,0,0,0,0,0,0,0,0,0,0
0,1,1,13,1,1,88.06,1201.49,0,0,0,0,1,0,0,0,0,1,0,0,0,1,0,0,0,1,0,0,0,0,1
1,0,0,4,1,1,54.55,198.72,0,1,0,1,0,0,0,1,0,0,0,0,0,0,0,1,0,0,0,0,0,0,1
0,0,0,38,1,0,67.7,2521.41,0,1,0,1,1,0,0,0,0,0,0,0,0,0,0,0,0,0,0,0,0,0,1
1,0,0,35,1,0,81.1,2837.64,0,1,0,1,0,0,0,0,0,1,0,1,0,0,0,1,0,1,0,0,0,1,0
0,1,0,16,1,1,19.15,286.1,0,0,0,1,0,1,1,0,1,0,1,0,1,0,1,0,1,0,1,0,0,0,1
0,0,0,14,1,1,57.91,851.39,0,0,0,0,0,0,0,0,0,0,0,0,0,1,0,1,0,0,0,1,0,0,0
0,1,0,20,1,1,62.61,1238.93,0,1,0,0,0,0,0,0,0,1,0,0,0,0,0,1,0,0,1,0,1,0,0
0,1,0,17,1,0,58.95,1019.5,0,0,0,1,0,0,0,0,0,1,0,1,0,0,0,0,0,0,0,1,0,0,1
0,0,1,72,1,1,83.83,6043.44,1,0,0,0,1,0,0,1,0,1,0,0,0,1,0,0,0,0,1,0,1,0,0
0,1,0,20,1,1,57.48,1161.23,0,0,0,1,0,0,0,0,0,0,0,1,0,0,0,0,0,1,1,0,0,1,0
0,1,1,33,0,0,71.15,2343.57,0,0,1,0,1,0,0,0,0,0,0,0,0,0,0,1,0,0,0,1,1,0,0
0,0,1,22,1,0,66.1,1496.41,0,0,0,0,0,0,0,0,0,1,0,0,0,0,0,0,0,1,0,1,0,1,0
0,1,0,34,0,1,18.47,602.4,0,0,1,0,0,1,1,0,1,0,1,0,1,0,1,0,1,0,0,0,0,0,0
0,0,1,16,1,0,71.29,1133.17,0,0,0,1,0,0,0,0,0,1,0,1,0,0,0,1,0,1,1,0,0,0,1
0,0,1,16,1,1,56.68,933.37,0,1,0,0,0,0,0,0,0,1,0,0,0,1,0,0,0,0,0,0,0,1,0
1,1,0,26,1,0,79.59,2069.92,1,0,0,1,1,0,0,1,0,0,0,0,0,0,0,1,0,0,0,0,0,0,0
0,0,0,14,1,1,46.75,631.94,1,1,0,0,0,0,0,0,0,1,0,0,0,0,0,0,0,0,0,0,1,0,0
0,0,0,19,1,1,82.71,1551.47,1,0,0,1,1,0,0,0,0,0,0,1,0,1,0,0,0,0,0,0,1,0,0
0,0,0,41,1,1,69.76,2847.1,1,1,0,1,1,0,0,0,0,0,0,1,0,0,0,0,0,0,0,1,0,1,0
0,0,0,58,1,1,19.36,1123.76,0,1,0,0,0,1,1,0,1,0,1,0,1,0,1,0,1,0,0,1,1,0,0
0,0,0,72,1,0,66.45,4785.89,0,1,0,1,0,0,0,0,0,0,0,1,0,1,0,1,0,0,1,0,1,0,0
1,0,1,39,1,0,76.06,2970.05,1,1,0,0,0,0,0,0,0,1,0,0,0,1,0,1,0,0,0,0,0,0,0
0,1,1,32,1,1,82.68,2710.38,1,1,0,0,0,0,0,0,0,0,0,1,0,1,0,1,0,1,0,0,1,0,0
0,1,1,11,1,1,91.89,1028.97,1,1,0,0,1,0,0,0,0,1,0,0,0,1,0,1,0,0,0,0,0,0,0
1,0,0,53,1,1,72.47,3877.87,0,1,0,0,1,0,0,0,0,0,0,0,0,1,0,0,0,0,1,0,0,1,0
0,0,1,72,1,0,90.91,6554.44,1,1,0,0,1,0,0,0,0,1,0,1,0,0,0,1,0,0,0,0,0,1,0
0,0,0,18,1,1,22.44,397.7,0,0,0,0,0,1,1,0,1,0,1,0,1,0,1,0,1,0,0,0,0,0,1
0,1,0,72,1,0,67.56,4863.92,0,0,0,1,1,0,0,0,0,1,0,0,0,0,0,0,0,0,1,0,0,1,0
0,0,0,57,1,0,95.96,5503.09,1,0,0,0,1,0,0,1,0,1,0,0,0,1,0,0,0,1,0,0,1,0,0
0,1,0,39,1,0,68.0,2680.11,0,1,0,0,1,0,0,0,0,0,0,0,0,1,0,0,0,0,1,0,0,1,0
0,1,0,23,1,1,79.12,1831.68,0,1,0,1,1,0,0,0,0,0,0,0,0,1,0,0,0,1,0,1,1,0,0
0,0,0,8,1,1,98.97,813.37,1,0,0,0,1,0,0,1,0,0,0,0,0,1,0,1,0,1,0,0,0,0,0
0,1,1,72,1,1,67.86,4897.72,0,1,0,0,0,0,0,0,0,0,0,1,0,1,0,0,0,1,0,1,1,0,0
0,0,0,7,1,0,76.39,550.68,0,1,0,0,0,0,0,0,0,0,0,0,0,1,0,1,0,1,0,1,0,1,0
0,1,1,72,1,0,20.94,1502.77,0,0,0,0,0,1,1,0,1,0,1,0,1,0,1,0,1,0,0,0,0,1,0
1,0,1,72,1,1,23.71,1670.66,0,0,0,0,0,1,1,0,1,0,1,0,1,0,1,0,1,0,0,0,0,1,0
0,0,1,11,1,0,75.73,822.01,1,1,0,1,0,0,0,0,0,1,0,1,0,1,0,1,0,1,0,0,1,0,0
1,1,0,7,1,0,54.76,381.45,0,0,0,1,0,0,0,0,0,0,0,0,0,1,0,0,0,0,0,1,1,0,0
0,0,1,18,1,1,23.86,392.06,0,1,0,0,0,1,1,0,1,0,1,0,1,0,1,0,1,0,1,0,0,0,0
0,0,0,24,1,1,93.86,2278.59,1,0,0,1,1,0,0,0,0,1,0,0,0,0,0,1,0,1,0,0,0,0,1
0,1,0,16,0,0,58.63,928.6,1,1,1,0,0,0,0,0,0,0,0,0,0,1,0,1,0,0,0,0,0,1,0
0,0,0,17,1,0,19.85,355.28,0,1,0,0,0,1,1,0,1,0,1,0,1,0,1,0,1,0,0,0,0,0,0
0,0,0,25,1,1,78.07,1973.52,1,0,0,1,1,0,0,0,0,1,0,0,0,0,0,1,0,1,0,0,0,0,0
1,1,0,72,1,1,84.21,6069.27,0,1,0,1,0,0,0,1,0,0,0,1,0,1,0,1,0,1,0,1,1,0,0
0,0,0,22,1,1,77.82,1717.82,1,0,0,1,1,0,0,0,0,0,0,0,0,0,0,1,0,1,0,1,0,1,0
0,1,1,42,1,0,21.44,925.95,0,1,0,1,0,1,1,0,1,0,1,0,1,0,1,0,1,0,0,1,0,0,0
0,1,1,8,1,1,79.98,629.68,1,0,0,0,1,0,0,0,0,0,0,0,0,1,0,0,0,1,0,0,0,1,0
1,1,0,27,1,1,104.0,2795.4,0,0,0,0,1,0,0,1,0,1,0,1,0,1,0,0,0,1,0,1,1,0,0
0,0,0,19,1,0,67.18,1266.25,0,1,0,1,0,0,0,0,0,0,0,1,0,1,0,1,0,0,0,0,1,0,0
0,0,0,41,1,0,70.61,2926.35,1,0,0,0,1,0,0,0,0,1,0,0,0,0,0,0,0,0,0,0,0,0,1
0,1,1,8,1,1,84.0,657.87,1,1,0,0,1,0,0,0,0,1,0,0,0,0,0,0,0,1,0,0,0,0,1
1,1,0,62,0,0,91.42,5703.89,1,1,1,0,1,0,0,0,0,1,0,1,0,0,0,0,0,1,1,0,0,0,1
0,1,0,18,1,1,86.79,1569.47,1,1,0,1,1,0,0,0,0,1,0,1,0,0,0,1,0,0,0,0,0,1,0
0,0,0,13,1,1,67.2,871.92,1,0,0,1,1,0,0,0,0,0,0,0,0,0,0,0,0,0,0,0,0,1,0
0,1,1,72,1,1,80.89,5830.9,1,0,0,0,1,0,0,0,0,1,0,0,0,0,0,0,0,0,0,0,0,0,0
0,1,0,31,1,0,25.1,804.89,0,0,0,0,0,1,1,0,1,0,1,0,1,0,1,0,1,0,0,0,0,0,1
0,1,0,24,1,1,26.25,663.38,0,0,0,0,0,1,1,0,1,0,1,0,1,0,1,0,1,0,0,0,0,0,0
0,1,0,8,0,0,81.74,679.79,1,0,1,0,1,0,0,1,0,0,0,1,0,0,0,1,0,0,0,0,0,0,0
0,0,1,11,1,0,21.04,333.0,0,1,0,0,0,1,1,0,1,0,1,0,1,0,1,0,1,0,0,0,0,1,0
1,0,0,8,1,0,84.47,633.2,1,0,0,1,1,0,0,0,0,0,0,0,0,1,0,1,0,1,0,0,0,0,0
1,1,0,26,0,1,95.29,2482.47,1,0,1,0,1,0,0,1,0,0,0,1,0,0,0,1,0,0,0,0,0,0,0
1,0,0,57,1,1,59.44,3398.02,0,1,0,0,0,0,0,1,0,0,0,0,0,0,0,1,0,0,0,0,0,1,0
1,1,0,33,1,0,45.19,1519.63,0,0,0,0,0,0,0,0,0,0,0,1,0,0,0,0,0,0,1,0,0,1,0
0,0,0,27,1,0,60.43,1632.31,0,1,0,0,0,0,0,0,0,1,0,1,0,0,0,0,0,0,0,0,1,0,0
1,1,1,25,1,1,71.12,1796.49,0,1,0,1,0,0,0,0,0,0,0,1,0,1,0,1,0,1,0,0,1,0,0
1,1,1,47,1,1,76.76,3601.53,1,1,0,1,1,0,0,0,0,1,0,0,0,0,0,0,0,0,0,1,0,1,0
0,0,0,21,1,1,21.06,454.5,0,1,0,0,0,1,1,0,1,0,1,0,1,0,1,0,1,0,0,0,0,1,0
0,1,0,6,1,0,104.51,606.84,1,1,0,0,1,0,0,0,0,1,0,1,0,0,0,1,0,1,0,0,0,0,1
0,0,0,52,1,0,20.69,1043.96,0,0,0,0,0,1,1,0,1,0,1,0,1,0,1,0,1,0,0,0,1,0,0
0,1,0,9,1,0,53.1,470.55,0,0,0,1,0,0,0,0,0,0,0,0,0,0,0,1,0,0,0,1,0,1,0
0,1,1,5,1,1,74.93,387.71,0,0,0,1,0,0,0,1,0,0,0,1,0,1,0,1,0,1,0,1,1,0,0
0,0,1,32,1,1,69.6,2184.82,0,1,0,0,0,0,0,0,0,0,0,1,0,0,0,1,0,1,0,0,0,1,0
0,1,0,3,1,0,90.27,291.7,1,1,0,0,1,0,0,1,0,0,0,1,0,0,0,0,0,1,0,0,0,0,1
0,1,0,25,1,1,78.96,1949.21,0,1,0,1,0,0,0,0,0,0,0,1,0,1,0,1,0,1,0,0,0,1,0
0,0,1,29,1,1,44.08,1289.98,1,0,0,0,0,0,0,0,0,0,0,0,0,0,0,0,0,0,0,0,0,1,0
1,1,0,36,1,1,55.05,1986.34,1,1,0,0,0,0,0,1,0,0,0,0,0,0,0,0,0,0,0,0,0,1,0
0,0,0,33,1,1,101.41,3307.65,0,0,0,0,1,0,0,0,0,0,0,1,0,1,0,1,0,1,1,0,1,0,0
0,1,1,7,1,0,20.42,110.03,0,0,0,1,0,1,1,0,1,0,1,0,1,0,1,0,1,0,0,1,1,0,0
0,0,1,48,1,0,50.11,2431.2,0,0,0,0,0,0,0,0,0,1,0,0,0,0,0,0,0,0,0,0,0,1,0
1,0,0,25,1,1,46.6,1186.89,0,0,0,1,0,0,0,0,0,1,0,0,0,0,0,0,0,0,0,1,1,0,0
1,1,1,19,0,0,80.5,1504.82,1,1,1,0,0,0,0,1,0,0,0,0,0,1,0,1,0,1,0,0,0,1,0
0,0,1,8,1,0,84.91,670.46,1,0,0,1,1,0,0,0,0,0,0,0,0,0,0,1,0,1,0,1,0,0,1
0,0,1,55,1,1,83.18,4584.74,0,0,0,1,1,0,0,0,0,1,0,1,0,0,0,0,0,1,0,1,0,0,1
0,0,1,51,1,0,67.91,3453.78,0,0,0,0,0,0,0,1,0,0,0,1,0,0,0,0,0,1,1,0,0,1,0
0,1,0,16,1,1,71.75,1145.16,0,0,0,1,0,0,0,0,0,0,0,1,0,0,0,1,0,1,0,1,0,0,0
0,0,1,36,1,1,82.28,2976.87,1,0,0,1,1,0,0,0,0,1,0,0,0,1,0,0,0,0,1,0,0,0,1
0,0,0,43,1,1,54.65,2319.87,0,0,0,1,0,0,0,0,0,0,0,0,0,0,0,0,0,1,0,1,1,0,0
0,0,0,20,1,1,98.06,1952.32,1,1,0,1,1,0,0,0,0,1,0,1,0,1,0,1,0,1,1,0,0,1,0
0,0,1,51,1,1,23.05,1177.06,0,0,0,1,0,1,1,0,1,0,1,0,1,0,1,0,1,0,0,0,1,0,0
0,0,1,53,1,1,18.82,1003.19,0,0,0,1,0,1,1,0,1,0,1,0,1,0,1,0,1,0,0,0,0,0,1
0,0,0,4,0,0,48.05,201.59,1,1,1,0,0,0,0,0,0,0,0,0,0,0,0,0,0,1,0,0,1,0,0
0,0,0,42,1,1,20.36,856.41,0,0,0,0,0,1,1,0,1,0,1,0,1,0,1,0,1,0,0,1,0,0,1
0,0,0,17,1,1,101.51,1712.45,1,1,0,0,1,0,0,1,0,1,0,0,0,0,0,1,0,1,0,0,0,0,1
0,0,0,12,1,1,73.14,915.51,1,0,0,1,0,0,0,1,0,0,0,1,0,0,0,0,0,1,1,0,0,1,0
0,1,0,3,1,1,76.15,218.04,1,1,0,0,0,0,0,0,0,0,0,1,0,1,0,1,0,0,0,0,0,0,0
1,0,1,27,1,1,80.01,2114.12,1,1,0,1,1,0,0,0,0,1,0,0,0,0,0,1,0,0,0,0,0,1,0
0,1,1,20,1,0,23.3,414.6,0,0,0,1,0,1,1,0,1,0,1,0,1,0,1,0,1,0,0,0,0,0,0
0,0,0,16,0,1,19.98,311.73,0,1,1,0,0,1,1,0,1,0,1,0,1,0,1,0,1,0,0,0,0,0,0
0,0,1,44,0,0,82.38,3652.4,1,1,1,0,1,0,0,1,0,0,0,0,0,0,0,1,0,1,0,0,1,0,0
0,0,0,72,1,1,82.41,5951.53,1,1,0,1,1,0,0,0,0,1,0,1,0,0,0,0,0,0,0,0,0,0,1
1,1,1,36,1,0,78.15,2824.42,0,1,0,1,0,0,0,0,0,1,0,0,0,1,0,1,0,1,0,0,0,0,0
0,0,0,20,1,0,86.2,1793.06,0,0,0,0,1,0,0,1,0,0,0,0,0,1,0,0,0,0,0,1,0,0,1
0,1,0,53,1,1,80.35,4243.22,0,0,0,1,0,0,0,0,0,1,0,0,0,1,0,1,0,1,0,0,0,0,1
0,0,0,10,1,0,85.97,884.8,1,1,0,1,1,0,0,1,0,0,0,0,0,1,0,0,0,1,0,0,0,0,1
0,0,0,17,1,0,85.58,1446.97,1,0,0,0,1,0,0,0,0,0,0,1,0,1,0,1,0,0,0,0,0,0,0
1,0,1,29,1,0,64.74,1874.58,0,1,0,0,1,0,0,0,0,0,0,0,0,0,0,0,0,0,1,0,0,0,1
0,1,1,29,1,1,55.34,1615.93,1,0,0,0,0,0,0,0,0,0,0,0,0,0,0,1,0,0,0,0,0,1,0
0,0,0,49,1,1,23.34,1171.95,0,1,0,1,0,1,1,0,1,0,1,0,1,0,1,0,1,0,0,1,1,0,0
0,1,1,71,1,0,50.9,3625.94,0,1,0,0,0,0,0,0,0,0,0,1,0,0,0,0,0,0,1,0,0,0,1
0,0,0,48,1,1,57.12,2697.5,0,1,0,0,0,0,0,1,0,0,0,0,0,0,0,0,0,0,0,0,0,0,0
0,0,0,72,0,0,70.08,5044.34,0,0,1,0,1,0,0,0,0,1,0,0,0,0,0,0,0,0,0,1,0,0,1
1,0,0,72,1,0,86.54,6243.17,0,1,0,0,1,0,0,0,0,1,0,0,0,0,0,1,0,1,1,0,1,0,0
0,1,0,32,1,1,80.34,2537.65,1,1,0,0,1,0,0,0,0,1,0,0,0,0,0,1,0,0,0,0,0,0,0
0,1,0,23,1,1,18.25,421.49,1,0,0,1,0,1,1,0,1,0,1,0,1,0,1,0,1,0,0,0,0,0,1
1,0,0,40,1,1,41.66,1700.32,0,0,0,1,0,0,0,0,0,0,0,0,0,0,0,0,0,0,1,0,0,0,1
0,0,1,5,1,0,78.85,413.31,1,1,0,1,1,0,0,0,0,0,0,1,0,0,0,0,0,1,0,0,1,0,0
0,1,0,48,1,0,73.77,3516.2,0,0,0,0,0,0,0,0,0,1,0,0,0,1,0,0,0,1,1,0,0,0,0
0,0,1,44,1,0,62.37,2744.74,0,0,0,0,0,0,0,0,0,1,0,0,0,0,0,1,0,0,0,0,0,0,1
0,1,0,10,1,0,66.73,709.12,0,1,0,0,0,0,0,1,0,1,0,1,0,0,0,0,0,0,0,0,0,0,1
0,1,1,67,1,0,49.37,3310.52,0,0,0,1,0,0,0,0,0,0,0,0,0,0,0,0,0,1,1,0,0,1,0
0,0,0,55,1,0,75.21,4124.6,0,1,0,1,1,0,0,1,0,0,0,0,0,0,0,0,0,0,0,0,0,0,1
0,0,0,39,1,1,20.5,805.64,0,0,0,0,0,1,1,0,1,0,1,0,1,0,1,0,1,0,0,1,1,0,0
1,0,1,22,1,1,18.25,424.65,0,1,0,0,0,1,1,0,1,0,1,0,1,0,1,0,1,0,0,1,0,0,0
0,1,0,68,1,1,89.13,6028.98,1,0,0,0,1,0,0,1,0,0,0,0,0,1,0,0,0,1,0,0,0,0,0
0,0,1,5,1,1,110.41,545.16,1,1,0,0,1,0,0,1,0,1,0,1,0,0,0,1,0,1,0,0,0,0,1
1,0,0,24,1,1,52.14,1254.79,1,0,0,0,0,0,0,0,0,0,0,0,0,0,0,1,0,0,0,0,1,0,0
0,0,0,42,1,0,51.93,2210.28,0,0,0,0,0,0,0,0,0,0,0,1,0,0,0,0,0,0,0,0,1,0,0
0,1,0,58,1,1,76.53,4438.67,0,1,0,0,1,0,0,0,0,1,0,0,0,0,0,0,0,1,0,1,1,0,0
0,0,0,53,1,1,75.24,4003.2,0,0,0,0,1,0,0,0,0,0,0,0,0,0,0,0,0,1,0,1,0,1,0
0,1,0,9,1,0,79.02,685.24,0,0,0,0,1,0,0,1,0,0,0,0,0,0,0,1,0,0,0,0,0,0,0
0,0,1,36,0,1,75.49,2719.59,1,0,1,0,1,0,0,0,0,0,0,1,0,1,0,0,0,0,1,0,0,0,1
0,0,0,29,1,0,68.02,2005.93,1,1,0,0,0,0,0,1,0,0,0,1,0,0,0,0,0,0,0,0,0,0,0
0,1,0,4,1,1,68.37,252.55,0,0,0,0,0,0,0,0,0,0,0,1,0,0,0,1,0,1,0,1,0,0,1
0,1,0,8,1,1,22.58,208.57,0,1,0,0,0,1,1,0,1,0,1,0,1,0,1,0,1,0,0,1,1,0,0
0,0,0,3,1,0,59.87,203.81,1,1,0,1,0,0,0,0,0,0,0,0,0,0,0,1,0,1,1,0,0,0,1
0,0,0,4,0,1,18.25,90.15,1,0,1,0,0,1,1,0,1,0,1,0,1,0,1,0,1,0,0,0,0,1,0
0,1,1,9,1,1,62.58,619.89,1,0,0,0,0,0,0,1,0,0,0,0,0,0,0,1,0,0,0,0,1,0,0
0,1,1,23,1,1,68.38,1549.63,0,0,0,1,0,0,0,1,0,0,0,1,0,0,0,1,0,0,1,0,0,0,1
0,0,0,24,1,0,95.95,2300.11,1,1,0,1,1,0,0,1,0,0,0,0,0,1,0,1,0,1,1,0,0,1,0
0,1,1,35,1,1,65.94,2317.88,0,0,0,1,0,0,0,1,0,1,0,0,0,1,0,0,0,0,0,1,0,0,1
1,0,1,15,0,1,18.25,245.08,1,0,1,0,0,1,1,0,1,0,1,0,1,0,1,0,1,0,0,0,1,0,0
0,0,0,60,1,1,86.45,5177.55,0,1,0,0,1,0,0,0,0,1,0,1,0,0,0,0,0,1,0,0,0,0,1
0,1,0,51,1,0,82.73,4223.89,1,0,0,1,1,0,0,0,0,0,0,0,0,1,0,1,0,0,1,0,0,1,0
1,0,0,34,1,1,78.65,2697.65,0,1,0,0,1,0,0,0,0,1,0,0,0,0,0,1,0,0,1,0,1,0,0
1,0,0,72,1,1,76.02,5460.91,0,1,0,0,0,0,0,0,0,0,0,1,0,1,0,1,0,1,1,0,1,0,0
0,0,0,31,1,0,89.77,2762.46,0,0,0,0,1,0,0,1,0,0,0,1,0,1,0,0,0,1,1,0,0,1,0
0,0,1,6,1,1,78.14,449.16,1,0,0,0,0,0,0,1,0,0,0,0,0,1,0,1,0,1,0,0,0,0,0
0,1,0,41,1,1,80.3,3301.94,1,1,0,0,1,0,0,0,0,1,0,0,0,0,0,1,0,0,0,0,1,0,0
0,1,0,28,1,0,112.32,3196.52,1,1,0,1,1,0,0,0,0,1,0,1,0,1,0,1,0,1,0,0,0,1,0
0,0,0,18,1,1,18.92,321.74,0,1,0,1,0,1,1,0,1,0,1,0,1,0,1,0,1,0,0,1,1,0,0
0,1,0,21,1,0,92.07,1918.08,0,0,0,1,1,0,0,1,0,0,0,1,0,0,0,1,0,1,1,0,0,1,0
0,1,1,37,1,1,18.59,683.32,0,1,0,1,0,1,1,0,1,0,1,0,1,0,1,0,1,0,1,0,0,1,0
0,1,0,33,1,0,52.87,1768.55,0,1,0,0,0,0,0,0,0,0,0,0,0,0,0,0,0,1,0,0,0,0,1
1,0,1,72,1,0,82.1,5885.28,1,0,0,0,1,0,0,1,0,0,0,0,0,1,0,1,0,0,0,0,0,1,0
0,1,1,30,1,0,98.29,2987.83,0,1,0,1,1,0,0,0,0,0,0,1,0,1,0,1,0,1,0,1,0,0,1
0,0,0,31,1,0,66.59,2122.84,0,0,0,0,0,0,0,1,0,0,0,0,0,1,0,1,0,0,0,1,0,1,0
0,0,1,28,1,1,66.54,1881.99,0,0,0,1,0,0,0,1,0,1,0,1,0,0,0,0,0,0,0,0,0,1,0
0,1,1,27,1,1,88.41,2365.11,1,0,0,1,1,0,0,0,0,1,0,1,0,0,0,0,0,1,0,0,0,0,1
0,0,0,10,1,1,83.88,846.7,1,1,0,1,1,0,0,0,0,0,0,1,0,1,0,0,0,0,0,0,0,0,1
0,1,0,16,1,1,51.57,840.32,0,1,0,1,0,0,0,0,0,0,0,0,0,0,0,0,0,1,0,0,1,0,0
0,0,0,36,1,0,72.22,2550.14,0,1,0,0,1,0,0,0,0,0,0,1,0,0,0,0,0,0,0,1,1,0,0
0,0,1,6,1,0,74.14,514.96,1,0,0,1,0,0,0,1,0,0,0,1,0,0,0,0,0,1,1,0,1,0,0
0,0,0,21,1,1,48.93,1054.94,0,0,0,1,0,0,0,0,0,0,0,0,0,0,0,1,0,0,0,0,0,1,0
0,0,0,63,1,1,67.74,4306.77,0,1,0,1,0,0,0,0,0,1,0,1,0,1,0,0,0,0,0,0,1,0,0
0,0,0,20,1,1,70.87,1455.76,0,1,0,0,1,0,0,0,0,0,0,0,0,0,0,0,0,1,0,1,0,0,0
0,0,0,72,1,1,18.25,1312.93,0,0,0,1,0,1,1,0,1,0,1,0,1,0,1,0,1,0,0,1,1,0,0
0,0,0,21,1,1,21.62,455.3,0,1,0,0,0,1,1,0,1,0,1,0,1,0,1,0,1,0,0,1,0,1,0
0,1,1,54,1,1,68.97,3714.24,0,1,0,0,0,0,0,0,0,0,0,1,0,1,0,0,0,1,0,0,0,0,0
0,0,0,28,1,0,62.96,1745.95,0,0,0,0,0,0,0,0,0,1,0,1,0,0,0,0,0,1,1,0,0,0,0
0,0,0,10,1,0,22.48,254.62,0,1,0,0,0,1,1,0,1,0,1,0,1,0,1,0,1,0,0,0,0,0,1
0,1,0,72,1,0,66.99,4809.49,0,1,0,0,1,0,0,0,0,0,0,0,0,0,0,0,0,0,0,0,1,0,0
0,0,0,9,1,1,44.85,407.35,1,1,0,0,0,0,0,0,0,0,0,0,0,0,0,0,0,0,0,0,0,1,0
0,0,0,17,1,0,18.25,323.93,0,1,0,1,0,1,1,0,1,0,1,0,1,0,1,0,1,0,0,0,0,0,1
0,0,0,72,1,1,25.28,1846.3,0,0,0,1,0,1,1,0,1,0,1,0,1,0,1,0,1,0,0,1,0,0,1
0,1,1,31,1,1,66.04,2016.04,1,0,0,1,0,0,0,0,0,0,0,1,0,0,0,1,0,1,1,0,0,0,0
0,0,1,13,1,1,18.25,275.45,1,0,0,0,0,1,1,0,1,0,1,0,1,0,1,0,1,0,0,0,0,1,0
0,0,0,27,1,1,72.36,1985.01,0,1,0,0,1,0,0,0,0,0,0,1,0,0,0,0,0,0,0,1,0,0,1
0,1,0,40,1,1,23.36,967.77,1,0,0,1,0,1,1,0,1,0,1,0,1,0,1,0,1,0,1,0,0,1,0
0,0,0,20,1,0,69.65,1398.22,0,1,0,1,1,0,0,0,0,0,0,0,0,0,0,1,0,0,0,0,0,1,0
0,0,0,68,1,1,82.4,5585.5,0,0,0,1,1,0,0,0,0,0,0,0,0,1,0,0,0,1,0,0,0,0,0
0,1,1,14,0,0,75.93,1059.09,1,1,1,0,1,0,0,0,0,0,0,0,0,0,0,1,0,1,0,1,0,1,0
0,0,0,3,1,1,60.29,153.76,0,0,0,0,0,0,0,0,0,1,0,0,0,1,0,0,0,0,0,0,0,1,0
1,1,0,50,1,0,89.55,4459.27,1,1,0,1,1,0,0,0,0,0,0,1,0,0,0,1,0,1,0,0,1,0,0
0,0,0,24,1,1,93.9,2282.13,1,1,0,0,1,0,0,0,0,0,0,1,0,1,0,1,0,0,0,1,0,1,0
0,0,0,54,1,1,75.08,4061.75,0,1,0,1,0,0,0,0,0,1,0,1,0,0,0,1,0,1,0,1,0,0,1
0,0,0,19,1,0,22.18,452.98,0,1,0,0,0,1,1,0,1,0,1,0,1,0,1,0,1,0,0,1,0,0,0
0,0,0,36,0,0,60.72,2182.34,0,1,1,0,0,0,0,1,0,0,0,1,0,0,0,0,0,0,1,0,1,0,0
0,1,0,19,1,1,21.99,415.17,0,0,0,0,0,1,1,0,1,0,1,0,1,0,1,0,1,0,0,1,0,0,0
0,1,1,22,1,1,69.42,1529.14,0,0,0,0,1,0,0,0,0,0,0,0,0,1,0,0,0,0,1,0,0,0,0
0,0,1,7,0,0,66.07,488.94,1,1,1,0,1,0,0,0,0,0,0,0,0,0,0,0,0,0,0,1,0,1,0
0,1,0,9,0,1,18.25,196.39,0,0,1,0,0,1,1,0,1,0,1,0,1,0,1,0,1,0,0,0,0,0,0
0,1,0,33,1,0,72.67,2428.33,1,0,0,0,1,0,0,1,0,0,0,0,0,0,0,0,0,0,0,0,1,0,0
0,1,0,50,1,1,79.93,3951.65,0,0,0,0,0,0,0,1,0,0,0,0,0,1,0,1,0,1,0,1,0,1,0
0,0,0,36,1,1,59.06,2180.93,0,0,0,0,0,0,0,0,0,1,0,1,0,0,0,0,0,0,1,0,0,0,1
0,0,0,11,1,0,75.87,852.86,0,0,0,0,1,0,0,0,0,1,0,0,0,0,0,0,0,0,0,1,0,1,0
0,1,0,38,1,1,22.28,806.91,0,0,0,0,0,1,1,0,1,0,1,0,1,0,1,0,1,0,1,0,0,1,0
0,1,1,12,1,1,68.62,817.18,0,0,0,1,1,0,0,0,0,1,0,0,0,0,0,0,0,0,0,0,0,1,0
0,1,0,33,1,1,77.43,2602.82,0,0,0,0,0,0,0,0,0,0,0,1,0,1,0,1,0,1,0,0,0,0,0
1,1,1,15,1,0,20.94,312.33,0,1,0,1,0,1,1,0,1,0,1,0,1,0,1,0,1,0,1,0,0,0,1
0,1,0,23,1,1,85.15,1951.89,1,1,0,0,1,0,0,0,0,1,0,0,0,0,0,1,0,0,1,0,0,0,0
0,0,0,16,1,1,83.96,1302.4,1,1,0,0,1,0,0,1,0,0,0,0,0,1,0,0,0,0,0,0,0,0,0
0,0,0,39,1,0,21.36,873.03,0,0,0,1,0,1,1,0,1,0,1,0,1,0,1,0,1,0,1,0,0,1,0
0,1,0,18,0,1,54.55,990.49,1,1,1,0,0,0,0,0,0,1,0,0,0,0,0,0,0,0,0,0,0,1,0
0,0,0,40,1,1,70.45,2820.76,1,0,0,1,1,0,0,0,0,0,0,0,0,0,0,1,0,0,0,1,0,1,0
0,0,0,2,1,0,82.15,156.4,1,0,0,1,1,0,0,0,0,0,0,0,0,1,0,1,0,0,0,1,0,0,0
0,1,1,52,0,1,66.62,3496.47,0,0,1,0,0,0,0,0,0,1,0,1,0,1,0,0,0,1,1,0,1,0,0
0,1,1,11,1,0,54.23,599.74,1,1,0,0,0,0,0,0,0,0,0,0,0,0,0,0,0,1,0,0,0,0,1
1,0,1,72,1,0,24.16,1711.55,0,0,0,0,0,1,1,0,1,0,1,0,1,0,1,0,1,0,0,1,1,0,0
0,1,1,19,1,0,21.03,411.38,0,0,0,1,0,1,1,0,1,0,1,0,1,0,1,0,1,0,0,1,0,0,1
0,0,1,63,1,0,42.07,2666.41,1,1,0,0,0,0,0,0,0,0,0,0,0,0,0,0,0,0,0,0,0,0,1
0,0,0,4,1,0,82.23,284.16,0,0,0,0,0,0,0,1,0,0,0,1,0,0,0,1,0,1,0,1,1,0,0
0,0,0,57,1,1,51.32,2957.26,0,1,0,1,0,0,0,0,0,0,0,0,0,1,0,0,0,0,0,0,0,1,0
1,1,1,13,0,1,78.18,995.77,0,0,1,0,0,0,0,1,0,1,0,1,0,1,0,0,0,0,0,0,0,1,0
0,1,0,56,1,1,86.18,4819.06,0,0,0,0,1,0,0,0,0,0,0,0,0,1,0,1,0,1,0,1,0,1,0
1,0,0,26,1,0,89.4,2288.52,0,1,0,0,1,0,0,1,0,0,0,0,0,0,0,1,0,1,0,0,0,0,0
0,1,0,21,1,1,63.1,1335.76,0,1,0,0,0,0,0,0,0,1,0,1,0,0,0,0,0,0,0,0,0,1,0
0,1,0,64,1,0,74.2,4741.2,1,1,0,1,1,0,0,0,0,1,0,0,0,0,0,0,0,0,0,0,0,1,0
0,0,0,17,1,1,94.31,1630.11,1,1,0,0,1,0,0,0,0,1,0,1,0,1,0,0,0,1,1,0,1,0,0
0,1,0,72,1,1,51.72,3693.38,0,0,0,1,0,0,0,0,0,0,0,0,0,0,0,1,0,0,1,0,0,1,0
1,0,0,22,1,0,91.65,2008.81,1,1,0,0,1,0,0,1,0,1,0,1,0,0,0,0,0,0,0,0,0,0,0
0,0,0,28,1,1,93.91,2664.85,0,1,0,1,1,0,0,0,0,1,0,0,0,1,0,0,0,1,0,1,0,0,0
0,0,1,30,1,1,95.0,2811.34,0,0,0,1,1,0,0,1,0,0,0,1,0,0,0,1,0,1,0,0,0,0,0
0,1,0,9,1,1,73.36,674.95,0,0,0,0,1,0,0,1,0,0,0,1,0,0,0,0,0,0,0,1,1,0,0
0,0,1,34,1,0,23.29,838.0,0,0,0,1,0,1,1,0,1,0,1,0,1,0,1,0,1,0,0,0,1,0,0
0,0,0,13,1,0,69.32,900.32,1,0,0,1,1,0,0,1,0,0,0,0,0,0,0,0,0,0,0,0,1,0,0
0,1,1,11,1,1,22.33,266.17,0,1,0,0,0,1,1,0,1,0,1,0,1,0,1,0,1,0,0,0,1,0,0
0,0,0,11,1,1,72.45,785.92,0,0,0,1,1,0,0,0,0,0,0,0,0,0,0,0,0,1,0,1,0,0,0
1,1,1,19,1,0,62.1,1187.5,0,1,0,1,0,0,0,1,0,0,0,0,0,0,0,1,0,0,0,0,0,1,0
0,1,0,66,1,1,68.2,4487.45,0,0,0,0,0,0,0,1,0,0,0,0,0,0,0,1,0,1,1,0,0,1,0
0,0,0,15,1,1,76.81,1128.83,1,0,0,0,1,0,0,1,0,0,0,0,0,0,0,0,0,1,0,0,1,0,0
0,1,0,34,1,1,21.14,689.39,0,0,0,0,0,1,1,0,1,0,1,0,1,0,1,0,1,0,0,0,0,0,0
1,1,0,62,1,1,74.33,4624.22,1,0,0,0,1,0,0,1,0,0,0,0,0,0,0,0,0,0,0,0,0,1,0
1,0,0,22,1,0,62.79,1378.78,0,0,0,0,0,0,0,1,0,0,0,1,0,0,0,0,0,0,0,1,1,0,0
0,1,0,30,1,0,54.46,1616.7,0,1,0,0,0,0,0,0,0,0,0,1,0,0,0,0,0,0,1,0,0,0,0
0,0,0,69,1,1,80.68,5565.67,1,0,0,1,1,0,0,0,0,1,0,0,0,1,0,0,0,0,0,0,0,1,0
0,1,0,39,1,1,81.98,3218.59,1,0,0,0,1,0,0,0,0,0,0,0,0,1,0,0,0,1,0,0,0,0,0
0,0,0,35,1,1,84.59,2970.37,0,0,0,0,1,0,0,0,0,0,0,1,0,0,0,1,0,1,0,1,0,1,0
0,0,0,26,1,1,74.97,1914.69,0,1,0,0,0,0,0,1,0,0,0,1,0,1,0,1,0,0,1,0,0,0,1
0,1,0,72,1,0,76.56,5525.63,0,1,0,0,1,0,0,0,0,1,0,0,0,0,0,0,0,0,1,0,0,0,1
0,0,0,19,1,1,84.14,1567.59,1,0,0,0,1,0,0,0,0,1,0,0,0,1,0,0,0,0,0,1,0,0,1
0,1,0,17,0,0,18.25,351.87,0,1,1,0,0,1,1,0,1,0,1,0,1,0,1,0,1,0,0,1,1,0,0
0,1,0,20,1,1,18.91,375.02,0,1,0,0,0,1,1,0,1,0,1,0,1,0,1,0,1,0,0,0,0,1,0
0,1,0,41,1,1,87.03,3581.37,0,1,0,0,1,0,0,0,0,1,0,1,0,0,0,1,0,0,0,1,0,0,1
0,1,0,32,1,0,75.61,2367.3,0,0,0,1,0,0,0,1,0,0,0,1,0,0,0,1,0,1,0,1,0,1,0
0,1,0,12,1,1,20.4,243.83,0,1,0,0,0,1,1,0,1,0,1,0,1,0,1,0,1,0,0,1,0,1,0
0,0,0,45,1,1,20.07,870.05,0,1,0,0,0,1,1,0,1,0,1,0,1,0,1,0,1,0,1,0,1,0,0
0,0,0,38,1,0,95.76,3611.81,1,1,0,0,1,0,0,0,0,0,0,1,0,0,0,1,0,1,0,0,0,0,1
0,0,0,15,1,1,73.79,1114.57,1,0,0,0,1,0,0,1,0,0,0,0,0,0,0,1,0,0,1,0,0,1,0
0,0,0,34,0,1,82.21,2805.65,0,0,1,0,1,0,0,0,0,1,0,0,0,0,0,1,0,1,1,0,0,0,0
0,1,1,52,1,0,83.8,4366.94,1,1,0,0,1,0,0,0,0,0,0,1,0,0,0,0,0,1,0,0,1,0,0
0,1,1,21,1,1,25.14,520.6,0,1,0,1,0,1,1,0,1,0,1,0,1,0,1,0,1,0,0,1,0,0,0
0,1,0,4,1,0,86.79,330.49,1,0,0,1,1,0,0,1,0,0,0,0,0,1,0,0,0,0,1,0,0,1,0
0,0,1,24,1,1,73.69,1780.44,1,1,0,0,1,0,0,0,0,0,0,0,0,1,0,0,0,0,0,0,0,0,1
0,0,1,20,1,1,20.89,421.57,0,0,0,0,0,1,1,0,1,0,1,0,1,0,1,0,1,0,0,0,0,0,0
0,1,0,3,1,1,19.18,118.01,0,1,0,0,0,1,1,0,1,0,1,0,1,0,1,0,1,0,1,0,0,0,0
0,1,1,17,1,1,81.83,1389.43,1,0,0,0,1,0,0,0,0,0,0,0,0,0,0,1,0,1,0,0,1,0,0
1,1,0,10,1,0,23.59,246.21,0,1,0,1,0,1,1,0,1,0,1,0,1,0,1,0,1,0,1,0,0,1,0
0,0,1,63,0,0,71.82,4557.69,1,0,1,0,1,0,0,0,0,0,0,1,0,0,0,0,0,0,0,0,0,0,0
0,1,1,64,1,1,61.61,3935.7,0,1,0,1,0,0,0,0,0,1,0,0,0,0,0,1,0,0,1,0,0,0,0
0,0,0,36,1,1,40.23,1419.17,0,0,0,0,0,0,0,0,0,0,0,0,0,0,0,0,0,0,0,1,0,1,0
0,1,0,23,1,0,56.94,1267.17,0,0,0,0,0,0,0,1,0,0,0,0,0,0,0,1,0,0,0,1,0,1,0
0,1,0,19,1,0,75.69,1454.39,0,0,0,0,1,0,0,0,0,0,0,0,0,0,0,1,0,1,1,0,1,0,0
1,1,0,49,1,1,21.14,1048.09,0,1,0,1,0,1,1,0,1,0,1,0,1,0,1,0,1,0,0,1,0,1,0
0,0,0,22,1,1,85.08,1875.67,0,1,0,0,0,0,0,1,0,1,0,1,0,1,0,1,0,0,0,0,0,0,0
0,0,0,25,1,1,19.69,471.64,0,0,0,0,0,1,1,0,1,0,1,0,1,0,1,0,1,0,0,1,0,0,1
0,1,0,31,1,1,89.91,2787.01,0,0,0,1,0,0,0,1,0,1,0,1,0,1,0,1,0,1,0,0,1,0,0
0,1,1,72,1,1,67.84,4906.87,0,1,0,1,0,0,0,1,0,1,0,1,0,0,0,1,0,0,0,1,0,0,1
0,1,1,5,1,0,60.23,264.36,0,1,0,1,0,0,0,0,0,0,0,1,0,0,0,1,0,0,1,0,1,0,0
0,1,0,15,1,1,82.24,1250.93,0,1,0,0,1,0,0,1,0,1,0,0,0,0,0,0,0,0,0,1,0,1,0
0,1,0,7,1,1,18.25,122.32,0,0,0,1,0,1,1,0,1,0,1,0,1,0,1,0,1,0,1,0,0,1,0
1,1,0,36,1,0,45.34,1625.48,0,0,0,0,0,0,0,0,0,0,0,0,0,0,0,0,0,0,0,1,1,0,0
0,0,0,5,1,0,62.76,288.19,0,0,0,1,0,0,0,0,0,0,0,1,0,0,0,1,0,0,0,1,1,0,0
0,0,0,13,1,0,22.78,310.27,0,0,0,1,0,1,1,0,1,0,1,0,1,0,1,0,1,0,0,0,0,0,1
0,0,0,29,1,0,76.86,2194.72,1,1,0,1,1,0,0,0,0,1,0,0,0,0,0,1,0,0,0,0,1,0,0
0,0,0,45,1,1,86.41,3894.4,1,1,0,0,1,0,0,0,0,1,0,1,0,0,0,1,0,0,0,0,0,1,0
0,0,0,24,1,1,91.28,2205.04,1,1,0,1,1,0,0,1,0,0,0,1,0,0,0,0,0,1,0,0,0,0,1
0,0,1,13,1,1,74.09,958.88,1,0,0,1,1,0,0,0,0,1,0,0,0,0,0,0,0,0,0,0,0,1,0
0,1,0,20,1,0,66.77,1363.57,0,1,0,1,1,0,0,0,0,0,0,0,0,0,0,0,0,0,0,1,0,1,0
1,1,0,19,1,1,103.43,1966.05,1,1,0,0,1,0,0,1,0,1,0,0,0,1,0,1,0,1,0,1,0,0,0
0,1,0,49,1,0,22.0,1060.58,0,1,0,0,0,1,1,0,1,0,1,0,1,0,1,0,1,0,0,0,0,0,0
0,0,0,14,1,0,49.77,739.68,0,1,0,0,0,0,0,0,0,0,0,0,0,0,0,0,0,1,0,0,1,0,0
0,1,0,47,1,1,90.03,4234.6,1,0,0,1,1,0,0,0,0,0,0,1,0,0,0,1,0,1,0,0,0,0,1
1,1,1,24,1,1,18.48,419.28,0,1,0,1,0,1,1,0,1,0,1,0,1,0,1,0,1,0,0,0,0,0,0
0,0,0,55,1,1,69.18,3790.21,0,1,0,0,0,0,0,0,0,1,0,0,0,0,0,1,0,1,0,1,1,0,0
0,0,1,28,1,1,75.52,2084.11,1,0,0,0,0,0,0,1,0,1,0,1,0,0,0,0,0,0,0,0,0,1,0
0,0,1,16,1,1,88.25,1403.21,1,1,0,0,1,0,0,1,0,0,0,1,0,0,0,0,0,1,1,0,1,0,0
1,0,0,54,1,1,70.76,3808.28,0,1,0,1,1,0,0,0,0,0,0,0,0,1,0,0,0,0,0,1,0,0,0
0,0,1,72,1,1,84.02,6053.31,0,1,0,0,1,0,0,1,0,1,0,1,0,0,0,0,0,0,1,0,1,0,0
0,0,0,29,1,1,19.07,568.83,0,0,0,0,0,1,1,0,1,0,1,0,1,0,1,0,1,0,0,1,1,0,0
0,1,0,49,0,1,74.67,3660.35,0,1,1,0,0,0,0,0,0,1,0,1,0,1,0,1,0,0,0,0,0,0,0
0,0,0,28,1,1,70.02,1992.76,0,0,0,0,0,0,0,1,0,1,0,1,0,0,0,0,0,0,0,1,1,0,0
0,0,0,14,1,0,75.18,1061.67,0,0,0,1,0,0,0,0,0,1,0,0,0,1,0,1,0,1,0,1,0,0,1
1,1,0,57,0,0,18.25,1020.31,0,0,1,0,0,1,1,0,1,0,1,0,1,0,1,0,1,0,0,0,0,1,0
0,0,0,9,1,1,71.01,654.09,0,1,0,0,0,0,0,0,0,0,0,1,0,0,0,0,0,1,0,1,0,1,0
0,0,1,7,1,0,94.15,693.35,0,0,0,1,1,0,0,0,0,1,0,1,0,0,0,1,0,1,0,1,0,0,1
0,0,0,57,0,0,18.25,1018.93,0,1,1,0,0,1,1,0,1,0,1,0,1,0,1,0,1,0,0,1,0,0,1
0,0,0,20,1,1,75.45,1517.0,1,1,0,0,0,0,0,0,0,1,0,1,0,0,0,1,0,1,1,0,1,0,0
0,1,0,10,1,1,67.03,668.61,0,0,0,0,0,0,0,0,0,1,0,1,0,1,0,1,0,0,0,1,1,0,0
0,1,0,72,1,1,20.01,1431.53,0,1,0,0,0,1,1,0,1,0,1,0,1,0,1,0,1,0,0,0,0,0,1
0,1,0,43,1,1,67.52,2868.7,0,1,0,0,0,0,0,1,0,0,0,1,0,1,0,0,0,0,1,0,0,1,0
0,0,0,24,1,0,91.29,2177.51,1,1,0,0,1,0,0,1,0,1,0,1,0,0,0,0,0,0,0,1,0,0,0
0,0,0,33,1,0,81.03,2727.84,0,1,0,1,1,0,0,0,0,0,0,0,0,0,0,1,0,1,0,1,0,0,0
1,0,1,30,0,1,90.94,2719.94,0,1,1,0,1,0,0,0,0,1,0,1,0,1,0,1,0,0,0,1,0,0,0
0,0,0,42,1,1,61.8,2581.77,0,0,0,0,0,0,0,0,0,0,0,1,0,0,0,1,0,0,0,0,0,1,0
0,0,0,23,1,1,22.72,530.86,0,0,0,1,0,1,1,0,1,0,1,0,1,0,1,0,1,0,0,1,0,0,0
1,1,0,45,1,1,90.83,4084.36,0,1,0,0,1,0,0,1,0,0,0,1,0,0,0,0,0,1,0,1,1,0,0
0,1,0,29,1,0,61.23,1768.66,0,0,0,1,0,0,0,1,0,0,0,1,0,0,0,0,0,0,0,1,0,0,1
0,1,0,3,1,1,66.57,193.97,0,1,0,0,0,0,0,0,0,0,0,1,0,1,0,1,0,0,1,0,0,0,0
0,0,0,17,1,1,81.3,1383.81,1,1,0,0,1,0,0,0,0,0,0,0,0,1,0,0,0,1,0,0,0,1,0
0,1,1,39,1,1,98.59,3796.02,0,1,0,0,1,0,0,0,0,0,0,1,0,0,0,1,0,1,0,1,0,0,1
0,0,1,7,1,1,87.65,641.63,1,1,0,0,1,0,0,1,0,0,0,0,0,0,0,1,0,1,0,0,0,0,1
0,0,0,29,1,1,48.08,1407.61,1,1,0,1,0,0,0,0,0,0,0,1,0,0,0,0,0,0,0,0,0,1,0
1,1,0,21,1,1,79.35,1725.58,0,1,0,0,1,0,0,0,0,0,0,1,0,0,0,0,0,1,0,0,1,0,0
0,0,1,72,1,1,62.02,4480.94,0,1,0,1,0,0,0,0,0,1,0,1,0,0,0,1,0,0,0,0,0,1,0
0,0,0,46,1,0,92.53,4262.43,0,0,0,1,1,0,0,1,0,0,0,1,0,1,0,0,0,1,0,0,0,0,0
0,0,1,8,1,0,93.15,737.62,1,1,0,0,1,0,0,1,0,0,0,0,0,0,0,1,0,1,0,0,0,0,0
0,1,0,41,1,1,21.05,817.82,0,1,0,1,0,1,1,0,1,0,1,0,1,0,1,0,1,0,0,0,0,0,0
0,1,0,20,1,0,66.78,1328.15,0,1,0,1,0,0,0,0,0,0,0,0,0,1,0,1,0,0,0,0,0,1,0
1,1,0,27,1,1,82.16,2183.16,1,0,0,1,1,0,0,0,0,0,0,1,0,0,0,0,0,1,0,0,0,0,1
0,0,0,20,0,1,73.8,1507.55,0,1,1,0,0,0,0,0,0,1,0,1,0,0,0,1,0,1,1,0,0,0,0
0,0,1,72,1,0,79.72,5753.79,0,0,0,0,0,0,0,1,0,1,0,1,0,0,0,0,0,1,0,0,1,0,0
0,0,0,72,1,1,73.65,5295.73,0,1,0,0,0,0,0,0,0,1,0,1,0,0,0,1,0,1,0,0,0,0,0
0,0,0,14,1,1,19.6,270.76,0,1,0,0,0,1,1,0,1,0,1,0,1,0,1,0,1,0,0,0,0,1,0
0,1,0,55,1,0,79.25,4364.26,0,0,0,1,1,0,0,0,0,0,0,0,0,1,0,0,0,1,1,0,1,0,0
0,0,1,16,1,0,18.9,326.19,0,1,0,1,0,1,1,0,1,0,1,0,1,0,1,0,1,0,0,1,0,0,0
0,1,1,14,1,0,60.38,839.6,0,1,0,1,0,0,0,1,0,1,0,0,0,0,0,0,0,0,0,1,1,0,0
0,1,1,29,1,1,99.86,2890.89,0,1,0,0,1,0,0,1,0,1,0,0,0,0,0,1,0,1,0,0,0,0,0
1,0,0,26,1,1,89.3,2310.0,1,0,0,1,1,0,0,0,0,0,0,1,0,0,0,1,0,1,1,0,1,0,0
0,0,1,12,0,1,92.51,1139.38,1,0,1,0,1,0,0,1,0,0,0,1,0,1,0,1,0,0,1,0,0,1,0
0,0,0,6,1,1,21.46,114.37,0,0,0,1,0,1,1,0,1,0,1,0,1,0,1,0,1,0,0,0,0,0,1
0,0,0,27,1,1,18.77,474.24,1,0,0,1,0,1,1,0,1,0,1,0,1,0,1,0,1,0,0,0,0,1,0
0,1,0,12,1,0,20.26,269.87,0,1,0,0,0,1,1,0,1,0,1,0,1,0,1,0,1,0,0,0,0,1,0
0,1,0,22,1,1,77.64,1684.48,0,0,0,1,0,0,0,1,0,1,0,0,0,1,0,1,0,1,0,1,1,0,0
1,1,0,59,1,1,90.06,5312.77,1,1,0,1,1,0,0,0,0,1,0,0,0,0,0,1,0,1,0,0,1,0,0
0,0,0,23,0,0,19.38,486.46,0,0,1,0,0,1,1,0,1,0,1,0,1,0,1,0,1,0,0,0,0,1,0
0,0,0,5,1,0,86.97,432.07,1,1,0,1,1,0,0,1,0,1,0,1,0,1,0,0,0,0,0,0,0,0,0
0,1,0,54,1,1,88.57,4748.48,0,1,0,0,1,0,0,0,0,1,0,1,0,0,0,1,0,0,1,0,0,0,1
0,1,0,37,1,0,75.89,2785.73,1,0,0,0,1,0,0,0,0,1,0,0,0,0,0,0,0,1,0,0,0,1,0
0,0,0,48,1,1,96.55,4633.97,0,1,0,1,1,0,0,1,0,1,0,0,0,1,0,0,0,1,0,1,0,0,0
0,0,0,26,1,1,58.84,1526.73,1,0,0,1,0,0,0,1,0,0,0,0,0,0,0,0,0,1,0,0,0,0,1
0,1,0,25,1,0,64.47,1594.48,0,1,0,0,0,0,0,1,0,1,0,0,0,1,0,0,0,0,0,1,0,1,0
0,1,0,72,1,1,53.06,3754.47,0,0,0,0,0,0,0,0,0,0,0,1,0,1,0,0,0,0,1,0,0,0,1
0,0,1,37,1,0,75.69,2818.8,1,0,0,0,1,0,0,1,0,0,0,0,0,0,0,0,0,1,0,0,0,0,1
0,0,1,54,1,0,58.14,3174.85,0,1,0,1,0,0,0,0,0,0,0,1,0,0,0,1,0,0,1,0,0,0,0
1,1,0,72,1,0,23.99,1686.77,0,0,0,1,0,1,1,0,1,0,1,0,1,0,1,0,1,0,1,0,0,1,0
0,1,0,72,1,1,81.87,5879.44,0,0,0,0,1,0,0,0,0,1,0,0,0,1,0,0,0,1,1,0,0,0,0
0,0,1,9,1,1,52.61,440.35,0,0,0,0,0,0,0,1,0,0,0,0,0,0,0,1,0,0,0,1,0,1,0
0,0,0,11,1,0,82.46,913.34,0,1,0,1,1,0,0,1,0,0,0,0,0,0,0,1,0,0,0,1,1,0,0
0,1,0,7,1,0,66.1,496.88,0,0,0,0,0,0,0,0,0,0,0,1,0,1,0,0,0,1,1,0,0,1,0
0,0,0,25,1,0,97.55,2427.57,1,0,0,0,1,0,0,0,0,1,0,0,0,1,0,1,0,1,0,0,0,0,0
0,0,1,72,1,1,20.88,1532.65,0,1,0,0,0,1,1,0,1,0,1,0,1,0,1,0,1,0,0,1,0,0,1
0,1,0,0,1,1,75.95,0.0,1,1,0,0,1,0,0,1,0,0,0,0,0,0,0,1,0,0,0,1,0,0,1
0,1,1,16,1,1,66.39,1084.93,0,1,0,0,0,0,0,1,0,0,0,1,0,0,0,0,0,1,0,0,1,0,0
0,0,0,25,1,1,74.12,1866.67,1,0,0,1,1,0,0,0,0,0,0,0,0,1,0,1,0,0,1,0,0,0,0
0,0,1,10,1,1,85.19,818.26,1,1,0,1,1,0,0,1,0,1,0,0,0,0,0,0,0,1,1,0,0,0,0
0,1,0,21,1,0,68.14,1451.23,0,0,0,0,1,0,0,0,0,0,0,0,0,0,0,0,0,1,0,1,1,0,0
1,0,1,22,1,1,83.84,1833.41,1,0,0,0,1,0,0,1,0,0,0,1,0,0,0,0,0,1,1,0,0,0,0
0,1,1,7,1,1,84.49,551.71,1,1,0,0,0,0,0,0,0,1,0,1,0,0,0,1,0,1,0,0,0,1,0
0,0,0,47,0,0,18.25,842.24,0,1,1,0,0,1,1,0,1,0,1,0,1,0,1,0,1,0,1,0,0,0,1
0,1,0,21,1,0,98.41,2050.56,1,0,0,0,1,0,0,1,0,0,0,1,0,0,0,1,0,1,0,0,1,0,0
0,1,1,9,1,1,97.98,870.37,1,1,0,1,1,0,0,1,0,1,0,1,0,1,0,0,0,1,0,1,0,0,0
0,1,0,26,1,0,67.02,1735.33,0,0,0,1,0,0,0,0,0,1,0,0,0,1,0,1,0,0,0,1,0,1,0
0,0,1,46,1,1,66.79,3101.75,1,0,0,0,0,0,0,0,0,0,0,1,0,0,0,1,0,1,0,0,0,0,1
0,0,1,24,1,1,101.73,2433.15,1,0,0,0,1,0,0,1,0,1,0,1,0,1,0,1,0,0,0,0,0,1,0
0,0,1,10,1,1,82.13,789.66,0,1,0,0,1,0,0,1,0,0,0,1,0,1,0,0,0,0,0,0,0,1,0
1,1,0,30,1,0,23.47,760.34,0,0,0,1,0,1,1,0,1,0,1,0,1,0,1,0,1,0,1,0,0,0,1
0,0,0,72,1,0,46.24,3324.43,0,0,0,0,0,0,0,0,0,0,0,0,0,1,0,0,0,0,1,0,0,1,0
0,0,1,16,1,0,19.14,303.25,0,1,0,1,0,1,1,0,1,0,1,0,1,0,1,0,1,0,0,1,0,0,0
0,0,0,12,1,0,53.63,617.97,0,0,0,0,0,0,0,0,0,1,0,1,0,0,0,0,0,0,1,0,0,0,1
0,1,1,18,1,1,20.25,347.06,0,0,0,1,0,1,1,0,1,0,1,0,1,0,1,0,1,0,1,0,0,1,0
1,0,1,13,1,1,65.21,820.66,1,0,0,0,0,0,0,0,0,0,0,0,0,0,0,1,0,1,1,0,0,1,0
0,1,0,13,1,0,100.03,1295.44,0,1,0,0,1,0,0,1,0,1,0,0,0,1,0,1,0,0,0,1,1,0,0
0,1,0,8,1,0,79.5,659.49,0,1,0,0,1,0,0,0,0,1,0,0,0,0,0,0,0,0,0,0,1,0,0
0,0,0,54,0,1,80.96,4329.52,0,1,1,0,1,0,0,0,0,0,0,1,0,0,0,1,0,0,0,0,0,0,1
0,1,1,43,1,1,18.25,783.23,0,1,0,0,0,1,1,0,1,0,1,0,1,0,1,0,1,0,0,1,1,0,0
1,1,1,20,1,1,18.25,378.3,1,1,0,1,0,1,1,0,1,0,1,0,1,0,1,0,1,0,0,0,0,1,0
0,0,0,15,1,1,58.0,835.1,0,0,0,1,0,0,0,1,0,0,0,0,0,1,0,0,0,0,0,0,0,0,1
0,1,0,35,1,0,45.92,1624.19,0,1,0,1,0,0,0,0,0,0,0,0,0,0,0,0,0,0,0,1,0,0,1
1,0,0,29,1,1,86.91,2517.68,0,0,0,1,0,0,0,1,0,1,0,1,0,0,0,1,0,1,1,0,0,1,0
0,0,1,28,1,0,67.17,1864.71,0,1,0,0,0,0,0,1,0,1,0,0,0,0,0,1,0,0,0,1,1,0,0
0,0,0,65,1,0,80.32,5200.17,0,1,0,0,1,0,0,0,0,1,0,0,0,0,0,1,0,0,0,1,0,0,1
0,1,1,38,1,0,67.98,2604.23,1,1,0,0,0,0,0,1,0,1,0,0,0,0,0,1,0,0,0,0,0,1,0
0,0,0,72,1,0,72.8,5222.06,0,1,0,1,1,0,0,0,0,0,0,0,0,0,0,1,0,0,0,1,0,1,0
0,0,0,17,1,1,59.4,1044.79,1,0,0,0,0,0,0,1,0,0,0,1,0,0,0,0,0,0,1,0,0,0,0
0,1,1,72,1,0,18.25,1302.77,0,0,0,1,0,1,1,0,1,0,1,0,1,0,1,0,1,0,0,0,0,0,0
0,0,0,36,1,1,69.7,2496.01,0,0,0,0,0,0,0,1,0,0,0,1,0,0,0,0,0,1,0,0,0,0,0
0,0,0,10,1,1,86.7,853.3,1,1,0,0,1,0,0,1,0,1,0,0,0,0,0,0,0,1,0,0,0,0,1
0,1,0,14,1,0,92.92,1278.26,0,0,0,0,1,0,0,0,0,1,0,0,0,1,0,1,0,1,0,1,0,0,0
0,1,0,41,1,1,82.32,3381.39,0,1,0,1,1,0,0,0,0,0,0,1,0,0,0,1,0,0,0,0,0,1,0
0,0,0,8,1,0,70.02,590.0,1,0,0,1,1,0,0,0,0,0,0,0,0,0,0,0,0,0,0,0,0,0,0
0,1,1,24,1,1,58.97,1393.49,1,0,0,1,0,0,0,0,0,0,0,0,0,0,0,1,0,1,0,0,0,0,1
0,0,0,72,1,1,83.87,6057.05,1,1,0,1,1,0,0,0,0,1,0,1,0,0,0,1,0,0,0,0,0,0,0
0,1,0,1,1,0,49.01,74.73,0,1,0,1,0,0,0,0,0,0,0,0,0,0,0,0,0,0,0,1,1,0,0
0,1,0,24,1,1,77.52,1865.81,0,1,0,0,0,0,0,0,0,0,0,1,0,1,0,1,0,0,0,1,0,0,0
0,0,0,14,1,1,19.8,291.99,0,1,0,1,0,1,1,0,1,0,1,0,1,0,1,0,1,0,0,1,0,0,0
0,0,1,72,1,0,47.48,3424.6,0,0,0,1,0,0,0,0,0,0,0,1,0,0,0,0,0,0,1,0,0,1,0
0,1,1,22,1,1,76.42,1663.68,0,0,0,0,0,0,0,1,0,1,0,1,0,1,0,1,0,0,0,1,0,0,0
0,0,1,12,1,1,73.66,841.23,0,0,0,0,0,0,0,0,0,1,0,1,0,0,0,1,0,1,0,1,0,0,1
0,1,0,8,1,1,87.63,716.45,0,1,0,1,1,0,0,1,0,0,0,0,0,1,0,0,0,1,1,0,0,1,0
0,1,0,9,1,0,68.99,597.58,1,0,0,0,1,0,0,0,0,0,0,1,0,0,0,0,0,0,0,0,0,1,0
1,0,0,72,1,0,57.74,4148.29,0,1,0,1,0,0,0,1,0,0,0,0,0,1,0,0,0,0,0,0,0,0,1
0,1,0,2,1,1,80.21,178.81,1,0,0,0,1,0,0,0,0,1,0,0,0,0,0,1,0,1,0,0,0,0,1
0,0,0,37,1,0,22.46,803.99,0,1,0,0,0,1,1,0,1,0,1,0,1,0,1,0,1,0,1,0,1,0,0
0,1,0,70,1,0,19.85,1400.75,0,1,0,0,0,1,1,0,1,0,1,0,1,0,1,0,1,0,0,1,0,1,0
0,1,0,24,1,1,18.25,421.28,0,0,0,1,0,1,1,0,1,0,1,0,1,0,1,0,1,0,0,0,0,1,0
0,1,0,9,1,1,65.63,587.61,1,1,0,0,0,0,0,0,0,0,0,0,0,1,0,0,0,1,0,0,0,0,0
0,0,0,37,1,0,60.2,2234.51,0,1,0,0,0,0,0,0,0,1,0,0,0,1,0,0,0,0,0,0,0,0,0
1,0,0,11,1,0,68.77,764.21,0,0,0,0,1,0,0,0,0,0,0,0,0,0,0,0,0,0,0,1,0,0,0
0,1,0,15,1,0,85.75,1270.37,1,1,0,1,1,0,0,1,0,1,0,0,0,0,0,1,0,0,0,0,0,0,0
0,1,0,13,1,0,69.67,886.8,0,0,0,1,1,0,0,0,0,0,0,0,0,0,0,1,0,0,0,1,0,0,0
0,0,0,13,1,0,19.99,250.4,0,0,0,0,0,1,1,0,1,0,1,0,1,0,1,0,1,0,1,0,0,0,1
0,1,0,51,1,1,84.3,4294.77,1,0,0,1,1,0,0,0,0,0,0,1,0,0,0,1,0,0,0,0,0,1,0
0,0,0,21,1,0,79.11,1687.7,0,0,0,1,1,0,0,0,0,0,0,1,0,1,0,0,0,0,1,0,1,0,0
0,0,1,39,1,1,81.82,3161.14,1,0,0,1,1,0,0,0,0,0,0,1,0,0,0,1,0,0,0,0,0,0,0
0,0,0,39,1,1,62.17,2405.59,1,0,0,1,0,0,0,0,0,1,0,0,0,0,0,0,0,1,0,0,1,0,0
0,1,0,25,1,1,72.32,1787.81,1,0,0,0,1,0,0,0,0,0,0,0,0,0,0,1,0,0,0,0,1,0,0
1,1,1,72,1,1,68.02,4871.05,1,0,0,0,0,0,0,0,0,1,0,0,0,0,0,1,0,1,0,0,1,0,0
0,1,0,10,1,0,94.3,890.52,1,1,0,1,1,0,0,1,0,0,0,1,0,0,0,1,0,0,0,1,0,1,0
0,1,1,23,1,1,82.35,1941.39,0,1,0,0,1,0,0,1,0,0,0,0,0,0,0,1,0,1,0,0,1,0,0
1,1,0,3,1,0,19.68,83.87,0,0,0,0,0,1,1,0,1,0,1,0,1,0,1,0,1,0,1,0,0,0,0
0,0,1,27,1,1,69.17,1822.68,1,1,0,0,1,0,0,0,0,0,0,0,0,1,0,0,0,0,0,0,1,0,0
1,1,1,49,1,0,66.14,3227.58,0,1,0,0,0,0,0,1,0,1,0,1,0,0,0,0,0,1,0,1,1,0,0
0,1,0,7,1,0,62.48,420.41,0,1,0,0,0,0,0,0,0,0,0,0,0,0,0,1,0,1,1,0,0,0,1
0,1,1,15,1,0,23.35,335.98,0,0,0,1,0,1,1,0,1,0,1,0,1,0,1,0,1,0,0,1,0,0,1
0,1,0,13,1,0,52.6,708.01,0,1,0,0,0,0,0,0,0,1,0,1,0,0,0,0,0,0,0,1,0,1,0
0,0,0,1,0,1,71.03,79.19,1,0,1,0,1,0,0,0,0,0,0,0,0,0,0,0,0,1,0,0,0,1,0
0,1,0,9,1,1,55.23,444.05,0,0,0,1,0,0,0,0,0,0,0,0,0,1,0,0,0,0,0,0,1,0,0
1,0,1,41,1,1,19.69,838.96,0,0,0,0,0,1,1,0,1,0,1,0,1,0,1,0,1,0,0,0,1,0,0
1,0,1,24,1,1,70.59,1675.94,1,1,0,0,0,0,0,0,0,1,0,1,0,0,0,1,0,0,0,0,0,1,0
1,1,1,32,1,1,98.46,3153.72,0,0,0,0,1,0,0,1,0,1,0,1,0,0,0,0,0,1,1,0,0,1,0
0,0,0,49,1,0,75.51,3693.37,1,0,0,0,1,0,0,0,0,1,0,0,0,0,0,0,0,1,0,0,0,1,0
0,1,0,72,1,0,74.66,5399.29,0,1,0,0,1,0,0,1,0,0,0,0,0,0,0,1,0,0,0,1,0,1,0
0,1,1,9,1,1,88.57,802.02,0,0,0,1,1,0,0,1,0,0,0,1,0,0,0,1,0,0,0,1,1,0,0
0,0,1,38,1,1,68.72,2591.36,0,1,0,0,0,0,0,1,0,0,0,0,0,0,0,1,0,1,0,0,0,0,1
0,0,1,15,1,1,72.29,1088.42,1,0,0,1,0,0,0,0,0,0,0,1,0,0,0,1,0,1,0,0,0,0,0
0,1,1,10,1,0,55.41,574.52,1,1,0,0,0,0,0,0,0,0,0,0,0,0,0,1,0,1,0,0,0,1,0
0,0,1,20,1,1,21.9,427.5,0,0,0,1,0,1,1,0,1,0,1,0,1,0,1,0,1,0,0,0,0,1,0
0,1,0,39,1,1,73.3,2851.79,0,0,0,1,0,0,0,1,0,0,0,0,0,1,0,1,0,1,1,0,0,0,1
0,0,1,26,1,0,72.94,1915.36,1,1,0,0,1,0,0,0,0,0,0,0,0,0,0,0,0,1,0,0,0,0,1
0,0,0,18,1,1,54.05,981.13,0,0,0,0,0,0,0,0,0,0,0,1,0,0,0,0,0,0,0,0,0,0,1
0,1,1,42,1,0,83.35,3456.38,1,1,0,0,1,0,0,0,0,0,0,1,0,1,0,0,0,0,0,0,0,1,0
1,0,0,40,1,1,67.9,2732.62,0,0,0,1,0,0,0,0,0,1,0,1,0,0,0,1,0,0,1,0,0,0,1
0,0,0,17,0,1,20.03,311.41,0,0,1,0,0,1,1,0,1,0,1,0,1,0,1,0,1,0,1,0,0,1,0
0,1,1,38,1,1,18.59,690.0,0,1,0,0,0,1,1,0,1,0,1,0,1,0,1,0,1,0,0,1,1,0,0
0,0,0,26,1,0,82.84,2124.16,0,1,0,0,1,0,0,0,0,1,0,0,0,0,0,1,0,1,0,1,0,0,1
0,0,1,13,1,1,20.7,258.02,0,0,0,0,0,1,1,0,1,0,1,0,1,0,1,0,1,0,1,0,1,0,0
0,1,0,40,1,1,56.41,2284.91,0,1,0,0,0,0,0,0,0,0,0,0,0,1,0,1,0,0,0,1,1,0,0
0,0,0,41,1,0,67.42,2739.75,1,0,0,0,1,0,0,0,0,0,0,0,0,0,0,0,0,0,0,0,0,0,0
0,0,0,8,1,0,60.76,485.91,0,0,0,0,0,0,0,1,0,0,0,0,0,1,0,0,0,0,0,1,0,0,1
0,0,0,37,1,0,79.96,2932.41,0,0,0,0,1,0,0,0,0,0,0,0,0,0,0,1,0,1,1,0,0,1,0
0,1,1,54,1,1,80.35,4334.11,0,1,0,0,1,0,0,0,0,1,0,0,0,0,0,1,0,1,0,1,0,0,1
0,0,0,9,1,0,83.11,727.45,0,0,0,0,1,0,0,0,0,0,0,1,0,0,0,1,0,1,0,0,0,0,0
1,0,0,29,0,0,18.25,520.92,0,0,1,0,0,1,1,0,1,0,1,0,1,0,1,0,1,0,1,0,0,0,1
1,0,0,9,1,1,23.45,192.5,0,1,0,0,0,1,1,0,1,0,1,0,1,0,1,0,1,0,0,0,0,0,0
0,1,0,10,1,1,71.2,712.83,0,1,0,1,0,0,0,1,0,0,0,0,0,1,0,1,0,1,1,0,1,0,0
0,0,1,5,1,1,70.63,344.89,1,1,0,1,1,0,0,0,0,0,0,1,0,0,0,0,0,0,0,0,1,0,0
0,0,0,59,1,1,21.0,1244.16,0,1,0,0,0,1,1,0,1,0,1,0,1,0,1,0,1,0,0,1,0,0,1
0,1,0,54,0,1,93.16,5047.32,0,0,1,0,1,0,0,1,0,1,0,0,0,0,0,1,0,1,0,1,1,0,0
1,1,1,56,1,1,113.31,6381.38,1,1,0,0,1,0,0,0,0,1,0,1,0,1,0,1,0,1,0,0,0,0,1
0,0,0,18,1,1,74.59,1301.67,0,0,0,1,1,0,0,0,0,0,0,1,0,0,0,0,0,0,0,1,0,0,1
1,0,0,49,1,1,67.34,3326.29,0,1,0,1,0,0,0,0,0,0,0,1,0,1,0,1,0,0,0,0,1,0,0
0,0,0,10,0,0,78.17,774.59,0,1,1,0,1,0,0,0,0,0,0,1,0,0,0,1,0,1,1,0,0,0,0
0,1,1,8,1,0,76.53,583.67,0,1,0,0,1,0,0,0,0,1,0,0,0,0,0,0,0,0,0,1,0,0,1
0,0,0,18,1,0,58.42,1070.72,0,0,0,0,0,0,0,1,0,0,0,1,0,0,0,0,0,0,0,1,0,1,0
1,1,1,52,1,0,18.25,988.78,0,0,0,0,0,1,1,0,1,0,1,0,1,0,1,0,1,0,0,0,0,1,0
0,0,0,30,1,0,49.66,1469.98,0,1,0,0,0,0,0,0,0,0,0,0,0,1,0,0,0,0,0,0,0,1,0
0,1,0,17,1,1,19.6,374.16,0,0,0,1,0,1,1,0,1,0,1,0,1,0,1,0,1,0,0,0,0,1,0
0,1,1,16,1,0,85.99,1395.92,1,1,0,1,1,0,0,0,0,0,0,1,0,0,0,1,0,1,0,0,0,0,1
0,0,1,59,1,0,46.4,2719.64,1,1,0,0,0,0,0,0,0,0,0,0,0,0,0,0,0,0,0,0,0,0,1
0,0,1,43,1,1,62.59,2710.56,1,1,0,0,0,0,0,0,0,0,0,0,0,1,0,1,0,0,1,0,0,0,1
0,1,0,61,1,0,88.78,5411.78,0,0,0,1,1,0,0,1,0,0,0,0,0,1,0,1,0,0,0,0,0,0,0
0,1,0,58,1,0,61.15,3525.44,0,0,0,1,0,0,0,1,0,0,0,0,0,0,0,1,0,0,0,0,0,0,0
0,0,1,4,1,1,60.37,263.6,1,0,0,0,0,0,0,0,0,1,0,1,0,0,0,1,0,0,0,0,0,0,1
0,0,0,53,0,0,89.47,4710.38,1,1,1,0,1,0,0,1,0,1,0,0,0,1,0,1,0,0,0,0,1,0,0
0,1,0,44,1,0,18.83,815.67,0,1,0,0,0,1,1,0,1,0,1,0,1,0,1,0,1,0,1,0,0,1,0
0,0,1,11,1,0,104.07,1167.68,1,0,0,1,1,0,0,1,0,0,0,1,0,1,0,1,0,1,0,0,0,1,0
1,1,0,18,1,0,72.46,1306.47,1,1,0,0,1,0,0,0,0,0,0,1,0,0,0,1,0,0,1,0,0,1,0
0,0,0,22,1,0,87.97,1951.79,1,0,0,0,1,0,0,0,0,1,0,1,0,0,0,1,0,0,0,0,0,1,0
0,1,0,72,1,1,77.6,5621.39,0,0,0,1,1,0,0,0,0,0,0,0,0,0,0,1,0,1,0,1,0,0,0
0,1,0,26,1,0,69.95,1810.34,0,1,0,1,0,0,0,1,0,0,0,0,0,0,0,1,0,1,0,1,0,0,1
0,0,1,42,1,0,83.3,3473.44,1,0,0,1,1,0,0,0,0,1,0,0,0,1,0,0,0,1,0,0,0,0,1
0,1,1,53,1,1,94.71,5032.67,1,0,0,0,1,0,0,1,0,1,0,1,0,0,0,1,0,0,0,0,0,1,0
0,0,1,17,1,1,56.83,976.42,0,1,0,1,0,0,0,1,0,0,0,0,0,0,0,0,0,1,1,0,0,1,0
0,1,1,58,1,1,57.82,3336.41,0,0,0,0,0,0,0,0,0,1,0,0,0,1,0,0,0,0,0,1,0,1,0
0,1,0,24,1,1,77.64,1899.07,1,0,0,0,1,0,0,0,0,0,0,1,0,0,0,0,0,0,0,0,0,0,1
0,0,0,72,1,0,75.6,5407.28,0,1,0,0,0,0,0,1,0,0,0,1,0,1,0,1,0,0,0,0,0,0,1
0,0,0,11,1,1,80.66,889.7,1,0,0,0,1,0,0,0,0,0,0,0,0,0,0,1,0,1,0,0,0,0,1
1,1,0,22,1,0,83.44,1826.35,1,1,0,1,1,0,0,1,0,0,0,1,0,1,0,0,0,0,1,0,0,1,0
0,0,0,55,1,1,65.36,3589.86,0,0,0,0,0,0,0,1,0,0,0,1,0,0,0,0,0,1,0,1,0,1,0
0,1,1,13,1,0,22.25,304.59,0,0,0,0,0,1,1,0,1,0,1,0,1,0,1,0,1,0,0,0,0,1,0
1,0,0,46,1,1,21.45,993.01,1,0,0,1,0,1,1,0,1,0,1,0,1,0,1,0,1,0,0,0,0,0,1
0,1,1,19,1,0,70.47,1331.37,1,1,0,1,1,0,0,1,0,0,0,0,0,0,0,0,0,0,0,0,1,0,0
0,0,1,9,1,1,74.19,687.45,1,0,0,0,1,0,0,1,0,0,0,0,0,0,0,0,0,1,1,0,1,0,0
1,1,0,7,1,1,82.59,611.77,1,1,0,0,1,0,0,1,0,0,0,1,0,0,0,0,0,0,0,1,1,0,0
0,0,0,29,1,1,70.58,2021.55,0,1,0,1,0,0,0,1,0,0,0,1,0,0,0,0,0,1,1,0,1,0,0
1,0,0,36,1,0,96.36,3477.05,1,1,0,0,1,0,0,1,0,1,0,0,0,0,0,1,0,1,0,1,0,0,0
0,0,1,10,1,0,64.04,640.67,1,0,0,0,0,0,0,0,0,1,0,0,0,1,0,1,0,0,0,0,0,0,1
0,1,0,38,1,0,19.28,706.54,0,1,0,1,0,1,1,0,1,0,1,0,1,0,1,0,1,0,0,0,0,1,0
0,1,1,7,1,0,74.74,550.98,1,1,0,1,1,0,0,1,0,0,0,0,0,0,0,1,0,0,0,0,0,0,0
0,1,0,18,1,1,82.22,1493.5,1,0,0,0,1,0,0,1,0,0,0,0,0,1,0,0,0,0,0,0,0,0,0
1,0,0,24,1,1,53.32,1258.04,1,1,0,0,0,0,0,0,0,0,0,0,0,0,0,1,0,0,0,0,0,0,1
1,1,0,22,1,0,80.81,1813.27,1,1,0,0,1,0,0,0,0,1,0,0,0,0,0,0,0,1,0,1,1,0,0
0,0,0,28,1,1,62.18,1784.93,1,1,0,0,0,0,0,0,0,0,0,0,0,0,0,1,0,1,0,0,0,1,0
0,1,0,23,1,1,80.09,1826.21,1,1,0,1,1,0,0,0,0,1,0,0,0,0,0,1,0,0,0,0,0,0,0
0,0,0,20,1,0,103.87,2122.58,1,0,0,1,1,0,0,1,0,1,0,1,0,1,0,0,0,0,0,0,0,1,0
0,0,1,20,1,1,73.43,1461.83,0,1,0,1,1,0,0,0,0,0,0,0,0,1,0,1,0,0,0,1,1,0,0
1,0,1,15,1,0,94.09,1371.9,1,1,0,0,1,0,0,0,0,0,0,1,0,0,0,1,0,1,0,0,0,0,0
0,0,0,39,1,0,81.9,3177.55,0,0,0,1,0,0,0,1,0,1,0,1,0,1,0,0,0,0,1,0,0,0,0
0,0,0,21,1,1,116.93,2442.22,0,0,0,0,1,0,0,1,0,1,0,1,0,0,0,1,0,1,0,1,0,1,0
1,0,0,13,1,1,67.08,849.19,0,0,0,0,0,0,0,1,0,0,0,0,0,0,0,1,0,0,1,0,0,0,0
0,0,1,37,1,1,20.36,731.7,0,0,0,0,0,1,1,0,1,0,1,0,1,0,1,0,1,0,1,0,0,0,0
0,0,1,33,1,1,95.11,3131.02,1,0,0,1,1,0,0,0,0,1,0,0,0,1,0,1,0,1,0,0,0,0,0
0,1,0,10,1,0,86.54,865.18,1,1,0,1,1,0,0,1,0,0,0,0,0,0,0,0,0,1,1,0,0,0,0
0,1,0,65,1,0,18.38,1159.3,0,0,0,1,0,1,1,0,1,0,1,0,1,0,1,0,1,0,1,0,0,1,0
0,0,0,18,1,0,66.64,1185.75,0,0,0,1,0,0,0,0,0,1,0,1,0,0,0,0,0,1,1,0,0,0,0
0,0,1,18,1,1,81.74,1487.99,0,1,0,0,1,0,0,1,0,1,0,0,0,0,0,0,0,1,1,0,1,0,0
0,1,1,24,1,0,76.64,1833.19,1,1,0,0,1,0,0,0,0,0,0,1,0,0,0,0,0,1,0,1,1,0,0
0,1,0,32,1,1,90.5,2883.73,0,1,0,0,1,0,0,0,0,1,0,1,0,0,0,0,0,1,0,1,0,0,1
0,0,0,25,1,0,88.46,2178.27,1,0,0,0,1,0,0,0,0,0,0,1,0,0,0,1,0,1,0,0,0,0,1
0,1,1,12,1,0,23.23,258.51,0,0,0,1,0,1,1,0,1,0,1,0,1,0,1,0,1,0,0,1,0,1,0
1,0,0,4,1,1,86.28,402.78,1,0,0,1,1,0,0,1,0,0,0,1,0,0,0,0,0,1,0,0,0,0,0
0,0,0,65,1,0,18.68,1252.1,0,1,0,0,0,1,1,0,1,0,1,0,1,0,1,0,1,0,0,0,0,0,1
0,1,1,11,1,1,98.28,1087.56,1,1,0,1,1,0,0,0,0,1,0,1,0,1,0,0,0,1,0,0,0,1,0
1,1,0,35,1,1,77.65,2690.0,1,1,0,1,1,0,0,0,0,0,0,1,0,1,0,0,0,1,0,0,0,0,0
0,1,0,25,1,1,68.45,1700.62,1,0,0,0,0,0,0,1,0,1,0,1,0,0,0,0,0,1,0,0,1,0,0
0,1,1,3,1,1,50.6,167.69,1,0,0,1,0,0,0,0,0,0,0,1,0,0,0,0,0,0,0,1,0,0,0
1,0,0,14,1,0,20.95,308.03,0,0,0,0,0,1,1,0,1,0,1,0,1,0,1,0,1,0,0,0,0,1,0
0,0,1,72,1,0,24.11,1742.29,0,0,0,1,0,1,1,0,1,0,1,0,1,0,1,0,1,0,0,0,0,1,0
0,0,0,4,1,0,90.43,390.51,1,0,0,0,1,0,0,1,0,1,0,1,0,0,0,0,0,0,1,0,0,1,0
0,1,0,19,1,1,81.47,1523.76,1,0,0,1,1,0,0,0,0,0,0,0,0,1,0,0,0,1,0,0,0,0,1
0,0,0,32,1,1,74.28,2397.79,0,1,0,0,0,0,0,0,0,0,0,1,0,1,0,1,0,1,0,1,1,0,0
0,1,0,11,1,1,60.82,674.04,1,1,0,1,0,0,0,1,0,0,0,0,0,0,0,1,0,0,0,0,0,0,0
0,0,0,27,1,0,71.77,1959.34,0,1,0,1,0,0,0,0,0,0,0,0,0,1,0,1,0,1,0,1,0,0,1
0,1,0,37,0,1,18.25,667.28,0,1,1,0,0,1,1,0,1,0,1,0,1,0,1,0,1,0,0,0,0,0,0
0,0,0,34,1,1,64.0,2200.4,0,1,0,0,0,0,0,1,0,0,0,0,0,0,0,1,0,1,0,0,1,0,0
0,0,1,27,1,1,79.21,2162.41,0,1,0,0,1,0,0,0,0,1,0,0,0,1,0,0,0,0,0,0,0,0,0
0,1,0,22,0,1,107.84,2364.06,0,0,1,0,1,0,0,1,0,1,0,0,0,1,0,1,0,1,0,1,0,0,0
0,0,1,11,1,0,69.92,782.21,1,1,0,0,1,0,0,0,0,1,0,0,0,0,0,1,0,0,0,0,0,1,0
1,1,0,37,1,1,81.18,3016.39,1,0,0,0,1,0,0,0,0,0,0,1,0,0,0,1,0,1,0,0,0,0,0
0,1,0,25,1,0,88.87,2248.89,1,0,0,0,1,0,0,1,0,0,0,1,0,0,0,0,0,1,0,0,1,0,0
0,0,0,72,1,1,62.13,4461.29,0,0,0,0,0,0,0,0,0,1,0,0,0,1,0,1,0,0,0,0,0,1,0
0,0,0,44,1,1,86.37,3813.23,0,0,0,1,1,0,0,0,0,1,0,0,0,0,0,1,0,1,0,0,0,1,0
0,1,0,16,0,1,76.38,1247.17,1,1,1,0,1,0,0,0,0,1,0,0,0,0,0,1,0,0,0,0,1,0,0
0,1,0,30,1,0,18.25,564.01,0,0,0,0,0,1,1,0,1,0,1,0,1,0,1,0,1,0,0,1,0,0,1
1,1,0,8,1,1,91.86,739.64,1,1,0,1,1,0,0,1,0,0,0,1,0,1,0,1,0,0,0,1,0,0,1
0,0,0,4,1,1,98.37,416.66,1,0,0,1,1,0,0,0,0,1,0,1,0,1,0,1,0,0,0,0,0,0,0
0,0,1,16,1,1,22.37,343.01,0,1,0,1,0,1,1,0,1,0,1,0,1,0,1,0,1,0,0,1,0,0,1
0,1,0,7,1,1,49.61,335.89,1,1,0,0,0,0,0,0,0,0,0,1,0,0,0,0,0,0,0,0,1,0,0
0,1,1,40,1,0,41.53,1673.7,1,0,0,0,0,0,0,0,0,0,0,0,0,0,0,0,0,0,0,0,0,1,0
0,0,1,72,1,1,72.91,5282.36,1,0,0,0,0,0,0,0,0,0,0,1,0,0,0,1,0,1,0,0,0,0,0
0,0,1,53,1,0,22.11,1161.56,0,1,0,0,0,1,1,0,1,0,1,0,1,0,1,0,1,0,0,0,0,0,1
0,1,0,18,1,1,71.7,1282.02,1,0,0,0,1,0,0,0,0,0,0,0,0,0,0,0,0,1,0,0,0,0,1
0,0,0,42,1,0,79.47,3344.49,0,1,0,0,1,0,0,0,0,1,0,0,0,1,0,1,0,0,0,1,0,0,1
0,1,0,15,1,1,72.12,1087.03,1,0,0,0,1,0,0,0,0,1,0,0,0,0,0,0,0,0,1,0,1,0,0
0,1,0,58,1,1,79.64,4631.97,0,1,0,1,1,0,0,0,0,0,0,0,0,1,0,0,0,1,0,0,0,0,1
0,0,0,37,1,0,74.69,2759.84,0,1,0,0,1,0,0,0,0,0,0,1,0,0,0,0,0,0,0,0,0,1,0
0,0,1,24,1,0,50.99,1184.86,0,1,0,0,0,0,0,0,0,0,0,0,0,0,0,1,0,0,0,0,0,1,0
0,1,0,23,1,1,88.28,2047.84,1,1,0,1,1,0,0,1,0,0,0,1,0,1,0,1,0,0,0,0,1,0,0
1,0,0,37,1,1,91.93,3413.49,1,1,0,0,1,0,0,0,0,1,0,1,0,1,0,1,0,0,0,0,0,0,1
1,0,0,23,1,1,101.86,2354.09,1,1,0,0,1,0,0,0,0,0,0,1,0,1,0,1,0,1,0,0,0,0,0
0,0,0,51,1,1,68.86,3510.19,1,1,0,1,0,0,0,0,0,0,0,1,0,1,0,0,0,1,0,0,0,0,0
1,0,0,18,1,1,73.25,1343.97,0,1,0,0,0,0,0,1,0,1,0,1,0,1,0,0,0,0,0,0,0,1,0
0,0,0,21,1,1,73.26,1526.47,0,0,0,0,0,0,0,1,0,1,0,0,0,1,0,0,0,0,0,1,0,1,0
0,0,0,22,1,1,21.7,489.38,0,1,0,0,0,1,1,0,1,0,1,0,1,0,1,0,1,0,1,0,0,0,0
0,1,0,20,1,1,71.9,1408.29,1,0,0,0,0,0,0,1,0,1,0,1,0,0,0,0,0,0,0,0,0,0,1
1,0,1,12,1,1,82.32,1030.79,1,0,0,1,1,0,0,0,0,0,0,0,0,0,0,1,0,1,0,0,0,0,0
0,1,1,17,1,1,68.17,1105.7,0,1,0,0,0,0,0,0,0,0,0,0,0,1,0,1,0,1,0,1,0,0,0
0,0,0,24,0,0,65.07,1552.02,0,0,1,0,0,0,0,1,0,0,0,0,0,1,0,1,0,0,0,0,0,0,1
0,1,0,23,1,1,89.24,2016.28,0,1,0,1,1,0,0,1,0,1,0,1,0,1,0,0,0,0,0,0,1,0,0
0,1,0,70,0,0,19.23,1331.76,0,1,1,0,0,1,1,0,1,0,1,0,1,0,1,0,1,0,0,0,1,0,0
0,0,0,32,1,1,85.5,2709.12,1,0,0,0,1,0,0,0,0,1,0,0,0,0,0,1,0,1,0,1,0,0,1
0,1,0,60,1,1,94.48,5651.44,1,0,0,0,1,0,0,0,0,1,0,1,0,0,0,1,0,0,0,0,0,0,1
0,1,0,6,1,0,64.5,396.9,0,0,0,0,1,0,0,0,0,0,0,0,0,0,0,0,0,0,1,0,0,0,1
1,1,0,47,1,0,86.13,4032.4,1,1,0,0,1,0,0,1,0,1,0,0,0,0,0,1,0,0,0,0,0,1,0
0,0,0,32,0,0,18.27,557.19,0,0,1,0,0,1,1,0,1,0,1,0,1,0,1,0,1,0,0,0,0,0,0
0,1,0,22,1,0,47.72,1072.73,0,1,0,1,0,0,0,1,0,0,0,0,0,0,0,0,0,0,0,0,1,0,0
0,1,0,11,1,1,60.47,693.02,1,1,0,1,0,0,0,0,0,0,0,1,0,0,0,0,0,1,1,0,0,1,0
0,0,0,40,1,0,85.43,3437.13,0,1,0,1,1,0,0,1,0,1,0,0,0,1,0,0,0,0,1,0,0,0,0
0,0,1,36,1,1,97.51,3517.39,0,0,0,0,1,0,0,1,0,1,0,0,0,0,0,1,0,1,1,0,0,0,0
0,0,1,41,1,1,70.25,2878.07,1,1,0,0,1,0,0,0,0,1,0,0,0,0,0,0,0,0,0,0,0,1,0
0,1,0,16,1,0,20.43,317.06,0,0,0,0,0,1,1,0,1,0,1,0,1,0,1,0,1,0,1,0,0,0,1
0,0,0,51,1,1,72.68,3748.99,0,0,0,1,0,0,0,1,0,1,0,1,0,0,0,1,0,0,0,0,1,0,0
0,0,0,38,1,1,19.9,775.33,0,0,0,0,0,1,1,0,1,0,1,0,1,0,1,0,1,0,0,0,0,1,0
1,0,0,18,1,1,62.17,1117.8,0,0,0,0,1,0,0,0,0,0,0,0,0,0,0,0,0,0,0,1,1,0,0
0,0,0,66,1,1,18.9,1202.83,0,0,0,1,0,1,1,0,1,0,1,0,1,0,1,0,1,0,0,0,0,0,1
0,1,0,29,1,1,80.38,2337.02,0,1,0,0,1,0,0,0,0,0,0,0,0,1,0,1,0,0,1,0,1,0,0
0,0,1,4,1,1,91.93,327.48,0,1,0,0,1,0,0,1,0,1,0,0,0,1,0,0,0,1,0,0,1,0,0
0,0,1,18,1,0,101.4,1827.74,0,0,0,0,1,0,0,1,0,1,0,0,0,0,0,1,0,1,0,0,0,0,1
1,1,0,51,1,0,79.84,4091.38,0,1,0,0,1,0,0,0,0,1,0,1,0,0,0,0,0,0,0,1,0,0,0
0,1,0,18,1,1,18.25,353.69,0,1,0,0,0,1,1,0,1,0,1,0,1,0,1,0,1,0,0,0,0,0,0
0,1,1,25,1,0,92.45,2296.22,1,1,0,1,1,0,0,0,0,0,0,1,0,1,0,0,0,1,0,0,0,0,0
0,0,1,52,1,0,56.18,2904.9,0,1,0,1,0,0,0,0,0,0,0,1,0,0,0,1,0,0,0,1,0,1,0
0,1,0,18,1,0,18.94,301.43,1,1,0,1,0,1,1,0,1,0,1,0,1,0,1,0,1,0,0,1,0,0,0
0,0,0,43,1,1,72.31,3091.45,1,1,0,0,1,0,0,0,0,0,0,0,0,0,0,1,0,0,0,0,0,1,0
0,0,0,8,1,1,88.94,698.93,1,0,0,1,1,0,0,0,0,1,0,1,0,0,0,1,0,1,0,0,0,0,0
0,1,0,32,1,0,56.05,1765.2,0,1,0,1,0,0,0,0,0,1,0,1,0,0,0,0,0,0,0,0,1,0,0
0,1,1,30,1,1,94.09,2813.27,1,0,0,0,1,0,0,1,0,0,0,1,0,0,0,1,0,1,1,0,0,1,0
0,1,0,34,1,0,106.34,3616.93,1,0,0,1,1,0,0,1,0,1,0,1,0,1,0,1,0,0,1,0,0,0,1
0,1,1,37,1,1,19.23,697.82,0,1,0,1,0,1,1,0,1,0,1,0,1,0,1,0,1,0,1,0,0,1,0
0,0,1,26,1,0,90.25,2307.71,0,0,0,0,1,0,0,1,0,0,0,0,0,0,0,1,0,1,0,0,0,0,1
0,0,0,24,1,0,55.94,1271.83,1,0,0,0,0,0,0,0,0,1,0,0,0,0,0,0,0,0,0,0,0,0,1
0,0,0,25,1,0,94.45,2401.37,1,0,0,0,1,0,0,1,0,1,0,1,0,0,0,0,0,1,0,0,1,0,0
0,0,0,64,1,0,94.44,6041.41,0,1,0,1,1,0,0,1,0,0,0,1,0,0,0,0,0,1,0,1,0,1,0
0,1,0,28,1,0,79.36,2197.03,1,1,0,1,1,0,0,1,0,0,0,0,0,1,0,1,0,0,0,0,0,0,0
0,0,0,72,1,0,22.14,1559.97,0,1,0,0,0,1,1,0,1,0,1,0,1,0,1,0,1,0,0,0,0,0,0
0,1,1,36,1,1,24.61,872.3,0,0,0,0,0,1,1,0,1,0,1,0,1,0,1,0,1,0,1,0,0,1,0
0,0,0,28,1,1,25.29,706.2,0,0,0,0,0,1,1,0,1,0,1,0,1,0,1,0,1,0,0,1,0,0,1
0,1,0,9,1,0,66.44,598.6,1,0,0,1,0,0,0,0,0,0,0,1,0,1,0,1,0,0,0,0,0,1,0
0,1,1,45,1,1,76.18,3454.75,0,0,0,0,0,0,0,1,0,1,0,0,0,0,0,1,0,1,0,0,0,1,0
0,0,0,21,1,0,54.91,1129.86,1,0,0,0,0,0,0,0,0,1,0,0,0,0,0,0,0,0,1,0,0,0,1
0,0,1,50,1,1,20.56,1032.14,0,0,0,0,0,1,1,0,1,0,1,0,1,0,1,0,1,0,0,1,0,1,0
0,1,1,14,1,1,59.88,867.93,1,1,0,1,1,0,0,0,0,0,0,0,0,0,0,0,0,0,0,0,0,0,0
0,1,1,25,1,1,74.77,1836.8,0,0,0,1,0,0,0,0,0,1,0,0,0,1,0,1,0,1,0,1,0,1,0
0,0,1,20,1,1,93.36,1881.82,0,1,0,1,1,0,0,0,0,1,0,1,0,1,0,0,0,1,0,1,0,0,0
0,0,0,43,1,0,18.25,781.74,0,1,0,0,0,1,1,0,1,0,1,0,1,0,1,0,1,0,0,0,0,1,0
0,0,0,67,1,1,71.3,4775.03,0,0,0,0,0,0,0,0,0,1,0,0,0,1,0,0,0,1,0,0,0,0,1
0,1,0,25,1,0,80.04,1996.01,1,0,0,1,1,0,0,1,0,0,0,1,0,0,0,0,0,0,0,0,0,1,0
0,1,0,19,1,1,81.77,1541.68,1,1,0,0,1,0,0,0,0,1,0,0,0,1,0,0,0,0,0,0,0,0,0
0,0,0,10,1,0,56.68,539.77,1,1,0,0,0,0,0,0,0,1,0,0,0,0,0,1,0,0,0,0,1,0,0
0,0,0,17,1,0,88.81,1519.44,1,1,0,1,1,0,0,0,0,1,0,1,0,0,0,0,0,1,0,0,0,1,0
0,1,0,68,1,0,18.85,1295.68,0,1,0,0,0,1,1,0,1,0,1,0,1,0,1,0,1,0,1,0,0,0,0
0,1,0,25,1,1,64.16,1639.09,1,1,0,0,0,0,0,0,0,0,0,0,0,0,0,1,0,1,0,0,0,0,1
0,1,0,35,1,1,93.43,3263.47,0,0,0,0,1,0,0,1,0,1,0,0,0,1,0,0,0,0,0,1,0,0,0
0,0,0,7,1,0,18.25,114.14,0,0,0,0,0,1,1,0,1,0,1,0,1,0,1,0,1,0,1,0,0,0,1
0,1,1,7,1,1,101.31,725.23,1,1,0,0,1,0,0,1,0,0,0,1,0,0,0,1,0,1,0,0,0,0,1
0,0,0,6,1,1,57.14,353.97,1,1,0,1,0,0,0,0,0,0,0,0,0,0,0,1,0,0,0,0,1,0,0
0,0,1,57,1,1,98.4,5634.75,0,1,0,0,1,0,0,0,0,1,0,0,0,1,0,0,0,1,0,0,1,0,0
0,1,1,26,1,0,75.7,1930.5,1,1,0,1,1,0,0,0,0,0,0,0,0,1,0,0,0,0,0,0,1,0,0
0,1,0,14,1,1,72.41,1020.17,1,0,0,1,0,0,0,1,0,0,0,0,0,0,0,1,0,1,0,1,0,1,0
0,1,0,46,0,1,59.62,2740.01,0,0,1,0,0,0,0,0,0,0,0,1,0,0,0,0,0,1,0,0,1,0,0
0,1,1,20,1,0,20.23,382.89,0,0,0,0,0,1,1,0,1,0,1,0,1,0,1,0,1,0,0,0,0,0,0
0,0,0,50,1,0,78.61,3906.32,0,1,0,0,1,0,0,0,0,0,0,1,0,0,0,0,0,1,1,0,1,0,0
0,0,0,25,1,1,50.33,1249.2,1,0,0,0,0,0,0,0,0,0,0,0,0,0,0,1,0,0,0,0,0,0,0
0,1,1,50,1,0,47.82,2389.8,0,1,0,1,0,0,0,0,0,0,0,0,0,0,0,0,0,0,0,0,0,1,0
0,0,0,12,0,1,18.25,167.39,0,1,1,0,0,1,1,0,1,0,1,0,1,0,1,0,1,0,0,0,0,0,0
0,1,0,34,1,0,22.98,795.34,0,0,0,1,0,1,1,0,1,0,1,0,1,0,1,0,1,0,0,0,0,1,0
0,0,0,41,1,1,85.46,3514.14,1,0,0,0,1,0,0,0,0,1,0,1,0,0,0,1,0,0,0,0,0,0,1
0,0,1,6,1,1,69.4,423.45,0,0,0,1,1,0,0,0,0,0,0,0,0,1,0,0,0,0,0,1,0,1,0
0,1,0,26,1,1,66.07,1749.23,0,0,0,1,0,0,0,0,0,1,0,1,0,0,0,0,0,1,0,0,0,0,0
0,0,0,9,1,0,67.6,591.1,1,0,0,1,0,0,0,0,0,1,0,0,0,0,0,0,0,1,0,0,0,0,1
0,0,1,7,1,1,19.36,138.17,0,0,0,1,0,1,1,0,1,0,1,0,1,0,1,0,1,0,0,0,1,0,0
0,1,0,21,1,1,69.95,1494.16,0,1,0,0,1,0,0,1,0,0,0,0,0,0,0,0,0,0,0,1,0,0,0
1,0,0,35,1,0,51.21,1784.15,0,1,0,0,0,0,0,0,0,1,0,0,0,0,0,0,0,1,0,0,1,0,0
0,1,1,14,1,0,82.55,1159.7,1,1,0,0,1,0,0,0,0,1,0,1,0,0,0,0,0,0,0,0,1,0,0
1,1,0,22,1,1,86.75,1924.83,0,1,0,1,1,0,0,1,0,0,0,0,0,0,0,1,0,1,0,1,1,0,0
1,0,0,16,0,1,19.38,321.5,0,1,1,0,0,1,1,0,1,0,1,0,1,0,1,0,1,0,0,0,0,0,0
0,1,0,47,1,1,60.33,2815.37,0,1,0,0,0,0,0,0,0,0,0,1,0,0,0,0,0,1,1,0,0,0,0
0,1,0,59,0,1,88.42,5231.49,0,0,1,0,1,0,0,1,0,1,0,0,0,0,0,1,0,0,0,0,0,0,1
0,1,1,72,1,1,86.48,6257.04,0,0,0,1,1,0,0,0,0,1,0,1,0,0,0,1,0,0,0,0,0,1,0
1,1,0,54,1,1,86.42,4671.95,0,0,0,0,1,0,0,0,0,1,0,0,0,0,0,1,0,1,0,1,0,0,0
0,1,0,38,0,1,93.3,3542.89,1,1,1,0,1,0,0,0,0,1,0,1,0,0,0,0,0,1,0,0,0,1,0
0,1,1,47,1,1,83.99,3944.01,1,0,0,0,1,0,0,0,0,1,0,0,0,0,0,1,0,0,1,0,0,1,0
1,0,0,16,0,1,81.32,1299.52,1,1,1,0,1,0,0,0,0,0,0,0,0,1,0,1,0,0,0,0,0,0,0
0,1,0,21,1,1,62.5,1310.37,1,1,0,0,0,0,0,0,0,1,0,0,0,1,0,0,0,0,1,0,0,0,1
1,0,0,31,1,1,21.23,682.92,0,1,0,1,0,1,1,0,1,0,1,0,1,0,1,0,1,0,0,0,1,0,0
0,0,1,6,1,1,57.19,309.66,0,1,0,0,0,0,0,0,0,0,0,1,0,0,0,1,0,0,0,1,0,0,1
0,1,0,15,1,0,64.84,997.2,0,1,0,0,0,0,0,1,0,0,0,0,0,0,0,1,0,1,0,0,0,0,0
0,0,0,72,1,1,73.96,5251.03,0,0,0,0,0,0,0,1,0,1,0,1,0,1,0,0,0,1,0,1,0,1,0
0,0,0,21,1,1,68.07,1397.4,0,0,0,1,0,0,0,1,0,0,0,0,0,0,0,1,0,1,0,0,0,0,0
0,0,0,5,1,1,68.17,342.23,0,0,0,0,0,0,0,0,0,1,0,0,0,0,0,1,0,1,0,0,0,0,1
0,0,0,17,1,0,92.41,1607.79,0,1,0,0,1,0,0,1,0,0,0,1,0,1,0,0,0,1,0,0,0,1,0
0,1,0,29,0,1,79.02,2329.55,1,0,1,0,1,0,0,0,0,1,0,0,0,0,0,1,0,0,0,0,1,0,0
0,1,1,36,1,1,89.57,3244.26,0,0,0,1,1,0,0,0,0,0,0,0,0,1,0,1,0,1,1,0,0,1,0
0,0,0,25,1,1,21.45,546.61,0,1,0,0,0,1,1,0,1,0,1,0,1,0,1,0,1,0,0,0,0,1,0
1,0,0,34,1,1,72.95,2487.3,0,0,0,0,1,0,0,0,0,0,0,0,0,0,0,0,0,1,0,1,0,0,0
0,0,0,15,1,1,20.06,295.54,0,1,0,0,0,1,1,0,1,0,1,0,1,0,1,0,1,0,0,1,0,1,0
0,0,1,61,1,0,52.49,3163.04,1,1,0,0,0,0,0,0,0,0,0,0,0,0,0,1,0,0,0,0,0,1,0
0,1,0,52,0,1,77.06,3990.61,0,1,1,0,1,0,0,1,0,1,0,1,0,0,0,0,0,0,0,1,0,1,0
0,1,0,4,1,1,85.67,334.01,0,0,0,1,0,0,0,1,0,1,0,1,0,1,0,1,0,0,0,1,0,1,0
0,0,0,11,1,0,110.92,1200.2,1,1,0,0,1,0,0,1,0,1,0,1,0,1,0,1,0,1,0,0,0,1,0
0,1,1,46,1,1,22.3,995.47,0,1,0,0,0,1,1,0,1,0,1,0,1,0,1,0,1,0,0,1,0,1,0
0,0,0,32,1,0,78.24,2491.79,0,1,0,0,0,0,0,1,0,1,0,1,0,1,0,0,0,0,0,1,1,0,0
1,0,1,31,1,0,92.02,2823.63,1,0,0,1,1,0,0,0,0,0,0,1,0,1,0,0,0,1,0,0,0,0,1
0,1,1,28,1,0,94.05,2677.23,0,1,0,0,1,0,0,0,0,0,0,1,0,1,0,1,0,0,1,0,0,1,0
1,1,0,54,1,1,45.95,2493.6,0,1,0,0,0,0,0,0,0,0,0,0,0,0,0,0,0,0,0,0,1,0,0
0,0,0,31,1,1,87.95,2721.77,0,1,0,1,1,0,0,0,0,0,0,1,0,1,0,0,0,1,1,0,0,0,1
1,0,0,37,1,1,59.84,2194.26,0,0,0,0,0,0,0,1,0,0,0,0,0,1,0,0,0,0,1,0,0,0,0
0,0,1,28,1,0,86.75,2413.62,1,0,0,1,1,0,0,0,0,1,0,1,0,0,0,1,0,0,0,0,0,1,0
0,1,1,12,1,1,18.25,246.15,0,0,0,1,0,1,1,0,1,0,1,0,1,0,1,0,1,0,0,1,0,0,1
1,1,0,48,1,1,62.8,2951.95,0,1,0,0,0,0,0,1,0,0,0,0,0,1,0,0,0,1,0,1,0,0,0
1,1,1,19,1,0,25.1,503.61,0,1,0,1,0,1,1,0,1,0,1,0,1,0,1,0,1,0,0,1,0,0,1
0,1,0,19,1,1,96.01,1852.9,0,0,0,0,1,0,0,1,0,0,0,1,0,1,0,1,0,0,0,0,1,0,0
0,1,1,23,1,1,71.47,1659.75,0,1,0,0,0,0,0,1,0,1,0,0,0,0,0,0,0,1,0,0,1,0,0
0,0,1,8,0,1,87.1,682.08,1,0,1,0,1,0,0,0,0,1,0,1,0,0,0,1,0,0,1,0,0,0,0
0,1,0,72,1,1,75.53,5433.99,1,0,0,0,1,0,0,0,0,0,0,1,0,0,0,0,0,1,1,0,0,1,0
1,0,1,46,1,0,72.47,3278.07,0,1,0,1,1,0,0,0,0,0,0,0,0,0,0,1,0,0,0,1,0,0,1
0,0,0,11,0,1,86.62,949.47,1,0,1,0,1,0,0,1,0,0,0,1,0,0,0,1,0,0,0,1,0,1,0
0,0,0,71,1,1,106.35,7537.59,1,0,0,1,1,0,0,0,0,1,0,1,0,0,0,1,0,1,0,0,0,0,1
0,0,1,17,1,1,18.31,333.58,0,1,0,0,0,1,1,0,1,0,1,0,1,0,1,0,1,0,1,0,0,0,1
0,1,0,19,0,1,56.53,1112.91,1,1,1,0,0,0,0,0,0,1,0,1,0,0,0,0,0,0,0,0,0,1,0
0,0,0,17,1,1,99.81,1715.04,0,1,0,1,1,0,0,0,0,1,0,1,0,0,0,1,0,1,0,1,0,0,0
0,1,0,63,1,0,50.46,3178.05,0,0,0,0,0,0,0,0,0,0,0,1,0,0,0,0,0,0,0,0,0,1,0
1,1,1,56,1,1,92.91,5212.5,1,1,0,0,1,0,0,1,0,0,0,1,0,1,0,1,0,0,0,0,1,0,0
0,0,0,23,1,1,67.19,1537.92,1,1,0,0,0,0,0,0,0,0,0,1,0,0,0,1,0,1,0,0,0,1,0
0,1,0,25,1,1,71.76,1817.45,1,0,0,1,0,0,0,1,0,1,0,1,0,0,0,1,0,0,0,0,0,1,0
0,1,1,45,1,0,63.39,2848.59,0,1,0,0,0,0,0,1,0,1,0,0,0,0,0,0,0,0,0,0,0,1,0
0,0,1,44,1,1,19.32,880.02,0,1,0,0,0,1,1,0,1,0,1,0,1,0,1,0,1,0,0,1,0,0,0
1,1,1,26,1,1,57.19,1478.64,0,0,0,1,0,0,0,1,0,0,0,0,0,0,0,0,0,1,1,0,0,0,0
0,1,1,26,1,1,75.67,1964.43,1,1,0,1,1,0,0,0,0,1,0,0,0,1,0,0,0,0,0,0,0,1,0
0,1,1,46,1,1,86.83,3974.48,1,1,0,1,1,0,0,0,0,1,0,1,0,1,0,0,0,0,0,0,0,1,0
0,1,0,5,1,1,68.4,383.43,1,1,0,0,0,0,0,1,0,0,0,0,0,0,0,1,0,1,0,0,0,1,0
0,0,0,35,1,1,18.25,661.4,0,1,0,0,0,1,1,0,1,0,1,0,1,0,1,0,1,0,0,1,0,1,0
0,0,0,33,1,1,50.65,1698.11,1,1,0,1,0,0,0,0,0,0,0,0,0,0,0,1,0,0,1,0,0,1,0
0,1,1,63,1,0,21.78,1399.06,0,0,0,1,0,1,1,0,1,0,1,0,1,0,1,0,1,0,0,0,1,0,0
0,0,1,37,1,0,59.23,2183.54,0,0,0,0,0,0,0,1,0,0,0,0,0,0,0,1,0,1,0,0,0,1,0
0,0,0,40,1,1,100.06,3981.07,0,1,0,0,1,0,0,1,0,1,0,0,0,0,0,1,0,1,0,1,0,1,0
1,0,0,15,1,1,98.5,1501.45,1,0,0,0,1,0,0,0,0,1,0,1,0,1,0,1,0,0,0,1,0,1,0
0,0,0,16,1,0,65.37,1038.43,0,0,0,1,0,0,0,0,0,0,0,0,0,0,0,1,0,1,0,1,0,0,0
1,0,1,34,1,0,22.73,791.28,0,0,0,0,0,1,1,0,1,0,1,0,1,0,1,0,1,0,0,0,1,0,0
0,0,1,3,1,0,95.26,285.23,1,0,0,1,1,0,0,1,0,1,0,1,0,1,0,0,0,1,0,0,0,1,0
0,0,0,20,1,1,79.08,1599.76,1,0,0,1,1,0,0,1,0,0,0,1,0,0,0,0,0,0,0,0,0,0,1
1,1,0,9,1,1,51.35,471.69,0,0,0,0,0,0,0,0,0,0,0,1,0,0,0,0,0,1,0,1,0,1,0
0,1,1,17,1,1,62.33,1043.32,1,1,0,1,0,0,0,0,0,0,0,1,0,1,0,0,0,0,0,0,0,1,0
0,1,0,4,1,1,20.45,45.41,0,0,0,0,0,1,1,0,1,0,1,0,1,0,1,0,1,0,0,1,0,0,1
0,0,1,10,1,0,48.39,473.8,1,1,0,1,0,0,0,1,0,0,0,0,0,0,0,0,0,0,0,0,1,0,0
0,1,0,58,1,1,72.95,4238.36,0,1,0,0,0,0,0,1,0,1,0,0,0,0,0,0,0,1,0,0,1,0,0
0,0,0,9,1,0,58.52,504.84,0,0,0,1,0,0,0,0,0,1,0,0,0,0,0,0,0,0,0,0,0,0,0
0,1,0,13,1,1,52.17,678.49,0,1,0,0,0,0,0,0,0,0,0,0,0,0,0,1,0,0,0,1,0,0,1
0,0,0,18,1,1,71.73,1290.98,0,1,0,1,0,0,0,0,0,1,0,1,0,0,0,0,0,1,0,1,0,0,0
0,1,0,40,1,0,59.67,2346.42,0,1,0,0,0,0,0,1,0,0,0,0,0,0,0,0,0,0,0,0,0,0,1
0,1,0,23,1,0,61.54,1377.73,1,1,0,0,0,0,0,0,0,1,0,1,0,0,0,0,0,0,0,0,0,0,1
0,1,0,6,1,1,73.58,458.61,1,0,0,0,1,0,0,0,0,0,0,1,0,0,0,0,0,1,0,0,0,0,1
1,0,0,3,0,1,85.52,208.03,1,0,1,0,1,0,0,1,0,1,0,0,0,0,0,0,0,1,0,0,0,1,0
0,0,0,20,1,1,19.46,385.94,0,1,0,0,0,1,1,0,1,0,1,0,1,0,1,0,1,0,0,0,1,0,0
1,1,1,22,1,1,97.71,2172.8,1,1,0,1,1,0,0,1,0,0,0,0,0,1,0,1,0,1,0,0,0,0,0
0,0,0,49,1,0,97.92,4760.13,1,1,0,1,1,0,0,1,0,1,0,1,0,0,0,1,0,1,1,0,0,0,0
0,0,0,10,1,1,69.5,698.78,0,1,0,0,0,0,0,1,0,1,0,0,0,1,0,0,0,0,0,0,0,0,1
0,0,0,68,1,0,81.21,5492.64,0,0,0,0,1,0,0,0,0,0,0,0,0,0,0,1,0,1,0,1,1,0,0
1,0,0,6,1,0,76.27,464.6,1,0,0,1,1,0,0,0,0,0,0,1,0,0,0,0,0,0,0,0,0,1,0
0,0,0,6,0,1,70.07,405.89,1,1,1,0,1,0,0,0,0,0,0,0,0,1,0,0,0,0,1,0,0,0,1
1,0,0,20,1,1,63.65,1256.42,1,1,0,0,0,0,0,0,0,0,0,0,0,0,0,1,0,1,0,0,0,1,0
0,0,1,47,1,1,85.31,3988.8,0,0,0,1,1,0,0,0,0,1,0,0,0,0,0,0,0,1,0,1,0,1,0
0,0,0,31,1,1,103.86,3206.14,0,0,0,1,1,0,0,1,0,1,0,1,0,1,0,1,0,1,0,1,1,0,0
0,0,1,10,1,0,80.69,772.43,0,1,0,0,1,0,0,0,0,0,0,1,0,0,0,1,0,0,0,1,0,0,0
1,1,0,72,1,1,84.47,6065.07,1,1,0,0,1,0,0,1,0,1,0,0,0,0,0,1,0,0,0,0,0,0,0
0,1,0,30,0,0,55.52,1624.64,0,1,1,0,0,0,0,0,0,0,0,1,0,0,0,1,0,0,0,1,0,1,0
1,0,0,32,1,0,53.22,1726.15,1,0,0,0,0,0,0,1,0,0,0,0,0,0,0,0,0,0,0,0,0,0,0
0,0,0,44,1,1,62.31,2732.49,0,1,0,1,0,0,0,0,0,1,0,0,0,0,0,0,0,1,0,0,0,0,1
0,0,1,33,1,1,103.84,3451.73,1,1,0,1,1,0,0,1,0,0,0,1,0,1,0,1,0,0,0,0,0,0,0
0,0,0,17,1,0,54.04,931.39,1,0,0,0,0,0,0,0,0,0,0,0,0,1,0,0,0,0,0,1,0,0,1
0,0,1,72,0,0,20.16,1449.99,0,0,1,0,0,1,1,0,1,0,1,0,1,0,1,0,1,0,0,1,0,1,0
0,1,1,64,1,1,85.02,5412.83,1,1,0,0,1,0,0,0,0,1,0,1,0,1,0,1,0,0,0,1,0,0,1
0,0,0,72,1,1,18.25,1289.44,0,1,0,1,0,1,1,0,1,0,1,0,1,0,1,0,1,0,1,0,0,0,1
0,1,0,19,1,0,18.73,360.25,0,1,0,1,0,1,1,0,1,0,1,0,1,0,1,0,1,0,1,0,0,0,1
0,0,1,72,1,1,83.11,6031.62,1,0,0,0,1,0,0,1,0,0,0,1,0,0,0,0,0,0,0,1,1,0,0
0,0,0,9,1,1,89.08,766.63,1,1,0,1,1,0,0,0,0,1,0,1,0,1,0,0,0,0,0,0,0,0,1
0,1,1,26,1,1,88.93,2327.49,0,0,0,1,1,0,0,1,0,1,0,0,0,0,0,0,0,1,0,0,1,0,0
0,0,0,43,1,0,23.44,1054.0,1,0,0,1,0,1,1,0,1,0,1,0,1,0,1,0,1,0,0,1,0,0,1
0,0,1,7,1,1,83.34,613.12,1,0,0,1,1,0,0,1,0,0,0,0,0,0,0,0,0,1,0,0,1,0,0
0,1,1,72,1,0,86.82,6243.83,0,0,0,0,1,0,0,0,0,1,0,0,0,1,0,0,0,1,1,0,0,0,1
0,0,0,17,1,0,77.38,1315.06,0,1,0,1,0,0,0,0,0,1,0,1,0,1,0,1,0,0,0,0,0,0,0
0,0,0,66,1,1,83.24,5501.98,0,1,0,1,1,0,0,0,0,0,0,0,0,0,0,1,0,1,1,0,0,1,0
0,0,0,8,1,0,87.95,709.6,0,0,0,1,1,0,0,0,0,0,0,1,0,1,0,1,0,0,0,1,1,0,0
0,1,0,26,1,0,70.3,1867.94,0,1,0,0,0,0,0,1,0,1,0,0,0,1,0,0,0,1,0,1,0,0,1
0,1,0,15,0,1,61.72,935.14,1,1,1,0,1,0,0,0,0,0,0,0,0,0,0,0,0,0,0,0,0,1,0
0,0,0,15,1,1,86.33,1301.28,0,1,0,1,1,0,0,0,0,1,0,1,0,0,0,1,0,1,1,0,0,0,0
0,1,0,9,1,1,98.01,873.83,1,1,0,1,1,0,0,1,0,1,0,1,0,0,0,0,0,1,1,0,0,0,0
0,1,0,9,1,0,93.41,836.22,0,1,0,1,1,0,0,1,0,1,0,0,0,1,0,1,0,0,0,0,0,0,0
0,0,0,10,1,0,82.73,815.8,1,0,0,0,1,0,0,0,0,0,0,1,0,0,0,0,0,1,0,0,0,1,0
0,0,1,10,1,0,91.17,933.96,1,0,0,1,1,0,0,0,0,1,0,1,0,0,0,1,0,0,0,0,0,1,0
0,0,1,56,1,0,82.46,4604.04,1,0,0,0,1,0,0,0,0,0,0,1,0,1,0,1,0,0,0,0,0,1,0
0,0,0,62,1,1,85.78,5309.09,1,0,0,0,1,0,0,1,0,1,0,0,0,0,0,0,0,1,0,0,0,0,1
1,1,0,7,1,0,18.25,177.81,0,1,0,0,0,1,1,0,1,0,1,0,1,0,1,0,1,0,1,0,0,0,1
0,1,0,21,1,1,50.31,1043.77,0,0,0,0,0,0,0,0,0,0,0,0,0,0,0,0,0,1,0,0,1,0,0
0,0,0,55,1,1,89.76,4887.68,1,0,0,0,1,0,0,1,0,0,0,0,0,0,0,1,0,0,0,0,1,0,0
0,1,0,40,1,1,60.71,2470.81,0,1,0,1,0,0,0,0,0,1,0,0,0,0,0,0,0,1,0,0,0,1,0
0,1,0,20,1,0,83.81,1667.46,1,0,0,1,1,0,0,1,0,1,0,0,0,0,0,0,0,0,0,0,0,1,0
0,0,0,15,1,1,61.68,948.7,0,1,0,1,0,0,0,0,0,1,0,0,0,0,0,1,0,0,1,0,1,0,0
0,1,1,7,0,0,86.62,652.35,0,1,1,0,1,0,0,0,0,0,0,1,0,1,0,1,0,0,1,0,0,0,0
0,0,0,72,1,1,57.79,4125.34,1,1,0,0,0,0,0,1,0,0,0,1,0,0,0,0,0,0,0,0,0,0,0
0,0,1,32,0,1,81.36,2586.95,1,1,1,0,1,0,0,1,0,0,0,0,0,0,0,1,0,0,0,0,1,0,0
0,0,1,28,1,0,83.07,2334.76,0,1,0,0,1,0,0,0,0,0,0,0,0,0,0,1,0,1,0,1,1,0,0
0,1,0,12,1,0,62.32,713.49,1,0,0,1,0,0,0,0,0,0,0,0,0,1,0,0,0,1,1,0,0,0,1
0,1,1,24,1,0,23.11,535.48,0,0,0,1,0,1,1,0,1,0,1,0,1,0,1,0,1,0,1,0,0,1,0
0,0,0,56,1,0,53.29,2983.19,0,1,0,0,0,0,0,0,0,0,0,0,0,0,0,1,0,0,0,1,1,0,0
0,0,0,6,1,1,65.46,409.15,0,0,0,0,0,0,0,0,0,1,0,1,0,0,0,1,0,0,0,1,1,0,0
0,1,0,12,1,1,83.93,1001.29,1,1,0,0,1,0,0,0,0,1,0,1,0,1,0,0,0,0,0,1,0,1,0
0,1,1,8,1,1,69.79,531.78,0,0,0,0,0,0,0,0,0,1,0,1,0,0,0,1,0,1,0,1,0,0,1
0,0,0,66,1,1,73.87,4829.46,0,1,0,1,1,0,0,0,0,0,0,0,0,0,0,1,0,0,1,0,0,1,0
0,1,0,6,1,0,48.12,305.09,1,1,0,0,0,0,0,0,0,0,0,1,0,0,0,0,0,0,1,0,0,1,0
0,1,0,31,1,0,76.4,2392.09,0,1,0,0,1,0,0,1,0,0,0,0,0,1,0,0,0,0,0,1,0,0,0
0,1,0,8,0,1,76.96,615.86,1,0,1,0,1,0,0,1,0,0,0,0,0,1,0,0,0,0,0,0,0,1,0
0,1,0,29,1,0,102.65,2983.6,1,0,0,0,1,0,0,1,0,1,0,1,0,1,0,0,0,1,0,0,0,1,0
0,1,0,8,1,0,66.05,528.94,0,0,0,1,0,0,0,0,0,0,0,0,0,1,0,1,0,1,0,1,0,1,0
1,1,0,16,1,1,71.19,1114.54,1,0,0,1,0,0,0,1,0,0,0,1,0,0,0,1,0,1,0,1,0,1,0
0,0,0,72,1,0,98.41,7096.44,0,1,0,0,1,0,0,1,0,1,0,1,0,0,0,1,0,1,0,1,0,1,0
0,0,0,36,1,0,60.03,2197.82,0,1,0,0,0,0,0,0,0,0,0,0,0,1,0,1,0,0,1,0,0,0,0
0,1,0,27,1,1,93.44,2525.6,1,1,0,0,1,0,0,0,0,1,0,0,0,0,0,1,0,1,1,0,0,1,0
0,1,0,34,1,1,19.26,673.4,0,1,0,1,0,1,1,0,1,0,1,0,1,0,1,0,1,0,0,0,1,0,0
0,0,1,72,1,1,22.61,1599.87,0,1,0,0,0,1,1,0,1,0,1,0,1,0,1,0,1,0,0,0,0,1,0
0,1,0,29,1,0,77.24,2227.75,0,1,0,0,0,0,0,1,0,0,0,0,0,0,0,1,0,1,0,0,1,0,0
1,1,0,53,1,0,18.87,1001.52,0,1,0,1,0,1,1,0,1,0,1,0,1,0,1,0,1,0,0,0,1,0,0
0,0,0,55,0,1,84.88,4697.64,1,0,1,0,1,0,0,0,0,0,0,1,0,0,0,1,0,0,0,0,0,0,1
1,0,0,50,1,1,22.35,1099.27,0,1,0,0,0,1,1,0,1,0,1,0,1,0,1,0,1,0,0,0,0,0,1
0,0,0,72,1,0,29.78,2158.19,0,0,0,0,0,1,1,0,1,0,1,0,1,0,1,0,1,0,0,1,0,0,1
0,1,0,41,1,1,58.04,2389.26,1,0,0,0,0,0,0,1,0,1,0,0,0,0,0,0,0,0,0,0,0,0,1
0,1,1,51,1,0,19.96,1036.87,0,1,0,0,0,1,1,0,1,0,1,0,1,0,1,0,1,0,1,0,0,1,0
0,1,0,16,0,1,59.65,936.64,1,1,1,0,0,0,0,0,0,0,0,0,0,0,0,1,0,1,0,0,0,0,0
0,0,1,26,1,1,70.16,1839.32,0,0,0,1,0,0,0,0,0,0,0,1,0,0,0,1,0,1,0,0,1,0,0
0,1,0,25,1,0,92.77,2330.01,1,0,0,1,1,0,0,1,0,0,0,0,0,1,0,1,0,1,0,0,0,1,0
0,1,0,12,1,0,94.63,1146.16,1,1,0,0,1,0,0,0,0,0,0,1,0,0,0,1,0,1,0,0,0,0,1
0,1,0,13,1,1,72.51,974.26,0,1,0,1,0,0,0,0,0,1,0,1,0,1,0,1,0,0,0,0,1,0,0
0,0,0,25,1,1,51.19,1316.38,1,0,0,0,0,0,0,0,0,1,0,0,0,0,0,0,0,0,0,0,0,0,1
0,1,1,30,1,1,19.56,592.64,0,0,0,1,0,1,1,0,1,0,1,0,1,0,1,0,1,0,0,0,0,0,1
0,1,1,72,1,0,103.46,7431.13,1,1,0,1,1,0,0,1,0,1,0,0,0,1,0,1,0,1,1,0,0,0,0
0,0,0,12,1,1,98.2,1178.09,0,1,0,0,1,0,0,0,0,1,0,0,0,1,0,1,0,1,0,1,0,0,1
0,0,1,11,0,1,82.24,876.56,0,0,1,0,1,0,0,1,0,0,0,0,0,0,0,1,0,0,0,1,0,0,0
0,0,0,7,1,1,21.64,158.76,0,1,0,1,0,1,1,0,1,0,1,0,1,0,1,0,1,0,0,0,1,0,0
1,0,0,45,1,0,58.24,2661.92,0,0,0,1,0,0,0,0,0,0,0,0,0,1,0,0,0,1,0,0,0,1,0
0,1,0,72,0,1,68.33,4915.64,1,1,1,0,0,0,0,1,0,1,0,0,0,1,0,0,0,0,0,0,1,0,0
0,0,0,23,1,0,20.51,483.32,1,0,0,1,0,1,1,0,1,0,1,0,1,0,1,0,1,0,0,0,0,1,0
0,1,0,31,1,1,77.71,2400.99,0,1,0,0,1,0,0,0,0,0,0,0,0,0,0,1,0,0,1,0,0,0,1
0,0,0,24,1,1,61.73,1473.25,1,1,0,0,0,0,0,0,0,0,0,0,0,1,0,1,0,0,0,0,1,0,0
0,1,0,42,1,1,86.69,3654.42,1,0,0,0,0,0,0,1,0,1,0,1,0,1,0,1,0,0,0,0,1,0,0
0,0,1,9,1,0,21.56,169.44,0,1,0,1,0,1,1,0,1,0,1,0,1,0,1,0,1,0,0,0,0,0,0
0,0,0,36,1,0,78.78,2813.58,1,0,0,1,1,0,0,0,0,1,0,0,0,0,0,1,0,0,1,0,0,1,0
0,1,0,24,0,0,18.25,476.62,0,1,1,0,0,1,1,0,1,0,1,0,1,0,1,0,1,0,0,1,0,0,0
0,1,0,46,0,1,92.97,4241.91,0,0,1,0,1,0,0,0,0,1,0,0,0,1,0,1,0,1,0,1,0,0,0
0,0,0,45,1,1,75.17,3375.33,1,0,0,0,1,0,0,0,0,0,0,0,0,0,0,1,0,0,0,0,1,0,0
0,1,0,33,1,1,21.07,754.18,0,0,0,0,0,1,1,0,1,0,1,0,1,0,1,0,1,0,0,1,0,1,0
0,0,0,21,1,1,98.47,2113.97,1,1,0,0,1,0,0,0,0,1,0,1,0,1,0,1,0,0,0,0,0,0,1
0,1,0,12,1,1,92.62,1109.04,1,0,0,0,1,0,0,1,0,1,0,0,0,0,0,1,0,0,1,0,0,0,1
0,0,0,44,1,1,91.44,4047.8,1,0,0,0,1,0,0,1,0,0,0,1,0,0,0,1,0,1,0,0,0,0,0
0,0,0,27,1,1,21.51,574.37,0,0,0,1,0,1,1,0,1,0,1,0,1,0,1,0,1,0,0,0,0,1,0
0,1,0,26,1,0,82.1,2110.53,0,1,0,0,1,0,0,1,0,0,0,0,0,0,0,1,0,1,1,0,1,0,0
0,0,0,18,1,1,72.57,1300.43,0,1,0,0,0,0,0,0,0,1,0,0,0,0,0,1,0,1,0,1,0,0,1
0,0,0,68,1,0,71.57,4871.34,0,1,0,0,1,0,0,0,0,0,0,0,0,0,0,1,0,0,0,1,0,1,0
0,0,1,70,1,1,20.08,1382.84,0,0,0,1,0,1,1,0,1,0,1,0,1,0,1,0,1,0,0,1,0,1,0
1,0,0,19,1,0,22.06,439.19,0,0,0,1,0,1,1,0,1,0,1,0,1,0,1,0,1,0,0,1,0,0,0
0,0,0,14,1,0,84.79,1218.96,1,1,0,0,1,0,0,1,0,1,0,1,0,0,0,0,0,0,0,0,0,1,0
1,1,0,21,1,1,85.37,1785.47,0,0,0,0,1,0,0,0,0,0,0,1,0,0,0,1,0,0,0,1,0,1,0
1,1,0,15,1,1,64.53,935.41,0,0,0,1,0,0,0,1,0,0,0,1,0,1,0,0,0,1,1,0,1,0,0
0,1,0,35,1,0,71.06,2524.52,0,1,0,1,0,0,0,0,0,1,0,0,0,0,0,1,0,1,0,0,0,1,0
0,0,1,26,1,1,23.43,604.96,0,1,0,1,0,1,1,0,1,0,1,0,1,0,1,0,1,0,0,0,0,1,0
0,0,0,43,1,0,84.96,3640.63,0,0,0,1,1,0,0,0,0,0,0,1,0,1,0,0,0,1,1,0,0,1,0
1,1,0,20,1,1,91.03,1789.75,0,0,0,1,1,0,0,1,0,0,0,1,0,0,0,0,0,1,0,0,1,0,0
0,0,0,72,1,0,84.18,6046.98,0,1,0,1,1,0,0,1,0,1,0,1,0,0,0,0,0,0,0,1,0,0,0
0,1,0,7,1,0,50.22,387.34,1,0,0,0,0,0,0,0,0,0,0,0,0,0,0,1,0,0,0,1,1,0,0
0,0,0,25,1,0,80.72,2019.04,0,0,0,0,1,0,0,1,0,1,0,1,0,0,0,0,0,0,0,1,1,0,0
1,0,0,72,1,0,18.25,1297.48,0,0,0,1,0,1,1,0,1,0,1,0,1,0,1,0,1,0,0,0,0,0,0
0,0,0,43,1,1,82.13,3537.97,0,0,0,1,1,0,0,0,0,1,0,0,0,0,0,1,0,0,0,1,0,0,1
0,0,0,22,1,0,84.51,1831.51,1,0,0,1,1,0,0,0,0,0,0,1,0,0,0,1,0,0,1,0,0,0,1
0,0,1,34,1,1,80.26,2751.01,1,0,0,0,1,0,0,0,0,1,0,0,0,1,0,0,0,0,0,0,0,1,0
0,1,0,9,1,1,56.62,507.12,1,1,0,1,0,0,0,0,0,0,0,1,0,0,0,1,0,0,0,0,0,0,0
1,0,0,26,0,0,70.2,1848.06,0,0,1,0,0,0,0,1,0,0,0,1,0,1,0,0,0,1,0,0,0,1,0
0,1,0,8,1,0,73.01,581.13,1,1,0,0,0,0,0,1,0,0,0,0,0,1,0,0,0,1,0,0,1,0,0
0,0,0,4,1,0,90.99,390.9,0,0,0,0,1,0,0,1,0,0,0,1,0,0,0,1,0,1,0,1,1,0,0
0,0,1,65,1,1,18.25,1191.38,0,1,0,1,0,1,1,0,1,0,1,0,1,0,1,0,1,0,0,0,0,0,0
0,1,0,15,1,0,82.91,1230.89,0,0,0,0,1,0,0,0,0,0,0,1,0,0,0,1,0,0,0,1,0,0,0
0,1,0,8,1,0,22.32,214.76,0,1,0,1,0,1,1,0,1,0,1,0,1,0,1,0,1,0,0,0,0,1,0
0,1,0,20,1,1,70.49,1393.41,0,1,0,0,0,0,0,1,0,1,0,0,0,1,0,0,0,0,0,1,0,0,1
0,0,0,41,1,1,85.39,3516.92,0,1,0,0,1,0,0,0,0,1,0,1,0,0,0,0,0,0,0,0,0,0,1
0,1,0,8,1,0,89.28,654.01,1,0,0,0,1,0,0,0,0,0,0,1,0,0,0,0,0,1,0,0,0,1,0
1,0,1,17,1,0,63.08,1084.02,1,0,0,0,0,0,0,0,0,1,0,1,0,1,0,0,0,0,0,0,0,0,0
0,1,1,45,1,1,62.67,2781.12,1,1,0,0,0,0,0,0,0,0,0,0,0,0,0,1,0,1,0,0,0,1,0
0,0,0,27,1,1,84.23,2289.17,0,0,0,0,0,0,0,0,0,1,0,1,0,1,0,1,0,1,0,0,0,1,0
0,0,0,66,1,0,62.64,4159.55,0,0,0,0,0,0,0,1,0,0,0,0,0,0,0,1,0,0,0,1,0,0,1
0,1,1,45,1,0,21.83,1000.33,1,1,0,1,0,1,1,0,1,0,1,0,1,0,1,0,1,0,0,0,1,0,0
1,0,1,38,1,1,64.79,2479.15,0,0,0,1,0,0,0,0,0,1,0,1,0,1,0,0,0,0,0,0,1,0,0
0,1,0,44,1,0,71.74,3185.43,0,1,0,1,0,0,0,1,0,0,0,0,0,1,0,1,0,0,0,1,0,0,0
0,0,1,7,1,1,20.53,124.23,0,1,0,1,0,1,1,0,1,0,1,0,1,0,1,0,1,0,1,0,0,0,0
0,1,0,25,1,0,79.93,2014.45,1,0,0,1,0,0,0,1,0,0,0,1,0,1,0,1,0,1,1,0,0,1,0
0,0,0,72,1,0,81.68,5907.32,1,1,0,1,1,0,0,0,0,0,0,1,0,0,0,0,0,1,0,0,0,1,0
0,1,1,18,1,1,71.22,1259.21,0,0,0,1,0,0,0,0,0,1,0,1,0,1,0,1,0,1,0,1,0,0,1
0,0,1,25,1,0,26.07,628.59,0,0,0,0,0,1,1,0,1,0,1,0,1,0,1,0,1,0,1,0,1,0,0
0,1,0,16,0,1,20.24,337.23,0,0,1,0,0,1,1,0,1,0,1,0,1,0,1,0,1,0,0,0,0,1,0
0,0,1,15,1,1,22.4,346.03,0,0,0,0,0,1,1,0,1,0,1,0,1,0,1,0,1,0,0,1,1,0,0
0,1,0,49,1,0,74.57,3688.58,0,0,0,1,0,0,0,1,0,1,0,0,0,1,0,0,0,1,1,0,0,0,0
0,1,1,72,1,0,65.13,4685.18,0,0,0,1,0,0,0,0,0,1,0,1,0,0,0,0,0,1,0,0,0,1,0
0,0,0,72,1,1,20.71,1487.92,0,1,0,0,0,1,1,0,1,0,1,0,1,0,1,0,1,0,0,1,0,0,0
0,1,0,4,1,0,19.92,61.86,0,1,0,0,0,1,1,0,1,0,1,0,1,0,1,0,1,0,0,1,0,0,1
0,0,0,24,1,1,95.01,2262.19,1,0,0,1,1,0,0,0,0,1,0,1,0,0,0,1,0,1,1,0,0,1,0
1,0,1,19,1,1,84.09,1574.99,0,1,0,1,1,0,0,0,0,1,0,0,0,1,0,1,0,0,0,1,1,0,0
1,1,0,9,1,1,80.31,733.16,0,1,0,0,1,0,0,0,0,0,0,1,0,0,0,0,0,0,0,1,1,0,0
0,0,0,50,1,1,61.74,3105.19,0,1,0,0,0,0,0,0,0,0,0,0,0,0,0,1,0,1,0,1,1,0,0
0,1,1,20,1,1,76.26,1525.42,1,0,0,0,1,0,0,0,0,0,0,0,0,1,0,0,0,1,0,0,0,0,0
0,0,0,10,1,1,18.27,192.46,0,1,0,1,0,1,1,0,1,0,1,0,1,0,1,0,1,0,0,0,0,0,0
0,0,0,34,1,1,18.25,590.72,0,1,0,1,0,1,1,0,1,0,1,0,1,0,1,0,1,0,0,0,0,0,0
0,1,1,8,1,1,73.59,633.82,0,1,0,1,0,0,0,1,0,1,0,1,0,0,0,0,0,0,1,0,0,0,0
0,1,0,59,1,1,60.54,3548.6,0,1,0,0,0,0,0,0,0,0,0,0,0,0,0,1,0,1,1,0,0,0,1
0,0,0,62,1,1,81.96,5101.47,0,0,0,1,0,0,0,0,0,1,0,1,0,1,0,0,0,1,0,0,0,0,0
1,0,1,44,1,1,73.53,3210.0,0,1,0,1,0,0,0,0,0,1,0,1,0,1,0,0,0,1,0,1,0,1,0
0,1,1,37,1,1,63.49,2361.7,0,0,0,0,0,0,0,0,0,1,0,0,0,0,0,1,0,1,0,1,0,1,0
0,1,0,24,1,0,52.34,1263.46,0,0,0,1,0,0,0,0,0,0,0,0,0,0,0,0,0,1,0,0,0,0,0
0,1,0,32,1,1,22.12,669.83,0,1,0,1,0,1,1,0,1,0,1,0,1,0,1,0,1,0,0,0,0,0,0
1,0,1,23,1,1,21.01,467.45,1,0,0,0,0,1,1,0,1,0,1,0,1,0,1,0,1,0,0,0,0,0,1
0,0,0,6,1,1,18.25,126.11,0,0,0,0,0,1,1,0,1,0,1,0,1,0,1,0,1,0,1,0,1,0,0
1,1,0,42,1,1,88.38,3734.73,0,0,0,0,1,0,0,1,0,1,0,0,0,0,0,0,0,1,0,1,0,0,0
1,0,1,68,0,0,82.57,5624.81,1,1,1,0,1,0,0,0,0,1,0,0,0,0,0,0,0,1,1,0,0,1,0
0,0,0,16,0,1,19.36,330.36,1,1,1,0,0,1,1,0,1,0,1,0,1,0,1,0,1,0,0,0,0,1,0
0,0,0,48,1,0,96.98,4676.46,0,0,0,0,1,0,0,1,0,1,0,1,0,0,0,1,0,1,0,1,0,0,1
0,1,0,26,1,0,70.82,1873.75,0,0,0,0,0,0,0,1,0,0,0,1,0,1,0,1,0,0,0,1,0,0,1
0,1,0,17,1,0,46.22,751.34,0,0,0,1,0,0,0,0,0,0,0,0,0,0,0,0,0,0,0,1,0,1,0
0,1,1,3,1,0,88.91,294.11,1,0,0,0,1,0,0,1,0,0,0,0,0,0,0,1,0,1,1,0,0,1,0
0,0,1,43,1,0,84.5,3668.01,1,1,0,0,1,0,0,0,0,0,0,1,0,0,0,1,0,1,0,0,1,0,0
0,1,1,37,1,1,69.6,2599.42,0,0,0,0,0,0,0,1,0,0,0,0,0,0,0,1,0,1,1,0,0,1,0
0,1,0,10,1,1,80.37,790.98,0,1,0,0,1,0,0,1,0,0,0,0,0,0,0,0,0,1,1,0,1,0,0
0,0,0,21,0,0,18.25,387.61,0,0,1,0,0,1,1,0,1,0,1,0,1,0,1,0,1,0,0,1,0,1,0
0,0,1,26,1,1,59.62,1523.33,0,1,0,0,0,0,0,0,0,0,0,1,0,1,0,1,0,0,0,1,0,0,0
0,1,0,34,0,1,81.13,2780.06,1,1,1,0,0,0,0,1,0,0,0,1,0,1,0,1,0,1,0,0,0,0,0
0,1,0,55,1,1,18.25,998.31,0,0,0,1,0,1,1,0,1,0,1,0,1,0,1,0,1,0,1,0,0,1,0
0,1,0,23,1,1,53.12,1233.55,1,0,0,0,0,0,0,0,0,0,0,0,0,1,0,0,0,0,0,0,0,0,0
0,1,0,5,1,0,77.43,362.66,0,0,0,0,0,0,0,1,0,1,0,0,0,0,0,0,0,1,0,0,0,0,1
0,1,0,27,1,0,73.76,1993.42,0,1,0,0,1,0,0,0,0,0,0,0,0,0,0,0,0,1,0,1,1,0,0
0,1,0,18,1,1,18.37,285.2,0,1,0,0,0,1,1,0,1,0,1,0,1,0,1,0,1,0,0,0,0,0,1
0,1,0,13,1,0,64.69,822.81,0,0,0,0,0,0,0,0,0,1,0,0,0,0,0,0,0,1,0,0,0,0,1
0,0,0,49,1,1,73.2,3610.3,1,1,0,0,0,0,0,0,0,0,0,1,0,0,0,1,0,1,0,0,0,1,0
1,0,0,12,1,1,74.52,877.68,1,1,0,0,1,0,0,1,0,0,0,0,0,0,0,0,0,1,0,0,0,1,0
0,1,1,8,1,1,84.23,640.11,0,0,0,0,1,0,0,0,0,0,0,0,0,1,0,1,0,0,0,1,0,0,1
0,0,0,17,1,1,21.59,443.88,0,1,0,1,0,1,1,0,1,0,1,0,1,0,1,0,1,0,1,0,0,0,1
0,1,0,25,1,1,21.62,548.29,0,0,0,0,0,1,1,0,1,0,1,0,1,0,1,0,1,0,1,0,0,0,0
0,0,1,28,1,0,18.9,563.76,1,1,0,0,0,1,1,0,1,0,1,0,1,0,1,0,1,0,1,0,0,0,1
1,0,1,59,1,1,81.63,4800.72,0,0,0,0,0,0,0,1,0,0,0,1,0,1,0,1,0,1,0,0,0,1,0
1,0,0,15,1,1,18.25,264.07,0,0,0,0,0,1,1,0,1,0,1,0,1,0,1,0,1,0,0,0,0,0,1
0,0,1,44,1,1,80.28,3558.66,0,0,0,1,1,0,0,0,0,0,0,0,0,1,0,0,0,1,1,0,0,0,1
0,1,0,17,0,0,77.21,1323.85,0,0,1,0,1,0,0,1,0,0,0,0,0,0,0,0,0,1,0,1,0,0,1
0,1,1,3,1,1,105.37,267.31,1,1,0,0,1,0,0,1,0,1,0,1,0,1,0,1,0,0,0,0,0,1,0
1,0,1,55,1,0,103.24,5735.4,0,0,0,1,1,0,0,1,0,1,0,0,0,1,0,0,0,1,0,0,0,0,1
0,1,0,6,1,0,81.33,479.12,1,0,0,0,1,0,0,1,0,0,0,1,0,0,0,0,0,0,0,0,0,1,0
1,0,1,31,1,1,81.04,2486.44,0,0,0,0,1,0,0,0,0,1,0,0,0,0,0,1,0,0,0,1,0,0,0
0,1,1,7,1,1,57.4,422.06,0,0,0,1,0,0,0,0,0,0,0,1,0,0,0,0,0,1,0,0,0,0,0
0,1,0,36,1,0,84.36,3006.28,0,0,0,0,1,0,0,1,0,0,0,1,0,0,0,0,0,0,0,1,0,0,0
0,0,0,9,1,1,76.59,631.75,1,0,0,1,0,0,0,1,0,0,0,1,0,0,0,0,0,1,0,1,0,1,0
0,0,0,5,1,0,75.12,360.28,0,0,0,0,0,0,0,1,0,1,0,0,0,0,0,0,0,1,0,1,0,1,0
0,0,0,21,1,0,80.53,1671.65,0,1,0,0,1,0,0,0,0,0,0,0,0,1,0,0,0,1,0,1,0,1,0
0,0,1,2,1,1,25.28,76.93,0,1,0,1,0,1,1,0,1,0,1,0,1,0,1,0,1,0,0,0,0,0,1
0,0,0,23,1,0,64.02,1464.18,1,0,0,1,0,0,0,1,0,1,0,0,0,0,0,0,0,0,0,0,0,1,0
0,1,0,43,0,1,18.25,782.55,0,1,1,0,0,1,1,0,1,0,1,0,1,0,1,0,1,0,1,0,0,0,0
0,0,1,72,1,1,63.95,4678.58,0,0,0,1,0,0,0,1,0,1,0,0,0,0,0,1,0,1,0,0,0,1,0
0,1,1,29,1,1,42.79,1226.93,0,0,0,0,0,0,0,0,0,0,0,0,0,0,0,0,0,0,1,0,1,0,0
0,1,0,24,1,1,65.13,1550.38,0,1,0,0,1,0,0,0,0,0,0,0,0,0,0,0,0,0,0,0,0,1,0
0,0,1,57,1,1,77.02,4375.77,0,0,0,0,0,0,0,1,0,1,0,1,0,0,0,1,0,0,0,1,0,1,0
1,1,1,8,0,1,18.25,162.64,0,0,1,0,0,1,1,0,1,0,1,0,1,0,1,0,1,0,0,0,0,1,0
1,1,0,12,1,0,83.48,1002.0,1,0,0,0,1,0,0,0,0,1,0,0,0,0,0,1,0,0,1,0,0,0,0
0,1,0,43,1,1,90.42,3870.04,0,1,0,1,1,0,0,0,0,0,0,1,0,0,0,0,0,1,1,0,0,1,0
0,0,0,17,1,1,22.71,408.86,0,0,0,0,0,1,1,0,1,0,1,0,1,0,1,0,1,0,0,1,1,0,0
0,0,1,20,1,0,84.41,1658.28,0,1,0,1,1,0,0,0,0,0,0,0,0,0,0,1,0,1,0,1,0,0,1
0,1,0,26,1,1,89.99,2342.75,1,0,0,0,1,0,0,1,0,0,0,0,0,0,0,1,0,1,0,1,0,0,1
1,0,0,9,1,0,55.3,447.57,1,1,0,0,0,0,0,0,0,1,0,0,0,0,0,0,0,1,0,0,0,1,0
0,1,0,5,1,0,81.45,448.65,1,0,0,0,1,0,0,0,0,0,0,1,0,0,0,1,0,0,0,0,1,0,0
0,0,0,11,1,1,21.89,207.76,1,0,0,1,0,1,1,0,1,0,1,0,1,0,1,0,1,0,0,0,1,0,0
0,0,0,18,1,1,81.41,1475.12,1,0,0,0,1,0,0,0,0,1,0,0,0,0,0,0,0,1,0,0,0,1,0
0,1,1,36,1,0,66.55,2421.65,0,1,0,0,0,0,0,1,0,1,0,1,0,0,0,1,0,1,0,1,0,0,1
1,0,0,25,1,1,71.11,1744.94,1,0,0,0,1,0,0,0,0,0,0,0,0,0,0,1,0,0,0,0,0,1,0
0,0,0,42,1,0,73.87,3078.4,0,0,0,0,1,0,0,0,0,1,0,0,0,0,0,1,0,0,1,0,0,0,0
1,1,0,25,1,1,51.45,1263.34,1,1,0,0,0,0,0,0,0,0,0,0,0,0,0,0,0,1,0,0,0,1,0
0,1,0,46,1,1,92.31,4238.36,1,0,0,0,1,0,0,0,0,0,0,1,0,1,0,1,0,1,0,1,0,1,0
0,0,0,20,1,0,70.86,1403.52,0,0,0,0,1,0,0,0,0,0,0,0,0,0,0,1,0,0,0,1,0,0,1
1,1,0,2,1,1,18.95,35.69,0,0,0,0,0,1,1,0,1,0,1,0,1,0,1,0,1,0,1,0,0,1,0
0,1,1,14,0,1,97.23,1371.73,0,0,1,0,1,0,0,1,0,1,0,1,0,1,0,0,0,1,0,1,0,0,1
0,0,0,27,1,1,75.57,2055.6,1,0,0,0,1,0,0,0,0,0,0,0,0,1,0,0,0,0,0,1,0,0,1
0,1,0,39,1,1,22.94,924.37,0,0,0,1,0,1,1,0,1,0,1,0,1,0,1,0,1,0,0,0,0,0,1
1,1,0,16,1,0,18.54,274.15,0,0,0,0,0,1,1,0,1,0,1,0,1,0,1,0,1,0,0,1,1,0,0
0,1,1,29,0,1,63.11,1855.69,0,1,1,0,0,0,0,1,0,0,0,1,0,1,0,0,0,0,0,0,0,1,0
0,1,0,18,1,1,51.95,885.62,1,0,0,1,0,0,0,0,0,0,0,0,0,1,0,0,0,0,0,0,0,0,0
0,0,0,12,1,0,86.16,984.51,0,0,0,1,1,0,0,0,0,0,0,1,0,0,0,1,0,0,0,1,0,1,0
0,0,0,39,1,0,74.67,2924.1,0,0,0,1,1,0,0,0,0,0,0,0,0,1,0,0,0,0,0,0,0,0,1
0,1,0,33,1,0,62.75,2102.35,0,0,0,0,0,0,0,0,0,0,0,0,0,1,0,1,0,1,1,0,0,0,1
0,0,0,72,1,1,18.25,1320.76,0,1,0,0,0,1,1,0,1,0,1,0,1,0,1,0,1,0,0,1,0,0,1
0,1,1,16,1,0,66.3,1070.05,0,1,0,0,0,0,0,1,0,1,0,0,0,0,0,1,0,0,0,1,0,0,1
0,1,0,61,0,1,80.09,4853.53,0,0,1,0,1,0,0,1,0,0,0,0,0,1,0,0,0,0,0,1,1,0,0
0,0,0,6,1,0,21.38,105.8,0,1,0,0,0,1,1,0,1,0,1,0,1,0,1,0,1,0,0,1,0,0,1
1,1,0,61,1,0,49.64,3009.7,1,1,0,1,0,0,0,0,0,0,0,0,0,0,0,0,0,1,0,0,0,0,1
0,0,0,25,1,0,19.61,486.29,0,1,0,0,0,1,1,0,1,0,1,0,1,0,1,0,1,0,0,1,0,0,0
0,1,0,18,1,0,21.56,381.68,0,0,0,0,0,1,1,0,1,0,1,0,1,0,1,0,1,0,0,0,0,0,0
0,0,0,33,1,0,48.0,1602.61,0,1,0,1,0,0,0,0,0,0,0,0,0,0,0,0,0,1,0,0,1,0,0
0,0,1,35,1,1,67.92,2385.42,0,1,0,0,0,0,0,0,0,0,0,1,0,0,0,1,0,1,0,0,1,0,0
0,1,0,56,1,0,19.94,1098.39,0,1,0,0,0,1,1,0,1,0,1,0,1,0,1,0,1,0,1,0,1,0,0
0,0,0,11,1,1,18.25,197.81,0,1,0,0,0,1,1,0,1,0,1,0,1,0,1,0,1,0,0,0,1,0,0
0,1,0,6,1,1,86.62,515.72,1,1,0,0,1,0,0,0,0,1,0,0,0,1,0,0,0,0,0,0,0,1,0
0,1,1,34,1,0,84.03,2797.09,0,0,0,0,0,0,0,1,0,1,0,1,0,1,0,1,0,1,0,0,0,1,0
0,1,0,32,0,0,61.97,1950.79,1,0,1,0,0,0,0,0,0,0,0,1,0,0,0,1,0,0,0,0,0,1,0
0,0,1,55,1,0,65.21,3626.58,1,1,0,1,0,0,0,0,0,0,0,1,0,0,0,0,0,1,0,0,0,0,0
0,0,0,17,1,1,71.06,1218.46,1,0,0,0,1,0,0,0,0,0,0,0,0,0,0,0,0,1,0,0,1,0,0
0,0,0,14,1,0,77.02,1118.35,1,1,0,0,1,0,0,0,0,0,0,0,0,0,0,1,0,0,0,0,0,0,1
0,0,0,33,1,0,79.07,2630.36,0,1,0,1,1,0,0,0,0,1,0,0,0,1,0,0,0,0,0,0,0,0,1
0,1,1,26,1,1,18.73,519.59,1,0,0,1,0,1,1,0,1,0,1,0,1,0,1,0,1,0,0,0,0,1,0
0,0,0,38,1,1,69.58,2630.41,0,0,0,0,0,0,0,0,0,0,0,1,0,0,0,1,0,1,0,0,0,0,1
0,0,0,13,0,1,78.58,1042.23,1,0,1,0,1,0,0,1,0,1,0,1,0,0,0,0,0,0,0,1,0,1,0
0,0,0,61,1,1,54.5,3324.5,0,1,0,0,0,0,0,0,0,1,0,0,0,0,0,0,0,1,0,0,0,0,1
1,0,0,31,0,0,79.02,2499.08,1,1,1,0,1,0,0,1,0,0,0,0,0,0,0,0,0,1,0,0,1,0,0
0,0,1,54,1,0,87.08,4672.84,0,1,0,0,1,0,0,0,0,1,0,0,0,1,0,0,0,1,0,0,0,0,1
0,1,1,22,1,1,18.77,414.5,0,1,0,0,0,1,1,0,1,0,1,0,1,0,1,0,1,0,0,0,0,0,1
0,0,1,13,1,1,74.33,953.87,1,0,0,0,0,0,0,1,0,1,0,1,0,0,0,0,0,1,0,0,0,0,0
0,0,0,34,1,1,20.74,729.09,0,1,0,1,0,1,1,0,1,0,1,0,1,0,1,0,1,0,0,1,1,0,0
0,0,1,42,1,1,86.36,3594.8,1,0,0,1,1,0,0,0,0,1,0,1,0,1,0,0,0,1,0,0,1,0,0
0,1,0,5,0,0,55.55,262.42,0,0,1,0,0,0,0,0,0,0,0,0,0,0,0,1,0,0,0,1,0,1,0
0,1,0,72,1,0,18.25,1304.65,0,0,0,0,0,1,1,0,1,0,1,0,1,0,1,0,1,0,1,0,0,1,0
0,0,0,14,1,1,54.57,792.56,1,1,0,1,0,0,0,0,0,0,0,0,0,0,0,1,0,0,0,0,0,0,0
0,0,0,28,1,1,92.14,2551.65,0,0,0,0,1,0,0,1,0,0,0,1,0,0,0,1,0,1,0,1,0,0,1
0,0,0,40,1,0,88.88,3559.3,0,1,0,0,1,0,0,0,0,0,0,0,0,1,0,1,0,1,0,0,0,1,0
0,0,0,26,1,0,89.98,2366.28,0,0,0,0,1,0,0,1,0,1,0,0,0,0,0,1,0,1,0,1,1,0,0
1,0,0,27,0,0,92.7,2485.02,0,1,1,0,1,0,0,1,0,1,0,1,0,1,0,0,0,0,0,0,0,0,0
0,0,0,28,1,1,19.97,554.64,0,0,0,0,0,1,1,0,1,0,1,0,1,0,1,0,1,0,0,1,0,1,0
0,1,1,3,1,1,91.07,291.64,0,0,0,0,1,0,0,0,0,0,0,1,0,1,0,0,0,1,0,1,0,0,0
1,1,0,29,1,1,65.47,1912.0,0,0,0,1,0,0,0,0,0,1,0,0,0,1,0,0,0,0,0,0,0,0,0
0,0,0,17,1,1,18.73,286.04,0,0,0,0,0,1,1,0,1,0,1,0,1,0,1,0,1,0,0,0,0,1,0
0,1,0,53,1,1,88.85,4736.17,0,1,0,0,0,0,0,1,0,0,0,1,0,0,0,1,0,1,0,1,0,0,1
0,1,1,47,1,1,78.06,3700.67,1,0,0,1,1,0,0,0,0,1,0,0,0,0,0,0,0,0,1,0,0,0,1
0,0,1,7,1,1,18.92,151.62,0,1,0,0,0,1,1,0,1,0,1,0,1,0,1,0,1,0,0,0,0,1,0
1,1,1,6,1,1,73.17,448.78,0,0,0,1,0,0,0,0,0,0,0,1,0,1,0,1,0,0,0,1,0,0,1
1,0,0,72,1,0,50.8,3699.71,0,0,0,1,0,0,0,0,0,0,0,0,0,0,0,0,0,0,1,0,0,0,0
0,1,1,1,1,0,20.75,0.0,0,0,0,1,0,1,1,0,1,0,1,0,1,0,1,0,1,0,0,1,0,0,1
0,0,0,15,1,0,61.1,918.83,0,1,0,0,0,0,0,0,0,1,0,0,0,1,0,0,0,0,0,0,0,0,1
0,1,0,9,1,1,72.88,643.85,1,0,0,1,1,0,0,0,0,0,0,0,0,1,0,1,0,0,0,0,0,0,0
1,0,1,59,1,0,60.42,3574.29,0,1,0,0,0,0,0,1,0,1,0,0,0,0,0,0,0,0,0,0,1,0,0
0,0,0,23,1,0,83.85,1928.76,1,0,0,0,1,0,0,0,0,1,0,0,0,0,0,0,0,1,1,0,0,1,0
0,1,1,14,1,0,22.82,310.29,0,1,0,1,0,1,1,0,1,0,1,0,1,0,1,0,1,0,0,1,0,0,1
0,1,0,26,1,1,18.25,495.33,0,1,0,1,0,1,1,0,1,0,1,0,1,0,1,0,1,0,0,1,0,0,1
0,1,1,72,1,0,94.49,6829.36,0,1,0,1,1,0,0,1,0,1,0,1,0,0,0,0,0,1,0,0,1,0,0
0,1,0,37,1,1,90.76,3383.93,0,1,0,1,1,0,0,0,0,0,0,0,0,1,0,1,0,1,0,1,1,0,0
1,1,0,36,1,1,66.6,2445.06,1,1,0,0,0,0,0,0,0,1,0,1,0,1,0,0,0,0,0,0,0,0,1
0,1,1,5,1,1,68.01,330.85,1,0,0,0,1,0,0,0,0,0,0,0,0,1,0,0,0,0,1,0,0,1,0
0,0,1,55,1,1,19.5,1094.79,0,1,0,0,0,1,1,0,1,0,1,0,1,0,1,0,1,0,0,0,0,0,1
0,1,0,11,1,1,86.93,949.35,1,0,0,0,1,0,0,0,0,1,0,0,0,1,0,1,0,0,1,0,0,0,0
1,1,0,35,1,1,91.01,3177.1,0,1,0,0,1,0,0,0,0,1,0,1,0,0,0,1,0,0,1,0,0,0,0
0,1,1,13,1,1,66.58,910.03,0,0,0,0,0,0,0,0,0,0,0,1,0,1,0,1,0,0,0,1,0,0,1
0,1,0,26,1,1,97.9,2575.06,1,0,0,0,1,0,0,0,0,1,0,1,0,0,0,0,0,1,0,0,0,0,0
0,0,0,25,1,0,18.47,436.67,1,1,0,1,0,1,1,0,1,0,1,0,1,0,1,0,1,0,0,0,0,0,1
0,0,0,72,1,0,78.35,5627.34,0,0,0,1,1,0,0,0,0,1,0,0,0,1,0,0,0,0,0,0,0,0,0
0,0,0,18,1,0,68.73,1251.02,0,0,0,1,1,0,0,1,0,0,0,0,0,0,0,0,0,0,0,1,0,1,0
1,1,0,32,1,0,76.11,2427.71,0,0,0,0,1,0,0,0,0,1,0,0,0,0,0,1,0,0,0,1,0,1,0
0,1,0,23,1,0,73.49,1669.87,0,1,0,0,0,0,0,0,0,0,0,0,0,1,0,1,0,1,0,1,0,0,1
0,1,0,8,1,1,97.53,814.14,1,1,0,0,1,0,0,0,0,1,0,1,0,1,0,0,0,1,0,0,1,0,0
0,0,0,35,1,1,68.4,2354.53,1,0,0,0,0,0,0,0,0,0,0,1,0,0,0,1,0,1,0,0,1,0,0
1,1,0,49,1,1,60.7,3005.79,1,1,0,1,0,0,0,0,0,0,0,1,0,1,0,0,0,0,0,0,0,0,0
0,0,1,9,1,1,69.89,601.03,0,0,0,0,0,0,0,0,0,0,0,1,0,1,0,1,0,1,0,1,0,0,0
0,0,0,21,1,0,77.0,1599.15,1,1,0,0,1,0,0,0,0,1,0,0,0,0,0,0,0,0,0,0,0,0,1
0,0,1,27,1,1,23.63,648.53,0,0,0,1,0,1,1,0,1,0,1,0,1,0,1,0,1,0,0,1,0,0,0
1,0,1,45,0,1,54.62,2484.09,0,1,1,0,0,0,0,0,0,1,0,0,0,0,0,1,0,0,1,0,1,0,0
1,0,0,46,1,1,75.34,3475.99,0,1,0,0,1,0,0,0,0,1,0,1,0,0,0,0,0,0,1,0,0,0,1
0,1,0,5,1,0,18.72,108.68,1,0,0,1,0,1,1,0,1,0,1,0,1,0,1,0,1,0,1,0,0,1,0
0,1,1,72,1,0,21.15,1538.8,0,0,0,1,0,1,1,0,1,0,1,0,1,0,1,0,1,0,0,0,1,0,0
0,0,1,37,1,0,72.46,2635.13,1,0,0,0,1,0,0,0,0,0,0,0,0,0,0,0,0,1,0,0,0,1,0
0,0,0,26,1,0,90.22,2337.15,0,0,0,0,1,0,0,0,0,1,0,0,0,1,0,1,0,0,1,0,0,0,0
0,1,0,45,1,0,73.68,3264.81,0,1,0,1,0,0,0,0,0,1,0,0,0,0,0,1,0,1,0,1,1,0,0
1,1,0,66,1,1,101.48,6721.88,0,1,0,0,1,0,0,0,0,0,0,1,0,1,0,1,0,1,0,0,1,0,0
0,1,0,22,1,0,97.54,2118.57,1,1,0,1,1,0,0,0,0,1,0,1,0,1,0,0,0,1,0,0,0,0,0
0,0,0,20,1,1,86.65,1737.82,1,1,0,1,1,0,0,0,0,1,0,1,0,0,0,0,0,1,0,0,0,1,0
0,1,1,8,1,0,60.78,492.02,0,1,0,1,0,0,0,0,0,1,0,1,0,0,0,0,0,0,1,0,1,0,0
0,1,0,20,1,1,76.67,1514.51,0,0,0,0,0,0,0,0,0,1,0,1,0,1,0,0,0,0,0,1,0,0,1
0,1,0,39,1,0,56.42,2196.65,0,1,0,1,0,0,0,1,0,0,0,0,0,0,0,1,0,0,0,0,1,0,0
0,0,0,20,1,1,73.86,1496.66,0,1,0,0,0,0,0,1,0,1,0,0,0,0,0,0,0,1,0,0,0,1,0
0,0,0,20,1,0,18.67,391.92,1,1,0,0,0,1,1,0,1,0,1,0,1,0,1,0,1,0,0,0,0,0,0
0,0,1,72,0,0,66.43,4775.11,1,1,1,0,0,0,0,1,0,1,0,0,0,1,0,0,0,1,0,0,0,0,0
0,0,0,31,1,0,74.57,2348.78,1,1,0,1,0,0,0,1,0,0,0,0,0,1,0,1,0,1,0,0,0,1,0
0,1,1,32,1,1,84.42,2666.33,0,0,0,0,1,0,0,1,0,0,0,0,0,0,0,1,0,0,1,0,1,0,0
0,0,0,39,1,1,62.81,2461.67,0,1,0,0,0,0,0,0,0,1,0,0,0,0,0,1,0,0,1,0,0,0,1
0,0,1,51,1,0,72.79,3727.95,1,0,0,0,1,0,0,1,0,0,0,0,0,0,0,0,0,0,0,0,0,1,0
0,1,0,27,1,1,59.08,1562.76,0,0,0,1,0,0,0,0,0,0,0,0,0,1,0,0,0,1,0,0,1,0,0
0,0,0,12,1,1,21.93,269.49,0,0,0,1,0,1,1,0,1,0,1,0,1,0,1,0,1,0,1,0,0,0,0
0,0,1,37,1,0,20.01,770.64,0,0,0,1,0,1,1,0,1,0,1,0,1,0,1,0,1,0,0,1,0,1,0
0,1,0,55,0,0,100.2,5511.46,1,1,1,0,1,0,0,0,0,1,0,1,0,0,0,1,0,1,0,0,0,0,0
0,1,1,36,1,1,71.96,2602.74,0,1,0,1,0,0,0,0,0,0,0,0,0,1,0,1,0,1,0,1,0,1,0
0,0,0,44,1,1,79.9,3526.44,1,1,0,1,1,0,0,0,0,0,0,1,0,0,0,0,0,1,0,0,0,1,0
1,1,0,20,0,0,80.9,1591.64,0,0,1,0,1,0,0,1,0,1,0,1,0,0,0,0,0,0,0,0,0,0,1
0,0,1,14,1,0,69.58,1004.8,0,0,0,0,0,0,0,0,0,1,0,1,0,0,0,1,0,0,0,1,0,0,0
0,1,1,30,1,0,68.2,2039.12,0,1,0,1,1,0,0,0,0,0,0,0,0,1,0,0,0,0,0,1,0,0,0
0,0,1,17,1,1,65.07,1112.57,0,1,0,0,0,0,0,0,0,1,0,1,0,0,0,1,0,0,0,1,1,0,0
0,0,0,67,1,0,56.21,3741.2,1,0,0,0,0,0,0,1,0,1,0,0,0,0,0,0,0,0,0,0,1,0,0
0,0,0,38,1,0,91.31,3447.09,1,0,0,1,1,0,0,0,0,1,0,0,0,1,0,1,0,0,0,0,1,0,0
0,1,1,18,1,1,101.05,1817.07,1,0,0,0,1,0,0,1,0,1,0,1,0,1,0,0,0,1,0,0,1,0,0
0,0,1,10,1,0,80.7,805.97,1,0,0,0,1,0,0,0,0,1,0,0,0,0,0,1,0,0,0,0,0,0,1
0,0,0,54,1,1,97.0,5245.01,0,0,0,1,1,0,0,0,0,0,0,0,0,1,0,1,0,1,0,0,0,0,1
0,0,1,11,1,1,61.47,694.96,0,0,0,1,0,0,0,1,0,0,0,0,0,0,0,0,0,1,0,1,0,1,0
0,0,0,26,0,0,72.29,1874.41,0,1,1,0,0,0,0,1,0,0,0,1,0,1,0,0,0,1,0,0,0,0,1
0,0,0,32,1,0,63.08,2030.44,0,1,0,0,0,0,0,0,0,0,0,1,0,1,0,0,0,1,0,1,0,0,1
1,0,1,12,1,0,103.43,1276.97,1,0,0,0,1,0,0,0,0,1,0,1,0,1,0,1,0,1,0,0,1,0,0
0,1,0,23,1,1,81.9,1869.62,0,0,0,1,0,0,0,0,0,1,0,0,0,1,0,1,0,1,0,1,0,1,0
0,1,1,60,1,1,85.98,5155.08,0,1,0,1,1,0,0,0,0,0,0,1,0,0,0,1,0,0,0,0,0,0,1
0,0,0,7,1,0,79.11,538.54,1,0,0,1,1,0,0,0,0,0,0,1,0,0,0,0,0,1,0,0,1,0,0
0,1,0,54,1,0,23.82,1259.65,0,1,0,1,0,1,1,0,1,0,1,0,1,0,1,0,1,0,0,0,0,0,0
0,0,1,30,1,0,21.72,659.5,0,0,0,0,0,1,1,0,1,0,1,0,1,0,1,0,1,0,0,1,1,0,0
0,1,0,15,1,0,92.72,1391.3,0,1,0,1,1,0,0,1,0,1,0,0,0,1,0,1,0,0,1,0,1,0,0
0,1,0,6,0,0,19.82,121.7,0,0,1,0,0,1,1,0,1,0,1,0,1,0,1,0,1,0,0,1,0,0,0
0,0,0,24,1,0,25.16,587.73,0,0,0,0,0,1,1,0,1,0,1,0,1,0,1,0,1,0,0,0,0,0,1
1,1,1,16,1,0,82.36,1285.55,0,1,0,1,0,0,0,0,0,1,0,1,0,1,0,1,0,0,0,1,0,1,0
0,0,0,24,0,1,85.29,2027.76,0,1,1,0,1,0,0,0,0,1,0,0,0,1,0,0,0,1,0,0,0,1,0
0,0,1,40,1,1,53.74,2141.64,0,0,0,0,0,0,0,1,0,0,0,0,0,0,0,0,0,0,0,0,0,1,0
0,1,1,6,1,1,20.3,159.72,0,1,0,1,0,1,1,0,1,0,1,0,1,0,1,0,1,0,0,0,0,1,0
1,1,1,29,1,1,95.42,2840.2,1,1,0,0,1,0,0,1,0,0,0,1,0,1,0,1,0,0,0,0,0,0,0
0,1,0,72,0,1,59.95,4317.56,0,0,1,0,0,0,0,1,0,0,0,0,0,0,0,0,0,1,0,1,1,0,0
1,0,1,18,1,0,21.44,372.18,0,1,0,1,0,1,1,0,1,0,1,0,1,0,1,0,1,0,0,0,0,0,1
1,1,1,36,1,0,23.76,860.48,0,1,0,0,0,1,1,0,1,0,1,0,1,0,1,0,1,0,0,1,0,0,1
0,0,0,3,1,0,78.32,240.85,0,1,0,0,1,0,0,0,0,0,0,0,0,0,0,1,0,1,1,0,1,0,0
0,0,0,6,1,0,72.19,409.22,1,0,0,1,1,0,0,0,0,1,0,0,0,0,0,0,0,0,0,0,1,0,0
0,1,1,14,1,1,56.62,795.55,0,1,0,0,0,0,0,0,0,0,0,0,0,1,0,0,0,1,0,1,1,0,0
0,0,0,62,1,0,78.93,4907.96,0,1,0,0,1,0,0,0,0,1,0,0,0,0,0,0,0,0,0,1,0,1,0
0,1,1,17,1,1,79.04,1354.17,0,1,0,0,1,0,0,0,0,0,0,1,0,0,0,0,0,1,0,1,0,0,0
0,0,0,37,1,1,79.49,2938.74,0,1,0,1,1,0,0,0,0,0,0,0,0,1,0,1,0,1,0,0,0,0,1
0,1,0,16,1,0,76.98,1220.57,0,1,0,1,1,0,0,0,0,1,0,0,0,0,0,1,0,0,0,1,0,1,0
1,0,0,8,1,0,71.26,580.51,1,1,0,0,0,0,0,0,0,1,0,0,0,0,0,1,0,1,0,0,0,0,0
1,1,0,21,1,1,100.3,2135.22,1,1,0,1,1,0,0,1,0,1,0,1,0,1,0,1,0,0,0,1,0,1,0
0,0,0,39,1,0,54.67,2130.29,0,1,0,1,0,0,0,1,0,0,0,1,0,0,0,0,0,0,0,0,0,0,0
0,1,1,54,1,0,21.64,1210.04,0,0,0,1,0,1,1,0,1,0,1,0,1,0,1,0,1,0,0,0,0,0,1
0,0,0,24,1,1,94.96,2303.55,0,1,0,1,1,0,0,1,0,1,0,1,0,1,0,0,0,0,0,1,0,1,0
0,0,0,37,0,1,60.27,2258.25,0,1,1,0,0,0,0,0,0,0,0,0,0,0,0,1,0,1,0,1,0,0,0
0,0,0,27,1,1,57.72,1578.87,0,0,0,1,0,0,0,0,0,0,0,0,0,0,0,1,0,1,1,0,0,0,0
0,0,0,29,1,1,22.12,633.79,0,0,0,0,0,1,1,0,1,0,1,0,1,0,1,0,1,0,0,0,0,1,0
1,1,0,12,1,1,20.14,209.81,0,0,0,1,0,1,1,0,1,0,1,0,1,0,1,0,1,0,0,1,0,0,0
0,1,0,13,0,1,18.25,233.76,0,1,1,0,0,1,1,0,1,0,1,0,1,0,1,0,1,0,0,0,0,0,0
0,1,0,9,1,1,100.86,929.44,0,1,0,1,1,0,0,0,0,1,0,0,0,1,0,1,0,1,0,1,0,0,1
0,0,0,17,0,0,83.93,1425.35,0,1,1,0,1,0,0,1,0,1,0,0,0,1,0,0,0,0,1,0,1,0,0
0,1,1,49,1,0,105.38,5153.89,0,1,0,0,1,0,0,1,0,1,0,1,0,1,0,1,0,1,1,0,1,0,0
0,1,0,72,1,1,58.1,4204.6,0,1,0,0,0,0,0,1,0,0,0,0,0,0,0,0,0,1,1,0,0,1,0
0,0,1,49,1,0,74.92,3714.5,1,0,0,0,0,0,0,0,0,0,0,1,0,1,0,1,0,1,0,0,0,1,0
0,1,1,35,1,1,79.23,2803.26,1,1,0,1,1,0,0,0,0,0,0,1,0,0,0,0,0,1,0,0,0,0,0
0,0,0,27,1,0,96.79,2653.96,1,0,0,0,1,0,0,1,0,1,0,1,0,0,0,1,0,1,1,0,0,1,0
0,1,0,49,1,1,87.67,4279.63,1,1,0,0,1,0,0,0,0,1,0,0,0,0,0,1,0,1,0,0,0,0,0
0,1,0,72,1,1,74.61,5353.68,0,1,0,0,0,0,0,1,0,0,0,1,0,0,0,1,0,1,0,0,0,0,1
0,0,0,31,1,1,88.58,2729.14,1,0,0,0,1,0,0,1,0,1,0,1,0,0,0,0,0,0,1,0,0,1,0
0,0,1,39,1,1,77.55,3005.9,0,0,0,0,1,0,0,1,0,0,0,0,0,0,0,0,0,0,0,0,0,1,0
0,0,0,31,1,1,21.84,659.9,0,1,0,0,0,1,1,0,1,0,1,0,1,0,1,0,1,0,0,0,0,1,0
0,1,0,72,1,1,112.01,8077.87,0,0,0,1,1,0,0,1,0,1,0,1,0,0,0,1,0,1,1,0,0,0,1
0,1,1,23,1,0,72.78,1689.0,0,1,0,1,0,0,0,0,0,1,0,1,0,0,0,1,0,1,0,0,0,0,1
0,1,1,13,1,0,57.14,715.83,0,1,0,0,0,0,0,0,0,1,0,0,0,0,0,1,0,0,0,1,0,0,0
0,1,1,43,0,1,98.08,4233.05,1,0,1,0,1,0,0,0,0,1,0,1,0,1,0,1,0,0,0,0,1,0,0
1,0,0,13,1,1,81.38,1045.51,0,1,0,1,0,0,0,1,0,1,0,1,0,0,0,0,0,1,0,1,1,0,0
1,1,1,33,1,0,18.46,628.14,1,1,0,1,0,1,1,0,1,0,1,0,1,0,1,0,1,0,0,0,0,0,1
0,0,0,27,1,0,82.86,2225.9,0,1,0,1,1,0,0,0,0,0,0,0,0,1,0,1,0,0,0,1,0,0,0
0,0,1,36,1,0,90.14,3268.94,0,1,0,0,1,0,0,0,0,0,0,0,0,1,0,1,0,1,1,0,0,0,0
0,1,0,28,1,1,83.99,2328.27,1,1,0,0,1,0,0,1,0,0,0,0,0,1,0,1,0,0,0,0,0,1,0
1,0,1,4,1,1,76.36,324.9,0,1,0,0,0,0,0,0,0,1,0,1,0,1,0,0,0,1,0,1,0,0,1
0,1,0,40,1,1,19.34,763.5,0,0,0,0,0,1,1,0,1,0,1,0,1,0,1,0,1,0,0,0,1,0,0
0,0,0,34,1,1,78.79,2682.88,0,0,0,1,1,0,0,1,0,0,0,0,0,1,0,0,0,0,0,1,0,0,1
0,1,0,57,1,1,90.38,5130.68,0,1,0,0,1,0,0,1,0,1,0,1,0,0,0,1,0,0,0,1,0,1,0
1,0,0,14,1,1,64.02,896.17,1,1,0,1,1,0,0,0,0,0,0,0,0,0,0,0,0,0,0,1,0,1,0
0,1,0,4,1,1,76.75,318.6,0,0,0,0,1,0,0,0,0,1,0,0,0,0,0,0,0,0,0,1,0,0,0
0,1,1,42,1,0,73.44,3061.44,0,1,0,0,1,0,0,0,0,0,0,0,0,0,0,1,0,0,0,0,0,0,0
0,1,0,41,1,1,88.39,3596.41,0,0,0,0,1,0,0,0,0,0,0,1,0,1,0,0,0,1,0,1,0,1,0
0,1,1,39,1,1,24.53,976.97,0,0,0,0,0,1,1,0,1,0,1,0,1,0,1,0,1,0,1,0,0,0,1
0,0,0,72,1,1,83.78,6012.29,1,1,0,1,1,0,0,0,0,0,0,0,0,0,0,1,0,1,1,0,0,0,0
0,1,0,1,1,0,66.25,62.22,1,1,0,0,0,0,0,0,0,0,0,1,0,0,0,1,0,1,0,0,0,0,0
1,0,1,4,0,1,93.69,376.23,1,1,1,0,1,0,0,1,0,1,0,1,0,1,0,0,0,1,0,0,0,0,1
0,0,1,8,0,0,71.45,554.48,1,1,1,0,1,0,0,0,0,0,0,1,0,0,0,0,0,0,0,0,0,0,0
0,1,1,46,1,1,75.64,3524.92,0,1,0,1,0,0,0,0,0,1,0,1,0,1,0,1,0,1,0,0,0,0,0
0,1,0,60,0,1,75.79,4533.58,0,0,1,0,1,0,0,0,0,1,0,1,0,0,0,0,0,0,0,0,1,0,0
0,1,0,28,1,1,81.52,2278.93,0,1,0,0,1,0,0,0,0,0,0,0,0,1,0,1,0,0,0,1,0,0,0
0,0,1,40,1,0,94.93,3762.94,1,0,0,1,1,0,0,0,0,0,0,1,0,1,0,1,0,1,1,0,0,0,1
0,1,0,13,1,1,79.72,1061.76,0,0,0,1,0,0,0,1,0,1,0,0,0,1,0,0,0,1,0,0,0,1,0
0,0,1,10,1,0,51.34,467.97,0,1,0,1,0,0,0,0,0,0,0,0,0,0,0,1,0,1,0,1,1,0,0
0,1,1,5,1,1,84.86,407.09,1,1,0,1,1,0,0,1,0,0,0,0,0,0,0,1,0,1,1,0,0,0,1
0,1,0,40,1,1,62.12,2453.85,1,1,0,1,0,0,0,1,0,0,0,0,0,0,0,1,0,1,0,0,0,0,0
0,1,1,57,1,0,21.83,1228.72,0,0,0,0,0,1,1,0,1,0,1,0,1,0,1,0,1,0,0,0,0,1,0
0,0,0,7,1,0,70.6,476.2,1,1,0,0,1,0,0,0,0,0,0,0,0,0,0,0,0,1,0,0,0,0,1
0,0,0,13,1,1,87.98,1125.04,1,0,0,0,0,0,0,1,0,1,0,1,0,0,0,1,0,1,0,0,0,1,0
0,0,1,17,1,0,89.32,1541.53,1,0,0,1,1,0,0,0,0,1,0,1,0,0,0,0,0,1,0,0,0,0,1
0,1,0,8,1,1,20.79,175.27,0,0,0,0,0,1,1,0,1,0,1,0,1,0,1,0,1,0,1,0,0,1,0
0,1,1,33,1,1,95.9,3116.46,0,0,0,0,1,0,0,0,0,1,0,1,0,0,0,1,0,1,0,1,0,0,1
0,0,0,19,1,0,78.33,1518.12,1,0,0,1,1,0,0,0,0,1,0,1,0,0,0,0,0,0,0,0,0,0,1
0,0,0,64,1,1,69.84,4485.41,0,0,0,0,1,0,0,0,0,0,0,1,0,0,0,0,0,0,1,0,0,0,0
1,0,0,13,1,0,64.54,810.69,0,0,0,0,0,0,0,1,0,0,0,1,0,0,0,0,0,1,0,1,0,1,0
1,1,0,49,1,0,82.95,4059.57,0,0,0,1,1,0,0,1,0,1,0,0,0,0,0,0,0,1,1,0,0,0,0
0,0,0,6,1,0,60.11,402.18,1,0,0,1,0,0,0,1,0,0,0,0,0,0,0,1,0,1,0,0,1,0,0
0,1,1,15,1,1,81.55,1245.28,1,0,0,0,1,0,0,0,0,1,0,1,0,0,0,0,0,0,0,1,0,0,0
0,0,0,29,1,1,72.69,2160.52,1,1,0,1,0,0,0,0,0,1,0,0,0,0,0,1,0,1,0,0,0,0,0
0,1,1,34,1,1,91.96,3161.39,0,0,0,0,1,0,0,1,0,0,0,0,0,0,0,1,0,1,0,0,0,0,1
0,0,0,71,1,0,22.7,1546.16,0,0,0,1,0,1,1,0,1,0,1,0,1,0,1,0,1,0,0,1,0,0,0
0,1,0,33,1,1,68.25,2281.19,1,0,0,1,1,0,0,0,0,1,0,0,0,0,0,0,0,0,0,0,1,0,0
0,0,1,33,1,0,56.63,1866.22,0,1,0,0,0,0,0,0,0,0,0,1,0,0,0,0,0,1,0,1,0,0,0
0,0,0,11,1,1,96.93,1055.79,1,0,0,1,1,0,0,0,0,1,0,1,0,1,0,0,0,1,1,0,0,1,0
0,0,0,12,1,1,68.99,792.67,0,0,0,1,0,0,0,0,0,1,0,1,0,0,0,1,0,0,0,1,0,1,0
0,1,0,17,1,1,73.44,1238.88,0,0,0,0,1,0,0,0,0,1,0,0,0,0,0,0,0,0,0,0,0,1,0
0,1,0,25,1,0,80.98,2080.06,0,1,0,0,1,0,0,1,0,0,0,0,0,1,0,0,0,1,0,1,0,1,0
0,0,0,23,1,1,81.96,1924.71,0,0,0,0,0,0,0,0,0,1,0,1,0,1,0,1,0,1,0,0,0,0,0
0,0,0,34,1,1,80.37,2707.23,0,0,0,0,1,0,0,0,0,1,0,0,0,0,0,0,0,1,0,0,0,0,1
0,0,1,66,1,1,89.49,5874.54,1,0,0,0,1,0,0,1,0,1,0,0,0,0,0,0,0,1,0,0,0,1,0
0,1,0,26,1,1,18.25,501.23,1,0,0,1,0,1,1,0,1,0,1,0,1,0,1,0,1,0,0,0,0,0,0
0,1,1,45,1,1,59.4,2647.18,0,0,0,1,0,0,0,0,0,0,0,1,0,1,0,1,0,0,0,0,1,0,0
1,1,0,12,1,1,88.98,1058.4,1,0,0,1,1,0,0,0,0,1,0,1,0,1,0,0,0,1,0,0,0,1,0
0,0,0,72,0,1,18.25,1302.76,0,1,1,0,0,1,1,0,1,0,1,0,1,0,1,0,1,0,0,1,0,1,0
0,1,0,25,1,1,74.32,1882.17,0,0,0,1,0,0,0,0,0,1,0,1,0,1,0,0,0,1,0,0,0,1,0
0,1,0,72,1,1,100.23,7219.62,0,1,0,0,1,0,0,1,0,0,0,0,0,1,0,1,0,1,0,1,0,1,0
0,0,0,21,1,0,94.05,1926.54,0,0,0,0,1,0,0,0,0,0,0,1,0,0,0,1,0,1,0,1,0,1,0
0,0,1,18,1,0,73.34,1309.68,0,0,0,1,0,0,0,0,0,1,0,1,0,1,0,1,0,0,0,0,0,1,0
0,0,1,15,1,1,18.25,286.79,0,1,0,0,0,1,1,0,1,0,1,0,1,0,1,0,1,0,0,0,0,0,1
0,1,1,9,1,1,76.91,678.41,0,1,0,0,1,0,0,1,0,0,0,0,0,0,0,1,0,0,0,1,0,1,0
1,1,1,52,0,0,99.37,5166.68,0,1,1,0,1,0,0,1,0,1,0,1,0,0,0,1,0,1,0,1,1,0,0
1,0,0,13,1,0,95.98,1265.29,0,0,0,1,1,0,0,1,0,0,0,1,0,0,0,1,0,0,0,1,0,1,0
0,1,0,33,1,1,71.44,2310.87,1,0,0,0,1,0,0,0,0,0,0,0,0,0,0,1,0,1,0,0,1,0,0
0,0,0,8,1,0,58.75,445.59,0,1,0,1,0,0,0,0,0,1,0,0,0,1,0,1,0,0,0,0,0,0,0
0,1,0,72,1,1,18.25,1372.27,0,0,0,1,0,1,1,0,1,0,1,0,1,0,1,0,1,0,0,0,0,1,0
0,0,0,53,1,1,68.95,3645.12,1,1,0,0,1,0,0,1,0,0,0,0,0,0,0,0,0,0,0,0,0,1,0
1,1,1,50,1,0,96.83,4841.51,0,0,0,0,1,0,0,0,0,1,0,0,0,0,0,1,0,1,0,0,0,0,1
0,0,0,29,1,0,18.25,524.87,0,1,0,0,0,1,1,0,1,0,1,0,1,0,1,0,1,0,0,1,0,0,0
0,0,0,23,1,0,80.6,1834.51,1,1,0,1,1,0,0,1,0,0,0,1,0,0,0,0,0,0,0,1,1,0,0
1,1,1,16,1,0,57.98,904.92,1,1,0,0,0,0,0,0,0,0,0,1,0,0,0,0,0,1,0,0,0,1,0
0,1,0,71,1,1,59.76,4259.88,0,0,0,1,0,0,0,0,0,0,0,0,0,1,0,0,0,1,0,1,0,0,0
0,0,0,6,1,1,24.15,164.86,0,1,0,1,0,1,1,0,1,0,1,0,1,0,1,0,1,0,0,1,0,0,1
0,0,0,41,1,0,77.4,3161.01,0,0,0,1,1,0,0,0,0,0,0,0,0,0,0,1,0,1,0,1,1,0,0
0,1,0,13,1,0,76.08,979.73,0,1,0,1,1,0,0,0,0,0,0,1,0,0,0,0,0,1,0,1,0,0,0
1,1,0,8,1,1,81.09,641.13,1,1,0,0,1,0,0,1,0,1,0,0,0,0,0,0,0,1,0,0,0,0,0
1,0,1,19,0,1,90.67,1667.54,1,1,1,0,1,0,0,0,0,0,0,1,0,1,0,1,0,0,0,0,1,0,0
0,0,0,19,1,0,92.63,1766.59,0,1,0,1,1,0,0,1,0,0,0,1,0,1,0,0,0,1,0,1,0,1,0
0,0,0,34,1,1,18.25,594.43,0,0,0,0,0,1,1,0,1,0,1,0,1,0,1,0,1,0,1,0,0,0,0
0,1,1,56,1,1,57.72,3264.37,1,1,0,1,0,0,0,1,0,0,0,0,0,0,0,0,0,0,0,0,0,1,0
0,0,1,22,1,1,57.02,1262.23,0,0,0,0,0,0,0,1,0,0,0,0,0,0,0,0,0,0,0,1,1,0,0
0,1,1,4,1,0,21.84,76.09,0,1,0,0,0,1,1,0,1,0,1,0,1,0,1,0,1,0,0,1,1,0,0
0,1,0,12,1,0,72.75,879.03,0,1,0,1,0,0,0,1,0,0,0,1,0,0,0,1,0,0,0,0,0,0,1
0,0,0,22,1,0,18.25,432.24,0,1,0,1,0,1,1,0,1,0,1,0,1,0,1,0,1,0,0,1,1,0,0
0,1,0,17,1,1,21.67,308.53,0,1,0,1,0,1,1,0,1,0,1,0,1,0,1,0,1,0,0,0,1,0,0
0,0,0,41,1,0,70.05,2883.14,0,0,0,0,1,0,0,0,0,0,0,0,0,1,0,0,0,0,0,1,0,1,0
1,1,0,33,1,1,73.17,2376.53,1,0,0,0,0,0,0,1,0,0,0,0,0,1,0,0,0,1,0,0,0,0,0
0,1,1,46,1,1,61.99,2858.28,1,1,0,0,0,0,0,1,0,0,0,1,0,0,0,1,0,0,0,0,0,1,0
0,0,0,2,1,0,78.55,192.69,1,0,0,0,0,0,0,1,0,0,0,1,0,1,0,1,0,1,0,0,0,1,0
0,1,0,53,1,0,89.66,4744.09,0,0,0,0,1,0,0,1,0,0,0,0,0,1,0,1,0,0,1,0,0,0,1
0,0,0,4,0,0,18.77,93.12,0,0,1,0,0,1,1,0,1,0,1,0,1,0,1,0,1,0,0,0,0,0,1
0,0,1,38,1,0,84.81,3232.34,1,0,0,0,1,0,0,1,0,0,0,0,0,0,0,0,0,1,0,0,0,0,1
0,1,1,63,1,0,64.02,4038.96,0,0,0,1,0,0,0,1,0,0,0,0,0,0,0,0,0,1,0,1,0,1,0
0,0,1,1,0,0,59.11,53.51,1,0,1,0,0,0,0,0,0,0,0,0,0,0,0,1,0,1,0,0,0,0,1
0,0,0,23,0,1,82.48,1874.49,0,0,1,0,1,0,0,1,0,0,0,0,0,1,0,1,0,0,1,0,0,1,0
0,0,1,17,1,1,69.83,1192.48,1,1,0,0,0,0,0,0,0,1,0,0,0,1,0,0,0,1,1,0,0,0,0
0,1,0,7,1,1,81.0,578.58,0,0,0,0,1,0,0,0,0,0,0,0,0,1,0,1,0,0,0,1,0,1,0
1,0,1,1,0,1,61.05,80.57,0,1,1,0,0,0,0,0,0,0,0,0,0,1,0,0,0,1,0,1,0,0,1
0,0,0,54,1,1,89.96,4852.21,1,0,0,0,1,0,0,0,0,1,0,0,0,0,0,1,0,1,0,0,0,1,0
0,0,1,8,1,1,21.78,172.68,0,0,0,1,0,1,1,0,1,0,1,0,1,0,1,0,1,0,0,0,0,1,0
0,1,1,72,1,0,80.02,5772.35,0,1,0,0,1,0,0,1,0,0,0,1,0,0,0,1,0,0,0,0,0,0,1
0,1,0,8,1,0,26.1,234.39,0,0,0,0,0,1,1,0,1,0,1,0,1,0,1,0,1,0,1,0,0,1,0
0,0,0,9,1,1,23.21,199.31,0,0,0,0,0,1,1,0,1,0,1,0,1,0,1,0,1,0,1,0,0,0,0
0,0,0,0,1,1,66.48,0.0,0,1,0,0,0,0,0,0,0,0,0,1,0,1,0,1,0,0,0,0,0,0,1
0,0,0,8,1,0,49.01,428.9,1,0,0,1,0,0,0,0,0,0,0,0,0,0,0,0,0,0,0,0,0,0,1
0,0,0,11,1,1,21.13,210.3,0,0,0,1,0,1,1,0,1,0,1,0,1,0,1,0,1,0,1,0,0,1,0
0,1,0,24,1,0,79.93,1896.48,1,0,0,1,1,0,0,0,0,0,0,0,0,1,0,1,0,0,0,0,1,0,0
0,0,0,38,1,0,21.39,844.74,0,1,0,1,0,1,1,0,1,0,1,0,1,0,1,0,1,0,1,0,0,1,0
0,1,1,15,1,0,69.88,1023.39,1,1,0,0,0,0,0,1,0,0,0,1,0,0,0,1,0,0,0,0,0,1,0
0,1,0,38,1,1,18.25,707.52,1,0,0,1,0,1,1,0,1,0,1,0,1,0,1,0,1,0,1,0,0,1,0
0,1,1,72,1,0,18.25,1318.26,0,1,0,1,0,1,1,0,1,0,1,0,1,0,1,0,1,0,1,0,0,0,1
0,0,1,20,1,1,59.74,1170.93,0,1,0,0,0,0,0,0,0,0,0,0,0,0,0,1,0,1,1,0,1,0,0
0,1,1,16,1,1,52.13,821.79,1,1,0,0,0,0,0,0,0,0,0,0,0,0,0,0,0,1,0,0,0,0,0
0,1,0,9,1,1,71.72,692.91,1,1,0,1,1,0,0,1,0,0,0,0,0,0,0,0,0,0,0,0,0,1,0
0,1,1,25,1,1,78.58,2001.76,0,0,0,0,1,0,0,0,0,0,0,0,0,0,0,1,0,0,0,1,0,0,0
0,1,0,70,1,1,42.02,2976.2,1,0,0,0,0,0,0,0,0,0,0,0,0,0,0,0,0,0,0,0,0,1,0
0,0,0,24,1,0,54.19,1363.98,1,0,0,1,0,0,0,0,0,0,0,1,0,1,0,0,0,0,0,0,0,0,1
0,1,1,39,1,0,21.63,887.79,0,0,0,0,0,1,1,0,1,0,1,0,1,0,1,0,1,0,0,0,0,0,0
0,1,0,25,1,1,64.33,1653.18,0,1,0,0,0,0,0,1,0,0,0,0,0,0,0,0,0,1,1,0,0,0,1
0,1,1,23,1,0,19.26,455.91,0,1,0,0,0,1,1,0,1,0,1,0,1,0,1,0,1,0,0,1,0,1,0
0,0,1,72,1,1,79.63,5732.39,0,1,0,1,0,0,0,1,0,0,0,1,0,1,0,0,0,1,0,1,0,1,0
0,0,0,33,1,1,18.25,590.0,0,1,0,0,0,1,1,0,1,0,1,0,1,0,1,0,1,0,1,0,0,1,0
1,0,0,49,1,1,74.66,3629.35,0,1,0,1,0,0,0,1,0,1,0,0,0,1,0,0,0,0,0,0,0,0,0
0,1,1,36,1,0,67.6,2442.31,1,1,0,0,0,0,0,0,0,0,0,1,0,1,0,1,0,0,0,0,0,1,0
0,1,0,24,1,1,19.71,490.62,0,1,0,1,0,1,1,0,1,0,1,0,1,0,1,0,1,0,0,0,1,0,0
0,1,0,14,1,1,69.29,971.06,1,1,0,1,0,0,0,0,0,0,0,1,0,1,0,0,0,1,0,0,0,1,0
0,0,0,69,1,0,57.56,3979.01,0,0,0,0,0,0,0,0,0,1,0,0,0,0,0,1,0,0,0,0,0,1,0
0,1,0,3,1,0,83.05,258.9,1,0,0,1,1,0,0,0,0,1,0,1,0,0,0,0,0,1,0,0,0,0,1
0,1,0,13,0,1,61.53,783.2,1,0,1,0,1,0,0,0,0,0,0,0,0,0,0,1,0,0,0,1,0,0,1
0,0,0,13,1,1,90.45,1177.33,1,0,0,1,1,0,0,1,0,0,0,1,0,0,0,0,0,1,0,0,0,0,0
0,0,0,51,1,1,61.52,3124.81,0,0,0,0,0,0,0,0,0,0,0,1,0,1,0,1,0,0,0,0,1,0,0
1,1,0,71,1,0,19.06,1356.71,0,1,0,0,0,1,1,0,1,0,1,0,1,0,1,0,1,0,1,0,0,0,0
0,0,0,6,1,1,66.21,409.52,0,0,0,1,0,0,0,1,0,1,0,1,0,0,0,1,0,0,0,1,0,1,0
0,1,1,21,1,1,19.65,428.11,1,1,0,1,0,1,1,0,1,0,1,0,1,0,1,0,1,0,0,0,0,1,0
0,0,1,50,1,1,74.42,3720.26,0,1,0,0,1,0,0,0,0,1,0,0,0,0,0,0,0,0,0,0,1,0,0
0,0,0,14,1,1,54.42,782.8,0,1,0,0,0,0,0,0,0,1,0,0,0,0,0,0,0,0,0,1,0,0,1
0,0,1,39,1,1,69.65,2707.32,1,1,0,1,1,0,0,0,0,0,0,0,0,0,0,0,0,1,0,0,0,0,0
0,1,1,20,1,1,84.17,1671.6,0,1,0,1,1,0,0,0,0,1,0,0,0,0,0,0,0,1,1,0,0,0,0
0,0,0,72,1,1,75.96,5444.98,0,0,0,0,1,0,0,1,0,0,0,0,0,1,0,0,0,0,0,0,0,0,1
0,1,0,15,1,1,78.93,1198.32,1,0,0,1,1,0,0,0,0,1,0,0,0,0,0,1,0,0,0,0,0,0,1
0,0,1,44,1,0,85.89,3777.22,1,0,0,0,1,0,0,1,0,0,0,1,0,0,0,0,0,1,0,0,0,0,0
0,0,1,17,1,1,81.57,1388.57,1,0,0,1,1,0,0,0,0,0,0,1,0,0,0,0,0,1,0,0,0,1,0
0,0,0,28,1,1,61.35,1697.43,1,0,0,1,0,0,0,0,0,0,0,0,0,0,0,1,0,1,1,0,0,0,0
0,0,0,7,1,1,69.05,504.63,0,1,0,1,1,0,0,1,0,0,0,0,0,0,0,0,0,0,0,1,0,0,0
0,0,0,39,1,0,88.45,3444.6,0,0,0,0,1,0,0,0,0,1,0,0,0,1,0,1,0,0,1,0,0,0,1
0,0,0,57,1,1,20.09,1124.42,0,0,0,1,0,1,1,0,1,0,1,0,1,0,1,0,1,0,0,0,0,0,0
1,1,0,6,1,1,22.17,122.82,0,1,0,1,0,1,1,0,1,0,1,0,1,0,1,0,1,0,0,0,0,1,0
0,0,1,12,1,0,73.67,881.63,0,1,0,1,0,0,0,1,0,0,0,1,0,0,0,1,0,0,0,1,1,0,0
0,1,0,53,1,0,76.48,4082.45,0,0,0,1,1,0,0,1,0,0,0,0,0,0,0,1,0,0,0,1,0,1,0
0,1,0,18,1,1,98.53,1791.61,0,0,0,1,1,0,0,0,0,0,0,1,0,0,0,1,0,1,0,1,0,0,1
0,0,1,22,1,0,74.25,1600.24,1,1,0,1,1,0,0,0,0,0,0,0,0,0,0,0,0,1,0,0,0,0,0
1,1,1,8,1,1,72.65,578.86,0,0,0,0,0,0,0,1,0,1,0,0,0,0,0,1,0,0,0,1,0,0,0
0,0,0,58,1,0,19.6,1139.01,0,1,0,1,0,1,1,0,1,0,1,0,1,0,1,0,1,0,1,0,0,1,0
0,1,0,7,1,1,68.86,484.22,1,1,0,1,0,0,0,0,0,0,0,1,0,1,0,1,0,0,0,0,0,1,0
0,1,0,22,1,1,23.77,494.63,0,1,0,0,0,1,1,0,1,0,1,0,1,0,1,0,1,0,0,1,0,1,0
0,0,0,14,0,1,81.5,1128.01,1,1,1,0,1,0,0,1,0,1,0,0,0,0,0,0,0,1,0,0,0,1,0
0,0,0,45,1,0,72.27,3236.35,0,0,0,0,0,0,0,1,0,1,0,0,0,0,0,1,0,1,1,0,0,0,0
0,0,1,72,0,0,76.66,5505.16,0,1,1,0,1,0,0,1,0,0,0,0,0,1,0,0,0,0,1,0,1,0,0
1,0,0,4,1,1,89.84,346.32,1,0,0,1,1,0,0,0,0,0,0,1,0,1,0,0,0,1,1,0,0,0,1
0,1,0,14,0,1,42.56,579.85,1,1,1,0,0,0,0,0,0,0,0,0,0,0,0,0,0,0,0,0,1,0,0
1,1,1,18,1,1,74.37,1355.98,1,0,0,0,1,0,0,0,0,0,0,0,0,0,0,0,0,1,0,0,0,0,1
1,0,0,6,1,1,60.48,321.06,1,0,0,0,0,0,0,0,0,0,0,1,0,1,0,0,0,0,0,0,0,1,0
0,0,0,25,1,1,61.72,1587.3,0,0,0,0,0,0,0,0,0,1,0,0,0,0,0,1,0,0,0,0,1,0,0
0,0,0,48,1,0,84.1,4047.93,0,0,0,1,1,0,0,0,0,0,0,0,0,1,0,0,0,1,1,0,0,0,0
1,1,0,30,1,0,87.38,2637.4,1,0,0,0,1,0,0,0,0,0,0,1,0,0,0,0,0,1,0,0,0,1,0
0,1,0,40,1,0,67.32,2678.43,0,0,0,0,0,0,0,0,0,0,0,1,0,1,0,1,0,0,1,0,1,0,0
0,1,0,13,0,1,42.63,532.65,1,0,1,0,0,0,0,0,0,0,0,0,0,0,0,0,0,0,0,0,1,0,0
0,0,0,40,1,1,78.85,3098.92,1,0,0,0,1,0,0,0,0,0,0,0,0,0,0,1,0,1,0,0,0,0,0
0,1,1,30,1,0,77.49,2316.03,0,1,0,0,1,0,0,0,0,0,0,0,0,0,0,1,0,1,1,0,0,0,0
1,0,0,8,1,0,78.33,631.39,0,1,0,1,1,0,0,0,0,1,0,0,0,0,0,1,0,0,1,0,0,0,0
0,1,0,26,1,1,21.52,553.96,0,1,0,0,0,1,1,0,1,0,1,0,1,0,1,0,1,0,1,0,0,0,1
0,0,0,14,1,1,77.0,1077.78,1,1,0,1,0,0,0,0,0,0,0,0,0,1,0,1,0,1,0,0,0,1,0
1,1,0,72,1,1,19.64,1415.35,0,1,0,0,0,1,1,0,1,0,1,0,1,0,1,0,1,0,0,1,0,1,0
0,0,0,50,1,0,86.72,4358.09,0,1,0,1,1,0,0,0,0,0,0,1,0,0,0,1,0,1,0,1,0,1,0
0,0,0,28,1,1,80.57,2301.99,0,0,0,0,1,0,0,1,0,0,0,0,0,0,0,1,0,1,0,1,0,1,0
0,1,0,65,1,1,69.4,4505.01,0,1,0,1,1,0,0,0,0,0,0,0,0,1,0,0,0,0,0,0,0,0,1
0,1,0,41,1,1,54.03,2227.3,1,0,0,1,0,0,0,0,0,0,0,0,0,0,0,0,0,1,0,0,0,0,1
0,1,0,8,1,1,78.17,577.26,0,1,0,0,1,0,0,0,0,0,0,0,0,1,0,1,0,0,1,0,1,0,0
0,0,0,72,1,0,99.4,7124.11,0,0,0,0,1,0,0,1,0,1,0,0,0,0,0,0,0,1,1,0,0,0,0
0,0,1,6,0,1,51.83,289.7,1,1,1,0,0,0,0,0,0,0,0,0,0,1,0,0,0,0,0,0,0,0,1
0,1,1,72,1,1,73.59,5252.44,0,1,0,0,0,0,0,1,0,0,0,1,0,0,0,1,0,1,0,0,0,1,0
0,0,0,30,1,0,88.45,2653.78,1,1,0,1,1,0,0,0,0,0,0,1,0,0,0,1,0,1,0,0,0,1,0
0,1,0,24,1,1,94.19,2249.62,1,0,0,1,1,0,0,0,0,0,0,1,0,1,0,1,0,0,0,1,0,1,0
0,0,0,12,0,1,86.11,1035.33,1,1,1,0,1,0,0,0,0,0,0,1,0,0,0,1,0,1,0,0,0,1,0
0,0,1,31,1,1,75.06,2347.11,0,0,0,1,1,0,0,0,0,1,0,0,0,0,0,1,0,0,1,0,0,1,0
0,0,1,39,1,1,20.28,812.34,0,1,0,1,0,1,1,0,1,0,1,0,1,0,1,0,1,0,0,0,0,0,0
1,1,1,37,1,1,80.67,2953.49,0,0,0,1,1,0,0,0,0,1,0,0,0,1,0,0,0,0,0,0,0,0,1
0,1,0,30,1,0,71.38,2131.56,0,1,0,0,1,0,0,0,0,0,0,0,0,0,0,1,0,0,1,0,0,0,1
0,0,0,22,1,0,89.55,1956.45,0,0,0,1,0,0,0,1,0,1,0,0,0,1,0,1,0,1,0,0,1,0,0
0,1,1,43,1,1,84.31,3607.22,0,1,0,0,0,0,0,1,0,1,0,1,0,0,0,1,0,1,0,1,0,0,0
0,0,0,18,1,1,84.68,1498.21,1,1,0,0,1,0,0,1,0,1,0,0,0,0,0,1,0,0,0,0,0,1,0
1,0,0,24,1,1,99.63,2382.66,1,1,0,0,1,0,0,0,0,1,0,1,0,0,0,1,0,1,0,1,0,1,0
1,0,0,35,0,0,75.13,2652.68,0,1,1,0,0,0,0,1,0,0,0,1,0,0,0,1,0,1,0,0,0,0,0
0,0,0,25,1,1,74.91,1873.96,0,1,0,0,1,0,0,0,0,1,0,0,0,0,0,0,0,0,0,1,1,0,0
0,0,0,6,1,0,60.61,382.66,1,0,0,0,0,0,0,1,0,0,0,0,0,0,0,1,0,0,0,1,0,1,0
0,0,0,30,1,1,101.01,3046.23,0,1,0,1,1,0,0,1,0,1,0,1,0,0,0,1,0,1,0,1,0,0,0
0,1,0,30,1,1,72.25,2159.76,1,1,0,1,1,0,0,0,0,0,0,1,0,0,0,0,0,0,0,0,0,1,0
0,0,1,28,1,1,62.38,1713.76,1,0,0,0,1,0,0,0,0,0,0,0,0,0,0,0,0,0,0,0,0,0,0
0,1,0,22,1,0,20.78,402.66,0,1,0,0,0,1,1,0,1,0,1,0,1,0,1,0,1,0,1,0,0,1,0
0,0,0,19,1,1,67.52,1245.14,1,1,0,0,1,0,0,0,0,1,0,0,0,0,0,0,0,0,0,0,0,1,0
0,0,0,26,1,1,98.71,2532.88,0,0,0,1,1,0,0,1,0,0,0,0,0,1,0,1,0,1,0,0,0,1,0
0,0,1,13,1,1,69.06,936.54,1,0,0,0,0,0,0,1,0,0,0,1,0,0,0,0,0,0,0,0,0,0,1
0,1,1,68,1,1,69.81,4736.93,0,0,0,0,0,0,0,1,0,1,0,0,0,0,0,1,0,0,0,1,1,0,0
0,1,0,35,1,0,18.97,629.53,0,1,0,0,0,1,1,0,1,0,1,0,1,0,1,0,1,0,0,1,0,0,0
1,0,1,32,1,1,22.2,713.14,0,0,0,0,0,1,1,0,1,0,1,0,1,0,1,0,1,0,0,0,1,0,0
1,0,1,56,1,0,19.22,1035.96,0,1,0,0,0,1,1,0,1,0,1,0,1,0,1,0,1,0,0,1,0,0,1
0,1,0,11,1,1,22.11,202.62,0,0,0,1,0,1,1,0,1,0,1,0,1,0,1,0,1,0,1,0,0,0,1
0,0,0,17,1,0,77.8,1338.31,1,0,0,0,0,0,0,0,0,1,0,1,0,1,0,1,0,1,0,0,0,1,0
0,0,1,15,1,0,75.76,1165.96,1,0,0,1,1,0,0,0,0,1,0,1,0,0,0,0,0,0,1,0,0,0,0
0,0,1,34,1,0,49.35,1652.08,0,1,0,1,0,0,0,0,0,0,0,0,0,0,0,0,0,1,1,0,0,0,0
0,0,0,11,1,1,76.15,835.92,1,1,0,0,1,0,0,0,0,0,0,0,0,0,0,1,0,1,0,1,0,0,1
0,0,0,45,1,1,78.76,3516.38,0,0,0,1,1,0,0,1,0,0,0,1,0,0,0,0,0,0,1,0,0,1,0
0,0,0,33,1,1,90.79,3023.07,1,0,0,0,1,0,0,0,0,1,0,1,0,0,0,0,0,1,0,0,0,0,1
0,1,0,14,1,1,59.85,856.59,1,0,0,0,0,0,0,0,0,1,0,0,0,0,0,0,0,1,0,0,0,1,0
0,0,0,7,1,1,19.67,149.98,0,0,0,1,0,1,1,0,1,0,1,0,1,0,1,0,1,0,0,1,1,0,0
0,0,0,32,1,1,75.07,2364.87,0,0,0,1,1,0,0,0,0,0,0,0,0,0,0,0,0,1,0,1,1,0,0
1,0,0,4,1,0,19.57,71.97,0,1,0,0,0,1,1,0,1,0,1,0,1,0,1,0,1,0,0,1,0,0,0
0,0,0,13,1,1,76.76,1034.17,0,1,0,0,1,0,0,0,0,0,0,0,0,0,0,1,0,0,1,0,0,0,1
1,0,0,23,1,1,59.09,1361.1,0,1,0,1,0,0,0,0,0,1,0,0,0,0,0,0,0,1,0,1,0,1,0
0,1,1,22,1,0,20.76,504.5,0,1,0,1,0,1,1,0,1,0,1,0,1,0,1,0,1,0,1,0,0,0,0
0,1,1,15,1,1,18.53,290.59,1,1,0,0,0,1,1,0,1,0,1,0,1,0,1,0,1,0,0,1,0,1,0
1,1,0,43,1,0,60.89,2587.71,0,0,0,0,0,0,0,0,0,0,0,0,0,0,0,1,0,1,0,0,0,0,0
1,0,1,12,1,1,78.95,933.45,0,0,0,0,1,0,0,0,0,0,0,0,0,0,0,1,0,1,1,0,0,0,0
1,0,0,15,1,1,64.95,939.45,1,0,0,1,0,0,0,0,0,0,0,1,0,0,0,1,0,0,1,0,0,0,1
0,1,0,28,1,1,22.13,654.39,1,1,0,0,0,1,1,0,1,0,1,0,1,0,1,0,1,0,0,0,0,1,0
0,1,1,28,1,1,82.56,2314.59,1,0,0,0,1,0,0,0,0,0,0,1,0,0,0,0,0,1,0,0,0,0,1
0,0,0,8,1,1,56.2,463.59,1,0,0,1,0,0,0,0,0,0,0,0,0,0,0,1,0,0,0,0,1,0,0
0,1,0,27,0,1,58.93,1613.17,1,0,1,0,0,0,0,0,0,0,0,0,0,0,0,1,0,1,0,0,0,1,0
1,1,0,16,1,1,55.31,869.03,1,0,0,1,0,0,0,1,0,0,0,0,0,0,0,1,0,0,0,0,0,1,0
0,1,1,15,1,1,87.9,1287.93,1,0,0,1,1,0,0,0,0,0,0,1,0,0,0,1,0,1,0,0,1,0,0
0,0,1,32,1,0,20.93,713.89,1,0,0,0,0,1,1,0,1,0,1,0,1,0,1,0,1,0,0,0,0,1,0
1,0,1,10,1,0,19.45,183.42,0,1,0,1,0,1,1,0,1,0,1,0,1,0,1,0,1,0,0,0,0,1,0
1,0,1,21,1,0,73.58,1544.2,0,0,0,0,1,0,0,0,0,0,0,0,0,0,0,1,0,0,0,1,1,0,0
1,1,0,24,1,1,24.32,584.18,0,1,0,0,0,1,1,0,1,0,1,0,1,0,1,0,1,0,0,0,0,0,1
0,1,0,32,1,1,19.39,640.79,0,1,0,0,0,1,1,0,1,0,1,0,1,0,1,0,1,0,0,1,0,0,0
0,0,1,14,1,1,72.41,978.52,1,1,0,1,1,0,0,0,0,0,0,1,0,0,0,0,0,0,0,0,0,0,0
1,0,0,37,1,1,41.39,1552.14,1,0,0,0,0,0,0,0,0,0,0,0,0,0,0,0,0,0,0,0,0,1,0
0,1,1,45,1,0,87.05,3948.59,0,0,0,0,1,0,0,0,0,0,0,1,0,0,0,1,0,0,1,0,0,1,0
0,0,0,44,1,1,20.16,874.01,0,0,0,1,0,1,1,0,1,0,1,0,1,0,1,0,1,0,0,1,0,0,1
1,0,0,8,1,0,23.94,162.54,0,1,0,0,0,1,1,0,1,0,1,0,1,0,1,0,1,0,0,0,1,0,0
0,0,0,43,1,0,74.31,3156.83,0,1,0,1,1,0,0,0,0,1,0,0,0,0,0,0,0,0,0,0,0,1,0
0,1,0,44,1,0,52.68,2330.05,0,0,0,0,0,0,0,0,0,0,0,0,0,0,0,1,0,0,0,1,1,0,0
0,1,0,72,1,0,98.05,7040.97,1,1,0,0,1,0,0,0,0,1,0,1,0,0,0,1,0,1,0,0,0,0,1
0,1,0,9,1,0,83.75,767.58,0,0,0,0,1,0,0,0,0,0,0,1,0,0,0,0,0,1,0,1,0,0,1
1,0,1,63,1,0,64.85,4104.22,0,1,0,0,0,0,0,1,0,1,0,0,0,0,0,0,0,1,0,1,0,1,0
0,0,1,4,1,0,83.08,340.07,1,0,0,0,1,0,0,0,0,1,0,0,0,0,0,0,0,1,0,0,0,1,0
0,1,0,45,1,1,104.02,4704.39,1,0,0,1,1,0,0,1,0,1,0,1,0,1,0,1,0,0,0,0,0,1,0
0,1,1,52,1,0,21.26,1093.12,0,0,0,0,0,1,1,0,1,0,1,0,1,0,1,0,1,0,1,0,1,0,0
1,1,0,44,1,0,100.23,4390.97,0,1,0,0,1,0,0,1,0,0,0,0,0,1,0,1,0,1,0,0,1,0,0
1,0,1,6,1,1,70.87,422.28,1,0,0,0,1,0,0,0,0,0,0,0,0,1,0,0,0,0,1,0,0,0,0
0,0,1,60,1,1,59.97,3599.86,0,0,0,0,0,0,0,1,0,0,0,0,0,0,0,0,0,0,0,0,0,0,0
0,1,0,72,1,0,93.48,6721.94,1,0,0,0,1,0,0,0,0,0,0,0,0,1,0,1,0,1,0,0,0,0,1
0,0,0,10,1,1,20.35,249.2,0,0,0,0,0,1,1,0,1,0,1,0,1,0,1,0,1,0,0,0,0,1,0
0,0,1,20,1,0,72.92,1415.02,0,1,0,0,1,0,0,0,0,0,0,0,0,0,0,1,0,0,0,0,0,0,1
0,0,1,14,0,0,18.25,263.79,0,1,1,0,0,1,1,0,1,0,1,0,1,0,1,0,1,0,0,0,0,0,1
0,0,0,39,0,0,58.11,2227.05,1,1,1,0,0,0,0,1,0,0,0,0,0,1,0,0,0,0,0,0,0,1,0
0,1,0,17,1,1,95.94,1631.57,0,1,0,0,1,0,0,1,0,1,0,0,0,0,0,1,0,1,0,1,0,1,0
0,0,0,41,1,1,18.25,776.61,1,0,0,0,0,1,1,0,1,0,1,0,1,0,1,0,1,0,0,0,0,1,0
0,0,1,22,1,0,19.82,378.06,0,1,0,0,0,1,1,0,1,0,1,0,1,0,1,0,1,0,0,0,0,0,1
0,0,0,28,1,1,83.57,2345.27,1,1,0,0,1,0,0,0,0,1,0,1,0,0,0,0,0,0,0,0,0,0,0
0,0,1,25,1,1,86.03,2159.77,1,1,0,1,1,0,0,0,0,0,0,1,0,0,0,1,0,1,0,0,0,0,1
0,1,1,4,1,0,22.01,82.98,0,1,0,0,0,1,1,0,1,0,1,0,1,0,1,0,1,0,0,0,0,0,0
0,0,0,27,1,1,98.55,2643.79,0,1,0,1,1,0,0,0,0,1,0,0,0,1,0,1,0,1,0,1,1,0,0
0,0,1,6,1,1,53.99,319.71,1,0,0,0,0,0,0,0,0,0,0,0,0,0,0,1,0,0,1,0,0,0,0
1,1,0,7,1,1,68.34,487.66,1,1,0,1,1,0,0,0,0,0,0,0,0,0,0,0,0,0,1,0,0,0,0
0,0,0,61,1,0,80.06,4837.08,0,0,0,0,1,0,0,0,0,0,0,0,0,0,0,0,0,1,0,1,0,0,0
1,1,0,38,1,0,93.92,3562.97,1,1,0,1,1,0,0,1,0,0,0,1,0,0,0,0,0,1,0,0,0,0,1
0,0,0,36,1,1,61.95,2233.65,0,1,0,0,0,0,0,0,0,1,0,0,0,1,0,1,0,0,1,0,0,1,0
0,1,1,27,1,1,99.36,2697.61,1,0,0,0,1,0,0,0,0,1,0,1,0,1,0,1,0,1,0,0,1,0,0
0,1,0,72,1,0,80.43,5838.68,0,1,0,0,1,0,0,0,0,1,0,1,0,0,0,0,0,0,0,0,0,0,1
0,0,0,27,1,1,75.26,2047.6,1,1,0,1,1,0,0,0,0,1,0,0,0,0,0,0,0,1,0,0,0,1,0
1,0,0,23,1,0,47.27,1088.97,0,0,0,0,0,0,0,0,0,0,0,0,0,0,0,0,0,0,1,0,0,1,0
0,0,1,23,1,1,87.04,1991.93,1,0,0,0,1,0,0,1,0,0,0,0,0,0,0,0,0,1,1,0,0,0,0
0,0,0,54,1,1,19.37,1025.42,0,0,0,1,0,1,1,0,1,0,1,0,1,0,1,0,1,0,0,0,0,1,0
0,1,0,26,1,0,45.36,1175.93,0,1,0,1,0,0,0,0,0,0,0,0,0,0,0,0,0,0,0,1,0,1,0
0,0,0,32,1,0,75.59,2408.46,0,0,0,0,1,0,0,1,0,0,0,0,0,0,0,1,0,0,0,0,0,0,0
1,0,0,57,1,1,79.95,4545.02,0,0,0,0,1,0,0,0,0,1,0,0,0,0,0,1,0,0,0,0,0,0,0
0,1,1,37,1,0,87.69,3254.24,1,0,0,0,1,0,0,0,0,1,0,0,0,1,0,0,0,1,0,0,0,0,1
0,0,0,48,1,0,89.3,4326.38,0,1,0,0,1,0,0,1,0,1,0,0,0,0,0,0,0,1,0,1,0,0,0
1,1,1,13,1,1,76.13,1018.03,1,1,0,0,0,0,0,1,0,0,0,1,0,0,0,1,0,0,0,0,1,0,0
1,1,1,9,1,1,86.22,795.21,1,1,0,1,1,0,0,0,0,0,0,1,0,1,0,0,0,0,1,0,0,1,0
0,0,0,69,1,0,22.38,1576.17,0,1,0,0,0,1,1,0,1,0,1,0,1,0,1,0,1,0,0,0,0,1,0
0,0,1,46,1,1,75.73,3477.34,0,0,0,1,0,0,0,1,0,1,0,1,0,0,0,1,0,0,0,0,1,0,0
0,0,0,40,1,0,21.8,855.36,0,1,0,0,0,1,1,0,1,0,1,0,1,0,1,0,1,0,0,0,0,0,1
0,0,1,33,1,1,98.87,3285.89,1,1,0,0,1,0,0,1,0,1,0,0,0,1,0,1,0,1,0,0,0,1,0
0,1,0,25,1,1,67.66,1681.17,1,1,0,1,0,0,0,0,0,1,0,0,0,0,0,1,0,0,0,0,0,0,0
1,0,0,14,1,1,86.84,1193.49,0,1,0,1,0,0,0,0,0,1,0,1,0,1,0,1,0,1,0,1,0,0,0
0,1,0,14,1,1,78.28,1130.8,0,1,0,1,0,0,0,0,0,1,0,0,0,1,0,1,0,1,0,1,1,0,0
1,1,0,9,1,1,85.4,739.97,1,1,0,1,1,0,0,1,0,1,0,1,0,0,0,0,0,0,0,0,0,0,1
0,1,0,6,1,1,45.87,269.21,1,1,0,0,0,0,0,0,0,0,0,0,0,0,0,0,0,0,0,0,0,0,1
0,1,0,12,1,0,79.34,966.27,0,0,0,1,1,0,0,0,0,1,0,0,0,1,0,0,0,0,0,1,0,0,1
1,1,0,19,0,1,18.25,358.56,0,1,1,0,0,1,1,0,1,0,1,0,1,0,1,0,1,0,1,0,1,0,0
0,0,0,69,0,0,19.72,1346.86,0,0,1,0,0,1,1,0,1,0,1,0,1,0,1,0,1,0,1,0,0,0,1
0,0,1,6,1,1,21.77,139.02,0,1,0,0,0,1,1,0,1,0,1,0,1,0,1,0,1,0,0,0,0,1,0
0,0,1,28,1,1,85.94,2378.71,1,1,0,0,1,0,0,0,0,0,0,0,0,1,0,1,0,1,0,0,0,1,0
0,1,0,72,1,1,66.66,4819.47,0,1,0,0,0,0,0,0,0,1,0,1,0,0,0,0,0,1,0,1,0,1,0
0,0,0,54,1,0,81.98,4423.64,1,1,0,0,1,0,0,0,0,1,0,0,0,0,0,1,0,0,0,0,0,1,0
0,1,0,26,1,0,64.77,1707.9,1,1,0,0,0,0,0,0,0,1,0,0,0,0,0,0,0,1,0,0,0,1,0
1,0,0,14,1,1,20.14,295.81,1,1,0,0,0,1,1,0,1,0,1,0,1,0,1,0,1,0,0,0,0,1,0
1,0,0,3,1,0,21.28,111.01,0,0,0,0,0,1,1,0,1,0,1,0,1,0,1,0,1,0,1,0,1,0,0
0,1,0,29,1,1,50.59,1466.87,0,1,0,0,0,0,0,0,0,0,0,1,0,0,0,0,0,0,1,0,0,1,0
0,0,0,42,1,1,86.72,3663.56,0,1,0,0,1,0,0,1,0,1,0,0,0,0,0,1,0,0,1,0,1,0,0
0,0,0,15,1,1,73.89,1134.17,0,0,0,0,0,0,0,1,0,0,0,0,0,1,0,1,0,0,1,0,0,1,0
0,1,0,56,1,1,100.62,5645.16,0,1,0,0,1,0,0,0,0,1,0,0,0,1,0,1,0,1,1,0,1,0,0
0,0,0,23,1,0,59.04,1342.91,0,1,0,0,0,0,0,0,0,0,0,1,0,0,0,1,0,0,0,1,1,0,0
0,0,1,32,1,0,18.49,567.28,0,1,0,0,0,1,1,0,1,0,1,0,1,0,1,0,1,0,0,0,1,0,0
1,1,1,26,1,1,66.23,1693.02,1,1,0,1,1,0,0,0,0,1,0,0,0,0,0,0,0,0,0,0,0,0,0
0,1,0,56,1,1,78.34,4426.9,1,1,0,0,1,0,0,0,0,0,0,0,0,1,0,0,0,0,0,0,0,1,0
0,1,0,57,1,1,62.83,3564.32,0,0,0,0,0,0,0,0,0,0,0,1,0,0,0,1,0,0,0,0,0,0,0
1,0,1,38,1,1,74.88,2834.13,0,0,0,0,1,0,0,1,0,0,0,0,0,0,0,0,0,1,0,1,0,1,0
0,1,1,20,0,0,71.45,1439.2,1,0,1,0,1,0,0,0,0,0,0,0,0,1,0,0,0,0,0,0,0,1,0
1,0,1,25,1,1,61.77,1561.9,0,1,0,0,0,0,0,0,0,0,0,1,0,0,0,1,0,0,0,1,1,0,0
1,1,0,72,0,1,60.42,4356.69,0,1,1,0,0,0,0,1,0,0,0,0,0,0,0,0,0,1,0,1,0,1,0
0,0,0,72,1,1,71.65,5165.48,1,1,0,1,1,0,0,0,0,0,0,0,0,1,0,1,0,0,0,0,0,1,0
0,0,0,27,1,1,80.2,2185.41,1,1,0,0,1,0,0,0,0,0,0,0,0,1,0,1,0,0,0,0,1,0,0
0,0,0,9,0,1,75.32,701.43,0,1,1,0,1,0,0,0,0,0,0,0,0,1,0,0,0,1,0,1,1,0,0
1,0,1,50,1,0,22.08,1095.39,0,1,0,0,0,1,1,0,1,0,1,0,1,0,1,0,1,0,1,0,0,0,0
1,0,1,17,1,0,26.01,422.91,0,1,0,1,0,1,1,0,1,0,1,0,1,0,1,0,1,0,1,0,0,0,1
0,0,0,67,1,0,22.95,1555.9,1,1,0,0,0,1,1,0,1,0,1,0,1,0,1,0,1,0,0,0,0,1,0
0,1,0,15,1,1,61.65,928.44,0,1,0,0,0,0,0,0,0,0,0,1,0,0,0,1,0,0,0,0,1,0,0
0,1,0,18,1,0,49.32,896.15,0,0,0,0,0,0,0,0,0,1,0,0,0,0,0,0,0,0,0,1,0,1,0
0,0,1,8,1,1,78.23,607.32,0,1,0,0,1,0,0,0,0,1,0,1,0,0,0,0,0,0,0,1,0,0,1
0,1,0,72,0,1,18.25,1343.37,0,0,1,0,0,1,1,0,1,0,1,0,1,0,1,0,1,0,0,1,1,0,0
1,1,0,11,1,0,21.52,238.11,0,1,0,0,0,1,1,0,1,0,1,0,1,0,1,0,1,0,0,1,0,0,0
0,0,0,47,1,0,71.51,3381.8,1,0,0,0,1,0,0,0,0,1,0,0,0,0,0,1,0,0,0,0,0,1,0
0,0,0,22,1,1,22.83,514.1,0,1,0,1,0,1,1,0,1,0,1,0,1,0,1,0,1,0,0,0,0,1,0
0,1,0,18,1,0,64.52,1127.83,0,1,0,0,0,0,0,0,0,0,0,1,0,1,0,1,0,0,0,0,0,0,0
0,1,0,17,1,1,86.16,1460.66,1,1,0,0,1,0,0,0,0,0,0,0,0,1,0,1,0,0,1,0,0,0,1
0,1,0,66,1,1,60.23,3968.87,0,1,0,0,0,0,0,0,0,1,0,0,0,0,0,1,0,0,1,0,0,1,0
1,1,0,72,1,0,65.85,4729.11,0,0,0,1,0,0,0,1,0,0,0,0,0,0,0,1,0,0,0,0,0,0,1
0,1,0,61,1,0,72.98,4411.46,0,1,0,1,1,0,0,0,0,0,0,0,0,0,0,0,0,1,0,0,0,0,1
0,0,0,4,1,1,55.63,259.41,1,1,0,1,0,0,0,0,0,0,0,0,0,0,0,1,0,0,1,0,0,0,0
0,0,0,47,1,1,104.46,4925.68,1,0,0,0,1,0,0,1,0,1,0,1,0,1,0,1,0,1,0,0,0,0,0
0,1,0,22,1,1,84.02,1847.78,0,1,0,0,1,0,0,0,0,1,0,0,0,0,0,0,0,0,0,1,0,1,0
0,1,0,24,1,1,18.57,421.92,0,0,0,0,0,1,1,0,1,0,1,0,1,0,1,0,1,0,0,0,1,0,0
1,0,0,30,1,0,18.85,539.12,0,0,0,0,0,1,1,0,1,0,1,0,1,0,1,0,1,0,0,1,1,0,0
0,1,0,26,1,1,96.47,2502.06,1,1,0,1,1,0,0,0,0,0,0,1,0,1,0,1,0,0,0,0,0,0,0
0,1,1,38,1,0,78.91,3001.58,1,1,0,0,1,0,0,1,0,1,0,0,0,0,0,0,0,0,1,0,0,1,0
0,1,0,22,1,0,73.96,1578.98,0,1,0,1,1,0,0,0,0,0,0,0,0,0,0,0,0,1,0,1,0,0,1
0,0,0,50,1,0,81.67,4107.64,0,0,0,1,0,0,0,1,0,1,0,1,0,0,0,1,0,0,0,0,0,0,0
0,1,1,28,0,1,92.52,2598.43,0,1,1,0,1,0,0,1,0,1,0,0,0,1,0,0,0,0,1,0,1,0,0
0,1,1,28,1,0,18.25,493.65,0,1,0,0,0,1,1,0,1,0,1,0,1,0,1,0,1,0,0,0,1,0,0
0,0,1,26,1,0,82.61,2169.0,1,1,0,0,1,0,0,1,0,1,0,0,0,0,0,0,0,1,0,0,0,0,0
1,0,0,47,1,0,58.96,2786.24,1,0,0,1,0,0,0,0,0,1,0,0,0,0,0,1,0,0,0,0,1,0,0
0,0,1,19,1,1,56.41,1107.46,1,0,0,1,0,0,0,0,0,0,0,0,0,0,0,0,0,1,0,0,0,0,1
0,0,0,38,1,1,51.65,1947.8,0,0,0,0,0,0,0,0,0,0,0,0,0,0,0,1,0,0,0,0,0,0,1
0,0,1,29,1,0,91.19,2647.8,0,0,0,0,1,0,0,1,0,0,0,0,0,0,0,1,0,1,0,1,0,0,1
1,1,1,67,1,0,21.66,1473.84,0,0,0,1,0,1,1,0,1,0,1,0,1,0,1,0,1,0,0,1,1,0,0
0,1,1,20,1,1,64.34,1308.96,0,1,0,1,0,0,0,1,0,0,0,1,0,1,0,0,0,0,0,0,0,0,1
1,1,1,51,1,0,100.71,5161.21,0,0,0,0,1,0,0,1,0,1,0,1,0,1,0,0,0,1,0,1,0,0,0
0,1,0,33,1,0,71.82,2348.63,0,0,0,0,1,0,0,1,0,0,0,0,0,0,0,0,0,0,0,1,0,1,0
1,1,0,63,1,0,19.86,1306.09,1,1,0,0,0,1,1,0,1,0,1,0,1,0,1,0,1,0,0,0,0,1,0
0,1,0,28,1,0,47.54,1320.9,0,0,0,0,0,0,0,0,0,0,0,0,0,0,0,0,0,0,0,0,1,0,0
0,0,0,18,1,0,84.78,1481.69,0,0,0,0,1,0,0,0,0,0,0,0,0,1,0,0,0,1,0,1,0,1,0
0,0,1,18,1,0,69.65,1238.19,1,1,0,1,0,0,0,0,0,1,0,0,0,1,0,1,0,0,0,0,0,0,1
0,1,0,31,1,1,82.1,2528.81,0,1,0,0,1,0,0,1,0,0,0,0,0,1,0,0,0,0,0,0,1,0,0
0,0,0,26,1,0,84.26,2166.33,1,1,0,0,1,0,0,1,0,1,0,0,0,0,0,0,0,1,0,0,0,0,1
0,1,0,19,1,1,70.94,1409.46,0,0,0,0,0,0,0,0,0,0,0,0,0,1,0,1,0,1,1,0,0,0,1
0,0,0,31,1,1,80.63,2474.44,1,1,0,1,0,0,0,0,0,1,0,1,0,0,0,1,0,1,0,0,0,1,0
0,0,0,1,1,1,86.27,84.68,1,0,0,0,1,0,0,1,0,0,0,0,0,0,0,1,0,1,0,0,0,1,0
0,1,1,23,1,1,67.18,1523.97,0,1,0,1,0,0,0,0,0,0,0,1,0,1,0,0,0,1,0,0,1,0,0
0,1,1,27,1,1,23.46,646.27,1,0,0,0,0,1,1,0,1,0,1,0,1,0,1,0,1,0,0,0,0,0,1
1,0,0,5,1,0,21.69,91.18,0,1,0,0,0,1,1,0,1,0,1,0,1,0,1,0,1,0,1,0,0,1,0
0,0,0,10,1,1,20.03,157.63,0,0,0,0,0,1,1,0,1,0,1,0,1,0,1,0,1,0,1,0,0,0,0
0,0,0,11,1,1,64.26,695.74,0,1,0,0,0,0,0,0,0,0,0,1,0,1,0,0,0,0,0,1,0,0,0
1,1,1,25,1,1,71.51,1808.22,1,1,0,1,1,0,0,0,0,1,0,0,0,0,0,0,0,0,0,0,0,0,1
0,1,0,21,1,1,81.36,1716.54,1,1,0,1,1,0,0,0,0,1,0,0,0,0,0,1,0,0,0,0,0,1,0
0,1,0,22,1,1,60.88,1350.06,1,1,0,1,0,0,0,0,0,1,0,0,0,0,0,0,0,1,0,0,0,1,0
0,0,1,5,1,1,22.16,73.83,0,1,0,1,0,1,1,0,1,0,1,0,1,0,1,0,1,0,0,0,0,0,1
0,1,0,54,1,0,92.21,4993.03,0,0,0,1,1,0,0,0,0,1,0,1,0,0,0,1,0,0,0,1,0,0,0
0,1,0,65,1,1,58.8,3827.97,0,0,0,0,0,0,0,0,0,0,0,1,0,0,0,0,0,1,0,0,0,1,0
0,0,0,7,0,1,54.95,397.83,1,0,1,0,0,0,0,0,0,0,0,1,0,1,0,1,0,0,1,0,0,0,1
0,1,1,20,1,1,102.22,2046.71,1,0,0,1,1,0,0,1,0,1,0,1,0,0,0,1,0,1,0,0,0,0,0
0,1,1,21,1,1,25.83,538.54,0,1,0,0,0,1,1,0,1,0,1,0,1,0,1,0,1,0,0,1,0,1,0
0,0,1,35,1,1,100.34,3516.94,1,0,0,1,1,0,0,1,0,0,0,1,0,1,0,1,0,1,0,0,0,1,0
0,0,0,18,1,0,56.58,978.67,1,0,0,0,0,0,0,0,0,0,0,0,0,0,0,1,0,0,1,0,1,0,0
0,0,0,51,1,0,94.84,4860.11,0,1,0,0,1,0,0,1,0,0,0,1,0,1,0,1,0,0,0,0,0,0,1
1,1,1,10,1,1,77.58,793.51,1,0,0,0,1,0,0,0,0,0,0,1,0,0,0,1,0,0,0,0,0,0,0
0,0,0,42,1,1,18.35,777.17,0,1,0,1,0,1,1,0,1,0,1,0,1,0,1,0,1,0,0,0,1,0,0
0,1,0,34,1,1,89.46,3048.47,0,0,0,1,1,0,0,0,0,1,0,0,0,0,0,1,0,1,0,0,0,1,0
0,0,1,8,1,1,77.43,634.32,0,0,0,1,1,0,0,1,0,0,0,0,0,0,0,0,0,0,1,0,0,0,0
1,0,1,20,1,0,53.55,1085.35,0,0,0,0,0,0,0,1,0,0,0,0,0,0,0,1,0,0,1,0,0,1,0
0,0,1,9,1,1,44.61,372.89,1,1,0,1,0,0,0,0,0,0,0,0,0,1,0,0,0,0,1,0,1,0,0
0,0,1,72,1,1,80.26,5824.58,0,0,0,0,1,0,0,0,0,0,0,0,0,0,0,1,0,1,1,0,0,1,0
0,0,0,23,1,0,22.38,532.76,0,1,0,1,0,1,1,0,1,0,1,0,1,0,1,0,1,0,1,0,1,0,0
0,1,0,18,1,0,19.22,379.11,0,0,0,0,0,1,1,0,1,0,1,0,1,0,1,0,1,0,1,0,0,1,0
0,1,0,4,1,0,88.89,361.08,1,1,0,0,1,0,0,0,0,0,0,0,0,1,0,1,0,1,0,0,1,0,0
0,1,0,33,1,1,84.82,2804.97,1,0,0,1,1,0,0,0,0,0,0,1,0,0,0,0,0,1,0,0,0,1,0
0,0,0,19,1,1,73.78,1395.84,0,0,0,1,1,0,0,0,0,0,0,0,0,0,0,0,0,1,0,1,0,1,0
0,1,1,42,1,0,18.25,783.57,0,1,0,1,0,1,1,0,1,0,1,0,1,0,1,0,1,0,0,0,0,1,0
0,0,1,72,1,1,103.73,7451.28,1,1,0,1,1,0,0,1,0,0,0,0,0,1,0,1,0,1,0,1,0,1,0
0,0,1,46,1,0,101.89,4679.18,0,0,0,1,1,0,0,1,0,0,0,0,0,1,0,1,0,1,0,1,0,0,1
0,0,0,11,1,1,83.5,956.14,0,1,0,0,1,0,0,0,0,1,0,0,0,1,0,1,0,0,1,0,0,0,1
0,1,0,18,1,0,18.6,308.69,0,1,0,1,0,1,1,0,1,0,1,0,1,0,1,0,1,0,0,1,0,1,0
0,0,0,7,1,0,98.33,694.99,1,1,0,1,1,0,0,1,0,1,0,0,0,1,0,1,0,0,0,0,1,0,0
0,0,0,14,1,0,81.48,1116.67,1,1,0,1,0,0,0,1,0,1,0,0,0,0,0,1,0,1,1,0,0,0,0
0,0,1,53,1,0,20.77,1069.46,0,0,0,0,0,1,1,0,1,0,1,0,1,0,1,0,1,0,0,0,0,1,0
1,0,0,15,1,1,59.54,885.69,0,0,0,1,0,0,0,0,0,0,0,1,0,1,0,0,0,0,1,0,0,1,0
0,1,0,42,1,1,58.53,2477.53,1,1,0,0,0,0,0,0,0,0,0,0,0,1,0,1,0,0,0,0,1,0,0
0,1,0,17,1,1,78.51,1285.68,0,1,0,1,1,0,0,0,0,0,0,0,0,0,0,1,0,1,1,0,0,1,0
0,0,0,46,1,1,91.07,4210.43,1,1,0,1,1,0,0,0,0,1,0,0,0,1,0,1,0,1,0,0,0,0,0
1,0,1,10,1,1,18.25,218.65,0,1,0,1,0,1,1,0,1,0,1,0,1,0,1,0,1,0,0,0,0,0,1
0,0,0,9,1,1,73.18,619.89,0,0,0,0,1,0,0,0,0,0,0,0,0,1,0,0,0,0,1,0,1,0,0
0,0,0,72,1,0,20.78,1518.03,0,1,0,1,0,1,1,0,1,0,1,0,1,0,1,0,1,0,0,0,1,0,0
0,0,0,11,1,1,59.01,670.9,1,0,0,1,0,0,0,1,0,1,0,0,0,0,0,0,0,0,1,0,0,1,0
0,0,1,54,1,1,91.83,5013.69,0,0,0,0,1,0,0,0,0,0,0,1,0,0,0,1,0,1,1,0,0,0,1
0,0,1,37,1,1,97.86,3589.34,0,0,0,0,1,0,0,1,0,1,0,1,0,0,0,0,0,1,0,1,0,0,1
0,0,0,14,1,1,66.17,907.63,0,0,0,0,0,0,0,0,0,1,0,0,0,0,0,1,0,1,1,0,1,0,0
0,1,0,14,1,0,70.95,971.65,1,1,0,0,0,0,0,0,0,1,0,1,0,0,0,1,0,0,0,0,0,0,0
0,1,1,20,1,1,69.21,1378.46,0,1,0,0,0,0,0,0,0,0,0,1,0,1,0,1,0,0,0,0,1,0,0
1,1,1,55,1,1,80.69,4399.79,0,1,0,0,0,0,0,1,0,1,0,0,0,0,0,1,0,1,0,1,0,1,0
0,1,0,17,1,1,69.36,1205.3,1,0,0,0,1,0,0,0,0,0,0,1,0,0,0,0,0,0,0,0,0,1,0
1,0,0,42,0,1,50.99,2144.96,0,0,1,0,0,0,0,1,0,0,0,0,0,0,0,0,0,0,1,0,0,0,0
1,0,0,34,1,0,80.55,2703.19,0,1,0,0,1,0,0,0,0,1,0,1,0,0,0,0,0,0,1,0,0,1,0
1,1,1,35,1,0,85.31,3004.74,1,1,0,0,1,0,0,0,0,0,0,1,0,0,0,1,0,0,0,0,1,0,0
0,1,0,72,1,0,77.16,5595.04,1,1,0,0,1,0,0,0,0,0,0,0,0,1,0,0,0,0,0,0,0,0,0
0,0,0,40,1,1,85.76,3427.89,0,0,0,1,1,0,0,1,0,0,0,1,0,0,0,1,0,0,1,0,0,0,1
0,0,0,35,1,0,92.32,3241.5,1,0,0,0,1,0,0,0,0,0,0,1,0,0,0,1,0,1,0,0,0,1,0
0,0,0,4,1,1,21.17,69.85,0,0,0,1,0,1,1,0,1,0,1,0,1,0,1,0,1,0,0,0,0,0,1
0,1,0,65,1,0,59.44,3851.04,0,0,0,1,0,0,0,0,0,1,0,1,0,0,0,0,0,0,1,0,0,0,1
0,1,1,46,0,1,75.81,3502.74,0,1,1,0,1,0,0,0,0,0,0,1,0,0,0,0,0,1,0,0,0,0,1
0,0,0,34,1,1,87.85,2987.0,1,0,0,0,1,0,0,0,0,0,0,1,0,1,0,0,0,0,1,0,0,0,0
0,0,0,20,1,1,21.13,405.83,0,0,0,1,0,1,1,0,1,0,1,0,1,0,1,0,1,0,0,0,1,0,0
0,0,0,5,1,1,95.04,443.23,0,1,0,0,1,0,0,1,0,1,0,0,0,0,0,0,0,1,0,0,1,0,0
0,0,0,39,1,0,60.39,2379.76,0,0,0,0,0,0,0,0,0,1,0,0,0,1,0,1,0,0,1,0,0,0,0
0,1,1,26,1,1,18.78,509.45,0,1,0,0,0,1,1,0,1,0,1,0,1,0,1,0,1,0,0,0,0,1,0
0,1,0,72,1,0,61.08,4413.47,0,0,0,1,0,0,0,0,0,1,0,1,0,0,0,1,0,0,0,0,0,1,0
0,1,0,42,1,0,21.22,938.22,0,0,0,1,0,1,1,0,1,0,1,0,1,0,1,0,1,0,1,0,0,1,0
0,1,1,29,0,0,100.03,2931.6,0,0,1,0,1,0,0,0,0,1,0,0,0,1,0,1,0,1,0,1,0,1,0
0,1,0,72,1,1,62.34,4459.1,0,0,0,1,0,0,0,0,0,0,0,0,0,1,0,1,0,0,1,0,0,0,1
0,1,0,26,1,0,82.19,2135.73,0,1,0,1,1,0,0,0,0,0,0,0,0,1,0,0,0,1,0,0,0,1,0
0,1,0,72,1,1,91.12,6564.64,1,0,0,0,1,0,0,0,0,1,0,0,0,0,0,1,0,1,0,0,0,1,0
0,0,0,3,1,0,66.33,128.25,1,0,0,0,0,0,0,0,0,1,0,1,0,0,0,1,0,0,1,0,0,0,0
1,1,1,72,0,0,18.25,1274.02,0,1,1,0,0,1,1,0,1,0,1,0,1,0,1,0,1,0,0,0,0,1,0
1,0,0,54,1,1,62.34,3338.5,0,0,0,0,0,0,0,0,0,0,0,0,0,1,0,0,0,1,0,1,0,0,1
0,1,1,12,1,1,52.74,647.65,1,1,0,1,0,0,0,0,0,0,0,0,0,0,0,0,0,1,0,0,0,1,0
0,1,0,72,1,1,48.36,3497.3,0,0,0,0,0,0,0,0,0,0,0,0,0,0,0,0,0,0,0,0,0,0,1
0,1,0,2,1,1,19.12,37.93,0,0,0,0,0,1,1,0,1,0,1,0,1,0,1,0,1,0,0,1,1,0,0
0,1,0,9,1,1,62.31,611.04,0,1,0,0,0,0,0,0,0,1,0,0,0,0,0,1,0,0,0,1,1,0,0
0,1,1,38,0,0,18.25,695.37,0,1,1,0,0,1,1,0,1,0,1,0,1,0,1,0,1,0,0,0,0,1,0
1,0,0,65,1,1,86.04,5618.73,1,0,0,1,1,0,0,0,0,1,0,0,0,0,0,1,0,0,1,0,0,1,0
0,0,0,34,1,0,66.39,2254.21,0,0,0,0,1,0,0,0,0,0,0,0,0,0,0,0,0,0,0,0,0,0,0
0,1,0,5,1,0,80.5,397.25,0,0,0,1,1,0,0,0,0,1,0,1,0,0,0,0,0,0,0,1,0,0,1
0,1,0,14,0,0,90.74,1273.4,0,1,1,0,1,0,0,1,0,1,0,0,0,1,0,1,0,0,0,1,1,0,0
1,1,0,17,0,1,62.12,1076.0,0,0,1,0,0,0,0,0,0,1,0,1,0,0,0,0,0,1,0,0,0,0,1
0,0,0,37,0,0,88.91,3318.65,0,1,1,0,1,0,0,0,0,1,0,1,0,0,0,0,0,1,0,0,0,0,0
0,1,1,24,1,1,79.69,1887.37,1,0,0,0,1,0,0,1,0,0,0,0,0,0,0,0,0,1,0,0,0,0,1
0,1,1,61,1,1,61.77,3763.83,0,1,0,0,0,0,0,1,0,1,0,0,0,0,0,1,0,0,0,1,0,0,1
0,0,1,5,1,1,63.67,295.56,0,0,0,0,0,0,0,1,0,0,0,0,0,1,0,1,0,0,1,0,0,1,0
0,0,0,43,1,1,59.61,2560.05,0,0,0,0,0,0,0,0,0,0,0,0,0,1,0,0,0,1,0,0,0,0,1
1,0,0,9,1,1,63.79,622.97,1,0,0,1,0,0,0,0,0,1,0,0,0,0,0,1,0,0,1,0,0,0,1
0,1,1,72,1,0,89.27,6442.97,1,0,0,1,1,0,0,1,0,0,0,0,0,0,0,1,0,1,0,0,0,1,0
0,1,1,43,1,1,20.17,879.72,0,1,0,1,0,1,1,0,1,0,1,0,1,0,1,0,1,0,0,1,0,0,1
0,1,0,24,1,1,19.1,499.09,0,0,0,1,0,1,1,0,1,0,1,0,1,0,1,0,1,0,0,1,0,0,0
0,0,0,20,1,1,77.26,1518.44,1,0,0,1,0,0,0,1,0,1,0,1,0,1,0,1,0,0,0,0,1,0,0
1,0,0,36,1,1,82.44,2988.67,1,1,0,0,1,0,0,0,0,0,0,0,0,0,0,0,0,1,0,0,1,0,0
0,1,0,60,1,1,66.38,3976.02,1,1,0,1,1,0,0,0,0,0,0,1,0,0,0,0,0,0,0,0,1,0,0
0,0,0,34,1,0,97.54,3290.52,1,0,0,0,1,0,0,1,0,1,0,0,0,1,0,1,0,1,1,0,0,1,0
0,1,0,24,1,1,73.1,1744.42,1,0,0,1,0,0,0,0,0,1,0,0,0,1,0,1,0,1,0,0,0,0,0
0,0,0,11,1,1,88.9,983.96,1,0,0,0,1,0,0,0,0,0,0,1,0,1,0,0,0,1,0,0,1,0,0
1,1,0,23,1,0,101.58,2332.5,1,1,0,1,1,0,0,0,0,1,0,1,0,1,0,0,0,1,0,1,0,1,0
0,1,0,60,1,0,76.36,4580.51,0,0,0,1,1,0,0,0,0,1,0,0,0,0,0,1,0,0,0,1,0,0,0
0,1,1,48,1,0,66.43,3157.73,0,1,0,0,0,0,0,0,0,0,0,1,0,0,0,1,0,1,0,1,0,1,0
1,0,0,66,1,1,78.04,5203.67,1,1,0,0,1,0,0,0,0,0,0,1,0,0,0,0,0,0,0,0,1,0,0
0,1,0,11,1,1,91.24,1033.41,1,1,0,1,0,0,0,1,0,0,0,1,0,1,0,1,0,1,0,0,1,0,0
0,1,1,5,1,0,85.09,426.15,1,1,0,0,1,0,0,0,0,1,0,0,0,1,0,0,0,0,0,1,0,1,0
0,0,0,45,1,1,23.98,1116.91,0,1,0,0,0,1,1,0,1,0,1,0,1,0,1,0,1,0,1,0,0,0,0
0,0,0,7,1,1,63.49,454.81,0,0,0,0,0,0,0,0,0,0,0,1,0,0,0,1,0,1,0,0,1,0,0
0,0,0,66,1,1,82.28,5421.86,1,1,0,0,1,0,0,1,0,0,0,0,0,0,0,1,0,0,0,0,0,1,0
0,0,0,46,1,1,61.49,2814.78,0,1,0,1,1,0,0,0,0,0,0,0,0,0,0,0,0,0,1,0,1,0,0
0,0,0,34,1,1,72.42,2462.2,1,1,0,1,1,0,0,0,0,0,0,0,0,1,0,0,0,0,1,0,0,0,1
0,0,0,9,0,1,80.28,717.67,0,0,1,0,1,0,0,0,0,0,0,1,0,1,0,0,0,0,0,1,0,0,1
0,1,0,27,1,1,88.91,2407.7,1,1,0,1,1,0,0,1,0,0,0,1,0,0,0,0,0,1,0,0,0,0,1
0,1,1,23,1,1,71.09,1617.48,0,1,0,0,1,0,0,0,0,0,0,1,0,0,0,0,0,0,0,0,0,0,1
0,1,1,35,1,1,104.55,3678.88,0,0,0,1,1,0,0,1,0,1,0,0,0,1,0,1,0,1,1,0,0,1,0
0,1,0,72,1,0,51.75,3730.07,0,1,0,1,0,0,0,0,0,1,0,0,0,0,0,1,0,0,0,1,0,1,0
0,1,0,11,1,0,80.02,886.98,1,0,0,1,0,0,0,1,0,1,0,1,0,0,0,0,0,1,0,0,0,0,1
0,1,0,20,1,0,92.59,1804.09,0,1,0,0,1,0,0,1,0,0,0,1,0,1,0,0,0,1,1,0,0,0,1
0,1,0,24,1,0,76.61,1842.86,1,1,0,0,1,0,0,1,0,0,0,0,0,0,0,1,0,0,0,0,0,0,0
0,0,1,69,1,1,67.24,4595.36,1,1,0,0,0,0,0,0,0,1,0,1,0,1,0,0,0,0,0,0,0,0,1
0,0,0,29,0,1,72.64,2091.58,0,0,1,0,1,0,0,0,0,0,0,0,0,0,0,1,0,1,0,0,1,0,0
0,0,0,43,1,0,79.18,3391.99,0,1,0,0,1,0,0,0,0,0,0,0,0,1,0,0,0,1,0,0,0,0,0
0,0,0,72,0,1,80.01,5720.32,0,0,1,0,1,0,0,1,0,0,0,0,0,0,0,1,0,1,0,0,0,0,0
0,1,0,33,1,1,58.21,1911.08,0,1,0,1,0,0,0,0,0,0,0,1,0,0,0,1,0,0,1,0,0,0,1
0,1,0,20,1,1,21.95,396.18,0,0,0,0,0,1,1,0,1,0,1,0,1,0,1,0,1,0,0,0,0,1,0
0,1,0,63,1,0,25.68,1612.39,0,1,0,1,0,1,1,0,1,0,1,0,1,0,1,0,1,0,0,1,0,1,0
0,0,0,72,1,1,20.12,1434.64,0,1,0,1,0,1,1,0,1,0,1,0,1,0,1,0,1,0,0,0,0,0,0
0,1,1,40,1,0,88.2,3555.36,0,1,0,0,0,0,0,1,0,1,0,1,0,1,0,1,0,1,0,0,0,1,0
0,0,1,15,1,1,71.65,1075.99,1,0,0,1,1,0,0,1,0,1,0,0,0,0,0,0,0,0,0,0,0,1,0
0,1,1,19,1,1,21.32,419.41,0,1,0,0,0,1,1,0,1,0,1,0,1,0,1,0,1,0,0,1,0,1,0
0,0,0,72,1,1,21.45,1526.58,0,0,0,0,0,1,1,0,1,0,1,0,1,0,1,0,1,0,0,0,1,0,0
0,0,0,46,1,1,79.31,3625.31,0,0,0,0,0,0,0,1,0,1,0,0,0,0,0,1,0,1,0,0,0,0,0
0,1,0,22,1,1,56.4,1204.73,0,0,0,0,0,0,0,1,0,0,0,0,0,0,0,0,0,0,1,0,0,0,0
1,0,0,4,1,0,73.91,270.09,1,1,0,0,1,0,0,0,0,0,0,0,0,0,0,1,0,0,0,0,0,0,0
0,0,1,46,1,1,59.24,2740.61,0,0,0,1,0,0,0,0,0,0,0,0,0,0,0,1,0,1,0,0,1,0,0
0,0,1,40,1,1,52.58,2091.16,0,0,0,0,0,0,0,1,0,0,0,0,0,0,0,0,0,0,0,0,1,0,0
0,0,0,46,1,0,75.93,3514.24,1,0,0,1,1,0,0,0,0,0,0,0,0,1,0,1,0,0,0,0,0,1,0
0,1,0,13,1,1,61.09,768.76,0,0,0,0,0,0,0,0,0,1,0,0,0,0,0,0,0,1,0,1,0,1,0
0,1,0,21,1,0,80.01,1608.57,0,0,0,1,1,0,0,1,0,0,0,1,0,0,0,0,0,0,1,0,1,0,0
0,0,0,57,1,0,83.1,4751.08,0,0,0,1,1,0,0,1,0,0,0,1,0,0,0,0,0,0,0,0,0,0,1
0,1,0,1,0,1,66.9,45.95,0,0,1,0,0,0,0,1,0,0,0,0,0,1,0,0,0,1,0,0,1,0,0
0,1,0,20,1,0,20.79,429.37,0,1,0,0,0,1,1,0,1,0,1,0,1,0,1,0,1,0,1,0,0,0,1
0,1,0,6,1,1,95.18,538.7,1,0,0,1,1,0,0,0,0,1,0,1,0,0,0,0,0,1,0,1,0,0,0
0,0,0,12,1,0,23.61,300.82,0,1,0,1,0,1,1,0,1,0,1,0,1,0,1,0,1,0,0,0,0,0,1
0,1,1,51,1,1,72.28,3647.22,0,0,0,0,0,0,0,1,0,1,0,1,0,1,0,0,0,0,1,0,1,0,0
0,0,0,24,1,1,83.97,2004.31,1,0,0,0,1,0,0,0,0,1,0,0,0,0,0,1,0,1,0,0,0,1,0
0,1,0,10,0,1,86.64,815.78,1,1,1,0,1,0,0,1,0,1,0,0,0,1,0,0,0,0,0,0,0,1,0
0,1,1,38,1,1,20.85,809.25,0,1,0,1,0,1,1,0,1,0,1,0,1,0,1,0,1,0,0,0,1,0,0
1,1,1,16,0,0,75.21,1166.68,1,1,1,0,0,0,0,0,0,0,0,1,0,1,0,1,0,1,0,0,0,1,0
0,1,0,23,1,0,74.41,1705.72,1,1,0,1,1,0,0,1,0,0,0,0,0,0,0,1,0,0,0,0,1,0,0
0,1,1,31,0,0,79.19,2491.68,0,1,1,0,0,0,0,0,0,1,0,1,0,1,0,1,0,1,0,0,0,1,0
0,0,0,66,1,1,27.88,1804.06,0,0,0,0,0,1,1,0,1,0,1,0,1,0,1,0,1,0,0,1,1,0,0
0,1,0,31,1,1,63.16,1967.99,1,0,0,0,0,0,0,0,0,1,0,1,0,0,0,0,0,0,1,0,0,1,0
0,1,0,19,1,1,63.61,1208.71,0,0,0,1,1,0,0,0,0,0,0,0,0,0,0,0,0,0,0,1,0,1,0
0,1,1,37,0,1,80.73,2997.47,1,1,1,0,1,0,0,0,0,0,0,1,0,1,0,1,0,1,0,0,0,1,0
0,1,0,38,0,1,59.05,2233.67,0,0,1,0,0,0,0,0,0,1,0,1,0,0,0,0,0,0,1,0,1,0,0
0,0,0,18,0,0,65.19,1171.6,0,1,1,0,0,0,0,1,0,0,0,1,0,0,0,1,0,0,1,0,0,0,1
0,1,1,24,1,1,90.84,2161.84,1,0,0,0,1,0,0,1,0,1,0,0,0,1,0,1,0,0,0,0,0,0,1
0,0,0,26,1,1,105.02,2743.05,1,1,0,0,1,0,0,1,0,0,0,1,0,1,0,1,0,1,0,0,0,0,1
0,1,1,59,1,1,84.28,4975.01,1,1,0,0,1,0,0,1,0,0,0,1,0,0,0,0,0,0,1,0,0,0,1
0,1,0,1,1,0,65.36,89.33,0,1,0,0,0,0,0,0,0,0,0,1,0,1,0,1,0,0,0,0,0,0,1
0,0,0,35,1,0,75.89,2618.09,0,0,0,0,1,0,0,0,0,0,0,1,0,0,0,0,0,1,0,0,0,0,0
0,1,0,49,1,1,76.28,3741.14,0,1,0,1,1,0,0,0,0,0,0,1,0,0,0,0,0,0,1,0,0,0,0
0,0,0,58,1,0,90.98,5279.77,0,0,0,1,1,0,0,0,0,0,0,1,0,0,0,1,0,1,0,1,1,0,0
0,0,0,5,1,0,76.45,360.75,1,0,0,0,1,0,0,0,0,1,0,0,0,0,0,0,0,1,0,0,0,0,0
0,1,0,5,1,0,92.76,472.97,1,0,0,0,1,0,0,0,0,1,0,0,0,0,0,1,0,1,0,0,0,1,0
0,0,0,15,1,0,69.88,1059.28,0,1,0,1,1,0,0,0,0,1,0,0,0,0,0,0,0,0,1,0,1,0,0
0,1,1,43,1,1,18.48,775.26,0,1,0,1,0,1,1,0,1,0,1,0,1,0,1,0,1,0,0,0,0,1,0
0,0,0,53,1,1,46.7,2482.19,1,1,0,1,0,0,0,1,0,0,0,0,0,0,0,0,0,0,0,0,0,1,0
0,0,0,4,1,0,85.2,311.16,0,1,0,0,1,0,0,0,0,1,0,0,0,1,0,0,0,0,1,0,0,0,1
0,1,0,31,1,1,90.81,2830.49,0,0,0,0,1,0,0,0,0,1,0,0,0,1,0,0,0,1,0,1,1,0,0
0,1,0,51,1,0,82.11,4195.52,0,1,0,1,1,0,0,1,0,1,0,0,0,1,0,0,0,0,0,1,0,1,0
0,0,1,18,1,1,62.49,1161.92,1,1,0,1,0,0,0,0,0,1,0,0,0,0,0,1,0,0,0,1,0,1,0
0,1,1,33,1,0,88.64,2944.43,0,1,0,0,1,0,0,1,0,0,0,1,0,1,0,0,0,1,0,1,1,0,0
0,0,1,8,1,0,85.03,739.07,0,0,0,1,1,0,0,0,0,0,0,1,0,0,0,1,0,1,0,1,0,0,1
0,1,0,40,1,1,82.39,3313.88,1,1,0,0,0,0,0,1,0,1,0,1,0,0,0,0,0,1,0,0,0,1,0
0,1,1,23,1,1,85.98,1976.98,0,0,0,0,1,0,0,0,0,1,0,0,0,0,0,1,0,1,0,1,1,0,0
0,0,1,21,1,1,18.25,367.05,0,1,0,0,0,1,1,0,1,0,1,0,1,0,1,0,1,0,0,1,1,0,0
1,0,0,32,1,1,87.26,2782.73,0,0,0,1,1,0,0,1,0,0,0,1,0,0,0,1,0,0,1,0,0,0,1
0,0,0,4,1,1,60.04,282.68,0,0,0,0,0,0,0,1,0,0,0,0,0,1,0,0,0,1,0,1,1,0,0
0,0,0,16,1,1,55.58,908.91,0,1,0,0,0,0,0,0,0,0,0,0,0,0,0,0,0,1,0,0,0,0,1
0,1,1,51,1,1,78.52,3966.93,0,1,0,1,1,0,0,1,0,1,0,1,0,0,0,0,0,0,0,0,1,0,0
0,1,1,4,1,1,20.33,129.48,0,1,0,0,0,1,1,0,1,0,1,0,1,0,1,0,1,0,0,1,0,1,0
0,1,0,5,0,1,76.31,418.39,1,1,1,0,1,0,0,0,0,0,0,0,0,0,0,1,0,1,0,0,1,0,0
0,1,0,18,1,0,83.88,1488.65,1,1,0,1,1,0,0,1,0,1,0,0,0,0,0,1,0,0,0,0,0,0,0
0,1,0,26,1,0,69.78,1796.2,0,0,0,1,0,0,0,0,0,1,0,0,0,1,0,0,0,1,0,0,1,0,0
0,0,0,31,0,1,85.06,2640.36,0,0,1,0,0,0,0,0,0,1,0,1,0,1,0,1,0,1,1,0,1,0,0
0,1,0,72,1,0,103.9,7484.93,0,1,0,1,1,0,0,1,0,1,0,1,0,1,0,1,0,0,0,0,0,0,0
0,1,0,32,1,0,82.83,2689.86,1,0,0,1,1,0,0,1,0,0,0,0,0,0,0,1,0,0,0,0,0,1,0
1,0,0,35,1,1,66.93,2365.06,0,1,0,1,1,0,0,0,0,0,0,0,0,0,0,0,0,0,0,1,1,0,0
0,1,1,58,1,1,66.93,3881.89,0,0,0,0,0,0,0,1,0,1,0,0,0,0,0,1,0,0,1,0,0,0,0
0,0,0,12,1,1,58.84,694.46,1,1,0,0,0,0,0,0,0,0,0,0,0,0,0,1,0,1,0,0,1,0,0
0,1,0,36,1,0,52.24,1821.05,0,0,0,0,0,0,0,0,0,0,0,1,0,0,0,0,0,0,0,1,0,1,0
0,1,1,43,1,1,21.37,899.27,1,0,0,0,0,1,1,0,1,0,1,0,1,0,1,0,1,0,0,0,0,1,0
0,0,0,39,1,0,67.91,2674.48,0,1,0,0,0,0,0,1,0,0,0,0,0,1,0,1,0,0,0,0,0,1,0
0,0,0,31,1,1,73.99,2312.21,0,1,0,1,1,0,0,0,0,1,0,0,0,0,0,0,0,0,0,1,0,0,1
0,0,0,29,1,1,71.52,2076.53,0,1,0,1,0,0,0,0,0,0,0,1,0,1,0,1,0,0,0,1,0,1,0
0,1,0,10,1,0,66.1,666.9,0,0,0,0,0,0,0,1,0,1,0,0,0,0,0,1,0,0,1,0,0,0,0
0,1,0,19,1,0,60.66,1134.01,0,0,0,0,0,0,0,0,0,0,0,1,0,0,0,1,0,0,0,0,0,0,1
0,0,0,72,1,1,67.36,4805.0,0,0,0,0,1,0,0,0,0,0,0,0,0,0,0,0,0,0,0,1,1,0,0
0,1,0,16,1,0,61.02,998.32,1,0,0,0,0,0,0,1,0,0,0,0,0,0,0,1,0,0,1,0,0,1,0
1,0,0,27,1,0,91.69,2419.72,1,0,0,0,1,0,0,0,0,1,0,0,0,0,0,1,0,1,0,0,0,0,1
0,1,1,26,1,1,71.86,1882.19,1,1,0,0,1,0,0,0,0,0,0,1,0,0,0,0,0,0,0,0,1,0,0
1,1,1,36,1,0,24.45,929.21,0,0,0,0,0,1,1,0,1,0,1,0,1,0,1,0,1,0,0,1,1,0,0
1,1,1,25,1,1,75.65,1859.19,1,0,0,0,1,0,0,0,0,0,0,0,0,0,0,0,0,1,0,1,0,1,0
0,0,1,22,1,1,92.81,2042.02,0,1,0,0,1,0,0,0,0,1,0,0,0,1,0,1,0,0,0,0,1,0,0
0,1,0,50,1,0,64.66,3212.78,0,0,0,1,0,0,0,1,0,0,0,0,0,0,0,0,0,1,0,1,1,0,0
0,0,0,32,1,1,90.71,2871.65,1,1,0,0,1,0,0,1,0,0,0,1,0,1,0,0,0,0,0,0,0,1,0
0,1,0,29,1,1,81.7,2329.9,1,1,0,0,1,0,0,1,0,0,0,0,0,0,0,1,0,0,0,0,0,1,0
0,1,0,17,1,1,73.17,1223.89,0,0,0,1,1,0,0,0,0,0,0,0,0,1,0,0,0,0,0,0,1,0,0
0,1,1,20,1,0,20.6,428.67,0,1,0,0,0,1,1,0,1,0,1,0,1,0,1,0,1,0,0,0,1,0,0
0,0,0,33,1,0,63.07,2086.87,0,1,0,1,0,0,0,1,0,0,0,0,0,0,0,1,0,1,0,1,1,0,0
1,0,0,53,1,1,67.54,3561.62,0,1,0,0,1,0,0,0,0,0,0,0,0,0,0,0,0,0,1,0,0,0,0
0,0,1,66,1,0,76.74,5085.45,0,0,0,0,0,0,0,1,0,0,0,0,0,0,0,1,0,1,0,0,0,0,0
1,1,1,35,1,1,94.18,3302.05,0,0,0,1,1,0,0,0,0,0,0,1,0,1,0,1,0,0,1,0,0,0,0
0,0,0,72,1,0,92.82,6715.13,0,1,0,0,1,0,0,0,0,1,0,0,0,1,0,0,0,1,0,0,0,0,1
0,1,0,21,1,0,21.49,479.01,0,1,0,1,0,1,1,0,1,0,1,0,1,0,1,0,1,0,0,0,1,0,0
0,0,0,21,1,0,82.99,1733.73,0,1,0,0,1,0,0,1,0,1,0,0,0,1,0,0,0,0,0,1,0,0,0
1,0,0,60,1,1,87.23,5256.33,0,0,0,0,1,0,0,1,0,1,0,1,0,0,0,0,0,1,0,0,0,1,0
1,1,0,30,0,1,60.75,1808.57,0,1,1,0,0,0,0,1,0,0,0,0,0,0,0,1,0,0,1,0,1,0,0
1,0,0,17,1,1,69.4,1153.29,0,0,0,0,0,0,0,0,0,1,0,1,0,0,0,1,0,0,1,0,0,1,0
0,0,0,26,0,1,100.49,2607.48,1,0,1,0,1,0,0,1,0,1,0,0,0,1,0,0,0,1,1,0,1,0,0
0,1,0,11,1,1,73.83,818.68,0,1,0,0,0,0,0,1,0,1,0,0,0,1,0,0,0,0,1,0,0,0,0
0,1,1,23,1,1,92.1,2116.14,0,0,0,0,1,0,0,1,0,0,0,0,0,1,0,1,0,0,0,0,0,1,0
1,1,0,10,1,1,74.26,739.9,1,0,0,1,1,0,0,0,0,0,0,1,0,0,0,0,0,0,0,1,0,0,1
0,0,0,11,0,0,83.36,929.3,1,0,1,0,1,0,0,0,0,1,0,0,0,0,0,1,0,1,0,0,0,0,1
0,0,0,32,1,0,59.84,1876.24,0,1,0,0,0,0,0,0,0,0,0,1,0,0,0,1,0,0,1,0,1,0,0
0,1,0,2,1,1,90.45,201.26,1,0,0,1,1,0,0,1,0,0,0,1,0,1,0,0,0,0,1,0,0,0,1
0,1,0,10,1,0,20.68,215.27,0,0,0,0,0,1,1,0,1,0,1,0,1,0,1,0,1,0,0,0,0,0,0
0,1,0,14,1,1,67.26,939.56,0,0,0,0,0,0,0,1,0,1,0,0,0,1,0,0,0,0,0,0,0,0,1
0,1,0,19,1,1,66.29,1314.65,0,0,0,1,0,0,0,0,0,1,0,0,0,0,0,1,0,0,1,0,1,0,0
0,1,0,40,1,1,90.37,3612.7,1,1,0,1,1,0,0,1,0,1,0,1,0,0,0,0,0,0,0,0,0,0,0
0,1,0,19,0,1,87.6,1629.14,0,0,1,0,1,0,0,1,0,1,0,0,0,0,0,1,0,0,0,1,0,0,1
0,1,0,71,1,1,75.16,5257.85,0,0,0,1,1,0,0,0,0,1,0,0,0,0,0,0,0,1,0,1,0,0,1
0,0,0,15,1,1,19.59,321.91,0,1,0,0,0,1,1,0,1,0,1,0,1,0,1,0,1,0,1,0,0,0,0
0,0,0,3,1,1,78.02,219.84,1,1,0,1,1,0,0,0,0,1,0,0,0,1,0,0,0,0,0,0,1,0,0
0,1,0,10,1,0,18.25,190.64,0,1,0,0,0,1,1,0,1,0,1,0,1,0,1,0,1,0,0,1,0,1,0
0,0,0,32,1,0,18.73,637.31,0,0,0,1,0,1,1,0,1,0,1,0,1,0,1,0,1,0,0,0,0,1,0
0,1,0,11,1,1,65.83,758.6,0,1,0,1,0,0,0,1,0,0,0,1,0,0,0,1,0,0,0,0,0,1,0
0,1,0,15,1,0,65.17,976.29,1,0,0,0,0,0,0,0,0,0,0,1,0,0,0,0,0,1,0,0,0,0,1
1,0,0,60,1,1,21.29,1290.95,0,1,0,1,0,1,1,0,1,0,1,0,1,0,1,0,1,0,0,1,0,1,0
0,0,0,72,1,1,18.88,1343.07,0,1,0,0,0,1,1,0,1,0,1,0,1,0,1,0,1,0,1,0,1,0,0
0,1,0,7,1,0,93.22,660.86,0,0,0,1,1,0,0,0,0,1,0,1,0,1,0,0,0,1,0,0,0,0,1
0,1,0,22,1,1,55.71,1216.69,0,1,0,0,0,0,0,0,0,1,0,0,0,0,0,0,0,1,1,0,1,0,0
0,0,0,31,0,1,64.86,1986.85,0,0,1,0,0,0,0,0,0,1,0,0,0,1,0,0,0,0,0,0,0,0,0
0,1,0,51,1,1,21.46,1087.94,1,1,0,1,0,1,1,0,1,0,1,0,1,0,1,0,1,0,0,0,0,1,0
1,0,0,18,1,1,77.83,1384.17,1,0,0,0,0,0,0,0,0,1,0,1,0,1,0,1,0,1,0,0,0,1,0
0,1,0,31,1,1,19.8,607.9,0,1,0,1,0,1,1,0,1,0,1,0,1,0,1,0,1,0,0,0,0,0,1
1,1,0,58,0,1,92.86,5374.46,0,0,1,0,1,0,0,1,0,1,0,0,0,0,0,1,0,1,0,1,0,0,0
0,0,0,27,1,1,19.64,570.79,0,0,0,0,0,1,1,0,1,0,1,0,1,0,1,0,1,0,1,0,0,0,0
0,0,0,1,1,0,69.03,84.49,1,1,0,0,0,0,0,0,0,1,0,1,0,0,0,1,0,0,0,0,0,0,0
0,1,0,22,1,0,21.32,474.5,0,1,0,1,0,1,1,0,1,0,1,0,1,0,1,0,1,0,0,0,0,0,0
0,0,0,13,1,1,91.23,1190.49,1,1,0,0,1,0,0,1,0,0,0,1,0,0,0,1,0,0,0,1,0,0,1
0,0,0,14,1,1,70.99,1022.28,1,0,0,1,1,0,0,0,0,0,0,1,0,0,0,0,0,0,0,0,0,0,0
0,1,0,15,1,0,51.45,718.08,0,0,0,1,0,0,0,0,0,0,0,0,0,1,0,0,0,0,0,1,1,0,0
0,1,1,2,1,1,52.91,79.54,1,1,0,1,0,0,0,0,0,1,0,0,0,0,0,0,0,0,0,0,0,1,0
0,1,1,70,1,1,67.74,4755.54,0,1,0,0,0,0,0,0,0,1,0,0,0,0,0,1,0,1,0,0,0,0,0
0,0,0,54,1,0,85.35,4574.12,0,0,0,0,1,0,0,0,0,1,0,0,0,1,0,0,0,0,1,0,0,1,0
0,0,0,72,0,0,64.92,4703.61,0,0,1,0,0,0,0,1,0,1,0,0,0,0,0,0,0,1,0,0,1,0,0
0,1,1,72,1,1,78.4,5674.68,0,0,0,0,1,0,0,0,0,1,0,0,0,0,0,1,0,0,0,1,1,0,0
0,0,0,30,1,0,81.14,2421.33,0,1,0,1,0,0,0,0,0,1,0,1,0,1,0,0,0,1,0,1,0,1,0
0,1,0,17,1,0,93.99,1593.38,1,0,0,1,1,0,0,0,0,0,0,1,0,0,0,1,0,1,0,0,1,0,0
0,0,1,37,1,1,65.03,2403.21,1,0,0,0,0,0,0,1,0,0,0,1,0,1,0,0,0,0,0,0,0,1,0
0,0,1,38,1,1,19.48,797.8,0,1,0,0,0,1,1,0,1,0,1,0,1,0,1,0,1,0,0,1,0,0,1
0,1,0,17,1,0,64.44,1122.71,0,1,0,1,0,0,0,0,0,0,0,0,0,0,0,1,0,1,1,0,0,1,0
0,1,0,16,1,0,25.74,408.79,0,1,0,0,0,1,1,0,1,0,1,0,1,0,1,0,1,0,0,0,0,0,0
1,1,0,25,1,1,74.59,1853.59,0,0,0,0,1,0,0,0,0,0,0,0,0,1,0,0,0,1,1,0,0,0,1
0,0,1,15,1,1,72.11,1116.51,1,1,0,1,0,0,0,1,0,0,0,1,0,0,0,1,0,0,0,0,0,0,1
0,1,0,39,0,1,18.25,738.8,0,0,1,0,0,1,1,0,1,0,1,0,1,0,1,0,1,0,0,1,1,0,0
0,0,1,8,1,0,80.25,646.34,0,0,0,0,0,0,0,1,0,1,0,0,0,1,0,1,0,1,0,1,0,0,1
0,1,0,45,1,1,86.76,3930.24,1,0,0,0,1,0,0,1,0,1,0,1,0,0,0,0,0,0,0,0,0,1,0
0,1,1,65,1,1,99.8,6486.18,1,0,0,1,1,0,0,0,0,0,0,1,0,1,0,1,0,1,0,0,0,0,0
0,0,1,72,1,0,20.25,1418.36,0,1,0,1,0,1,1,0,1,0,1,0,1,0,1,0,1,0,0,1,0,0,1
0,1,0,72,1,0,66.17,4763.52,1,0,0,0,0,0,0,0,0,0,0,1,0,0,0,1,0,1,1,0,0,1,0
1,0,0,39,1,1,71.14,2743.04,0,1,0,1,0,0,0,0,0,0,0,1,0,1,0,0,0,1,0,0,0,1,0
0,1,0,7,1,1,22.46,123.72,0,0,0,1,0,1,1,0,1,0,1,0,1,0,1,0,1,0,0,0,1,0,0
0,1,0,29,1,0,84.83,2490.9,0,0,0,0,0,0,0,0,0,1,0,0,0,1,0,1,0,1,1,0,1,0,0
0,1,0,72,1,1,96.05,6914.98,0,0,0,0,1,0,0,1,0,0,0,0,0,1,0,1,0,1,0,1,0,0,1
0,1,0,72,1,1,18.87,1315.02,0,0,0,1,0,1,1,0,1,0,1,0,1,0,1,0,1,0,0,0,0,0,0
1,0,1,21,1,0,56.59,1192.35,1,1,0,1,0,0,0,0,0,0,0,0,0,0,0,1,0,0,1,0,0,1,0
0,1,0,3,1,0,56.18,160.1,0,0,0,0,0,0,0,1,0,0,0,0,0,0,0,1,0,0,0,0,0,0,1
0,1,1,38,1,0,64.54,2427.36,0,0,0,0,0,0,0,0,0,1,0,0,0,0,0,0,0,1,0,1,0,0,1
1,1,1,6,1,0,22.33,172.68,0,0,0,1,0,1,1,0,1,0,1,0,1,0,1,0,1,0,1,0,0,1,0
0,0,0,37,0,0,18.25,663.69,0,1,1,0,0,1,1,0,1,0,1,0,1,0,1,0,1,0,0,0,0,1,0
0,0,1,40,1,1,21.87,815.59,0,1,0,0,0,1,1,0,1,0,1,0,1,0,1,0,1,0,0,1,0,0,0
0,0,1,70,1,1,91.97,6451.39,0,0,0,1,1,0,0,1,0,0,0,1,0,0,0,0,0,1,0,1,0,0,1
0,0,0,4,0,1,81.6,307.55,1,1,1,0,1,0,0,0,0,0,0,1,0,0,0,0,0,1,1,0,0,0,1
0,1,0,52,1,1,20.27,1074.79,0,0,0,0,0,1,1,0,1,0,1,0,1,0,1,0,1,0,1,0,1,0,0
0,1,1,25,1,1,20.66,528.97,0,0,0,0,0,1,1,0,1,0,1,0,1,0,1,0,1,0,0,0,0,1,0
0,0,0,72,1,0,56.56,4036.56,0,0,0,0,0,0,0,0,0,0,0,0,0,1,0,1,0,0,0,0,1,0,0
1,1,0,49,1,1,47.1,2310.56,1,1,0,1,0,0,0,0,0,0,0,0,0,0,0,0,0,0,0,0,1,0,0
0,0,1,31,1,1,71.02,2168.4,0,0,0,0,1,0,0,0,0,0,0,0,0,0,0,0,0,1,0,1,0,0,0
0,0,0,12,1,1,107.11,1285.87,1,1,0,1,1,0,0,0,0,1,0,1,0,1,0,1,0,1,1,0,0,0,1
1,1,1,27,1,0,80.26,2180.31,0,1,0,0,1,0,0,1,0,1,0,0,0,0,0,0,0,0,0,1,0,0,1
0,0,0,61,1,1,74.16,4533.51,0,0,0,1,0,0,0,1,0,0,0,1,0,0,0,1,0,1,0,1,0,1,0
0,1,1,27,1,1,21.69,610.65,0,1,0,0,0,1,1,0,1,0,1,0,1,0,1,0,1,0,0,0,0,1,0
0,0,1,26,1,0,59.76,1547.49,0,1,0,0,0,0,0,0,0,1,0,1,0,0,0,0,0,0,1,0,0,1,0
0,1,0,27,1,1,66.16,1807.93,0,1,0,0,0,0,0,1,0,0,0,1,0,0,0,0,0,1,1,0,0,1,0
0,0,0,17,1,1,81.08,1399.2,1,0,0,0,1,0,0,0,0,1,0,0,0,0,0,0,0,1,0,1,0,1,0
0,1,1,11,1,1,20.92,208.91,0,0,0,0,0,1,1,0,1,0,1,0,1,0,1,0,1,0,0,0,1,0,0
0,0,0,13,1,1,86.83,1087.19,1,1,0,0,1,0,0,1,0,1,0,0,0,1,0,0,0,1,0,0,0,0,1
0,0,0,29,1,0,23.38,687.37,0,1,0,0,0,1,1,0,1,0,1,0,1,0,1,0,1,0,0,0,0,1,0
0,0,0,53,1,0,22.75,1218.27,0,0,0,0,0,1,1,0,1,0,1,0,1,0,1,0,1,0,0,0,0,1,0
0,0,1,32,1,0,55.66,1787.82,0,1,0,0,0,0,0,0,0,1,0,0,0,0,0,0,0,0,0,1,1,0,0
0,0,1,61,1,1,63.39,3881.6,0,0,0,0,0,0,0,1,0,0,0,0,0,0,0,1,0,0,0,0,0,0,0
0,0,0,72,1,1,61.27,4425.2,0,0,0,0,0,0,0,1,0,0,0,0,0,0,0,1,0,1,0,1,0,1,0
0,0,1,72,1,1,94.52,6775.39,0,0,0,1,1,0,0,1,0,1,0,0,0,1,0,0,0,0,0,1,0,1,0
0,0,0,72,1,0,75.97,5508.65,0,0,0,1,1,0,0,1,0,1,0,0,0,0,0,0,0,0,0,1,0,0,0
0,0,1,7,1,0,85.83,512.97,0,0,0,0,1,0,0,0,0,1,0,1,0,0,0,0,0,1,0,0,1,0,0
0,0,1,42,1,0,103.07,4302.88,1,0,0,1,1,0,0,1,0,0,0,1,0,0,0,1,0,1,0,0,1,0,0
0,1,0,19,1,1,82.59,1609.34,0,1,0,1,0,0,0,0,0,1,0,1,0,0,0,1,0,1,0,1,0,0,0
1,0,0,13,1,1,66.18,892.02,0,1,0,0,0,0,0,0,0,1,0,0,0,1,0,0,0,1,0,0,0,1,0
0,1,1,23,1,1,96.42,2225.12,1,0,0,0,1,0,0,1,0,1,0,1,0,0,0,0,0,1,0,0,0,1,0
0,1,1,72,0,0,65.76,4752.58,1,1,1,0,0,0,0,0,0,1,0,1,0,1,0,0,0,0,0,0,0,1,0
0,0,1,61,1,1,70.63,4273.89,1,0,0,0,0,0,0,1,0,1,0,0,0,0,0,0,0,1,0,0,0,1,0
0,1,1,29,0,0,18.25,535.16,0,0,1,0,0,1,1,0,1,0,1,0,1,0,1,0,1,0,0,1,1,0,0
1,1,1,47,0,0,91.29,4264.32,0,0,1,0,1,0,0,1,0,0,0,0,0,0,0,1,0,1,0,1,1,0,0
0,0,0,38,1,0,68.72,2652.81,0,1,0,1,1,0,0,0,0,0,0,0,0,0,0,1,0,0,0,1,0,0,1
0,0,1,23,0,1,68.73,1590.61,1,1,1,0,0,0,0,0,0,1,0,1,0,0,0,1,0,0,0,0,0,1,0
0,1,0,15,0,1,18.25,268.02,0,0,1,0,0,1,1,0,1,0,1,0,1,0,1,0,1,0,1,0,0,0,1
0,0,0,27,1,1,22.81,647.54,0,1,0,0,0,1,1,0,1,0,1,0,1,0,1,0,1,0,0,0,0,1,0
0,1,0,50,1,1,78.19,3917.09,1,0,0,0,1,0,0,0,0,1,0,0,0,0,0,0,0,1,0,0,1,0,0
0,1,0,72,1,1,57.62,4150.73,0,0,0,0,0,0,0,0,0,0,0,1,0,0,0,0,0,0,0,0,0,0,1
0,1,0,43,1,0,22.77,1016.76,0,0,0,1,0,1,1,0,1,0,1,0,1,0,1,0,1,0,0,1,1,0,0
0,1,1,18,1,1,91.11,1630.86,1,0,0,0,1,0,0,1,0,1,0,1,0,0,0,0,0,0,0,0,0,1,0
0,0,1,12,1,1,19.85,223.29,0,1,0,0,0,1,1,0,1,0,1,0,1,0,1,0,1,0,0,1,0,1,0
0,0,1,37,1,0,84.66,3091.22,1,1,0,0,1,0,0,0,0,1,0,1,0,0,0,0,0,1,0,0,0,0,0
0,0,1,4,1,1,18.25,54.75,1,0,0,0,0,1,1,0,1,0,1,0,1,0,1,0,1,0,0,0,1,0,0
0,0,0,72,1,1,88.53,6363.11,0,1,0,0,1,0,0,1,0,1,0,1,0,0,0,0,0,0,0,1,0,0,1
0,0,0,42,1,1,79.97,3344.55,1,1,0,1,1,0,0,0,0,1,0,0,0,0,0,1,0,0,0,0,0,0,1
0,0,0,70,0,1,75.59,5257.84,1,1,1,0,1,0,0,0,0,1,0,0,0,1,0,0,0,0,1,0,0,0,0
1,1,0,58,1,1,46.29,2698.13,1,1,0,1,0,0,0,0,0,0,0,0,0,0,0,0,0,0,0,0,0,1,0
0,0,0,41,1,1,93.17,3824.04,1,0,0,1,1,0,0,0,0,0,0,0,0,1,0,1,0,1,0,0,0,1,0
0,0,0,40,1,1,73.32,2928.49,0,1,0,0,1,0,0,0,0,0,0,0,0,0,0,0,0,1,0,1,0,1,0
0,1,0,52,1,1,94.69,4881.22,1,0,0,1,1,0,0,0,0,1,0,0,0,1,0,1,0,1,0,0,0,0,0
0,1,0,22,1,1,77.95,1682.11,1,1,0,0,1,0,0,0,0,0,0,1,0,0,0,0,0,1,0,0,0,0,0
1,1,1,30,1,1,67.74,2022.65,1,0,0,0,0,0,0,0,0,1,0,0,0,1,0,0,0,1,0,0,0,1,0
0,1,0,54,1,1,69.14,3682.51,1,1,0,0,0,0,0,0,0,1,0,0,0,0,0,1,0,1,0,0,0,1,0
0,0,0,7,1,1,78.18,538.87,0,0,0,1,1,0,0,0,0,0,0,1,0,0,0,1,0,0,0,1,1,0,0
0,0,0,29,1,0,80.63,2354.63,1,1,0,1,0,0,0,0,0,1,0,1,0,1,0,0,0,1,0,0,0,0,0
0,1,0,26,1,1,68.77,1826.83,1,0,0,0,0,0,0,0,0,0,0,1,0,0,0,1,0,1,0,0,0,0,1
0,1,0,3,0,1,93.32,262.97,1,1,1,0,1,0,0,1,0,1,0,0,0,1,0,1,0,0,0,0,0,0,1
0,0,0,45,1,1,89.64,4006.39,0,1,0,1,1,0,0,1,0,1,0,1,0,1,0,0,0,0,0,0,1,0,0
0,1,0,34,1,0,20.9,751.9,1,1,0,1,0,1,1,0,1,0,1,0,1,0,1,0,1,0,0,0,0,1,0
0,1,0,29,1,1,88.29,2550.32,0,0,0,1,1,0,0,0,0,0,0,1,0,1,0,1,0,0,0,1,0,1,0
0,0,1,61,1,0,72.9,4441.12,0,0,0,1,1,0,0,0,0,0,0,0,0,0,0,1,0,1,0,1,0,0,0
1,0,0,54,0,1,72.58,3926.62,1,1,1,0,0,0,0,1,0,0,0,1,0,0,0,1,0,0,0,0,0,0,1
0,0,0,57,1,1,66.69,3794.07,0,1,0,0,0,0,0,1,0,1,0,0,0,0,0,0,0,1,0,1,0,1,0
0,0,0,27,1,1,84.17,2250.08,1,0,0,0,1,0,0,0,0,0,0,0,0,1,0,1,0,1,1,0,0,0,0
0,1,1,21,1,0,95.97,1990.39,1,0,0,1,1,0,0,1,0,1,0,0,0,1,0,1,0,0,0,0,0,1,0
1,0,1,34,1,0,76.87,2624.89,1,1,0,0,1,0,0,0,0,0,0,1,0,0,0,1,0,0,0,0,0,0,1
0,0,1,41,1,0,83.73,3422.62,1,0,0,0,1,0,0,0,0,1,0,0,0,1,0,0,0,1,0,0,0,1,0
0,0,0,49,1,1,56.77,2796.66,1,0,0,1,0,0,0,0,0,0,0,0,0,0,0,1,0,1,0,0,1,0,0
0,1,0,13,1,1,70.01,925.79,0,0,0,0,1,0,0,0,0,0,0,1,0,0,0,0,0,0,0,1,0,0,1
0,0,0,39,1,1,75.61,2983.08,0,1,0,1,0,0,0,0,0,1,0,1,0,0,0,1,0,1,0,0,1,0,0
0,1,1,66,1,1,82.07,5412.63,0,1,0,1,1,0,0,0,0,1,0,1,0,0,0,1,0,0,0,0,0,0,0
1,1,1,15,1,1,87.24,1265.91,0,1,0,0,1,0,0,0,0,0,0,1,0,1,0,0,0,1,0,1,1,0,0
0,0,0,3,1,0,78.83,220.26,1,0,0,0,1,0,0,0,0,1,0,0,0,0,0,1,0,0,0,0,0,1,0
0,0,0,1,1,1,92.23,33.14,1,1,0,0,1,0,0,0,0,1,0,0,0,0,0,1,0,1,0,0,1,0,0
0,1,1,21,1,0,81.69,1691.15,1,0,0,0,1,0,0,0,0,0,0,1,0,0,0,0,0,1,0,0,0,0,1
0,0,1,11,1,0,20.65,232.3,0,0,0,0,0,1,1,0,1,0,1,0,1,0,1,0,1,0,0,1,0,1,0
0,1,1,43,1,1,60.97,2652.51,0,0,0,0,0,0,0,0,0,0,0,1,0,0,0,1,0,0,1,0,0,0,1
0,0,1,38,1,0,22.43,833.84,0,1,0,0,0,1,1,0,1,0,1,0,1,0,1,0,1,0,0,0,1,0,0
0,1,1,4,1,1,72.63,299.22,1,1,0,0,1,0,0,0,0,0,0,1,0,0,0,0,0,1,0,1,0,0,0
0,1,0,64,1,1,69.32,4405.55,0,1,0,0,1,0,0,0,0,0,0,0,0,1,0,0,0,1,0,0,0,0,0
0,0,1,16,1,1,56.52,897.1,0,0,0,1,0,0,0,1,0,0,0,0,0,0,0,0,0,1,0,0,0,1,0
0,1,0,13,1,1,59.06,772.69,0,0,0,1,0,0,0,0,0,0,0,0,0,1,0,1,0,0,1,0,1,0,0
0,0,0,37,1,0,21.26,797.13,0,1,0,0,0,1,1,0,1,0,1,0,1,0,1,0,1,0,0,0,0,0,0
1,1,0,19,1,1,58.26,1103.7,1,0,0,1,0,0,0,0,0,0,0,0,0,0,0,1,0,0,0,0,0,0,1
0,0,0,34,1,0,90.84,3052.37,0,1,0,0,1,0,0,1,0,1,0,0,0,1,0,0,0,0,1,0,1,0,0
0,1,0,26,1,1,77.17,2024.09,0,1,0,1,0,0,0,0,0,1,0,0,0,0,0,1,0,1,0,1,0,0,1
0,0,1,69,1,1,44.65,3043.14,0,1,0,1,0,0,0,0,0,0,0,0,0,0,0,0,0,0,0,0,0,0,1
0,0,0,35,1,1,18.25,643.06,0,0,0,1,0,1,1,0,1,0,1,0,1,0,1,0,1,0,0,1,1,0,0
0,0,1,23,1,0,65.27,1521.19,0,1,0,1,1,0,0,0,0,0,0,0,0,0,0,0,0,0,0,0,0,1,0
0,1,1,28,1,0,87.03,2419.75,0,1,0,1,1,0,0,1,0,1,0,1,0,0,0,1,0,0,0,1,0,1,0
1,0,1,59,1,1,75.78,4452.53,0,0,0,1,0,0,0,1,0,1,0,0,0,0,0,1,0,1,1,0,0,0,0
0,0,0,14,1,1,54.49,747.97,0,0,0,0,0,0,0,0,0,0,0,0,0,0,0,0,0,1,0,0,0,0,1
0,1,0,45,1,0,92.23,4184.57,1,1,0,1,1,0,0,1,0,1,0,0,0,0,0,0,0,1,0,0,0,1,0
0,0,0,30,1,1,71.64,2200.54,0,1,0,1,0,0,0,1,0,0,0,0,0,1,0,1,0,0,1,0,0,1,0
0,0,1,30,1,0,70.2,2126.78,0,0,0,1,0,0,0,0,0,0,0,1,0,1,0,1,0,1,0,1,0,0,1
0,0,0,11,1,1,82.84,948.39,1,1,0,1,1,0,0,0,0,1,0,0,0,0,0,1,0,1,0,0,1,0,0
1,1,1,21,1,1,58.43,1230.94,0,1,0,0,0,0,0,0,0,0,0,1,0,0,0,0,0,0,0,0,1,0,0
0,1,1,18,1,0,19.39,405.11,0,0,0,0,0,1,1,0,1,0,1,0,1,0,1,0,1,0,0,0,1,0,0
0,0,0,29,1,1,88.88,2554.29,1,1,0,1,1,0,0,0,0,0,0,1,0,0,0,1,0,1,0,0,0,1,0
0,0,1,8,1,1,63.21,498.65,0,0,0,1,0,0,0,0,0,1,0,0,0,1,0,0,0,1,0,0,0,0,0
0,0,0,3,1,1,75.53,229.13,0,1,0,1,1,0,0,0,0,1,0,0,0,0,0,1,0,0,0,1,0,1,0
0,0,0,19,0,1,75.54,1398.5,1,1,1,0,1,0,0,0,0,0,0,0,0,1,0,1,0,0,1,0,0,1,0
0,1,0,60,1,1,94.77,5698.32,0,1,0,1,1,0,0,0,0,0,0,0,0,1,0,1,0,1,0,1,0,1,0
0,1,0,42,0,0,18.39,687.26,0,1,1,0,0,1,1,0,1,0,1,0,1,0,1,0,1,0,0,1,0,1,0
0,0,1,27,1,0,105.44,2902.14,0,1,0,1,1,0,0,1,0,1,0,1,0,1,0,1,0,0,0,1,0,1,0
0,0,1,12,1,1,68.03,831.88,1,1,0,0,0,0,0,1,0,0,0,0,0,0,0,1,0,1,0,0,0,0,1
0,0,0,1,1,1,106.22,117.32,1,0,0,1,1,0,0,1,0,0,0,1,0,1,0,1,0,1,0,0,0,1,0
0,0,1,16,1,1,73.94,1177.79,1,0,0,1,1,0,0,1,0,0,0,0,0,0,0,0,0,1,0,0,1,0,0
0,1,0,24,1,0,62.78,1501.23,0,1,0,1,0,0,0,0,0,0,0,0,0,1,0,1,0,0,1,0,1,0,0
1,1,0,10,1,0,20.75,196.89,0,0,0,0,0,1,1,0,1,0,1,0,1,0,1,0,1,0,0,1,0,1,0
0,1,0,40,1,1,55.95,2211.36,0,0,0,0,0,0,0,0,0,0,0,0,0,0,0,1,0,1,0,1,0,0,1
1,0,0,39,1,1,62.39,2409.02,1,0,0,0,0,0,0,1,0,0,0,0,0,1,0,0,0,1,0,0,0,0,1
0,1,1,19,1,0,23.32,463.71,0,1,0,1,0,1,1,0,1,0,1,0,1,0,1,0,1,0,1,0,0,0,1
0,0,1,25,1,0,60.84,1540.93,0,1,0,0,0,0,0,1,0,0,0,0,0,0,0,0,0,1,0,1,0,0,1
0,1,1,25,1,0,61.62,1510.98,0,1,0,1,0,0,0,0,0,0,0,1,0,1,0,1,0,0,0,1,0,1,0
0,1,1,37,1,1,78.43,2934.87,0,1,0,0,0,0,0,1,0,1,0,1,0,1,0,1,0,0,0,0,0,0,0
0,1,0,13,1,1,76.93,990.72,1,1,0,0,1,0,0,0,0,1,0,0,0,1,0,0,0,0,0,0,0,0,1
0,0,1,72,1,0,75.86,5467.66,0,0,0,1,0,0,0,1,0,0,0,1,0,1,0,1,0,0,0,0,0,0,1
1,1,1,8,1,1,91.01,712.12,1,0,0,0,1,0,0,0,0,0,0,1,0,0,0,1,0,1,0,0,1,0,0
1,0,0,13,1,0,79.04,987.48,0,1,0,0,1,0,0,0,0,0,0,1,0,0,0,1,0,0,0,1,1,0,0
0,0,0,33,1,0,88.23,2899.57,0,1,0,0,1,0,0,0,0,1,0,1,0,0,0,0,0,1,0,1,0,0,1
0,1,1,72,1,0,22.03,1570.14,0,1,0,1,0,1,1,0,1,0,1,0,1,0,1,0,1,0,0,1,0,0,1
0,0,0,18,1,1,20.98,433.6,0,1,0,0,0,1,1,0,1,0,1,0,1,0,1,0,1,0,0,0,0,0,1
0,1,0,12,1,1,66.03,777.32,0,0,0,1,0,0,0,0,0,0,0,0,0,1,0,1,0,1,0,0,0,0,1
0,1,0,22,1,1,22.98,495.54,0,1,0,1,0,1,1,0,1,0,1,0,1,0,1,0,1,0,0,1,1,0,0
0,1,0,46,0,1,62.75,2919.11,0,0,1,0,0,0,0,0,0,0,0,1,0,1,0,0,0,1,0,0,0,0,1
0,0,0,48,0,0,19.2,968.88,0,0,1,0,0,1,1,0,1,0,1,0,1,0,1,0,1,0,0,0,1,0,0
0,0,1,42,1,1,73.92,3099.75,0,0,0,1,1,0,0,0,0,0,0,0,0,0,0,0,0,1,0,0,1,0,0
0,1,0,72,0,0,64.4,4627.49,0,0,1,0,0,0,0,0,0,0,0,0,0,1,0,1,0,1,1,0,0,1,0
1,0,1,48,1,1,65.35,3139.51,0,0,0,1,1,0,0,0,0,0,0,0,0,0,0,0,0,0,0,1,0,0,1
0,0,0,55,1,1,79.3,4364.3,0,1,0,0,1,0,0,0,0,0,0,0,0,1,0,0,0,1,0,1,0,0,1
0,0,0,59,1,1,25.54,1511.26,1,1,0,0,0,1,1,0,1,0,1,0,1,0,1,0,1,0,0,0,0,1,0
0,0,1,10,1,0,83.17,828.2,1,0,0,1,1,0,0,1,0,0,0,0,0,0,0,0,0,1,0,0,0,1,0
0,0,0,25,1,1,98.91,2483.02,1,1,0,0,1,0,0,0,0,1,0,1,0,1,0,1,0,0,0,0,0,0,1
0,0,0,14,1,1,71.68,988.08,0,0,0,0,1,0,0,0,0,0,0,0,0,0,0,0,0,1,0,0,1,0,0
0,1,1,15,1,1,92.88,1423.78,0,1,0,1,1,0,0,0,0,1,0,1,0,1,0,0,0,0,0,1,1,0,0
1,0,0,21,1,1,57.36,1212.78,0,1,0,0,0,0,0,0,0,0,0,0,0,0,0,1,0,1,0,0,0,0,1
0,1,0,36,1,1,114.48,4123.47,1,1,0,1,1,0,0,1,0,1,0,1,0,0,0,1,0,1,1,0,0,1,0
0,0,0,72,1,0,20.8,1514.12,0,0,0,0,0,1,1,0,1,0,1,0,1,0,1,0,1,0,1,0,1,0,0
0,0,0,44,1,1,93.45,4148.79,0,1,0,1,1,0,0,1,0,1,0,0,0,1,0,0,0,1,0,0,0,0,0
1,1,1,39,1,1,83.3,3216.97,1,1,0,0,1,0,0,0,0,0,0,0,0,1,0,0,0,1,0,0,1,0,0
0,1,1,21,1,0,19.87,404.57,0,1,0,0,0,1,1,0,1,0,1,0,1,0,1,0,1,0,0,0,0,1,0
0,0,0,72,1,1,69.68,4943.04,1,0,0,0,1,0,0,0,0,0,0,0,0,1,0,0,0,0,0,0,1,0,0
1,0,0,7,1,1,77.35,502.18,1,0,0,0,1,0,0,0,0,0,0,0,0,0,0,1,0,1,0,0,0,1,0
0,0,0,49,1,1,65.74,3230.79,1,1,0,1,1,0,0,0,0,0,0,0,0,0,0,0,0,0,0,0,1,0,0
0,0,0,3,0,1,89.71,283.21,1,0,1,0,1,0,0,1,0,0,0,0,0,0,0,1,0,1,0,0,1,0,0
0,1,0,31,1,1,79.65,2463.82,1,1,0,0,1,0,0,0,0,0,0,1,0,0,0,1,0,0,1,0,0,0,0
0,1,1,59,1,0,24.38,1469.27,0,0,0,0,0,1,1,0,1,0,1,0,1,0,1,0,1,0,0,0,0,0,1
1,0,0,29,1,0,91.77,2666.14,0,1,0,0,1,0,0,0,0,1,0,1,0,0,0,1,0,1,0,1,0,0,0
0,1,0,70,1,1,99.82,6997.72,1,1,0,1,1,0,0,0,0,1,0,0,0,0,0,1,0,1,0,0,0,0,0
0,0,0,12,1,0,74.0,925.3,0,0,0,1,0,0,0,0,0,1,0,0,0,1,0,1,0,1,0,0,1,0,0
0,1,0,1,1,1,55.38,45.6,1,0,0,1,0,0,0,0,0,0,0,0,0,1,0,0,0,1,0,0,0,1,0
0,1,0,8,1,0,69.12,544.92,0,1,0,1,1,0,0,0,0,0,0,1,0,0,0,0,0,0,0,0,0,1,0
0,0,0,21,1,1,18.25,352.28,1,0,0,1,0,1,1,0,1,0,1,0,1,0,1,0,1,0,0,0,0,0,1
1,0,0,36,1,1,18.25,649.8,0,0,0,1,0,1,1,0,1,0,1,0,1,0,1,0,1,0,0,0,0,0,1
0,0,0,16,1,1,21.39,272.36,0,1,0,1,0,1,1,0,1,0,1,0,1,0,1,0,1,0,0,0,0,1,0
1,1,0,31,1,1,24.83,760.36,0,0,0,0,0,1,1,0,1,0,1,0,1,0,1,0,1,0,0,0,0,0,1
0,0,0,42,1,1,72.04,2999.63,0,0,0,0,1,0,0,0,0,0,0,1,0,0,0,0,0,0,0,0,1,0,0
0,0,0,13,1,1,46.44,609.68,0,1,0,0,0,0,0,0,0,0,0,0,0,0,0,0,0,0,1,0,0,0,0
0,0,0,13,0,1,82.07,1087.48,1,0,1,0,1,0,0,1,0,1,0,1,0,0,0,1,0,0,0,0,0,0,1
0,0,0,6,1,1,19.95,127.03,0,1,0,1,0,1,1,0,1,0,1,0,1,0,1,0,1,0,0,0,0,0,1
0,1,0,70,1,1,73.85,5158.44,0,0,0,1,1,0,0,0,0,0,0,0,0,1,0,0,0,0,0,0,0,0,1
0,0,0,72,1,1,19.2,1397.86,0,1,0,0,0,1,1,0,1,0,1,0,1,0,1,0,1,0,1,0,0,1,0
0,0,0,31,1,0,22.41,705.2,0,1,0,0,0,1,1,0,1,0,1,0,1,0,1,0,1,0,1,0,0,1,0
0,0,0,8,1,0,65.59,530.89,0,0,0,1,0,0,0,0,0,1,0,1,0,1,0,1,0,0,0,0,0,0,0
0,0,1,72,1,1,88.88,6413.27,1,0,0,1,1,0,0,0,0,0,0,0,0,1,0,1,0,1,0,0,1,0,0
0,1,1,13,1,0,100.94,1345.62,1,0,0,1,1,0,0,1,0,0,0,1,0,1,0,0,0,1,0,0,0,0,1
0,0,0,6,1,1,89.11,527.93,1,0,0,1,1,0,0,1,0,0,0,1,0,0,0,1,0,0,1,0,1,0,0
0,1,1,13,1,0,65.37,854.82,0,1,0,1,0,0,0,1,0,0,0,0,0,0,0,1,0,1,0,0,0,1,0
0,1,1,11,1,1,92.69,1013.82,1,1,0,0,1,0,0,1,0,1,0,0,0,0,0,0,0,1,0,0,0,1,0
0,0,0,9,1,1,88.68,852.86,0,1,0,1,1,0,0,1,0,1,0,0,0,0,0,0,0,1,0,1,0,0,1
0,1,1,16,1,1,79.0,1253.94,0,1,0,0,1,0,0,1,0,0,0,0,0,0,0,1,0,0,0,1,0,1,0
1,0,0,29,1,1,20.48,593.79,0,1,0,1,0,1,1,0,1,0,1,0,1,0,1,0,1,0,1,0,0,1,0
0,1,0,48,1,0,95.6,4570.19,0,0,0,1,1,0,0,1,0,1,0,0,0,0,0,1,0,1,0,1,0,0,1
0,1,1,23,1,1,82.51,1907.58,0,0,0,0,1,0,0,1,0,0,0,0,0,0,0,1,0,0,0,1,0,1,0
1,1,0,23,1,1,52.43,1207.42,1,1,0,1,0,0,0,0,0,0,0,0,0,0,0,0,0,1,0,0,0,1,0
0,1,1,22,1,0,51.17,1099.23,0,1,0,0,0,0,0,0,0,0,0,0,0,1,0,0,0,0,0,0,0,1,0
0,1,0,6,1,1,95.74,539.4,0,0,0,1,1,0,0,1,0,1,0,1,0,1,0,0,0,0,1,0,0,0,1
0,1,0,47,1,1,65.69,3068.55,0,1,0,0,1,0,0,0,0,0,0,0,0,0,0,0,0,1,0,1,1,0,0
0,1,0,59,1,1,90.13,5341.7,0,1,0,0,1,0,0,0,0,0,0,1,0,1,0,0,0,1,1,0,0,0,0
0,1,0,72,1,0,21.48,1536.15,0,1,0,1,0,1,1,0,1,0,1,0,1,0,1,0,1,0,0,1,0,0,0
0,1,0,20,1,0,113.21,2252.23,0,1,0,1,1,0,0,1,0,1,0,1,0,1,0,1,0,1,0,1,0,1,0
0,1,0,72,1,0,62.98,4493.39,0,1,0,1,0,0,0,1,0,0,0,0,0,1,0,0,0,0,0,1,0,0,0
1,1,0,52,1,0,67.08,3478.25,0,0,0,1,0,0,0,0,0,0,0,0,0,1,0,1,0,1,1,0,0,0,0
0,1,1,9,1,0,71.46,665.52,1,1,0,1,1,0,0,0,0,0,0,0,0,0,0,1,0,0,1,0,0,1,0
0,1,0,13,1,1,86.89,1181.7,1,0,0,0,1,0,0,1,0,1,0,1,0,0,0,0,0,1,1,0,0,0,0
0,1,0,30,1,0,79.52,2397.29,1,0,0,1,0,0,0,0,0,1,0,1,0,1,0,0,0,1,0,0,0,0,1
0,1,0,23,0,1,83.52,1918.87,1,0,1,0,1,0,0,1,0,1,0,0,0,0,0,0,0,0,0,0,1,0,0
0,1,1,8,1,1,67.07,488.24,1,1,0,0,0,0,0,0,0,1,0,0,0,0,0,1,0,1,0,0,0,1,0
1,0,0,30,1,1,83.94,2492.43,1,1,0,0,1,0,0,0,0,0,0,1,0,1,0,1,0,0,0,0,0,1,0
0,1,0,30,1,1,21.57,646.08,0,1,0,0,0,1,1,0,1,0,1,0,1,0,1,0,1,0,1,0,0,0,0
0,1,0,51,1,1,69.44,3497.83,1,1,0,0,0,0,0,0,0,1,0,0,0,1,0,1,0,0,0,0,0,0,0
1,0,0,17,1,1,65.81,1098.81,1,1,0,1,1,0,0,0,0,0,0,0,0,0,0,0,0,0,0,0,0,1,0
0,0,0,14,1,0,89.19,1237.45,1,0,0,1,1,0,0,0,0,0,0,1,0,1,0,1,0,1,1,0,0,0,0
0,1,0,6,1,1,67.06,413.72,1,1,0,0,1,0,0,0,0,0,0,0,0,0,0,0,0,0,1,0,1,0,0
0,0,0,34,0,1,97.42,3281.19,1,1,1,0,1,0,0,0,0,1,0,0,0,1,0,1,0,1,0,0,0,1,0
0,0,0,31,1,0,87.39,2719.19,0,1,0,1,1,0,0,0,0,1,0,1,0,0,0,0,0,0,0,1,0,0,0
0,0,0,72,0,1,19.28,1418.65,0,0,1,0,0,1,1,0,1,0,1,0,1,0,1,0,1,0,0,0,0,1,0
0,0,1,49,1,1,21.26,1021.7,1,0,0,0,0,1,1,0,1,0,1,0,1,0,1,0,1,0,0,0,1,0,0
0,0,1,17,1,1,53.54,860.32,0,0,0,1,0,0,0,1,0,0,0,0,0,0,0,0,0,0,0,1,0,0,1
0,0,0,28,0,1,18.25,530.23,0,0,1,0,0,1,1,0,1,0,1,0,1,0,1,0,1,0,0,1,0,1,0
0,1,0,8,1,0,75.73,602.64,0,0,0,1,0,0,0,0,0,1,0,1,0,1,0,0,0,1,1,0,0,1,0
0,0,1,20,1,1,49.0,974.24,1,0,0,1,0,0,0,0,0,0,0,0,0,0,0,1,0,0,0,0,1,0,0
1,0,0,32,1,1,65.1,2079.14,1,1,0,0,1,0,0,0,0,0,0,0,0,0,0,0,0,0,0,0,0,0,1
0,1,0,72,1,1,19.82,1412.43,0,0,0,1,0,1,1,0,1,0,1,0,1,0,1,0,1,0,0,0,1,0,0
1,1,0,11,0,1,69.78,738.69,0,0,1,0,0,0,0,0,0,0,0,1,0,0,0,1,0,1,0,1,0,0,1
0,0,1,69,1,1,54.75,3779.59,0,1,0,1,0,0,0,0,0,0,0,0,0,0,0,1,0,0,0,0,0,0,1
0,0,0,34,1,1,72.44,2438.11,0,0,0,1,0,0,0,1,0,1,0,1,0,0,0,0,0,0,0,1,0,1,0
0,0,0,48,0,1,72.35,3459.99,1,1,1,0,1,0,0,0,0,0,0,0,0,0,0,0,0,1,0,0,1,0,0
0,1,0,27,1,0,85.46,2285.74,1,1,0,1,1,0,0,0,0,1,0,1,0,0,0,0,0,0,0,0,0,0,0
0,0,0,15,1,0,85.24,1266.05,1,1,0,0,1,0,0,0,0,1,0,1,0,0,0,0,0,0,0,0,0,1,0
0,1,0,66,1,1,47.33,3127.42,0,0,0,1,0,0,0,0,0,1,0,0,0,0,0,0,0,0,0,0,0,1,0
0,0,0,19,1,0,57.27,1090.44,1,0,0,0,0,0,0,0,0,1,0,0,0,0,0,1,0,0,0,1,0,0,1
0,1,0,46,1,0,88.27,4064.57,1,1,0,0,1,0,0,0,0,1,0,1,0,1,0,0,0,0,1,0,0,0,0
0,1,0,8,1,0,75.48,613.17,1,1,0,1,0,0,0,0,0,1,0,1,0,0,0,0,0,1,0,0,0,0,0
0,1,0,11,1,0,48.69,492.85,0,1,0,1,0,0,0,0,0,1,0,0,0,0,0,0,0,0,0,0,0,1,0
1,1,1,3,0,1,109.56,377.52,0,1,1,0,1,0,0,1,0,1,0,1,0,1,0,1,0,1,0,0,0,0,0
1,1,0,25,1,1,80.29,2003.92,1,0,0,1,1,0,0,1,0,0,0,0,0,0,0,1,0,0,0,0,1,0,0
0,0,1,34,1,0,18.25,628.67,1,1,0,1,0,1,1,0,1,0,1,0,1,0,1,0,1,0,0,0,0,0,0
0,1,0,28,1,0,68.05,1894.42,1,1,0,1,0,0,0,0,0,0,0,0,0,1,0,1,0,1,0,0,0,0,1
0,0,1,6,1,0,55.21,359.1,0,1,0,1,0,0,0,1,0,0,0,0,0,0,0,0,0,0,0,0,0,0,0
0,0,0,11,1,0,19.64,244.73,0,0,0,1,0,1,1,0,1,0,1,0,1,0,1,0,1,0,0,1,0,0,1
0,1,0,47,0,0,79.08,3731.97,0,1,1,0,1,0,0,0,0,0,0,0,0,1,0,0,0,1,1,0,0,1,0
0,0,0,17,1,1,76.24,1278.96,1,0,0,0,1,0,0,0,0,0,0,0,0,0,0,0,0,1,0,1,0,0,1
1,0,0,29,1,1,68.01,1966.8,0,1,0,1,0,0,0,0,0,1,0,1,0,0,0,1,0,0,0,0,0,0,0
0,0,0,16,1,0,87.87,1395.61,0,1,0,0,1,0,0,1,0,1,0,0,0,0,0,1,0,0,0,0,0,0,0
0,0,1,44,1,1,18.25,808.54,1,0,0,0,0,1,1,0,1,0,1,0,1,0,1,0,1,0,0,0,0,0,1
0,0,1,16,1,0,93.27,1509.85,1,1,0,0,1,0,0,0,0,1,0,1,0,1,0,0,0,0,0,0,0,0,0
0,0,0,23,1,1,19.14,464.92,1,0,0,1,0,1,1,0,1,0,1,0,1,0,1,0,1,0,0,0,1,0,0
0,1,0,57,1,0,94.27,5356.48,0,1,0,0,1,0,0,0,0,1,0,1,0,1,0,1,0,0,0,1,0,1,0
0,1,1,28,1,0,87.7,2481.07,1,0,0,0,1,0,0,1,0,1,0,0,0,1,0,0,0,0,0,0,1,0,0
0,0,0,12,1,1,61.03,710.68,0,0,0,0,0,0,0,0,0,0,0,1,0,0,0,0,0,1,0,0,0,0,1
1,1,0,39,1,1,20.63,830.2,0,0,0,0,0,1,1,0,1,0,1,0,1,0,1,0,1,0,0,0,0,0,1
0,0,0,6,1,0,101.36,604.97,1,1,0,0,1,0,0,1,0,1,0,1,0,1,0,0,0,1,0,0,0,0,0
0,1,0,12,1,0,53.63,673.78,1,0,0,0,0,0,0,0,0,0,0,0,0,0,0,1,0,1,0,0,1,0,0
1,1,0,6,1,1,77.34,432.9,1,0,0,1,1,0,0,0,0,0,0,0,0,0,0,1,0,1,1,0,0,1,0
0,0,0,44,1,1,18.26,777.79,0,1,0,0,0,1,1,0,1,0,1,0,1,0,1,0,1,0,0,1,1,0,0
0,1,0,36,1,1,70.07,2524.15,0,1,0,1,1,0,0,0,0,0,0,0,0,0,0,0,0,1,0,0,1,0,0
0,1,0,41,1,1,67.83,2800.37,0,0,0,0,0,0,0,0,0,1,0,1,0,0,0,0,0,1,1,0,0,1,0
0,0,0,32,1,1,82.49,2640.2,1,1,0,1,1,0,0,0,0,0,0,1,0,0,0,0,0,1,0,0,1,0,0
0,0,1,65,1,1,91.72,5951.76,1,0,0,0,1,0,0,0,0,1,0,1,0,0,0,1,0,0,0,0,1,0,0
0,0,1,32,1,1,79.25,2556.19,0,0,0,1,1,0,0,0,0,0,0,0,0,0,0,1,0,0,0,1,0,0,0
0,1,0,17,1,1,18.96,414.14,1,1,0,0,0,1,1,0,1,0,1,0,1,0,1,0,1,0,0,0,0,1,0
0,0,0,13,1,1,88.97,1168.12,1,0,0,0,1,0,0,0,0,1,0,1,0,1,0,0,0,0,1,0,0,1,0
0,0,0,31,0,0,54.28,1686.95,0,0,1,0,0,0,0,0,0,0,0,0,0,0,0,1,0,0,0,1,0,0,0
0,0,0,62,1,1,22.72,1413.45,0,1,0,1,0,1,1,0,1,0,1,0,1,0,1,0,1,0,0,1,0,1,0
1,1,0,8,1,0,69.51,554.21,1,0,0,1,1,0,0,0,0,0,0,0,0,1,0,0,0,0,0,0,0,1,0
0,1,1,40,1,0,81.06,3240.72,0,1,0,0,0,0,0,1,0,0,0,0,0,1,0,1,0,1,0,1,0,0,1
0,0,0,23,0,1,72.88,1685.95,0,1,1,0,0,0,0,0,0,1,0,0,0,1,0,1,0,0,0,0,0,0,1
0,0,1,55,1,0,77.66,4264.99,0,0,0,0,1,0,0,0,0,0,0,0,0,1,0,1,0,0,0,0,0,1,0
0,1,1,5,1,1,76.35,369.42,0,1,0,0,1,0,0,0,0,1,0,0,0,0,0,0,0,0,1,0,0,0,0
0,0,0,72,1,0,87.09,6229.47,1,0,0,1,1,0,0,1,0,0,0,0,0,0,0,1,0,0,0,0,0,0,1
0,0,1,23,0,1,53.13,1241.97,0,1,1,0,0,0,0,0,0,1,0,0,0,0,0,0,0,0,1,0,0,0,1
0,1,1,4,1,0,62.66,270.8,0,1,0,1,0,0,0,0,0,0,0,0,0,0,0,1,0,1,0,1,0,1,0
0,0,0,8,1,0,61.0,528.64,0,1,0,1,0,0,0,0,0,1,0,1,0,0,0,1,0,0,0,1,1,0,0
0,1,0,72,1,1,21.18,1540.91,0,0,0,0,0,1,1,0,1,0,1,0,1,0,1,0,1,0,0,0,0,1,0
0,0,0,40,1,0,64.87,2562.36,0,0,0,1,0,0,0,1,0,0,0,1,0,0,0,0,0,1,0,0,1,0,0
0,0,1,21,1,0,71.9,1525.18,0,0,0,1,1,0,0,0,0,1,0,0,0,0,0,0,0,0,1,0,0,1,0
0,0,0,72,1,1,21.53,1541.53,0,0,0,1,0,1,1,0,1,0,1,0,1,0,1,0,1,0,1,0,0,0,0
1,0,0,31,1,1,78.97,2435.76,1,0,0,0,0,0,0,1,0,0,0,1,0,0,0,1,0,1,1,0,0,1,0
0,0,0,53,1,0,19.5,1009.95,0,0,0,0,0,1,1,0,1,0,1,0,1,0,1,0,1,0,0,0,0,1,0
0,1,1,11,1,1,77.15,837.07,0,0,0,1,1,0,0,0,0,1,0,0,0,0,0,0,0,0,1,0,0,1,0
0,0,0,20,1,1,55.7,1110.02,1,0,0,1,0,0,0,0,0,0,0,0,0,0,0,1,0,0,1,0,0,0,0
0,0,0,30,1,1,20.67,623.65,0,0,0,0,0,1,1,0,1,0,1,0,1,0,1,0,1,0,0,0,0,1,0
0,1,1,18,1,1,21.23,398.35,0,0,0,1,0,1,1,0,1,0,1,0,1,0,1,0,1,0,0,0,0,1,0
0,0,0,65,1,1,74.23,4835.0,0,1,0,1,0,0,0,0,0,1,0,0,0,0,0,1,0,1,0,1,1,0,0
0,1,1,39,1,1,22.81,889.4,0,1,0,0,0,1,1,0,1,0,1,0,1,0,1,0,1,0,0,1,0,0,0
0,0,0,8,1,1,88.85,663.74,1,0,0,0,1,0,0,0,0,0,0,1,0,1,0,1,0,1,0,0,0,0,1
0,0,0,22,1,1,23.88,477.97,0,1,0,1,0,1,1,0,1,0,1,0,1,0,1,0,1,0,0,0,0,1,0
0,0,0,13,1,0,65.8,877.43,0,1,0,1,1,0,0,0,0,0,0,0,0,0,0,0,0,0,1,0,0,1,0
1,0,0,40,1,1,18.25,713.94,0,0,0,1,0,1,1,0,1,0,1,0,1,0,1,0,1,0,0,0,0,0,0
1,1,1,18,1,1,23.01,401.1,1,1,0,0,0,1,1,0,1,0,1,0,1,0,1,0,1,0,0,0,1,0,0
0,0,1,4,1,1,20.83,101.49,0,1,0,1,0,1,1,0,1,0,1,0,1,0,1,0,1,0,1,0,0,1,0
0,0,0,35,1,1,62.96,2192.24,1,1,0,0,0,0,0,0,0,0,0,1,0,0,0,1,0,0,0,0,0,1,0
0,1,0,17,1,1,93.86,1593.55,1,1,0,1,1,0,0,1,0,1,0,0,0,0,0,0,0,1,0,0,1,0,0
0,1,0,71,1,1,20.18,1432.01,0,0,0,1,0,1,1,0,1,0,1,0,1,0,1,0,1,0,0,1,1,0,0
0,0,0,9,1,1,18.25,104.03,0,0,0,0,0,1,1,0,1,0,1,0,1,0,1,0,1,0,1,0,0,0,1
0,0,0,14,1,1,96.57,1359.87,1,0,0,0,1,0,0,1,0,0,0,0,0,0,0,1,0,1,0,0,0,0,1
0,1,1,21,1,1,74.06,1538.52,0,0,0,0,0,0,0,1,0,1,0,1,0,1,0,0,0,1,0,1,0,0,0
0,1,1,37,0,1,19.16,679.16,0,0,1,0,0,1,1,0,1,0,1,0,1,0,1,0,1,0,0,0,0,1,0
0,1,1,56,1,1,61.11,3441.12,1,1,0,1,0,0,0,0,0,0,0,0,0,1,0,1,0,0,0,0,0,0,1
0,0,0,20,1,1,68.77,1393.08,1,0,0,1,1,0,0,0,0,0,0,1,0,0,0,0,0,0,0,0,0,1,0
0,1,0,31,1,0,104.35,3219.01,0,1,0,1,1,0,0,1,0,1,0,0,0,1,0,1,0,1,1,0,0,1,0
0,0,0,5,1,0,21.07,109.21,0,1,0,1,0,1,1,0,1,0,1,0,1,0,1,0,1,0,1,0,0,0,1
0,0,0,14,1,0,80.4,1140.42,1,0,0,0,1,0,0,0,0,0,0,0,0,1,0,1,0,0,0,0,0,1,0
0,1,1,18,1,1,79.5,1479.9,1,0,0,0,1,0,0,0,0,0,0,1,0,0,0,1,0,0,0,0,0,1,0
0,0,1,21,0,1,22.24,441.64,1,1,1,0,0,1,1,0,1,0,1,0,1,0,1,0,1,0,0,0,0,1,0
0,1,1,43,1,1,69.14,2934.82,0,0,0,0,0,0,0,1,0,0,0,1,0,0,0,1,0,1,0,0,1,0,0
0,1,1,72,1,1,88.05,6336.23,1,1,0,0,1,0,0,0,0,1,0,1,0,0,0,1,0,0,0,0,0,1,0
0,0,0,15,1,1,18.68,294.12,0,1,0,1,0,1,1,0,1,0,1,0,1,0,1,0,1,0,0,1,0,1,0
0,0,1,40,1,1,52.73,2070.67,1,1,0,0,0,0,0,0,0,0,0,0,0,0,0,0,0,1,0,1,1,0,0
1,0,0,65,0,1,81.18,5313.04,0,1,1,0,1,0,0,1,0,0,0,1,0,1,0,0,0,0,1,0,0,0,1
0,1,0,62,1,0,21.41,1319.95,0,0,0,1,0,1,1,0,1,0,1,0,1,0,1,0,1,0,0,1,0,1,0
0,1,0,11,1,1,20.22,215.24,0,1,0,1,0,1,1,0,1,0,1,0,1,0,1,0,1,0,0,1,0,0,0
0,1,1,60,1,1,61.02,3661.65,0,0,0,0,0,0,0,0,0,0,0,0,0,1,0,0,0,1,1,0,0,0,1
0,0,0,8,1,1,95.06,733.82,1,1,0,0,1,0,0,1,0,1,0,0,0,1,0,0,0,1,0,0,0,1,0
0,1,1,8,1,1,80.28,610.01,1,0,0,1,0,0,0,1,0,1,0,0,0,1,0,0,0,1,0,0,0,0,1
0,0,1,28,1,0,18.25,477.42,0,0,0,0,0,1,1,0,1,0,1,0,1,0,1,0,1,0,0,1,0,1,0
0,0,0,18,1,1,93.07,1683.55,0,0,0,0,1,0,0,0,0,1,0,0,0,1,0,1,0,1,1,0,0,1,0
1,0,0,72,1,1,75.56,5475.61,0,1,0,0,1,0,0,0,0,1,0,0,0,0,0,0,0,0,1,0,0,0,0
0,1,0,4,1,1,18.81,44.62,1,0,0,1,0,1,1,0,1,0,1,0,1,0,1,0,1,0,0,0,0,0,0
0,1,0,28,1,1,69.0,1972.73,1,0,0,0,1,0,0,0,0,0,0,1,0,0,0,0,0,0,0,0,0,0,1
0,0,1,54,1,1,90.69,4908.1,0,1,0,1,1,0,0,1,0,0,0,0,0,0,0,1,0,1,0,0,0,1,0
0,0,0,3,1,1,97.72,276.56,1,1,0,1,1,0,0,1,0,1,0,0,0,0,0,1,0,1,0,0,0,1,0
0,0,1,19,1,0,83.2,1574.29,0,1,0,1,1,0,0,0,0,0,0,0,0,0,0,1,0,1,1,0,0,0,0
0,0,0,53,1,0,53.72,2853.05,0,1,0,0,0,0,0,0,0,1,0,0,0,0,0,0,0,0,1,0,0,0,0
0,1,0,26,1,1,72.57,1892.1,1,1,0,1,1,0,0,0,0,0,0,0,0,1,0,0,0,0,0,0,0,0,0
0,1,1,26,1,1,102.97,2684.35,1,1,0,1,1,0,0,1,0,0,0,0,0,1,0,1,0,1,0,0,0,1,0
0,1,0,57,1,1,90.91,5141.09,0,1,0,1,1,0,0,0,0,1,0,0,0,1,0,1,0,1,0,0,0,1,0
1,0,1,38,1,0,22.23,835.33,1,0,0,0,0,1,1,0,1,0,1,0,1,0,1,0,1,0,0,0,0,1,0
0,0,0,14,1,1,76.34,1004.47,1,1,0,0,1,0,0,0,0,0,0,0,0,0,0,1,0,0,0,0,1,0,0
0,0,1,72,1,0,101.23,7321.26,1,1,0,0,1,0,0,1,0,1,0,0,0,0,0,1,0,1,0,0,0,1,0
0,0,0,23,1,1,89.05,2070.89,0,0,0,1,1,0,0,1,0,1,0,0,0,0,0,1,0,0,0,1,0,0,0
0,1,0,8,1,1,100.34,814.25,1,1,0,0,1,0,0,1,0,0,0,1,0,1,0,0,0,1,0,0,0,0,0
1,0,0,27,1,0,76.16,2039.35,1,1,0,0,1,0,0,0,0,1,0,0,0,0,0,0,0,0,0,0,0,0,0
1,0,1,25,1,1,87.47,2200.31,1,1,0,1,1,0,0,1,0,0,0,0,0,1,0,0,0,1,0,0,0,1,0
1,1,0,37,1,0,74.16,2767.62,0,1,0,1,0,0,0,0,0,0,0,1,0,1,0,0,0,1,1,0,0,0,0
1,0,0,41,0,0,74.79,3051.96,0,1,1,0,1,0,0,0,0,0,0,0,0,0,0,1,0,0,0,1,1,0,0
0,0,1,6,1,1,86.14,513.21,1,1,0,0,1,0,0,0,0,1,0,0,0,0,0,1,0,1,0,0,0,0,1
0,0,1,21,1,0,55.63,1181.47,0,1,0,0,0,0,0,1,0,0,0,1,0,0,0,0,0,0,0,1,0,0,0
0,1,0,38,1,0,19.79,735.1,0,0,0,1,0,1,1,0,1,0,1,0,1,0,1,0,1,0,1,0,0,0,1
0,0,0,26,1,1,75.11,1928.19,0,0,0,1,1,0,0,0,0,1,0,0,0,0,0,0,0,1,0,1,0,1,0
0,0,0,17,0,1,77.96,1372.67,0,1,1,0,1,0,0,0,0,0,0,0,0,0,0,1,0,0,0,0,0,0,1
0,0,1,47,1,1,73.06,3441.17,1,1,0,0,1,0,0,0,0,0,0,0,0,1,0,0,0,0,0,0,0,0,0
0,1,0,46,1,1,84.74,3896.73,0,1,0,0,1,0,0,1,0,1,0,0,0,0,0,0,0,0,1,0,0,1,0
0,1,0,0,1,1,24.26,0.0,0,0,0,0,0,1,1,0,1,0,1,0,1,0,1,0,1,0,0,0,0,0,1
0,0,0,31,1,1,51.14,1586.93,1,0,0,0,0,0,0,0,0,0,0,0,0,1,0,0,0,0,1,0,0,1,0
1,1,1,36,0,1,21.12,763.78,0,1,1,0,0,1,1,0,1,0,1,0,1,0,1,0,1,0,0,1,1,0,0
0,1,1,21,1,0,48.49,974.45,1,1,0,0,0,0,0,0,0,0,0,1,0,0,0,0,0,0,1,0,1,0,0
0,0,0,29,1,1,55.37,1579.56,0,1,0,0,0,0,0,0,0,0,0,1,0,0,0,1,0,0,0,0,0,0,1
0,1,0,23,1,0,71.45,1650.28,1,0,0,0,0,0,0,0,0,0,0,1,0,1,0,1,0,1,0,0,0,0,1
0,1,0,35,1,0,60.07,2054.43,0,0,0,1,0,0,0,1,0,0,0,0,0,0,0,1,0,1,0,0,1,0,0
0,0,0,17,0,1,19.36,312.73,0,1,1,0,0,1,1,0,1,0,1,0,1,0,1,0,1,0,1,0,1,0,0
0,1,1,18,1,1,67.43,1224.16,0,0,0,1,0,0,0,1,0,0,0,1,0,0,0,0,0,0,1,0,0,0,0
0,0,0,23,1,1,75.52,1716.05,0,1,0,0,1,0,0,0,0,0,0,0,0,1,0,0,0,0,0,0,1,0,0
0,1,0,36,1,0,92.42,3309.7,0,0,0,0,1,0,0,0,0,0,0,1,0,1,0,1,0,0,0,0,0,0,1
0,1,0,40,0,1,66.01,2658.77,1,0,1,0,0,0,0,0,0,1,0,0,0,1,0,1,0,1,0,0,0,1,0
0,1,0,69,1,1,96.97,6704.55,1,1,0,1,1,0,0,1,0,0,0,0,0,1,0,1,0,1,1,0,1,0,0
0,1,0,9,0,1,18.25,156.45,0,1,1,0,0,1,1,0,1,0,1,0,1,0,1,0,1,0,0,0,1,0,0
0,1,1,2,1,1,87.1,203.22,0,0,0,1,1,0,0,1,0,0,0,1,0,1,0,1,0,0,0,0,1,0,0
0,0,0,46,1,1,90.01,4146.08,1,1,0,1,1,0,0,0,0,1,0,1,0,0,0,1,0,1,0,0,1,0,0
0,0,0,28,1,1,61.31,1727.4,1,0,0,0,0,0,0,0,0,0,0,1,0,1,0,1,0,0,1,0,0,1,0
0,1,0,3,1,0,76.21,262.96,0,1,0,0,1,0,0,0,0,0,0,0,0,0,0,1,0,1,0,1,1,0,0
0,1,0,23,1,1,54.88,1268.55,0,0,0,0,0,0,0,1,0,0,0,0,0,0,0,0,0,0,0,1,0,0,1
0,0,0,56,1,1,65.24,3638.32,0,1,0,0,0,0,0,0,0,0,0,0,0,0,0,1,0,1,0,1,0,1,0
0,0,0,17,1,0,71.96,1254.98,1,1,0,0,0,0,0,0,0,1,0,0,0,1,0,1,0,1,0,0,0,0,0
1,1,0,31,1,1,54.7,1699.98,0,1,0,1,0,0,0,0,0,0,0,0,0,0,0,1,0,1,1,0,0,1,0
1,1,0,14,1,0,19.14,215.04,0,1,0,1,0,1,1,0,1,0,1,0,1,0,1,0,1,0,1,0,0,1,0
0,1,0,10,1,0,98.49,973.89,1,1,0,0,1,0,0,1,0,0,0,0,0,0,0,1,0,1,0,0,0,1,0
0,0,0,50,1,1,65.59,3302.86,0,0,0,0,0,0,0,1,0,0,0,0,0,1,0,1,0,1,1,0,1,0,0
0,1,0,16,1,0,99.62,1619.06,1,1,0,0,1,0,0,1,0,1,0,1,0,0,0,1,0,1,0,1,0,0,0
1,0,1,21,1,1,63.83,1392.46,0,1,0,0,1,0,0,0,0,0,0,0,0,0,0,0,0,0,0,1,1,0,0
0,1,0,27,1,1,88.06,2384.81,1,1,0,0,1,0,0,1,0,0,0,0,0,0,0,0,0,1,0,0,0,1,0
0,1,0,14,1,0,85.51,1207.69,1,1,0,1,1,0,0,1,0,0,0,0,0,0,0,1,0,1,0,0,1,0,0
0,0,0,72,1,1,75.55,5459.78,1,0,0,0,0,0,0,0,0,1,0,1,0,1,0,1,0,1,0,0,0,1,0
0,1,0,46,0,1,87.93,4026.23,0,0,1,0,1,0,0,0,0,0,0,1,0,0,0,1,0,1,0,1,0,1,0
0,0,1,7,1,1,103.53,760.6,0,1,0,0,1,0,0,0,0,1,0,0,0,1,0,1,0,1,1,0,1,0,0
0,0,1,53,1,1,21.73,1082.32,0,0,0,1,0,1,1,0,1,0,1,0,1,0,1,0,1,0,1,0,0,1,0
0,0,0,32,1,1,87.41,2768.03,1,0,0,1,1,0,0,0,0,1,0,1,0,0,0,1,0,0,1,0,1,0,0
0,1,0,35,1,1,96.55,3420.02,0,0,0,1,1,0,0,0,0,1,0,1,0,0,0,1,0,1,0,0,0,0,0
0,1,0,23,0,1,84.93,1953.35,1,1,1,0,1,0,0,1,0,1,0,1,0,0,0,0,0,1,1,0,0,0,1
0,1,1,20,1,1,76.69,1521.53,1,1,0,0,1,0,0,0,0,0,0,1,0,1,0,0,0,0,0,0,1,0,0
1,0,0,53,1,0,83.06,4458.1,0,1,0,0,1,0,0,1,0,0,0,0,0,0,0,1,0,0,1,0,0,0,0
0,0,0,9,0,0,82.03,753.84,1,0,1,0,1,0,0,0,0,0,0,1,0,1,0,0,0,0,0,0,0,1,0
1,1,1,62,1,1,19.14,1192.96,0,0,0,1,0,1,1,0,1,0,1,0,1,0,1,0,1,0,0,0,0,0,0
0,1,0,29,1,1,76.75,2241.08,0,1,0,1,1,0,0,0,0,0,0,0,0,0,0,1,0,1,1,0,0,1,0
0,1,0,6,1,1,47.7,262.02,0,1,0,1,0,0,0,0,0,0,0,0,0,0,0,0,0,0,0,1,1,0,0
1,1,0,5,1,1,73.74,359.06,1,0,0,1,1,0,0,1,0,0,0,0,0,0,0,1,0,0,0,0,0,0,0
0,1,0,14,1,1,56.63,755.58,0,0,0,0,0,0,0,0,0,1,0,0,0,0,0,0,0,0,1,0,0,0,0
0,0,0,16,1,0,87.77,1429.74,0,1,0,0,1,0,0,0,0,1,0,1,0,1,0,0,0,0,0,1,0,0,1
0,0,1,5,1,1,18.25,84.77,0,0,0,1,0,1,1,0,1,0,1,0,1,0,1,0,1,0,0,0,1,0,0
0,1,1,38,1,1,56.97,2162.15,0,1,0,0,0,0,0,0,0,0,0,1,0,0,0,0,0,1,0,1,0,0,0
0,1,1,42,1,1,63.74,2691.57,0,1,0,0,0,0,0,0,0,1,0,0,0,1,0,0,0,1,1,0,0,0,0
0,1,0,40,1,0,56.36,2244.85,0,0,0,1,0,0,0,1,0,0,0,0,0,0,0,0,0,1,0,0,0,0,1
1,1,0,50,1,0,84.29,4196.61,1,0,0,0,1,0,0,1,0,1,0,0,0,0,0,0,0,0,0,0,0,0,1
0,0,0,18,1,1,102.96,1851.88,0,0,0,1,1,0,0,1,0,1,0,1,0,0,0,0,0,1,0,1,1,0,0
0,1,0,34,1,1,93.82,3198.91,1,1,0,1,1,0,0,1,0,0,0,0,0,1,0,1,0,0,0,0,1,0,0
1,0,0,49,1,1,75.81,3769.29,1,1,0,1,1,0,0,0,0,0,0,1,0,1,0,0,0,0,1,0,0,0,0
0,0,1,38,1,1,19.54,708.77,1,1,0,1,0,1,1,0,1,0,1,0,1,0,1,0,1,0,0,0,1,0,0
0,0,1,31,1,1,21.32,649.01,0,1,0,1,0,1,1,0,1,0,1,0,1,0,1,0,1,0,0,0,1,0,0
0,0,0,64,1,0,76.11,4896.18,0,1,0,1,0,0,0,0,0,1,0,1,0,0,0,1,0,1,0,1,0,0,0
0,0,0,19,1,1,92.4,1774.94,1,1,0,1,1,0,0,1,0,1,0,1,0,1,0,0,0,0,0,0,0,0,1
1,0,0,19,1,0,65.26,1241.59,1,1,0,0,1,0,0,0,0,0,0,0,0,0,0,0,0,0,1,0,0,0,1
0,1,0,29,1,0,59.17,1710.95,0,1,0,1,0,0,0,1,0,0,0,0,0,0,0,0,0,1,0,1,0,0,1
0,0,0,29,1,1,69.27,2018.67,0,1,0,1,1,0,0,0,0,1,0,0,0,0,0,0,0,0,0,1,1,0,0
0,1,0,28,1,0,72.97,2043.47,1,0,0,0,1,0,0,0,0,0,0,0,0,1,0,1,0,0,0,0,0,0,0
0,1,0,5,1,1,62.88,277.4,1,1,0,0,0,0,0,1,0,0,0,1,0,0,0,0,0,1,1,0,0,0,0
0,0,0,54,0,1,67.55,3644.64,0,0,1,0,0,0,0,1,0,0,0,0,0,1,0,1,0,1,0,0,1,0,0
1,1,0,34,1,0,103.4,3523.13,0,0,0,0,1,0,0,0,0,1,0,1,0,1,0,1,0,0,1,0,0,0,0
0,1,0,1,1,1,62.67,55.99,0,0,0,0,0,0,0,0,0,0,0,0,0,0,0,1,0,1,0,1,1,0,0
0,1,0,3,0,1,100.63,298.28,1,1,1,0,1,0,0,1,0,0,0,1,0,0,0,1,0,1,0,0,0,1,0
0,1,0,63,1,1,68.2,4286.3,0,1,0,0,0,0,0,1,0,1,0,0,0,0,0,1,0,0,0,0,0,0,1
0,1,0,16,1,1,20.09,348.32,0,0,0,1,0,1,1,0,1,0,1,0,1,0,1,0,1,0,0,0,0,0,0
0,1,0,27,1,0,84.41,2285.07,0,0,0,0,1,0,0,1,0,0,0,0,0,0,0,1,0,0,0,0,1,0,0
0,0,0,10,1,1,52.18,526.65,1,1,0,1,0,0,0,0,0,0,0,0,0,1,0,1,0,0,0,0,0,0,1
0,0,0,72,1,0,25.15,1799.68,0,1,0,0,0,1,1,0,1,0,1,0,1,0,1,0,1,0,0,0,0,1,0
1,1,1,24,1,1,79.05,1923.38,1,0,0,0,0,0,0,1,0,1,0,1,0,0,0,0,0,1,0,0,0,1,0
0,0,1,17,1,0,18.25,282.14,0,1,0,1,0,1,1,0,1,0,1,0,1,0,1,0,1,0,0,1,0,0,1
0,0,0,51,1,1,21.5,1071.94,0,0,0,0,0,1,1,0,1,0,1,0,1,0,1,0,1,0,1,0,1,0,0
0,0,0,9,1,0,79.96,745.14,0,1,0,1,1,0,0,0,0,0,0,0,0,1,0,1,0,0,1,0,0,0,1
0,0,0,56,1,1,24.06,1337.66,0,1,0,1,0,1,1,0,1,0,1,0,1,0,1,0,1,0,0,0,0,0,0
0,0,1,22,1,0,18.66,410.26,0,0,0,1,0,1,1,0,1,0,1,0,1,0,1,0,1,0,0,0,0,0,1
0,1,0,44,1,1,95.59,4245.9,0,1,0,0,1,0,0,1,0,0,0,1,0,1,0,0,0,0,0,0,0,0,0
0,0,1,32,1,1,67.15,2168.19,0,0,0,1,0,0,0,0,0,1,0,1,0,0,0,0,0,1,0,0,1,0,0
0,0,1,21,1,1,61.4,1291.09,0,1,0,1,0,0,0,0,0,0,0,1,0,1,0,1,0,0,0,0,0,0,0
0,0,0,5,1,0,80.62,370.22,1,1,0,1,0,0,0,0,0,1,0,0,0,1,0,1,0,1,0,0,1,0,0
0,1,1,28,1,0,82.35,2288.14,0,0,0,1,1,0,0,0,0,1,0,0,0,0,0,1,0,1,0,1,1,0,0
0,0,0,12,1,1,62.04,772.65,0,1,0,1,0,0,0,0,0,0,0,1,0,0,0,1,0,1,0,1,0,1,0
0,0,0,28,1,0,80.22,2214.56,0,1,0,0,1,0,0,0,0,1,0,0,0,0,0,1,0,0,1,0,0,1,0
0,1,0,48,1,0,58.2,2800.32,0,0,0,1,0,0,0,0,0,1,0,0,0,0,0,0,0,1,0,0,1,0,0
0,0,0,38,1,1,21.05,834.44,0,0,0,0,0,1,1,0,1,0,1,0,1,0,1,0,1,0,0,0,0,1,0
1,0,0,0,1,1,58.46,0.0,0,0,0,0,0,0,0,0,0,1,0,0,0,0,0,0,0,0,0,1,0,1,0
0,0,0,19,1,1,77.54,1409.61,1,1,0,0,1,0,0,0,0,1,0,1,0,0,0,0,0,0,0,0,0,0,1
0,1,0,15,1,0,43.23,669.29,0,1,0,1,0,0,0,0,0,0,0,0,0,0,0,0,0,0,0,0,0,0,0
0,0,0,16,1,1,86.33,1364.14,1,0,0,1,1,0,0,0,0,1,0,0,0,0,0,0,0,1,1,0,0,1,0
0,0,0,30,1,1,76.95,2268.99,0,1,0,1,0,0,0,1,0,1,0,0,0,0,0,1,0,1,1,0,0,0,0
0,1,0,17,1,1,88.57,1499.49,1,1,0,1,1,0,0,1,0,1,0,0,0,1,0,1,0,0,0,0,0,1,0
0,0,1,12,1,1,50.3,625.44,1,0,0,0,0,0,0,0,0,0,0,1,0,0,0,0,0,0,0,0,1,0,0
0,1,1,7,1,0,83.26,571.48,1,1,0,0,1,0,0,0,0,1,0,1,0,0,0,0,0,1,0,0,0,1,0
0,0,0,18,1,1,74.38,1357.22,1,1,0,0,1,0,0,0,0,0,0,0,0,1,0,0,0,0,0,0,0,1,0
0,0,0,45,1,1,22.12,1022.53,0,1,0,0,0,1,1,0,1,0,1,0,1,0,1,0,1,0,1,0,0,1,0
0,0,1,47,1,1,66.17,3097.58,1,1,0,1,0,0,0,0,0,1,0,0,0,0,0,1,0,0,1,0,1,0,0
0,0,0,32,1,1,68.19,2225.65,0,0,0,0,0,0,0,1,0,0,0,0,0,0,0,1,0,1,1,0,0,1,0
0,1,1,2,1,1,23.13,70.54,0,0,0,1,0,1,1,0,1,0,1,0,1,0,1,0,1,0,0,0,0,0,1
0,0,0,30,0,1,69.46,2097.91,1,1,1,0,1,0,0,0,0,0,0,0,0,0,0,0,0,1,0,1,1,0,0
0,1,0,68,1,1,73.95,5047.76,0,1,0,0,1,0,0,0,0,0,0,0,0,0,0,0,0,1,0,1,0,1,0
0,0,0,8,1,0,59.43,471.13,0,0,0,1,0,0,0,0,0,0,0,0,0,1,0,1,0,0,0,0,0,0,1
0,1,0,18,1,1,90.31,1628.08,1,1,0,0,1,0,0,1,0,1,0,0,0,0,0,1,0,1,0,0,0,1,0
0,0,1,46,1,0,88.28,4019.5,1,1,0,0,1,0,0,0,0,1,0,1,0,0,0,1,0,1,0,0,0,0,1
0,0,0,3,1,1,19.94,43.65,0,0,0,0,0,1,1,0,1,0,1,0,1,0,1,0,1,0,0,0,0,0,0
0,1,0,18,1,0,85.92,1538.27,0,0,0,1,1,0,0,1,0,1,0,0,0,0,0,0,0,0,1,0,0,0,0
0,1,1,72,1,0,86.91,6302.53,1,1,0,0,1,0,0,0,0,0,0,1,0,1,0,0,0,1,0,0,0,1,0
0,1,0,72,0,0,50.0,3626.86,0,0,1,0,0,0,0,0,0,0,0,0,0,0,0,1,0,0,0,1,0,1,0
0,1,0,72,1,1,71.49,5144.87,1,1,0,1,0,0,0,0,0,1,0,0,0,0,0,1,0,1,0,0,0,1,0
0,1,1,18,1,0,60.98,1099.73,0,0,0,1,0,0,0,0,0,0,0,0,0,1,0,1,0,0,0,1,0,0,1
0,0,0,63,1,0,80.33,5053.54,0,1,0,1,1,0,0,1,0,0,0,0,0,0,0,0,0,1,1,0,0,0,1
0,0,0,31,1,1,79.86,2485.25,0,1,0,1,1,0,0,0,0,0,0,1,0,1,0,0,0,0,0,0,0,1,0
0,0,0,12,1,1,72.82,894.83,1,0,0,0,1,0,0,1,0,0,0,0,0,0,0,0,0,0,0,0,0,0,0
0,1,0,15,1,1,18.96,284.77,0,0,0,0,0,1,1,0,1,0,1,0,1,0,1,0,1,0,1,0,0,1,0
0,1,0,36,1,0,65.97,2369.43,0,1,0,0,0,0,0,0,0,1,0,0,0,0,0,1,0,0,0,0,0,1,0
0,1,0,2,1,0,25.12,39.97,0,1,0,1,0,1,1,0,1,0,1,0,1,0,1,0,1,0,1,0,0,1,0
1,0,0,23,1,1,18.25,405.02,0,0,0,0,0,1,1,0,1,0,1,0,1,0,1,0,1,0,0,1,0,0,0
1,0,0,28,1,0,83.19,2323.86,1,0,0,1,1,0,0,0,0,0,0,0,0,0,0,1,0,1,0,0,0,1,0
0,0,0,41,1,0,76.71,3162.46,1,1,0,1,1,0,0,0,0,1,0,0,0,0,0,0,0,0,0,1,0,1,0
1,0,1,4,1,1,18.67,98.11,0,0,0,0,0,1,1,0,1,0,1,0,1,0,1,0,1,0,1,0,1,0,0
1,0,0,23,1,1,18.25,377.62,0,0,0,0,0,1,1,0,1,0,1,0,1,0,1,0,1,0,0,1,0,1,0
0,0,0,50,1,1,85.57,4264.77,1,1,0,0,1,0,0,0,0,0,0,1,0,0,0,1,0,0,0,0,0,1,0
0,1,1,72,1,0,86.4,6200.89,0,1,0,0,1,0,0,1,0,0,0,1,0,1,0,0,0,0,0,1,0,0,1
0,0,0,12,1,1,92.57,1096.54,1,1,0,0,1,0,0,0,0,1,0,1,0,0,0,0,0,1,0,0,0,1,0
0,0,0,62,1,0,69.21,4290.99,0,1,0,1,0,0,0,0,0,0,0,1,0,1,0,0,0,1,1,0,0,1,0
0,1,0,48,1,1,61.07,2907.04,0,1,0,0,0,0,0,0,0,0,0,0,0,1,0,0,0,1,1,0,1,0,0
0,0,0,70,1,1,95.08,6664.29,1,1,0,1,1,0,0,0,0,0,0,1,0,1,0,1,0,1,0,0,0,1,0
0,0,1,3,0,1,87.95,279.99,1,1,1,0,1,0,0,0,0,0,0,0,0,1,0,1,0,1,0,0,0,1,0
0,0,1,43,1,1,82.39,3567.99,0,1,0,0,1,0,0,0,0,1,0,0,0,0,0,1,0,0,0,1,0,1,0
0,1,1,61,1,0,19.48,1174.88,0,0,0,1,0,1,1,0,1,0,1,0,1,0,1,0,1,0,1,0,0,0,1
0,1,0,25,1,1,18.62,495.03,0,1,0,0,0,1,1,0,1,0,1,0,1,0,1,0,1,0,0,1,1,0,0
0,0,0,20,1,0,53.35,1060.74,0,0,0,1,0,0,0,0,0,1,0,0,0,0,0,0,0,0,0,1,0,1,0
0,1,0,28,1,0,63.87,1782.39,0,0,0,0,0,0,0,0,0,1,0,1,0,0,0,0,0,1,0,0,0,0,1
0,1,0,58,0,1,78.28,4515.4,1,0,1,0,1,0,0,1,0,1,0,0,0,0,0,0,0,0,0,0,0,0,0
0,1,0,12,1,0,70.92,858.47,0,0,0,1,1,0,0,0,0,0,0,0,0,0,0,0,0,1,0,0,0,1,0
0,1,1,12,0,1,19.48,194.39,0,0,1,0,0,1,1,0,1,0,1,0,1,0,1,0,1,0,1,0,0,0,0
0,0,1,1,1,1,82.38,81.26,0,1,0,0,1,0,0,0,0,1,0,0,0,0,0,0,0,1,0,0,0,1,0
0,0,0,23,1,1,77.76,1780.43,1,0,0,1,0,0,0,1,0,1,0,0,0,0,0,0,0,1,0,0,0,1,0
0,1,1,6,1,1,61.69,360.47,0,1,0,1,0,0,0,1,0,0,0,0,0,0,0,1,0,0,0,0,0,0,0
0,0,0,24,1,0,75.79,1784.0,1,0,0,1,1,0,0,0,0,0,0,0,0,1,0,0,0,1,0,0,0,1,0
0,1,1,10,1,1,56.39,558.11,1,1,0,1,0,0,0,0,0,0,0,1,0,0,0,0,0,0,0,0,1,0,0
0,1,0,16,1,1,56.99,938.59,1,1,0,1,0,0,0,0,0,1,0,1,0,0,0,0,0,0,1,0,0,0,1
1,0,0,18,1,0,69.87,1309.04,0,1,0,1,0,0,0,0,0,1,0,0,0,1,0,0,0,0,1,0,0,1,0
0,0,0,29,1,1,96.2,2785.07,1,0,0,1,1,0,0,0,0,1,0,1,0,0,0,1,0,1,1,0,0,0,1
1,1,0,31,1,1,94.72,2932.25,0,1,0,0,1,0,0,0,0,0,0,1,0,0,0,1,0,1,1,0,0,1,0
0,0,0,21,1,1,66.88,1422.95,0,1,0,1,0,0,0,1,0,0,0,0,0,0,0,0,0,1,1,0,0,1,0
0,1,1,17,1,1,112.67,1955.0,1,1,0,1,1,0,0,1,0,1,0,1,0,1,0,1,0,1,0,0,0,0,1
1,0,0,16,1,1,89.31,1453.08,0,1,0,0,1,0,0,1,0,1,0,0,0,0,0,1,0,1,1,0,0,0,0
1,1,1,4,1,1,19.94,102.4,0,0,0,0,0,1,1,0,1,0,1,0,1,0,1,0,1,0,0,1,0,1,0
0,0,1,58,1,0,64.51,3761.41,0,0,0,0,0,0,0,0,0,0,0,1,0,1,0,0,0,0,0,1,0,1,0
0,0,0,12,1,0,62.39,699.58,0,1,0,1,0,0,0,0,0,1,0,1,0,1,0,0,0,0,0,0,0,1,0
0,1,1,26,1,0,19.68,456.09,0,1,0,1,0,1,1,0,1,0,1,0,1,0,1,0,1,0,0,0,0,0,1
0,0,1,8,1,1,86.03,699.6,1,1,0,0,1,0,0,0,0,0,0,1,0,0,0,1,0,1,0,0,0,0,1
0,0,0,42,1,0,22.13,931.49,1,1,0,0,0,1,1,0,1,0,1,0,1,0,1,0,1,0,0,0,0,0,0
0,1,0,27,1,1,106.22,2808.08,1,0,0,1,1,0,0,1,0,0,0,1,0,1,0,1,0,1,1,0,0,1,0
0,0,0,33,1,0,62.28,2049.21,1,0,0,0,0,0,0,0,0,0,0,1,0,0,0,0,0,1,0,0,0,1,0
0,0,1,7,1,0,80.11,535.89,0,1,0,0,1,0,0,1,0,0,0,0,0,0,0,0,0,1,0,1,0,0,0
0,1,0,34,1,1,51.92,1735.59,0,0,0,0,0,0,0,0,0,0,0,0,0,0,0,1,0,0,1,0,0,0,0
0,0,0,3,1,1,84.63,304.15,1,1,0,1,1,0,0,0,0,0,0,1,0,0,0,0,0,1,0,0,0,0,0
0,1,0,14,1,0,71.78,1004.49,1,0,0,0,0,0,0,0,0,1,0,0,0,1,0,1,0,0,0,0,0,0,0
1,0,0,8,1,0,20.15,131.01,0,0,0,0,0,1,1,0,1,0,1,0,1,0,1,0,1,0,0,0,0,0,1
0,0,0,26,1,1,84.99,2201.26,1,0,0,0,1,0,0,0,0,0,0,0,0,0,0,1,0,1,0,0,0,1,0
0,0,0,61,1,0,96.35,5929.17,1,0,0,0,1,0,0,1,0,0,0,1,0,1,0,1,0,1,0,0,1,0,0
0,0,0,39,1,1,81.2,3168.29,1,0,0,0,1,0,0,1,0,0,0,1,0,0,0,0,0,0,0,0,0,1,0
0,0,1,70,1,1,23.88,1634.1,0,1,0,0,0,1,1,0,1,0,1,0,1,0,1,0,1,0,0,0,1,0,0
0,1,0,27,1,1,18.25,540.45,0,1,0,0,0,1,1,0,1,0,1,0,1,0,1,0,1,0,0,1,0,0,1
0,1,1,43,0,1,18.25,798.73,0,1,1,0,0,1,1,0,1,0,1,0,1,0,1,0,1,0,0,0,0,0,1
1,0,0,53,1,1,20.48,1104.96,0,1,0,0,0,1,1,0,1,0,1,0,1,0,1,0,1,0,0,0,0,1,0
1,1,0,52,1,1,83.98,4365.72,0,0,0,0,1,0,0,0,0,1,0,0,0,0,0,1,0,0,0,1,1,0,0
0,0,1,7,1,0,58.04,405.44,1,0,0,1,0,0,0,0,0,0,0,0,0,0,0,1,0,1,0,0,1,0,0
0,1,1,12,1,0,62.11,761.57,1,0,0,0,0,0,0,0,0,0,0,1,0,0,0,1,0,1,0,0,0,0,0
0,1,0,48,1,1,22.31,1086.06,0,1,0,1,0,1,1,0,1,0,1,0,1,0,1,0,1,0,0,0,0,1,0
0,1,0,71,1,1,21.03,1491.43,0,0,0,1,0,1,1,0,1,0,1,0,1,0,1,0,1,0,1,0,0,1,0
0,0,0,11,0,1,71.02,770.31,0,0,1,0,0,0,0,1,0,1,0,1,0,0,0,1,0,0,1,0,0,0,0
0,1,0,12,1,0,66.16,814.53,1,1,0,0,0,0,0,1,0,0,0,0,0,0,0,1,0,1,0,0,0,1,0
0,1,0,39,1,1,70.03,2749.1,0,1,0,1,1,0,0,0,0,0,0,0,0,0,0,1,0,0,0,0,1,0,0
0,0,0,17,1,1,88.57,1485.95,1,1,0,0,1,0,0,0,0,1,0,0,0,1,0,1,0,0,0,1,0,1,0
0,0,0,51,1,1,101.54,5184.07,0,1,0,1,1,0,0,1,0,1,0,1,0,1,0,0,0,0,1,0,0,0,1
0,0,0,41,1,1,18.25,742.07,0,0,0,0,0,1,1,0,1,0,1,0,1,0,1,0,1,0,0,1,1,0,0
0,1,1,56,1,1,78.07,4327.14,0,0,0,0,1,0,0,1,0,0,0,0,0,0,0,0,0,1,0,0,0,0,0
0,1,1,20,1,1,91.69,1778.72,0,0,0,1,1,0,0,1,0,0,0,1,0,1,0,0,0,0,0,0,0,0,1
0,0,1,16,1,0,92.15,1463.84,1,1,0,0,1,0,0,0,0,1,0,0,0,1,0,0,0,1,0,0,0,0,1
0,1,0,13,1,1,76.0,948.22,1,0,0,1,1,0,0,0,0,0,0,1,0,1,0,0,0,0,0,0,0,1,0
0,1,0,69,1,1,86.77,6013.31,1,0,0,1,1,0,0,0,0,0,0,1,0,0,0,1,0,1,0,0,0,0,0
0,0,1,7,0,0,91.34,627.77,1,1,1,0,1,0,0,1,0,0,0,0,0,1,0,1,0,1,0,0,0,0,0
0,1,0,6,1,1,19.97,121.5,0,0,0,1,0,1,1,0,1,0,1,0,1,0,1,0,1,0,0,0,1,0,0
0,0,0,28,1,1,18.25,568.72,0,1,0,0,0,1,1,0,1,0,1,0,1,0,1,0,1,0,1,0,0,0,0
0,1,0,16,1,1,82.34,1299.61,0,1,0,0,1,0,0,0,0,1,0,0,0,0,0,0,0,1,1,0,0,1,0
0,1,0,53,1,0,65.56,3461.14,0,1,0,0,0,0,0,0,0,0,0,1,0,0,0,0,0,1,0,1,0,1,0
0,1,1,6,1,1,20.74,153.33,0,1,0,1,0,1,1,0,1,0,1,0,1,0,1,0,1,0,0,0,0,1,0
1,0,0,21,1,1,79.95,1677.53,1,0,0,1,1,0,0,0,0,0,0,1,0,0,0,0,0,1,0,0,0,1,0
0,0,1,3,1,0,74.11,243.9,1,1,0,1,1,0,0,1,0,0,0,0,0,0,0,0,0,0,0,0,1,0,0
0,0,1,19,1,0,76.93,1456.81,1,1,0,1,1,0,0,1,0,0,0,0,0,0,0,1,0,0,0,0,0,0,1
1,1,1,27,1,1,98.98,2684.85,1,1,0,0,1,0,0,1,0,0,0,1,0,1,0,0,0,1,0,0,1,0,0
0,0,0,24,1,1,21.68,546.55,0,1,0,1,0,1,1,0,1,0,1,0,1,0,1,0,1,0,0,0,0,1,0
0,0,1,23,1,1,55.61,1304.22,0,1,0,1,0,0,0,0,0,0,0,0,0,0,0,0,0,1,0,0,0,0,0
0,0,0,41,1,0,78.43,3198.81,1,1,0,0,1,0,0,0,0,0,0,0,0,1,0,0,0,1,0,0,0,1,0
0,0,0,10,1,1,18.25,132.07,0,0,0,0,0,1,1,0,1,0,1,0,1,0,1,0,1,0,0,0,0,0,0
0,0,0,34,1,1,64.22,2161.65,1,1,0,0,0,0,0,1,0,0,0,0,0,0,0,0,0,1,0,0,0,1,0
0,0,0,22,0,1,64.63,1406.63,1,0,1,0,1,0,0,0,0,0,0,0,0,0,0,0,0,0,0,1,0,1,0
0,1,0,19,1,0,84.47,1623.8,0,1,0,1,1,0,0,1,0,1,0,0,0,0,0,0,0,0,0,1,0,1,0
0,0,0,37,1,1,76.99,2857.15,0,0,0,0,1,0,0,1,0,0,0,0,0,0,0,0,0,0,1,0,0,0,1
0,1,0,29,1,1,70.3,2055.78,1,0,0,0,0,0,0,0,0,0,0,1,0,0,0,1,0,1,0,0,0,0,1
0,0,0,35,1,0,63.07,2226.8,1,1,0,0,0,0,0,0,0,0,0,1,0,0,0,1,0,0,0,0,0,0,0
0,1,0,72,1,0,71.53,5158.56,1,1,0,0,1,0,0,0,0,0,0,0,0,0,0,1,0,0,0,0,1,0,0
0,1,1,22,1,0,94.42,2075.06,0,0,0,0,1,0,0,0,0,0,0,1,0,1,0,0,0,1,1,0,0,1,0
1,1,0,7,0,1,19.26,121.96,0,1,1,0,0,1,1,0,1,0,1,0,1,0,1,0,1,0,0,0,0,0,1
0,0,0,11,1,1,75.78,812.55,1,0,0,0,0,0,0,1,0,1,0,1,0,0,0,0,0,1,0,1,0,1,0
0,1,0,69,1,1,72.23,4984.49,0,1,0,1,0,0,0,0,0,1,0,0,0,1,0,1,0,1,0,0,0,0,1
0,0,0,18,1,1,82.65,1470.47,1,1,0,0,1,0,0,0,0,1,0,0,0,0,0,1,0,0,0,0,0,1,0
0,0,0,41,1,1,60.03,2446.97,0,0,0,0,0,0,0,0,0,0,0,1,0,0,0,0,0,1,0,1,0,0,1
0,1,0,24,1,0,44.42,1071.89,0,0,0,0,0,0,0,0,0,0,0,1,0,0,0,0,0,0,0,0,0,0,1
0,0,0,9,1,0,93.98,846.35,1,1,0,0,1,0,0,1,0,1,0,0,0,1,0,1,0,0,0,1,1,0,0
0,0,0,29,1,1,76.66,2191.3,0,0,0,1,1,0,0,0,0,0,0,0,0,1,0,0,0,0,0,1,0,1,0
0,0,0,13,1,1,60.1,734.63,1,0,0,1,0,0,0,0,0,0,0,1,0,0,0,0,0,1,1,0,0,1,0
0,1,0,15,1,1,23.81,338.62,1,1,0,0,0,1,1,0,1,0,1,0,1,0,1,0,1,0,0,0,0,0,1
0,0,1,24,1,0,78.48,1907.25,0,1,0,1,0,0,0,1,0,1,0,0,0,0,0,1,0,1,0,1,1,0,0
1,1,0,4,1,0,66.01,265.13,1,1,0,0,0,0,0,0,0,1,0,0,0,0,0,0,0,1,0,1,0,0,0
1,0,1,40,1,0,73.24,2947.19,1,1,0,0,0,0,0,0,0,1,0,1,0,0,0,1,0,1,1,0,0,1,0
1,0,0,17,1,1,22.88,394.06,0,0,0,1,0,1,1,0,1,0,1,0,1,0,1,0,1,0,1,0,0,0,0
0,1,1,45,1,1,66.46,2998.3,0,1,0,0,0,0,0,0,0,0,0,0,0,1,0,1,0,1,0,0,0,1,0
1,1,1,43,0,0,80.82,3482.75,1,1,1,0,1,0,0,0,0,0,0,1,0,1,0,0,0,0,0,0,1,0,0
0,0,0,21,0,1,39.62,802.14,0,0,1,0,0,0,0,0,0,0,0,0,0,0,0,0,0,0,0,1,0,1,0
0,1,1,27,1,1,71.1,1893.06,1,0,0,0,1,0,0,0,0,0,0,1,0,0,0,0,0,0,0,0,0,1,0
0,1,0,34,0,1,66.07,2272.61,0,0,1,0,0,0,0,0,0,1,0,1,0,0,0,1,0,0,1,0,0,1,0
1,1,0,18,1,1,87.57,1588.13,0,0,0,0,0,0,0,1,0,0,0,1,0,1,0,1,0,1,1,0,0,1,0
0,0,1,3,1,1,87.43,245.58,1,1,0,1,1,0,0,0,0,1,0,1,0,0,0,0,0,0,1,0,0,1,0
0,1,0,29,1,0,92.47,2674.81,1,0,0,0,1,0,0,1,0,0,0,0,0,0,0,1,0,1,0,0,1,0,0
0,0,1,52,1,1,90.65,4720.84,0,1,0,0,1,0,0,1,0,0,0,1,0,0,0,1,0,0,0,1,0,0,1
0,0,0,13,1,1,81.46,1055.07,0,1,0,0,1,0,0,0,0,0,0,0,0,1,0,0,0,1,0,0,0,0,1
0,0,0,46,1,1,20.73,1015.36,0,1,0,0,0,1,1,0,1,0,1,0,1,0,1,0,1,0,0,0,0,1,0
0,0,0,8,1,0,71.08,572.65,0,0,0,0,0,0,0,1,0,0,0,0,0,1,0,1,0,0,0,1,0,1,0
0,0,0,20,1,0,76.01,1523.92,1,0,0,1,1,0,0,0,0,0,0,1,0,0,0,0,0,0,0,0,0,1,0
0,1,0,23,1,1,85.27,1968.4,0,1,0,0,0,0,0,1,0,1,0,1,0,0,0,0,0,1,1,0,0,0,1
0,1,0,25,1,1,95.27,2393.16,0,0,0,0,1,0,0,0,0,0,0,1,0,1,0,0,0,1,0,0,0,0,1
0,1,0,11,1,0,73.36,789.15,1,0,0,0,1,0,0,0,0,0,0,0,0,0,0,1,0,0,1,0,0,0,1
0,1,0,8,1,0,84.84,669.47,1,1,0,0,1,0,0,0,0,0,0,1,0,0,0,0,0,1,0,0,1,0,0
0,1,0,21,1,1,84.6,1790.66,1,0,0,0,1,0,0,1,0,0,0,0,0,1,0,1,0,0,1,0,1,0,0
0,0,0,37,1,1,48.39,1811.92,1,1,0,0,0,0,0,0,0,0,0,0,0,0,0,0,0,1,0,0,1,0,0
0,1,0,13,1,0,22.02,294.05,0,0,0,0,0,1,1,0,1,0,1,0,1,0,1,0,1,0,0,1,0,1,0
0,1,1,22,1,1,59.15,1255.08,1,1,0,0,0,0,0,0,0,1,0,0,0,0,0,0,0,1,0,0,0,1,0
1,0,0,72,1,1,55.13,3983.53,0,1,0,0,0,0,0,1,0,0,0,0,0,1,0,0,0,0,0,0,0,0,1
0,1,1,31,1,1,19.86,629.79,0,1,0,0,0,1,1,0,1,0,1,0,1,0,1,0,1,0,0,0,0,0,0
1,0,1,21,1,0,91.46,1916.33,1,1,0,1,1,0,0,1,0,0,0,1,0,0,0,0,0,1,0,0,0,1,0
1,1,0,24,1,1,19.18,446.16,0,0,0,0,0,1,1,0,1,0,1,0,1,0,1,0,1,0,0,1,0,0,0
0,0,1,72,1,1,73.01,5285.81,0,1,0,1,0,0,0,1,0,1,0,0,0,0,0,1,0,0,0,0,0,1,0
0,1,0,38,1,1,56.12,2125.15,0,1,0,0,0,0,0,1,0,0,0,0,0,0,0,1,0,0,0,0,0,1,0
0,1,0,13,1,0,76.78,1029.2,1,0,0,0,1,0,0,1,0,0,0,0,0,0,0,0,0,0,0,0,1,0,0
0,0,1,41,1,0,77.69,3162.03,1,0,0,0,0,0,0,0,0,0,0,1,0,1,0,1,0,1,0,0,0,0,0
0,1,1,9,1,1,98.59,885.45,1,0,0,1,1,0,0,1,0,1,0,1,0,0,0,1,0,0,0,0,1,0,0
0,1,1,27,1,1,60.67,1685.9,0,1,0,0,0,0,0,0,0,0,0,1,0,0,0,1,0,1,0,0,1,0,0
0,1,0,59,1,0,57.72,3475.09,0,1,0,1,0,0,0,0,0,1,0,1,0,0,0,0,0,0,0,1,0,1,0
0,0,1,27,1,0,71.03,1910.43,0,1,0,1,1,0,0,0,0,1,0,0,0,0,0,0,0,0,0,1,0,0,0
0,1,0,9,1,0,55.79,500.97,0,0,0,0,0,0,0,0,0,0,0,0,0,0,0,0,0,1,0,0,0,0,0
0,0,0,25,1,1,58.62,1491.13,1,0,0,0,0,0,0,0,0,0,0,0,0,0,0,1,0,0,0,0,0,0,0
0,0,0,59,1,1,76.59,4499.97,0,0,0,0,0,0,0,1,0,0,0,0,0,1,0,1,0,1,0,0,0,1,0
0,0,1,12,1,0,70.73,834.38,1,0,0,0,0,0,0,1,0,1,0,0,0,0,0,1,0,0,0,0,0,1,0
1,0,0,40,1,1,87.39,3476.57,1,1,0,1,1,0,0,0,0,0,0,1,0,0,0,1,0,1,0,0,0,0,1
0,1,0,61,0,1,79.87,4910.88,0,0,1,0,1,0,0,0,0,1,0,1,0,0,0,0,0,0,0,0,1,0,0
0,0,0,33,0,1,105.27,3469.89,1,1,1,0,1,0,0,0,0,1,0,1,0,1,0,1,0,1,0,0,0,0,0
1,1,0,26,1,1,73.18,1896.99,0,1,0,1,1,0,0,0,0,0,0,1,0,0,0,0,0,0,0,1,0,0,1
1,1,1,13,1,0,50.82,663.89,0,1,0,0,0,0,0,0,0,1,0,0,0,0,0,0,0,0,0,0,0,0,1
0,0,1,15,1,1,47.66,705.45,1,1,0,0,0,0,0,0,0,0,0,0,0,0,0,0,0,1,0,0,0,0,0
0,0,0,20,0,0,18.25,363.14,0,0,1,0,0,1,1,0,1,0,1,0,1,0,1,0,1,0,0,1,1,0,0
0,1,0,41,1,0,65.22,2683.49,1,1,0,1,0,0,0,1,0,0,0,0,0,1,0,1,0,0,0,0,0,1,0
0,0,0,72,1,1,21.09,1470.09,0,0,0,0,0,1,1,0,1,0,1,0,1,0,1,0,1,0,0,1,0,0,1
0,0,0,13,1,0,63.41,806.5,0,0,0,0,0,0,0,0,0,1,0,0,0,0,0,1,0,0,1,0,1,0,0
0,1,1,37,1,1,81.02,3008.06,1,0,0,1,1,0,0,0,0,1,0,0,0,0,0,1,0,0,0,0,0,0,1
0,0,0,51,1,0,83.0,4223.97,0,0,0,0,1,0,0,1,0,1,0,1,0,0,0,0,0,0,0,0,0,0,1
0,0,0,25,1,0,85.68,2145.39,0,1,0,1,1,0,0,0,0,0,0,0,0,1,0,0,0,1,1,0,0,0,0
0,0,0,25,0,1,97.84,2417.04,0,1,1,0,1,0,0,1,0,1,0,1,0,0,0,1,0,0,1,0,0,0,0
0,0,0,6,1,1,18.25,81.93,0,1,0,1,0,1,1,0,1,0,1,0,1,0,1,0,1,0,0,0,0,0,1
0,1,0,29,1,1,87.24,2514.32,0,1,0,0,1,0,0,1,0,0,0,1,0,0,0,0,0,0,1,0,1,0,0
0,0,0,24,1,1,103.2,2474.68,1,0,0,0,1,0,0,1,0,1,0,0,0,1,0,1,0,1,0,0,0,1,0
0,1,1,19,1,0,20.21,379.5,0,1,0,0,0,1,1,0,1,0,1,0,1,0,1,0,1,0,0,0,0,1,0
0,0,0,32,1,0,68.51,2175.89,0,1,0,1,0,0,0,1,0,1,0,0,0,0,0,0,0,0,0,0,0,0,1
0,0,1,10,1,0,89.8,918.96,1,1,0,1,1,0,0,1,0,1,0,0,0,0,0,1,0,0,0,0,0,0,0
0,0,0,12,1,1,18.25,207.14,0,1,0,0,0,1,1,0,1,0,1,0,1,0,1,0,1,0,1,0,0,1,0
0,1,1,29,1,0,21.33,601.19,0,0,0,0,0,1,1,0,1,0,1,0,1,0,1,0,1,0,0,0,0,1,0
1,0,0,69,1,1,68.49,4699.73,0,1,0,0,0,0,0,0,0,0,0,1,0,0,0,1,0,1,0,1,0,0,1
0,0,0,22,1,1,21.99,490.38,0,0,0,0,0,1,1,0,1,0,1,0,1,0,1,0,1,0,0,0,0,0,1
0,1,0,26,1,1,65.34,1705.55,1,0,0,1,0,0,0,1,0,1,0,0,0,0,0,0,0,1,0,1,1,0,0
0,1,0,25,1,0,68.75,1751.7,0,0,0,0,1,0,0,0,0,0,0,0,0,0,0,0,0,0,0,1,0,0,0
0,1,0,10,1,0,87.94,868.21,1,1,0,0,1,0,0,0,0,0,0,1,0,0,0,1,0,1,0,0,1,0,0
0,0,0,20,1,1,82.42,1653.16,1,0,0,1,1,0,0,0,0,0,0,1,0,0,0,1,0,1,0,1,0,0,0
0,1,0,28,1,1,76.67,2186.27,1,1,0,0,1,0,0,0,0,1,0,0,0,0,0,0,0,0,0,0,0,1,0
1,0,1,28,1,0,52.72,1480.17,0,1,0,0,0,0,0,1,0,0,0,0,0,0,0,0,0,0,0,0,1,0,0
0,0,0,34,1,1,91.35,3099.57,1,0,0,0,1,0,0,1,0,1,0,1,0,0,0,0,0,1,0,0,0,1,0
0,0,0,9,1,0,54.05,482.57,0,0,0,0,0,0,0,0,0,1,0,0,0,0,0,0,0,0,0,0,0,0,0
0,0,1,14,1,1,70.3,1015.67,0,1,0,0,0,0,0,0,0,0,0,1,0,0,0,1,0,1,0,0,0,1,0
0,1,0,4,1,1,77.98,335.33,1,0,0,1,1,0,0,1,0,0,0,1,0,0,0,0,0,0,1,0,0,0,1
0,1,0,62,1,1,78.97,4852.51,1,1,0,1,1,0,0,0,0,1,0,0,0,0,0,0,0,1,0,0,0,0,1
0,1,0,17,0,1,99.29,1699.12,0,0,1,0,1,0,0,1,0,0,0,1,0,1,0,1,0,1,0,0,0,0,1
0,0,1,30,1,1,71.88,2146.72,1,0,0,0,1,0,0,0,0,0,0,0,0,0,0,0,0,1,0,1,0,0,1
0,0,0,24,1,0,54.8,1323.83,0,0,0,0,0,0,0,1,0,1,0,0,0,0,0,0,0,0,1,0,0,0,1
1,0,0,1,1,0,18.25,18.87,0,0,0,1,0,1,1,0,1,0,1,0,1,0,1,0,1,0,1,0,1,0,0
0,0,0,8,1,0,98.58,796.07,1,0,0,0,1,0,0,1,0,1,0,1,0,0,0,1,0,1,0,0,1,0,0
1,0,1,24,1,1,43.14,1019.29,0,0,0,1,0,0,0,0,0,0,0,0,0,0,0,0,0,0,0,0,0,0,1
0,0,0,37,1,0,66.46,2419.34,0,0,0,0,0,0,0,1,0,0,0,1,0,0,0,1,0,0,0,0,1,0,0
1,0,0,35,0,1,18.25,579.96,0,0,1,0,0,1,1,0,1,0,1,0,1,0,1,0,1,0,1,0,0,0,1
0,1,1,7,1,0,80.9,528.15,1,1,0,0,1,0,0,0,0,1,0,0,0,0,0,0,0,1,0,0,0,0,0
0,1,1,10,1,1,68.02,717.26,0,0,0,1,0,0,0,1,0,1,0,0,0,0,0,1,0,1,0,1,0,1,0
0,0,0,33,0,1,19.94,690.76,0,1,1,0,0,1,1,0,1,0,1,0,1,0,1,0,1,0,0,0,1,0,0
0,0,0,35,0,0,76.49,2707.44,1,0,1,0,1,0,0,0,0,0,0,0,0,0,0,1,0,0,0,0,0,1,0
0,0,1,6,1,0,81.43,442.26,0,1,0,0,1,0,0,0,0,0,0,1,0,1,0,0,0,1,0,1,0,0,0
0,1,0,32,1,1,64.04,2070.86,0,1,0,1,0,0,0,1,0,0,0,0,0,1,0,0,0,1,0,1,1,0,0
0,0,1,23,1,1,77.46,1797.04,1,0,0,0,1,0,0,0,0,1,0,0,0,0,0,0,0,1,0,0,0,0,1
0,1,1,20,1,1,61.56,1199.85,0,1,0,1,0,0,0,0,0,1,0,0,0,0,0,1,0,0,0,0,0,1,0
0,1,1,70,1,0,67.34,4743.43,0,1,0,0,0,0,0,1,0,1,0,0,0,0,0,0,0,1,0,0,0,0,1
0,0,1,22,1,1,18.25,409.71,1,0,0,0,0,1,1,0,1,0,1,0,1,0,1,0,1,0,0,0,1,0,0
1,0,0,16,1,1,65.26,1091.57,0,1,0,1,0,0,0,0,0,1,0,0,0,0,0,1,0,0,1,0,1,0,0
0,1,1,43,1,1,79.27,3443.04,0,1,0,0,0,0,0,1,0,1,0,1,0,0,0,1,0,1,1,0,0,1,0
0,1,0,42,1,0,76.23,3170.33,0,1,0,1,1,0,0,0,0,1,0,0,0,1,0,0,0,0,0,1,1,0,0
0,0,0,60,1,1,74.82,4488.54,0,1,0,0,1,0,0,1,0,0,0,0,0,0,0,0,0,0,1,0,0,0,0
1,1,0,40,1,0,73.51,2946.47,0,1,0,0,0,0,0,1,0,1,0,1,0,0,0,1,0,0,1,0,0,0,0
0,1,0,39,1,0,50.25,1958.07,0,1,0,1,0,0,0,0,0,0,0,0,0,0,0,0,0,0,0,1,0,1,0
0,0,0,25,1,1,66.03,1687.38,1,1,0,1,0,0,0,0,0,0,0,0,0,1,0,0,0,1,0,0,0,0,1
1,0,0,72,1,1,26.49,1882.2,0,1,0,0,0,1,1,0,1,0,1,0,1,0,1,0,1,0,0,1,0,1,0
0,1,1,10,1,0,68.43,689.24,1,1,0,0,1,0,0,0,0,1,0,0,0,0,0,0,0,0,0,0,0,0,0
1,0,0,35,1,1,85.69,2973.02,1,0,0,0,1,0,0,1,0,0,0,0,0,0,0,1,0,1,1,0,0,0,1
0,0,1,9,1,1,83.78,760.74,1,0,0,1,1,0,0,1,0,1,0,0,0,0,0,1,0,0,1,0,0,0,0
0,1,1,25,0,0,21.0,525.85,0,1,1,0,0,1,1,0,1,0,1,0,1,0,1,0,1,0,0,1,0,0,0
0,1,0,24,1,1,57.59,1408.13,0,1,0,1,0,0,0,0,0,0,0,1,0,0,0,0,0,1,0,0,0,0,0
1,1,1,25,1,1,23.43,636.52,1,0,0,1,0,1,1,0,1,0,1,0,1,0,1,0,1,0,0,0,0,1,0
1,1,0,4,1,0,91.97,342.06,0,0,0,0,0,0,0,1,0,0,0,1,0,1,0,1,0,1,0,0,0,1,0
0,0,1,17,0,0,18.25,336.94,0,1,1,0,0,1,1,0,1,0,1,0,1,0,1,0,1,0,0,1,0,0,1
0,1,0,72,1,0,67.65,4902.44,1,1,0,1,1,0,0,0,0,0,0,0,0,0,0,0,0,0,0,0,0,0,1
0,0,0,27,1,1,98.88,2625.64,0,1,0,1,1,0,0,1,0,1,0,1,0,1,0,1,0,0,0,1,0,1,0
0,1,1,50,1,1,85.07,4264.76,1,0,0,0,1,0,0,0,0,1,0,1,0,1,0,0,0,0,0,0,0,1,0
0,0,0,32,1,0,88.61,2875.96,0,0,0,0,1,0,0,0,0,0,0,1,0,0,0,1,0,1,1,0,0,1,0
0,0,1,72,0,1,87.7,6299.81,1,0,1,0,1,0,0,1,0,0,0,0,0,0,0,1,0,1,0,0,0,0,1
0,0,1,33,1,0,69.91,2312.99,1,1,0,0,0,0,0,1,0,1,0,0,0,0,0,0,0,1,0,0,1,0,0
0,0,0,27,0,0,72.29,1931.63,0,1,1,0,1,0,0,0,0,0,0,0,0,0,0,1,0,0,0,1,0,1,0
1,0,0,7,1,0,56.5,391.64,0,1,0,1,0,0,0,0,0,0,0,1,0,0,0,1,0,0,1,0,0,1,0
0,0,0,8,0,0,19.05,173.91,0,1,1,0,0,1,1,0,1,0,1,0,1,0,1,0,1,0,1,0,0,1,0
0,0,1,15,1,1,73.48,1064.14,0,1,0,0,0,0,0,1,0,1,0,1,0,0,0,0,0,1,1,0,0,0,0
0,0,0,21,1,0,92.01,1950.3,0,0,0,0,1,0,0,1,0,1,0,0,0,1,0,1,0,0,0,0,0,1,0
0,0,0,8,1,0,21.26,166.84,0,1,0,0,0,1,1,0,1,0,1,0,1,0,1,0,1,0,0,0,0,1,0
0,1,1,27,1,0,71.06,1921.44,0,0,0,0,1,0,0,0,0,0,0,0,0,0,0,0,0,1,0,1,1,0,0
0,1,0,26,1,1,76.41,1991.74,1,1,0,1,1,0,0,1,0,0,0,1,0,0,0,0,0,0,1,0,0,0,0
0,1,0,72,1,1,73.13,5291.49,0,1,0,1,1,0,0,0,0,1,0,0,0,0,0,0,0,1,0,1,1,0,0
0,0,0,72,1,0,87.07,6315.52,0,0,0,1,1,0,0,1,0,1,0,0,0,0,0,1,0,0,0,1,0,0,0
1,1,0,43,1,1,60.44,2617.1,0,0,0,0,0,0,0,0,0,1,0,0,0,0,0,0,0,0,0,1,0,1,0
0,1,0,44,1,1,76.2,3375.33,0,1,0,1,1,0,0,0,0,0,0,1,0,0,0,0,0,0,0,1,0,0,0
0,0,0,55,1,1,19.64,1124.49,0,0,0,0,0,1,1,0,1,0,1,0,1,0,1,0,1,0,0,0,0,1,0
0,1,0,33,1,1,80.68,2652.64,0,1,0,1,1,0,0,1,0,0,0,0,0,1,0,0,0,0,1,0,0,1,0
0,0,1,57,1,1,18.25,1054.82,0,1,0,0,0,1,1,0,1,0,1,0,1,0,1,0,1,0,0,0,0,0,1
0,1,0,7,1,0,18.25,147.04,0,1,0,0,0,1,1,0,1,0,1,0,1,0,1,0,1,0,1,0,1,0,0
0,0,0,47,1,1,100.17,4724.23,0,1,0,1,1,0,0,1,0,0,0,1,0,1,0,1,0,1,0,1,1,0,0
1,1,1,9,1,0,78.95,731.3,1,0,0,1,1,0,0,0,0,1,0,0,0,0,0,1,0,0,0,1,0,1,0
0,0,0,10,1,1,62.94,717.92,1,1,0,1,1,0,0,0,0,0,0,0,0,0,0,0,0,0,0,0,0,0,1
0,0,1,55,0,1,65.65,3565.64,0,0,1,0,0,0,0,0,0,0,0,0,0,1,0,1,0,1,1,0,0,0,0
0,1,0,14,1,1,73.57,1050.47,1,0,0,0,0,0,0,1,0,0,0,1,0,0,0,0,0,1,0,0,0,0,0
0,1,0,11,1,0,73.35,792.24,1,1,0,0,0,0,0,0,0,0,0,1,0,0,0,1,0,1,1,0,0,1,0
0,0,0,35,1,1,83.32,2931.45,1,1,0,1,1,0,0,0,0,0,0,0,0,1,0,1,0,0,0,0,0,0,1
0,0,0,12,1,1,83.92,996.53,1,1,0,0,1,0,0,1,0,0,0,1,0,0,0,1,0,0,0,0,0,0,0
0,1,1,11,1,1,46.17,499.16,0,0,0,1,0,0,0,0,0,0,0,1,0,0,0,0,0,0,0,0,1,0,0
0,0,0,6,1,0,56.41,382.98,0,0,0,0,0,0,0,0,0,1,0,0,0,0,0,0,0,0,0,0,0,1,0
0,1,1,17,1,1,85.45,1481.25,0,0,0,0,1,0,0,0,0,0,0,1,0,1,0,0,0,0,0,0,0,1,0
0,0,0,43,1,1,88.73,3822.12,0,1,0,0,1,0,0,0,0,0,0,1,0,0,0,1,0,1,0,1,0,0,0
0,1,0,47,1,1,80.97,3763.62,0,1,0,1,1,0,0,0,0,1,0,0,0,1,0,0,0,1,0,0,0,0,1
1,0,1,20,1,1,58.74,1195.44,0,0,0,1,0,0,0,0,0,0,0,1,0,1,0,0,0,1,0,1,0,0,0
0,1,1,72,1,1,102.07,7377.22,0,1,0,0,1,0,0,1,0,1,0,0,0,1,0,1,0,0,1,0,0,1,0
0,1,1,36,1,1,61.09,2177.93,1,0,0,0,0,0,0,1,0,0,0,0,0,0,0,0,0,1,0,0,0,0,0
1,1,0,56,1,0,22.25,1290.24,0,1,0,0,0,1,1,0,1,0,1,0,1,0,1,0,1,0,0,0,0,1,0
0,1,1,15,1,0,23.32,345.21,1,1,0,0,0,1,1,0,1,0,1,0,1,0,1,0,1,0,0,0,0,1,0
0,0,0,19,1,1,56.29,1062.86,0,0,0,1,0,0,0,0,0,0,0,0,0,1,0,0,0,1,0,0,1,0,0
0,0,1,21,1,1,71.64,1505.58,0,1,0,1,0,0,0,0,0,1,0,1,0,1,0,0,0,0,0,0,0,1,0
0,1,1,19,1,1,45.11,908.45,0,0,0,0,0,0,0,0,0,0,0,0,0,0,0,0,0,0,0,0,0,0,1
0,1,0,2,1,0,55.11,75.63,1,1,0,1,0,0,0,1,0,0,0,0,0,0,0,0,0,1,1,0,0,0,1
0,0,0,26,1,1,88.91,2304.45,0,0,0,1,1,0,0,0,0,0,0,0,0,1,0,1,0,0,1,0,0,0,1
0,0,1,33,0,0,65.69,2191.88,1,0,1,0,0,0,0,0,0,1,0,1,0,0,0,0,0,1,0,0,1,0,0
0,0,1,31,1,0,54.68,1713.76,0,0,0,0,0,0,0,0,0,0,0,1,0,0,0,0,0,1,0,1,0,0,1
0,1,1,72,1,0,93.87,6732.28,0,0,0,0,1,0,0,0,0,0,0,1,0,1,0,1,0,1,0,1,0,0,0
1,1,0,72,1,1,20.84,1482.6,0,0,0,1,0,1,1,0,1,0,1,0,1,0,1,0,1,0,1,0,0,0,1
0,1,0,4,1,1,61.14,247.41,0,0,0,0,0,0,0,0,0,0,0,0,0,1,0,1,0,0,0,1,0,0,0
0,0,0,66,1,0,53.16,3527.73,0,1,0,0,0,0,0,0,0,0,0,0,0,0,0,0,0,1,0,1,1,0,0
0,0,0,72,1,1,54.16,3947.32,0,1,0,0,0,0,0,0,0,1,0,0,0,0,0,0,0,1,0,0,1,0,0
0,1,0,2,1,1,61.57,129.44,1,0,0,1,0,0,0,0,0,0,0,0,0,1,0,1,0,1,0,1,1,0,0
0,1,1,42,1,0,65.25,2763.99,0,1,0,0,0,0,0,1,0,0,0,0,0,0,0,1,0,0,1,0,1,0,0
0,0,1,27,1,0,25.17,628.22,0,1,0,0,0,1,1,0,1,0,1,0,1,0,1,0,1,0,0,0,0,0,0
0,1,0,72,1,1,18.25,1296.54,0,0,0,1,0,1,1,0,1,0,1,0,1,0,1,0,1,0,0,0,0,0,0
1,0,0,72,0,1,59.32,4269.21,0,1,1,0,0,0,0,0,0,0,0,0,0,0,0,1,0,1,0,1,0,0,0
0,1,1,72,1,0,61.45,4405.84,0,0,0,0,0,0,0,0,0,0,0,1,0,0,0,0,0,1,0,0,0,1,0
1,1,0,43,1,0,60.66,2629.21,0,0,0,0,0,0,0,0,0,0,0,0,0,1,0,1,0,0,0,1,1,0,0
0,1,0,37,1,0,72.01,2661.88,0,1,0,1,0,0,0,0,0,1,0,0,0,1,0,1,0,1,0,1,0,0,0
0,0,0,12,0,1,18.25,157.96,0,0,1,0,0,1,1,0,1,0,1,0,1,0,1,0,1,0,0,0,0,0,0
1,1,0,16,1,0,71.04,1112.44,0,1,0,0,1,0,0,1,0,0,0,0,0,0,0,0,0,0,0,0,0,0,0
1,1,0,39,1,1,58.57,2279.97,1,0,0,0,0,0,0,0,0,0,0,1,0,0,0,1,0,0,0,0,0,0,0
0,0,0,16,1,1,78.34,1217.24,0,0,0,1,0,0,0,0,0,1,0,1,0,1,0,0,0,1,0,1,0,1,0
0,1,0,26,1,0,87.45,2280.58,0,1,0,1,0,0,0,1,0,1,0,1,0,0,0,1,0,0,0,0,1,0,0
1,1,0,5,0,0,52.85,268.17,1,1,1,0,0,0,0,0,0,0,0,0,0,1,0,0,0,0,0,0,0,1,0
0,1,0,28,1,1,82.94,2363.4,0,1,0,0,1,0,0,0,0,0,0,0,0,1,0,0,0,1,0,0,0,0,0
0,0,0,3,1,1,106.48,325.7,1,1,0,0,1,0,0,1,0,1,0,1,0,0,0,1,0,1,0,0,0,0,1
0,1,0,54,1,1,60.92,3310.37,0,1,0,1,0,0,0,1,0,0,0,1,0,0,0,1,0,0,0,1,0,1,0
0,0,0,29,1,1,67.88,1956.52,0,0,0,0,0,0,0,0,0,0,0,1,0,1,0,1,0,0,0,0,1,0,0
0,0,1,15,1,0,22.76,286.7,0,1,0,1,0,1,1,0,1,0,1,0,1,0,1,0,1,0,0,1,0,0,1
0,0,0,22,1,0,86.67,1897.85,1,0,0,0,1,0,0,1,0,0,0,1,0,0,0,1,0,0,0,0,1,0,0
0,1,0,16,1,1,69.81,1070.61,1,1,0,0,0,0,0,0,0,1,0,1,0,1,0,1,0,0,0,0,0,0,1
0,0,0,12,1,1,82.5,959.89,0,0,0,0,1,0,0,0,0,0,0,0,0,1,0,0,0,1,0,1,1,0,0
0,0,0,18,1,1,20.2,377.2,0,1,0,1,0,1,1,0,1,0,1,0,1,0,1,0,1,0,0,1,0,1,0
0,0,0,18,1,1,63.17,1150.11,1,1,0,0,0,0,0,0,0,0,0,0,0,0,0,1,0,1,0,1,1,0,0
0,1,1,21,1,1,73.65,1576.27,1,0,0,0,1,0,0,0,0,0,0,0,0,0,0,0,0,1,1,0,1,0,0
0,0,0,1,0,0,18.55,20.34,0,1,1,0,0,1,1,0,1,0,1,0,1,0,1,0,1,0,1,0,1,0,0
0,0,1,57,0,0,72.45,4132.45,0,0,1,0,1,0,0,0,0,0,0,0,0,0,0,0,0,1,0,1,0,0,0
1,0,1,58,1,0,18.25,1073.27,0,1,0,1,0,1,1,0,1,0,1,0,1,0,1,0,1,0,0,0,1,0,0
0,1,1,25,1,0,87.23,2135.14,0,0,0,1,1,0,0,1,0,0,0,0,0,1,0,1,0,0,0,0,0,1,0
0,0,0,72,1,1,75.34,5467.51,0,0,0,0,0,0,0,0,0,1,0,1,0,1,0,1,0,0,1,0,0,0,0
0,0,1,19,1,0,72.95,1347.44,0,0,0,1,1,0,0,0,0,0,0,0,0,0,0,0,0,1,0,1,0,0,0
0,0,0,27,1,1,78.08,2078.6,1,1,0,0,0,0,0,0,0,0,0,1,0,1,0,0,0,1,0,0,0,1,0
0,0,0,37,1,1,74.59,2763.38,0,1,0,0,0,0,0,1,0,1,0,0,0,1,0,1,0,0,0,1,0,0,0
0,0,0,27,1,1,81.52,2183.04,0,1,0,0,1,0,0,0,0,0,0,0,0,0,0,1,0,1,0,1,0,0,1
0,1,0,15,1,0,104.55,1553.97,1,1,0,0,1,0,0,1,0,1,0,1,0,1,0,0,0,1,1,0,0,1,0
0,1,0,26,0,0,56.28,1489.43,1,1,1,0,0,0,0,0,0,0,0,1,0,0,0,0,0,1,0,0,0,1,0
0,1,1,7,1,1,18.83,124.86,0,0,0,0,0,1,1,0,1,0,1,0,1,0,1,0,1,0,0,1,0,1,0
0,0,0,12,0,0,67.35,784.17,1,0,1,0,0,0,0,1,0,1,0,1,0,0,0,1,0,0,0,1,1,0,0
0,1,0,50,1,0,54.47,2719.22,0,0,0,1,0,0,0,0,0,0,0,0,0,0,0,1,0,0,0,0,0,1,0
0,0,0,72,1,1,73.12,5264.39,1,1,0,1,1,0,0,0,0,0,0,0,0,1,0,0,0,0,0,0,0,0,1
0,0,1,14,1,1,83.06,1172.73,0,1,0,1,1,0,0,1,0,0,0,0,0,0,0,0,0,1,0,1,0,1,0
0,0,0,22,1,1,64.63,1427.58,1,1,0,0,1,0,0,0,0,0,0,0,0,0,0,0,0,0,0,0,0,0,1
0,0,0,21,1,0,97.58,2062.76,0,1,0,1,1,0,0,0,0,0,0,0,0,1,0,1,0,1,0,1,0,0,0
0,0,0,30,1,1,21.55,635.65,0,1,0,0,0,1,1,0,1,0,1,0,1,0,1,0,1,0,0,0,0,0,0
0,1,1,54,0,1,71.98,3898.65,0,1,1,0,0,0,0,1,0,0,0,1,0,1,0,1,0,0,1,0,0,0,1
0,0,0,28,1,0,68.73,1960.85,0,0,0,0,1,0,0,0,0,0,0,0,0,1,0,0,0,0,0,0,0,1,0
0,0,1,7,1,0,89.18,615.52,1,0,0,0,1,0,0,1,0,0,0,0,0,0,0,1,0,1,0,0,0,0,1
0,0,0,15,1,0,20.89,319.24,1,1,0,0,0,1,1,0,1,0,1,0,1,0,1,0,1,0,0,0,0,1,0
0,1,1,34,1,0,99.2,3405.4,0,1,0,1,1,0,0,1,0,1,0,0,0,0,0,1,0,1,1,0,0,0,1
0,1,0,19,1,1,44.25,827.3,1,1,0,1,0,0,0,0,0,0,0,0,0,0,0,1,0,0,1,0,0,1,0
0,0,0,19,1,0,70.35,1289.21,0,1,0,0,1,0,0,0,0,0,0,0,0,1,0,0,0,0,0,0,0,0,1
0,0,0,20,1,1,78.64,1586.55,0,0,0,0,1,0,0,1,0,1,0,0,0,0,0,0,0,0,0,1,0,1,0
1,0,0,24,1,1,79.53,1927.02,1,1,0,1,1,0,0,1,0,0,0,1,0,0,0,0,0,0,0,0,0,1,0
1,1,0,11,1,1,67.22,734.64,1,0,0,0,0,0,0,1,0,0,0,0,0,1,0,1,0,0,0,0,0,0,0
0,0,1,49,1,0,20.83,1008.35,0,1,0,0,0,1,1,0,1,0,1,0,1,0,1,0,1,0,0,0,0,1,0
0,0,0,7,1,1,18.52,149.82,0,1,0,1,0,1,1,0,1,0,1,0,1,0,1,0,1,0,0,1,0,0,1
0,0,0,33,1,0,22.05,735.29,0,0,0,1,0,1,1,0,1,0,1,0,1,0,1,0,1,0,0,0,1,0,0
0,0,0,16,1,1,20.29,330.85,0,1,0,0,0,1,1,0,1,0,1,0,1,0,1,0,1,0,0,0,0,1,0
1,1,1,27,1,0,71.72,1886.47,1,0,0,0,0,0,0,1,0,0,0,0,0,1,0,0,0,1,0,0,0,0,0
0,1,0,64,0,1,18.25,1158.86,0,1,1,0,0,1,1,0,1,0,1,0,1,0,1,0,1,0,0,1,0,0,0
0,0,0,63,1,0,71.76,4520.95,0,0,0,0,1,0,0,0,0,0,0,0,0,0,0,1,0,0,1,0,1,0,0
0,1,0,53,1,0,89.97,4740.34,0,1,0,1,1,0,0,0,0,0,0,1,0,1,0,0,0,0,1,0,1,0,0
0,0,0,72,1,1,103.55,7473.97,0,1,0,1,1,0,0,0,0,1,0,1,0,1,0,1,0,0,0,1,1,0,0
1,1,0,72,1,1,70.57,5091.58,1,0,0,1,0,0,0,0,0,0,0,1,0,0,0,1,0,1,0,0,1,0,0
0,0,1,49,1,0,89.73,4413.99,1,1,0,1,1,0,0,1,0,0,0,0,0,0,0,1,0,1,0,0,0,0,0
0,1,0,37,1,0,72.61,2672.67,0,1,0,0,0,0,0,0,0,1,0,0,0,0,0,1,0,1,0,0,0,0,1
0,0,1,11,1,1,24.44,263.08,0,0,0,1,0,1,1,0,1,0,1,0,1,0,1,0,1,0,0,0,0,0,0
0,0,0,42,1,1,94.98,3965.17,0,0,0,1,1,0,0,1,0,0,0,1,0,1,0,1,0,1,1,0,0,1,0
0,1,1,28,1,1,86.17,2393.08,1,0,0,1,1,0,0,0,0,1,0,0,0,0,0,1,0,1,0,0,0,0,0
0,0,0,72,1,0,58.11,4196.87,0,0,0,1,0,0,0,1,0,0,0,0,0,1,0,0,0,0,0,0,0,0,0
0,0,1,46,1,1,50.95,2290.99,0,0,0,0,0,0,0,0,0,0,0,0,0,0,0,0,0,1,0,0,0,1,0
1,0,1,9,1,0,64.51,573.71,1,0,0,0,0,0,0,0,0,1,0,0,0,0,0,1,0,1,0,0,0,1,0
0,0,0,32,1,1,46.66,1509.49,0,0,0,0,0,0,0,0,0,0,0,0,0,0,0,0,0,0,0,1,0,1,0
0,0,1,50,1,1,93.95,4707.61,0,1,0,1,1,0,0,1,0,0,0,1,0,1,0,1,0,0,0,1,0,1,0
0,0,1,27,1,0,74.93,2080.21,1,1,0,1,1,0,0,0,0,0,0,0,0,0,0,0,0,1,0,0,0,0,1
0,0,0,72,1,0,22.37,1622.87,0,0,0,0,0,1,1,0,1,0,1,0,1,0,1,0,1,0,0,0,1,0,0
0,0,0,45,1,1,94.34,4193.5,0,0,0,1,1,0,0,1,0,0,0,1,0,0,0,1,0,1,1,0,0,1,0
0,0,1,11,1,1,109.3,1249.73,0,1,0,0,1,0,0,1,0,0,0,0,0,1,0,1,0,1,0,1,0,1,0
0,1,0,11,1,0,54.58,591.58,0,1,0,0,0,0,0,0,0,1,0,0,0,0,0,0,0,0,1,0,1,0,0
0,0,1,13,1,0,22.26,258.83,0,1,0,1,0,1,1,0,1,0,1,0,1,0,1,0,1,0,1,0,0,0,1
1,0,0,17,1,1,51.2,894.37,0,0,0,1,0,0,0,0,0,0,0,0,0,0,0,1,0,0,0,0,0,1,0
0,1,0,26,1,1,90.55,2382.37,1,0,0,0,1,0,0,0,0,0,0,1,0,1,0,1,0,0,1,0,0,0,0
0,1,0,34,1,0,92.09,3179.51,0,1,0,0,1,0,0,1,0,1,0,0,0,0,0,0,0,1,1,0,1,0,0
0,0,0,64,1,0,60.13,3871.45,0,0,0,1,0,0,0,0,0,0,0,0,0,1,0,1,0,0,0,0,1,0,0
0,0,0,49,1,1,72.04,3527.19,1,0,0,1,1,0,0,0,0,0,0,0,0,0,0,0,0,1,0,0,0,1,0
1,1,0,20,1,0,20.61,404.79,0,0,0,0,0,1,1,0,1,0,1,0,1,0,1,0,1,0,1,0,0,0,0
0,0,0,20,1,1,74.44,1483.02,1,1,0,1,1,0,0,1,0,0,0,0,0,0,0,0,0,0,0,0,0,0,1
0,0,0,47,0,0,79.88,3780.49,0,0,1,0,1,0,0,0,0,0,0,0,0,1,0,1,0,0,0,0,0,0,0
1,1,0,17,1,1,93.63,1586.35,1,0,0,0,1,0,0,1,0,1,0,1,0,1,0,1,0,0,0,0,0,1,0
0,0,0,39,0,1,45.96,1826.35,1,0,1,0,0,0,0,0,0,0,0,0,0,0,0,0,0,0,0,0,1,0,0
0,1,0,6,1,1,55.55,361.63,0,1,0,1,0,0,0,0,0,0,0,1,0,1,0,0,0,0,0,0,1,0,0
0,0,1,35,1,1,18.25,642.86,0,0,0,0,0,1,1,0,1,0,1,0,1,0,1,0,1,0,1,0,0,0,0
0,1,1,32,1,1,80.42,2556.25,0,0,0,1,1,0,0,1,0,0,0,1,0,0,0,0,0,0,0,1,0,1,0
0,0,0,17,1,1,69.8,1162.85,0,1,0,0,0,0,0,0,0,0,0,1,0,0,0,1,0,1,0,0,1,0,0
0,1,1,8,1,1,69.64,589.07,1,1,0,0,1,0,0,0,0,0,0,1,0,0,0,0,0,0,1,0,0,0,0
0,0,1,7,0,1,82.51,587.09,1,0,1,0,1,0,0,0,0,0,0,1,0,0,0,1,0,1,0,0,0,1,0
1,0,0,30,1,0,72.21,2168.83,0,0,0,1,0,0,0,0,0,0,0,1,0,1,0,1,0,1,1,0,0,0,0
0,1,0,34,1,0,59.5,2002.46,0,1,0,1,0,0,0,0,0,0,0,0,0,1,0,1,0,0,0,0,0,0,1
0,0,1,3,1,0,83.87,247.75,1,1,0,0,1,0,0,1,0,0,0,0,0,1,0,0,0,0,0,0,0,0,0
0,0,0,3,1,0,23.26,71.53,0,1,0,0,0,1,1,0,1,0,1,0,1,0,1,0,1,0,0,1,0,0,0
1,0,1,9,1,1,58.86,544.32,0,0,0,0,0,0,0,0,0,0,0,1,0,0,0,0,0,1,0,1,0,1,0
0,0,0,11,1,1,66.33,743.61,0,0,0,0,1,0,0,0,0,0,0,0,0,0,0,0,0,0,0,1,0,0,1
0,0,0,14,1,0,75.39,1082.37,1,1,0,0,1,0,0,1,0,1,0,0,0,0,0,0,0,0,0,0,0,0,1
1,0,0,30,1,1,72.25,2194.3,1,1,0,0,0,0,0,1,0,1,0,0,0,0,0,1,0,0,0,0,0,0,1
0,0,0,53,1,1,22.34,1202.19,0,1,0,0,0,1,1,0,1,0,1,0,1,0,1,0,1,0,0,0,0,0,1
0,1,0,54,1,0,71.34,3815.08,0,1,0,0,1,0,0,0,0,0,0,1,0,0,0,0,0,0,0,1,0,1,0
1,1,0,42,1,0,89.86,3769.54,0,0,0,1,1,0,0,1,0,1,0,0,0,0,0,1,0,1,0,0,1,0,0
0,1,0,52,1,1,77.41,4048.24,0,1,0,0,0,0,0,0,0,0,0,0,0,1,0,1,0,1,0,0,0,0,1
0,1,0,11,1,1,61.82,694.71,1,1,0,0,0,0,0,1,0,0,0,1,0,1,0,0,0,0,0,0,0,0,0
0,0,0,41,1,0,18.25,780.62,0,1,0,1,0,1,1,0,1,0,1,0,1,0,1,0,1,0,1,0,0,0,0
0,1,0,45,1,1,83.03,3689.36,0,1,0,0,0,0,0,1,0,1,0,1,0,0,0,1,0,1,1,0,1,0,0
1,0,0,5,1,0,73.53,351.87,0,0,0,1,1,0,0,0,0,0,0,0,0,1,0,0,0,0,1,0,1,0,0
0,1,1,65,1,0,82.28,5341.77,0,0,0,1,1,0,0,0,0,0,0,0,0,1,0,1,0,0,0,1,0,0,0
0,1,0,47,1,1,53.33,2511.79,0,0,0,1,0,0,0,0,0,0,0,0,0,0,0,0,0,1,0,0,0,0,0
0,0,0,15,1,1,90.31,1363.66,1,1,0,0,1,0,0,1,0,0,0,1,0,0,0,1,0,1,0,0,0,0,1
0,1,0,4,1,1,94.46,391.95,0,0,0,1,1,0,0,1,0,0,0,1,0,0,0,1,0,1,1,0,0,0,1
0,0,0,30,1,0,22.6,707.23,0,1,0,1,0,1,1,0,1,0,1,0,1,0,1,0,1,0,1,0,0,0,1
0,0,0,20,1,0,54.14,1067.33,0,0,0,1,0,0,0,0,0,0,0,0,0,1,0,0,0,1,0,0,0,1,0
0,0,0,7,1,1,60.28,414.23,0,0,0,0,0,0,0,1,0,0,0,0,0,0,0,0,0,1,1,0,0,0,1
0,0,0,26,0,1,72.79,1872.47,0,1,1,0,0,0,0,1,0,0,0,0,0,0,0,1,0,1,0,0,0,0,0
0,0,0,17,0,1,66.16,1104.07,0,0,1,0,0,0,0,1,0,0,0,0,0,1,0,1,0,0,0,0,0,0,1
0,1,0,47,1,0,19.62,958.31,0,1,0,0,0,1,1,0,1,0,1,0,1,0,1,0,1,0,0,0,0,0,1
0,0,1,3,1,1,66.8,186.23,1,0,0,0,1,0,0,0,0,0,0,0,0,0,0,0,0,0,0,0,1,0,0
0,1,0,50,1,1,56.89,2826.9,0,1,0,0,0,0,0,0,0,0,0,0,0,1,0,0,0,1,1,0,0,0,0
0,1,1,24,1,1,75.37,1807.11,1,1,0,0,0,0,0,1,0,0,0,1,0,0,0,0,0,1,0,0,0,0,1
0,0,0,41,0,1,85.0,3464.85,0,1,1,0,1,0,0,0,0,1,0,1,0,0,0,1,0,0,0,1,0,1,0
0,0,0,69,1,0,53.39,3685.18,0,1,0,1,0,0,0,0,0,0,0,0,0,0,0,1,0,0,1,0,1,0,0
0,0,1,35,1,0,61.21,2127.18,0,1,0,0,0,0,0,0,0,1,0,1,0,0,0,0,0,0,0,0,0,1,0
0,0,1,50,1,0,83.31,4183.46,0,1,0,1,1,0,0,0,0,0,0,1,0,1,0,1,0,0,0,1,0,0,0
1,0,0,6,1,1,67.51,376.7,1,0,0,0,1,0,0,0,0,0,0,1,0,0,0,0,0,0,0,0,0,1,0
0,0,1,7,1,1,64.04,427.1,1,1,0,0,0,0,0,0,0,1,0,0,0,0,0,1,0,0,0,0,0,0,0
0,1,0,19,0,1,95.42,1812.6,0,1,1,0,1,0,0,0,0,1,0,1,0,1,0,0,0,1,0,1,0,0,0
1,1,1,14,1,0,88.73,1241.04,1,0,0,0,1,0,0,0,0,1,0,1,0,1,0,0,0,0,0,0,0,0,0
0,0,0,37,1,0,90.28,3357.06,1,0,0,0,1,0,0,0,0,0,0,1,0,1,0,0,0,1,0,0,0,1,0
0,0,1,37,1,0,63.57,2394.32,0,1,0,0,0,0,0,1,0,0,0,0,0,1,0,0,0,1,1,0,1,0,0
0,1,1,58,1,1,21.87,1249.94,0,1,0,1,0,1,1,0,1,0,1,0,1,0,1,0,1,0,0,0,0,0,1
0,1,1,24,0,1,78.73,1889.88,0,0,1,0,1,0,0,0,0,1,0,0,0,0,0,1,0,0,1,0,0,1,0
0,1,0,6,1,1,95.6,585.91,1,0,0,0,1,0,0,1,0,1,0,0,0,0,0,1,0,0,1,0,0,1,0
0,0,0,59,1,1,81.39,4805.17,1,1,0,0,1,0,0,1,0,0,0,0,0,0,0,1,0,1,0,0,0,0,1
0,1,0,57,1,1,73.99,4200.82,0,0,0,1,1,0,0,1,0,0,0,0,0,0,0,0,0,0,0,1,0,0,0
0,1,0,20,1,0,20.01,382.37,1,1,0,1,0,1,1,0,1,0,1,0,1,0,1,0,1,0,0,0,0,1,0
0,1,1,58,1,0,89.55,5150.36,0,1,0,0,1,0,0,1,0,0,0,1,0,0,0,1,0,0,0,0,0,0,1
1,1,1,5,1,1,51.31,247.44,0,0,0,1,0,0,0,0,0,0,0,0,0,1,0,0,0,0,0,0,1,0,0
0,0,0,21,1,1,64.07,1326.08,0,0,0,0,0,0,0,1,0,0,0,0,0,0,0,1,0,0,0,0,0,0,0
0,0,1,9,1,1,86.61,776.79,1,0,0,1,1,0,0,0,0,0,0,1,0,0,0,1,0,0,0,0,0,1,0
0,1,1,49,1,1,63.17,3056.14,0,1,0,0,0,0,0,0,0,1,0,0,0,0,0,0,0,1,0,0,0,0,1
0,0,0,15,1,1,80.97,1248.54,1,1,0,0,1,0,0,0,0,0,0,1,0,1,0,0,0,1,1,0,0,1,0
1,0,1,53,1,1,70.14,3722.19,0,1,0,1,1,0,0,0,0,0,0,0,0,0,0,1,0,0,0,1,0,1,0
0,0,0,8,1,1,64.07,505.87,1,1,0,1,0,0,0,0,0,0,0,0,0,0,0,1,0,1,0,0,0,0,0
0,1,0,72,1,1,18.79,1342.92,0,1,0,1,0,1,1,0,1,0,1,0,1,0,1,0,1,0,1,0,0,1,0
0,1,0,19,1,0,18.25,325.88,0,1,0,1,0,1,1,0,1,0,1,0,1,0,1,0,1,0,1,0,0,0,0
0,0,0,18,1,0,72.7,1305.55,1,0,0,1,1,0,0,0,0,0,0,0,0,1,0,0,0,0,1,0,1,0,0
0,0,0,46,1,1,90.72,4166.51,0,0,0,0,1,0,0,1,0,1,0,0,0,1,0,0,0,1,0,1,0,1,0
0,1,0,34,1,1,72.31,2456.58,0,1,0,0,0,0,0,0,0,0,0,1,0,1,0,1,0,1,1,0,0,1,0
0,0,1,19,1,0,19.9,394.74,0,1,0,1,0,1,1,0,1,0,1,0,1,0,1,0,1,0,0,1,0,1,0
0,1,0,17,1,1,80.61,1384.83,0,0,0,0,0,0,0,1,0,1,0,1,0,1,0,0,0,1,0,1,0,0,0
0,1,1,72,1,1,95.22,6850.91,0,1,0,0,1,0,0,0,0,1,0,0,0,1,0,0,0,1,1,0,0,1,0
1,1,0,23,0,1,93.25,2154.4,1,0,1,0,1,0,0,1,0,0,0,1,0,0,0,1,0,0,0,0,0,0,0
0,0,0,24,1,0,80.96,1985.3,0,1,0,0,1,0,0,0,0,0,0,1,0,0,0,1,0,1,0,1,0,0,0
0,1,0,8,1,0,56.0,458.12,0,0,0,0,0,0,0,1,0,0,0,1,0,0,0,0,0,0,0,0,0,0,1
1,1,1,66,1,0,79.53,5259.27,1,0,0,0,1,0,0,0,0,0,0,0,0,1,0,1,0,0,0,0,0,1,0
0,1,1,11,1,0,60.7,687.29,1,0,0,0,0,0,0,0,0,1,0,0,0,1,0,0,0,0,0,0,0,1,0
0,1,1,10,1,0,56.56,569.25,0,0,0,0,0,0,0,0,0,0,0,0,0,0,0,0,0,1,0,1,0,0,0
1,1,0,51,0,1,18.93,983.54,0,0,1,0,0,1,1,0,1,0,1,0,1,0,1,0,1,0,0,1,0,1,0
1,0,0,0,1,1,88.96,0.0,1,1,0,1,1,0,0,0,0,1,0,0,0,1,0,0,0,1,0,0,0,0,0
0,0,0,29,1,1,84.19,2438.25,1,0,0,0,1,0,0,0,0,0,0,0,0,0,0,1,0,1,0,0,0,1,0
0,1,1,17,0,1,62.8,1077.15,1,0,1,0,0,0,0,0,0,1,0,1,0,0,0,1,0,0,0,0,0,1,0
1,1,0,21,1,1,63.46,1373.44,0,0,0,0,0,0,0,0,0,1,0,0,0,1,0,1,0,0,0,1,1,0,0
0,0,0,12,1,0,60.08,724.65,0,1,0,1,0,0,0,0,0,1,0,0,0,1,0,0,0,0,0,0,1,0,0
0,1,1,15,0,0,98.05,1467.14,0,1,1,0,1,0,0,0,0,1,0,1,0,0,0,1,0,1,0,0,0,1,0
0,1,0,3,1,1,52.93,193.32,0,0,0,0,0,0,0,0,0,0,0,0,0,1,0,0,0,0,1,0,0,0,1
0,0,0,46,0,1,18.94,867.76,0,0,1,0,0,1,1,0,1,0,1,0,1,0,1,0,1,0,0,0,0,0,0
0,0,0,20,1,0,82.82,1630.4,1,1,0,1,0,0,0,1,0,1,0,1,0,0,0,1,0,0,0,0,0,0,0
1,1,0,53,1,1,68.4,3614.27,0,1,0,1,0,0,0,0,0,1,0,0,0,1,0,0,0,0,1,0,1,0,0
0,1,0,72,1,1,18.25,1296.55,0,1,0,1,0,1,1,0,1,0,1,0,1,0,1,0,1,0,0,0,0,0,1
0,1,0,9,1,0,19.93,163.86,0,1,0,0,0,1,1,0,1,0,1,0,1,0,1,0,1,0,0,0,0,0,0
0,1,0,40,1,1,19.25,795.01,0,1,0,1,0,1,1,0,1,0,1,0,1,0,1,0,1,0,0,0,0,0,0
0,0,0,10,1,0,84.0,809.88,0,1,0,1,0,0,0,1,0,1,0,0,0,1,0,1,0,1,0,0,0,0,1
0,0,0,13,1,1,73.71,965.59,0,1,0,1,0,0,0,0,0,0,0,1,0,1,0,1,0,1,0,1,1,0,0
0,1,0,23,1,1,85.22,1945.26,0,0,0,0,1,0,0,0,0,1,0,1,0,0,0,1,0,0,0,1,0,1,0
0,1,0,72,1,1,18.25,1308.12,0,1,0,1,0,1,1,0,1,0,1,0,1,0,1,0,1,0,0,0,0,0,0
0,1,0,18,1,0,81.12,1445.92,0,1,0,1,1,0,0,0,0,1,0,0,0,0,0,0,0,1,0,1,0,1,0
0,1,0,22,1,0,20.38,419.54,0,1,0,0,0,1,1,0,1,0,1,0,1,0,1,0,1,0,0,1,0,1,0
0,0,0,29,1,1,89.28,2596.49,0,1,0,0,1,0,0,1,0,1,0,0,0,0,0,0,0,1,0,1,1,0,0
1,1,0,22,0,1,74.99,1663.26,1,0,1,0,1,0,0,1,0,0,0,0,0,0,0,1,0,0,0,1,0,0,0
0,0,0,9,1,1,73.31,651.33,1,0,0,0,1,0,0,0,0,0,0,1,0,0,0,0,0,0,0,1,0,0,0
0,0,0,57,0,0,69.37,3953.46,0,1,1,0,0,0,0,1,0,1,0,0,0,0,0,0,0,1,0,0,0,0,1
0,0,0,17,1,0,81.77,1405.54,0,1,0,0,0,0,0,1,0,0,0,1,0,0,0,1,0,1,0,0,1,0,0
0,0,0,6,1,1,63.71,368.42,1,1,0,1,0,0,0,1,0,0,0,1,0,1,0,0,0,0,0,0,0,1,0
0,0,0,31,1,0,67.3,2060.53,0,1,0,0,0,0,0,1,0,0,0,1,0,0,0,1,0,1,1,0,0,1,0
0,0,1,59,0,1,69.94,4191.86,0,1,1,0,0,0,0,1,0,0,0,1,0,0,0,0,0,1,0,0,0,0,1
0,1,1,11,1,0,81.15,875.92,0,1,0,0,1,0,0,0,0,1,0,0,0,0,0,1,0,1,0,0,0,1,0
0,1,1,20,1,0,18.95,413.85,0,1,0,1,0,1,1,0,1,0,1,0,1,0,1,0,1,0,0,0,1,0,0
0,1,1,24,1,0,58.79,1457.82,1,0,0,1,0,0,0,0,0,0,0,0,0,1,0,0,0,1,0,0,1,0,0
0,0,0,15,1,1,111.81,1735.62,1,1,0,1,1,0,0,1,0,1,0,1,0,0,0,1,0,1,0,0,0,0,0
0,0,1,24,1,1,74.8,1791.32,0,1,0,0,1,0,0,0,0,1,0,0,0,0,0,0,0,1,0,1,0,0,0
0,1,0,72,1,1,59.21,4268.03,0,1,0,1,0,0,0,0,0,0,0,1,0,0,0,0,0,1,0,1,0,1,0
0,0,0,25,1,0,93.92,2337.9,1,1,0,0,1,0,0,1,0,0,0,1,0,1,0,1,0,0,0,1,0,0,1
0,0,0,36,1,1,81.38,2907.81,0,1,0,1,0,0,0,1,0,1,0,1,0,1,0,0,0,1,0,0,0,1,0
1,0,0,18,1,1,85.56,1552.06,1,1,0,0,1,0,0,0,0,0,0,0,0,1,0,1,0,1,0,0,0,1,0
0,1,0,31,1,1,20.82,669.72,0,1,0,1,0,1,1,0,1,0,1,0,1,0,1,0,1,0,1,0,1,0,0
0,1,0,34,1,1,97.55,3335.18,1,1,0,0,1,0,0,1,0,0,0,1,0,1,0,1,0,0,0,0,1,0,0
0,0,0,44,1,0,82.12,3628.18,1,0,0,0,1,0,0,0,0,0,0,0,0,1,0,0,0,1,0,0,0,0,0
0,1,0,16,1,1,83.67,1349.82,1,0,0,1,1,0,0,1,0,0,0,0,0,0,0,0,0,1,0,0,0,1,0
0,0,0,20,1,1,22.52,467.65,0,1,0,1,0,1,1,0,1,0,1,0,1,0,1,0,1,0,1,0,1,0,0
1,1,0,48,1,1,94.0,4537.24,0,1,0,1,1,0,0,1,0,0,0,0,0,0,0,1,0,1,0,1,0,0,0
0,1,0,17,1,1,54.04,942.65,0,0,0,1,0,0,0,0,0,0,0,1,0,0,0,0,0,0,1,0,0,1,0
0,1,0,9,1,1,61.52,539.64,0,0,0,0,0,0,0,0,0,0,0,1,0,1,0,0,0,1,0,0,0,0,0
0,0,0,16,1,1,62.77,989.13,0,1,0,1,0,0,0,0,0,1,0,0,0,1,0,0,0,0,1,0,0,1,0
0,1,0,47,1,1,49.0,2291.95,0,1,0,0,0,0,0,0,0,0,0,0,0,0,0,0,0,0,0,0,0,0,1
1,0,0,52,1,1,82.94,4300.13,1,1,0,1,1,0,0,0,0,0,0,0,0,0,0,1,0,1,1,0,0,1,0
1,1,1,41,1,1,90.49,3710.32,0,0,0,0,1,0,0,1,0,1,0,0,0,0,0,1,0,0,1,0,0,0,0
0,0,1,58,1,0,89.07,5149.38,0,1,0,0,1,0,0,1,0,1,0,1,0,0,0,0,0,0,0,0,0,0,0
0,1,0,72,1,1,67.57,4846.57,0,1,0,1,0,0,0,1,0,0,0,0,0,1,0,0,0,1,0,1,0,0,1
0,1,1,42,1,1,18.25,753.1,0,1,0,0,0,1,1,0,1,0,1,0,1,0,1,0,1,0,0,0,1,0,0
0,0,0,22,1,1,53.98,1202.27,0,1,0,1,0,0,0,0,0,1,0,0,0,0,0,0,0,0,0,0,1,0,0
0,0,0,6,1,0,98.91,572.23,1,1,0,0,1,0,0,1,0,1,0,0,0,0,0,1,0,1,0,0,0,0,0
1,0,0,8,1,1,74.13,570.81,0,0,0,0,1,0,0,0,0,1,0,0,0,0,0,0,0,0,0,1,0,1,0
0,0,0,12,1,1,80.88,953.2,1,0,0,1,1,0,0,1,0,0,0,0,0,1,0,1,0,0,0,0,1,0,0
0,1,0,53,1,1,84.66,4478.82,0,1,0,0,0,0,0,1,0,1,0,1,0,0,0,1,0,0,1,0,1,0,0
0,0,0,13,1,1,69.63,917.78,1,1,0,1,1,0,0,1,0,0,0,0,0,0,0,1,0,0,0,0,0,0,1
0,1,0,13,1,1,18.87,223.27,0,0,0,0,0,1,1,0,1,0,1,0,1,0,1,0,1,0,0,0,1,0,0
0,0,0,14,1,0,21.5,337.67,1,1,0,0,0,1,1,0,1,0,1,0,1,0,1,0,1,0,0,0,0,0,1
0,0,0,24,1,0,49.03,1215.7,0,1,0,1,0,0,0,0,0,0,0,0,0,0,0,0,0,0,0,1,0,1,0
0,0,1,31,1,1,57.74,1797.72,0,1,0,1,0,0,0,0,0,0,0,0,0,1,0,0,0,1,0,0,0,0,1
1,0,0,31,1,0,18.25,550.45,0,0,0,0,0,1,1,0,1,0,1,0,1,0,1,0,1,0,1,0,1,0,0
0,0,0,15,1,1,74.06,1108.26,0,0,0,0,0,0,0,1,0,1,0,1,0,0,0,1,0,1,1,0,0,1,0
0,0,0,51,0,0,96.26,4928.15,0,0,1,0,1,0,0,0,0,1,0,1,0,1,0,0,0,1,0,0,1,0,0
0,1,0,23,1,0,23.4,512.1,1,0,0,0,0,1,1,0,1,0,1,0,1,0,1,0,1,0,0,0,1,0,0
0,0,0,46,1,1,63.43,2929.32,0,1,0,1,0,0,0,0,0,0,0,1,0,0,0,1,0,1,0,1,0,1,0
0,0,0,26,1,0,62.08,1562.71,1,1,0,0,0,0,0,0,0,0,0,1,0,0,0,1,0,0,0,0,0,0,1
1,1,0,14,1,1,75.93,1063.64,1,1,0,1,1,0,0,1,0,0,0,0,0,1,0,1,0,0,0,0,1,0,0
0,0,0,18,1,0,76.04,1393.55,0,0,0,1,0,0,0,1,0,1,0,0,0,1,0,1,0,0,0,1,1,0,0
0,1,0,12,1,1,109.5,1328.24,1,0,0,1,1,0,0,1,0,1,0,1,0,1,0,1,0,1,0,0,1,0,0
0,0,0,5,1,1,72.44,355.12,1,1,0,0,0,0,0,0,0,1,0,1,0,0,0,0,0,1,0,0,0,1,0
0,0,0,28,0,0,84.58,2381.46,0,0,1,0,1,0,0,0,0,1,0,1,0,0,0,1,0,0,0,0,0,1,0
0,1,0,10,1,1,79.09,780.14,0,1,0,1,0,0,0,1,0,1,0,0,0,1,0,1,0,0,0,0,0,0,1
0,1,0,7,1,1,63.51,461.59,1,1,0,0,0,0,0,0,0,0,0,0,0,0,0,1,0,1,0,0,0,1,0
0,0,0,44,1,1,73.66,3213.06,1,1,0,1,1,0,0,0,0,0,0,0,0,1,0,0,0,0,0,0,0,0,1
1,1,0,61,1,0,64.92,3989.98,1,0,0,1,0,0,0,1,0,0,0,1,0,0,0,1,0,0,0,0,0,0,0
0,0,0,13,1,0,22.88,303.46,0,0,0,1,0,1,1,0,1,0,1,0,1,0,1,0,1,0,0,1,0,0,0
0,1,0,72,1,1,73.17,5297.4,0,1,0,0,0,0,0,1,0,1,0,0,0,1,0,0,0,1,0,1,0,1,0
0,1,0,43,1,0,70.83,3025.35,0,0,0,0,0,0,0,1,0,1,0,1,0,0,0,1,0,0,0,0,0,1,0
0,1,0,28,1,1,77.58,2124.0,0,0,0,0,1,0,0,0,0,0,0,0,0,1,0,0,0,1,0,1,0,0,0
0,0,0,3,1,1,77.26,200.16,0,0,0,0,1,0,0,0,0,0,0,0,0,0,0,1,0,1,1,0,1,0,0
1,0,0,36,1,0,18.39,660.71,0,0,0,0,0,1,1,0,1,0,1,0,1,0,1,0,1,0,0,0,0,0,1
0,0,0,9,1,1,66.54,602.51,0,1,0,0,0,0,0,1,0,0,0,0,0,0,0,1,0,1,1,0,1,0,0
0,0,0,10,1,1,72.42,708.95,0,0,0,0,1,0,0,1,0,0,0,0,0,0,0,0,0,0,1,0,0,1,0
1,0,0,39,1,1,68.8,2640.04,0,0,0,1,0,0,0,0,0,1,0,0,0,0,0,1,0,0,0,1,0,1,0
0,1,0,72,1,0,75.27,5407.47,1,0,0,0,1,0,0,0,0,1,0,0,0,0,0,1,0,0,0,0,1,0,0
0,1,0,29,1,0,87.97,2538.6,0,1,0,1,1,0,0,1,0,0,0,1,0,0,0,1,0,0,0,0,1,0,0
0,0,0,50,1,1,79.33,3930.64,0,0,0,0,0,0,0,1,0,0,0,1,0,1,0,0,0,1,1,0,0,0,1
0,1,0,72,1,1,103.8,7505.25,1,0,0,1,1,0,0,1,0,1,0,1,0,1,0,1,0,0,1,0,1,0,0
0,0,0,5,1,0,85.65,408.09,0,1,0,0,1,0,0,1,0,1,0,1,0,0,0,0,0,0,0,1,1,0,0
0,0,1,39,1,0,22.45,866.09,0,0,0,0,0,1,1,0,1,0,1,0,1,0,1,0,1,0,0,1,0,0,1
0,0,0,62,1,0,63.55,3980.49,0,1,0,0,0,0,0,0,0,0,0,1,0,1,0,0,0,1,0,0,0,1,0
0,0,0,55,1,1,64.13,3521.53,0,1,0,1,0,0,0,0,0,0,0,1,0,0,0,0,0,1,0,0,0,0,1
0,0,0,59,1,1,79.99,4732.58,0,1,0,1,1,0,0,0,0,0,0,0,0,1,0,1,0,0,0,0,0,0,1
0,0,0,16,1,1,53.73,857.03,1,0,0,0,0,0,0,0,0,1,0,0,0,0,0,0,0,0,0,0,0,1,0
0,0,0,32,1,1,70.13,2227.53,0,0,0,0,1,0,0,0,0,0,0,0,0,1,0,0,0,0,0,0,0,1,0
0,1,1,62,1,0,71.44,4411.6,0,1,0,0,1,0,0,0,0,0,0,1,0,0,0,0,0,0,0,1,0,0,1
0,0,0,38,1,1,75.44,2887.11,1,0,0,1,0,0,0,1,0,1,0,0,0,0,0,1,0,1,0,0,0,1,0
0,1,1,8,1,0,106.1,870.86,1,1,0,0,1,0,0,0,0,1,0,1,0,1,0,1,0,1,0,0,0,0,1
0,0,1,9,1,0,68.85,650.58,0,1,0,0,0,0,0,0,0,1,0,1,0,0,0,0,0,1,0,0,1,0,0
0,0,0,57,1,1,98.99,5608.74,0,0,0,0,1,0,0,0,0,1,0,1,0,1,0,1,0,1,0,0,0,0,0
0,0,0,1,1,0,87.91,40.74,1,0,0,0,1,0,0,0,0,1,0,1,0,0,0,0,0,1,0,0,0,0,0
0,1,1,40,1,1,19.33,783.71,0,0,0,1,0,1,1,0,1,0,1,0,1,0,1,0,1,0,0,0,1,0,0
0,0,0,46,1,1,67.35,3066.57,1,0,0,0,0,0,0,0,0,1,0,1,0,0,0,0,0,1,0,0,0,0,1
0,1,0,35,1,1,77.77,2699.46,0,0,0,0,1,0,0,1,0,0,0,0,0,1,0,0,0,0,0,1,0,0,1
0,0,0,46,1,0,82.08,3759.74,0,1,0,1,1,0,0,1,0,0,0,0,0,1,0,0,0,0,0,1,0,1,0
1,1,0,46,1,0,85.92,3919.14,1,1,0,0,1,0,0,1,0,1,0,0,0,0,0,0,0,1,0,0,1,0,0
0,0,0,1,1,0,102.14,117.81,1,1,0,1,1,0,0,1,0,1,0,1,0,1,0,1,0,0,0,0,0,0,0
1,0,0,4,1,0,78.25,289.63,1,0,0,0,1,0,0,0,0,0,0,0,0,1,0,1,0,0,0,0,0,0,0
0,1,0,13,1,1,73.43,992.1,0,0,0,1,0,0,0,0,0,1,0,0,0,1,0,1,0,1,0,0,0,0,1
0,1,0,35,1,1,85.04,2975.09,1,0,0,0,1,0,0,0,0,1,0,0,0,1,0,1,0,0,1,0,0,1,0
0,1,0,32,1,1,80.29,2588.71,0,1,0,0,1,0,0,0,0,0,0,1,0,0,0,1,0,1,0,1,0,0,0
0,1,0,10,0,0,95.62,958.69,1,1,1,0,1,0,0,0,0,0,0,1,0,1,0,1,0,1,0,0,0,0,1
1,1,0,65,1,1,21.27,1369.67,0,0,0,0,0,1,1,0,1,0,1,0,1,0,1,0,1,0,0,1,0,0,0
0,1,0,72,1,0,72.54,5237.92,0,0,0,1,0,0,0,1,0,0,0,1,0,0,0,1,0,0,1,0,0,1,0
1,1,1,46,1,0,70.72,3248.91,0,1,0,1,0,0,0,1,0,1,0,0,0,0,0,1,0,0,0,1,1,0,0
0,1,0,32,1,0,58.58,1894.47,0,1,0,0,0,0,0,0,0,0,0,0,0,0,0,0,0,1,0,0,0,0,0
0,0,0,35,1,1,71.05,2487.46,0,1,0,0,0,0,0,1,0,1,0,0,0,1,0,0,0,0,0,0,1,0,0
0,1,1,14,1,0,64.52,918.27,0,1,0,0,0,0,0,0,0,0,0,0,0,0,0,1,0,1,0,0,0,0,0
0,1,1,7,1,1,82.69,566.81,1,1,0,0,0,0,0,0,0,1,0,1,0,1,0,0,0,1,0,0,0,1,0
0,0,0,51,1,1,19.34,1023.88,0,1,0,0,0,1,1,0,1,0,1,0,1,0,1,0,1,0,0,0,0,1,0
1,1,0,45,1,1,74.06,3272.53,0,0,0,0,0,0,0,0,0,1,0,1,0,0,0,0,0,1,0,1,0,0,0
0,0,1,52,1,0,18.96,1013.08,0,1,0,1,0,1,1,0,1,0,1,0,1,0,1,0,1,0,0,1,0,0,1
1,0,0,34,1,1,78.1,2628.33,0,1,0,1,1,0,0,1,0,0,0,0,0,0,0,0,0,1,0,1,0,0,1
1,0,1,7,1,1,110.72,813.82,1,1,0,0,1,0,0,0,0,1,0,1,0,1,0,1,0,1,0,1,0,0,1
0,0,0,6,1,0,77.07,454.92,1,0,0,1,1,0,0,0,0,0,0,1,0,0,0,0,0,0,0,0,0,0,0
0,0,0,10,1,1,97.75,1005.89,0,1,0,1,1,0,0,0,0,1,0,1,0,0,0,1,0,1,1,0,0,0,1
0,0,0,71,1,0,71.89,5095.52,0,1,0,0,1,0,0,0,0,0,0,1,0,0,0,0,0,1,1,0,0,0,0
0,0,0,6,1,1,73.25,463.73,0,1,0,0,1,0,0,0,0,0,0,0,0,0,0,1,0,1,1,0,1,0,0
1,1,0,22,1,0,18.25,432.55,0,0,0,0,0,1,1,0,1,0,1,0,1,0,1,0,1,0,1,0,0,1,0
1,0,0,16,1,1,73.59,1191.1,1,0,0,0,1,0,0,0,0,1,0,0,0,0,0,0,0,0,0,0,0,0,0
1,0,1,6,0,0,70.19,431.35,1,1,1,0,1,0,0,0,0,0,0,0,0,0,0,0,0,1,0,0,0,0,1
0,0,1,37,1,1,18.25,669.76,0,1,0,0,0,1,1,0,1,0,1,0,1,0,1,0,1,0,0,0,0,0,0
0,1,0,72,1,1,81.99,5905.74,1,1,0,1,1,0,0,1,0,0,0,1,0,0,0,0,0,0,0,0,0,1,0
0,1,1,24,1,1,105.35,2551.51,0,0,0,0,1,0,0,0,0,1,0,1,0,1,0,1,0,1,0,1,0,1,0
1,0,0,4,1,1,18.6,89.08,1,0,0,1,0,1,1,0,1,0,1,0,1,0,1,0,1,0,0,0,0,1,0
0,1,0,19,1,1,100.22,1915.43,1,1,0,1,1,0,0,1,0,0,0,1,0,1,0,1,0,0,0,0,0,0,1
0,0,1,15,1,0,93.78,1374.93,0,1,0,1,1,0,0,0,0,0,0,1,0,1,0,1,0,1,0,1,0,1,0
0,1,0,19,1,1,91.09,1751.12,1,0,0,0,1,0,0,0,0,0,0,0,0,1,0,1,0,1,0,0,0,0,1
0,1,0,21,1,1,81.08,1657.56,1,0,0,1,1,0,0,1,0,0,0,1,0,0,0,1,0,0,0,0,0,1,0
0,1,0,72,1,1,74.88,5377.77,0,1,0,0,0,0,0,1,0,0,0,1,0,1,0,1,0,0,0,0,0,0,1
0,0,1,35,1,1,84.93,2986.76,0,1,0,0,1,0,0,1,0,0,0,1,0,0,0,1,0,0,0,1,0,1,0
1,0,0,35,1,1,18.42,668.27,0,1,0,1,0,1,1,0,1,0,1,0,1,0,1,0,1,0,0,0,1,0,0
0,0,0,15,1,1,111.16,1693.77,1,0,0,0,1,0,0,1,0,1,0,0,0,1,0,1,0,1,0,0,0,0,1
0,0,0,50,1,0,20.52,1068.98,0,0,0,0,0,1,1,0,1,0,1,0,1,0,1,0,1,0,0,1,0,1,0
0,0,0,55,1,1,18.25,1007.09,0,0,0,1,0,1,1,0,1,0,1,0,1,0,1,0,1,0,1,0,0,1,0
0,0,0,41,1,0,105.81,4329.48,0,0,0,1,1,0,0,1,0,1,0,1,0,0,0,1,0,1,0,1,0,1,0
0,1,1,38,1,0,63.87,2423.5,0,1,0,0,0,0,0,1,0,0,0,0,0,0,0,0,0,1,1,0,0,0,1
0,0,0,6,1,1,78.38,480.8,1,1,0,1,1,0,0,0,0,0,0,1,0,0,0,0,0,1,0,0,1,0,0
0,0,1,34,1,1,18.25,608.97,0,1,0,0,0,1,1,0,1,0,1,0,1,0,1,0,1,0,0,0,0,0,1
0,1,0,68,1,1,93.25,6347.48,1,0,0,0,1,0,0,0,0,1,0,0,0,0,0,1,0,1,0,0,0,0,0
0,0,1,35,1,1,81.11,2814.67,0,0,0,0,0,0,0,1,0,1,0,1,0,0,0,1,0,1,1,0,1,0,0
0,1,0,45,1,1,84.18,3859.99,0,1,0,0,0,0,0,1,0,1,0,1,0,0,0,0,0,1,0,0,0,0,0
0,0,0,19,0,1,82.08,1559.64,1,1,1,0,1,0,0,1,0,1,0,0,0,0,0,0,0,0,0,0,0,1,0
0,0,0,14,1,1,82.33,1182.54,0,0,0,0,1,0,0,1,0,0,0,0,0,1,0,0,0,0,0,1,0,0,1
0,1,0,9,1,0,82.3,721.41,0,0,0,1,1,0,0,1,0,0,0,0,0,0,0,1,0,0,0,0,0,1,0
0,0,0,61,1,1,97.93,5954.74,0,0,0,1,1,0,0,1,0,1,0,1,0,0,0,0,0,1,0,0,0,0,1
0,0,0,23,1,0,94.57,2178.16,1,1,0,0,1,0,0,1,0,0,0,0,0,0,0,1,0,1,0,1,0,0,0
0,0,0,55,1,1,68.39,3722.0,0,0,0,0,0,0,0,0,0,0,0,0,0,1,0,1,0,1,0,1,0,1,0
0,0,0,17,1,0,88.75,1513.02,0,0,0,0,1,0,0,1,0,0,0,0,0,1,0,1,0,0,0,0,0,0,1
0,1,0,58,1,1,80.1,4637.03,0,0,0,0,1,0,0,0,0,1,0,0,0,1,0,0,0,0,0,1,0,0,0
0,1,0,27,1,1,78.68,2174.76,0,0,0,0,1,0,0,0,0,1,0,0,0,0,0,1,0,0,0,1,0,0,1
0,1,1,19,1,0,98.81,1868.26,0,0,0,0,1,0,0,1,0,1,0,1,0,1,0,0,0,0,0,0,0,0,0
0,1,1,19,0,0,79.51,1497.57,0,0,1,0,1,0,0,1,0,1,0,1,0,0,0,0,0,0,0,0,1,0,0
0,1,1,49,1,0,79.78,3925.08,1,0,0,1,1,0,0,0,0,0,0,1,0,1,0,0,0,0,1,0,0,1,0
0,0,0,35,1,0,114.17,3981.6,1,1,0,0,1,0,0,1,0,1,0,1,0,1,0,0,0,1,1,0,1,0,0
0,1,0,49,1,1,81.14,3982.28,1,1,0,0,1,0,0,0,0,0,0,0,0,1,0,1,0,0,1,0,0,0,1
0,0,1,68,1,1,25.32,1730.37,0,0,0,1,0,1,1,0,1,0,1,0,1,0,1,0,1,0,0,0,1,0,0
0,1,1,22,1,0,75.08,1673.04,1,0,0,1,1,0,0,0,0,0,0,1,0,0,0,0,0,0,1,0,1,0,0
1,1,1,41,1,0,90.56,3715.92,1,1,0,0,1,0,0,0,0,1,0,0,0,1,0,0,0,1,0,1,0,0,0
0,0,0,24,1,1,77.57,1861.5,0,1,0,1,1,0,0,0,0,0,0,0,0,1,0,0,0,0,0,0,0,0,0
0,0,1,18,1,1,90.93,1635.18,1,0,0,1,1,0,0,1,0,1,0,0,0,1,0,1,0,0,0,0,0,0,1
0,0,0,36,1,1,19.09,644.02,0,0,0,1,0,1,1,0,1,0,1,0,1,0,1,0,1,0,1,0,0,0,1
0,1,0,6,1,0,45.7,315.36,0,0,0,0,0,0,0,0,0,0,0,0,0,0,0,0,0,0,0,0,0,0,0
0,0,0,53,0,0,73.91,3887.59,0,1,1,0,0,0,0,1,0,0,0,1,0,1,0,1,0,0,0,0,0,0,1
0,1,0,33,1,1,53.63,1754.54,0,0,0,1,0,0,0,0,0,0,0,0,0,1,0,0,0,0,0,0,1,0,0
0,0,0,14,1,1,83.95,1166.14,1,0,0,1,1,0,0,0,0,0,0,0,0,1,0,1,0,0,0,0,0,1,0
1,0,0,33,1,1,102.1,3399.62,1,1,0,0,1,0,0,1,0,0,0,0,0,1,0,1,0,1,1,0,1,0,0
1,1,0,4,1,0,79.71,317.76,0,1,0,0,0,0,0,1,0,1,0,0,0,1,0,1,0,0,0,0,0,0,0
0,0,0,8,1,0,18.58,163.91,0,0,0,0,0,1,1,0,1,0,1,0,1,0,1,0,1,0,0,0,0,0,1
1,0,0,8,1,1,79.93,623.96,1,1,0,1,1,0,0,0,0,0,0,1,0,0,0,0,0,1,0,1,1,0,0
1,1,0,8,1,1,18.25,115.54,0,0,0,0,0,1,1,0,1,0,1,0,1,0,1,0,1,0,0,0,0,1,0
0,1,1,22,1,1,82.8,1799.14,0,0,0,0,1,0,0,1,0,1,0,0,0,0,0,0,0,0,0,1,0,0,1
0,0,0,33,1,1,80.45,2671.68,0,0,0,1,1,0,0,0,0,0,0,1,0,0,0,1,0,0,0,0,0,1,0
0,1,0,72,1,1,19.28,1392.48,0,1,0,0,0,1,1,0,1,0,1,0,1,0,1,0,1,0,0,1,0,1,0
0,1,0,59,0,1,18.25,1077.93,0,0,1,0,0,1,1,0,1,0,1,0,1,0,1,0,1,0,0,0,0,0,0
0,1,0,3,1,0,69.56,279.85,1,1,0,1,1,0,0,0,0,0,0,0,0,1,0,0,0,0,1,0,0,0,1
0,0,0,72,1,0,67.44,4892.56,0,0,0,0,0,0,0,1,0,1,0,1,0,0,0,0,0,1,0,0,0,0,1
0,1,0,14,1,1,83.3,1167.35,1,1,0,0,0,0,0,1,0,0,0,0,0,1,0,1,0,1,0,0,0,0,1
0,0,0,39,1,1,83.33,3218.66,0,0,0,0,0,0,0,1,0,1,0,1,0,0,0,1,0,1,0,0,0,0,0
0,0,0,23,1,1,62.51,1479.81,1,0,0,1,0,0,0,1,0,0,0,0,0,0,0,0,0,1,0,0,0,0,0
0,1,0,72,1,1,86.1,6218.61,0,1,0,0,1,0,0,1,0,1,0,0,0,0,0,1,0,0,0,1,1,0,0
1,1,0,55,1,1,70.85,3852.36,1,1,0,0,1,0,0,0,0,0,0,0,0,0,0,0,0,1,0,0,0,0,0
1,0,0,72,1,0,92.01,6617.03,0,0,0,1,1,0,0,0,0,1,0,0,0,1,0,1,0,0,1,0,1,0,0
0,1,1,41,1,1,23.88,969.3,0,1,0,0,0,1,1,0,1,0,1,0,1,0,1,0,1,0,0,0,1,0,0
0,1,0,17,1,0,74.08,1267.34,1,1,0,0,1,0,0,0,0,0,0,1,0,0,0,1,0,0,1,0,0,1,0
1,1,1,45,1,0,21.91,992.45,1,1,0,1,0,1,1,0,1,0,1,0,1,0,1,0,1,0,0,0,0,1,0
0,0,0,68,0,1,19.39,1320.08,0,0,1,0,0,1,1,0,1,0,1,0,1,0,1,0,1,0,0,0,0,1,0
1,0,0,12,1,0,85.37,1001.3,0,0,0,0,1,0,0,1,0,0,0,0,0,0,0,1,0,0,1,0,0,0,0
0,0,0,37,1,0,18.25,699.39,0,1,0,0,0,1,1,0,1,0,1,0,1,0,1,0,1,0,0,1,0,0,1
0,1,0,51,1,0,18.25,911.68,0,0,0,0,0,1,1,0,1,0,1,0,1,0,1,0,1,0,0,1,1,0,0
0,1,0,16,1,1,72.72,1184.45,0,1,0,1,1,0,0,0,0,0,0,1,0,0,0,0,0,0,0,1,0,0,0
0,0,0,20,0,0,85.16,1674.46,1,1,1,0,1,0,0,0,0,1,0,1,0,0,0,1,0,1,0,0,1,0,0
0,1,1,24,1,1,72.89,1717.77,0,1,0,0,1,0,0,0,0,0,0,0,0,0,0,1,0,0,0,0,0,0,1
0,0,1,37,1,0,74.5,2710.68,1,1,0,0,1,0,0,0,0,0,0,1,0,0,0,0,0,0,0,0,1,0,0
1,0,1,27,1,1,20.81,556.1,1,1,0,0,0,1,1,0,1,0,1,0,1,0,1,0,1,0,0,1,1,0,0
0,1,0,30,1,1,67.2,2052.7,0,0,0,1,0,0,0,0,0,1,0,1,0,0,0,0,0,0,0,1,1,0,0
0,0,0,72,1,1,85.74,6206.7,0,1,0,0,1,0,0,0,0,1,0,0,0,1,0,0,0,1,0,1,0,1,0
0,0,1,26,1,1,23.42,609.98,0,0,0,0,0,1,1,0,1,0,1,0,1,0,1,0,1,0,1,0,0,1,0
0,0,0,72,1,1,89.14,6452.75,0,1,0,1,1,0,0,1,0,1,0,0,0,0,0,1,0,1,0,0,0,0,1
0,1,0,72,0,0,61.56,4409.29,0,1,1,0,0,0,0,1,0,0,0,0,0,0,0,0,0,1,0,1,0,0,1
0,0,0,13,1,1,110.2,1421.33,1,1,0,1,1,0,0,1,0,1,0,1,0,1,0,1,0,1,0,1,0,0,0
0,1,0,56,1,0,62.38,3450.74,0,0,0,0,0,0,0,0,0,0,0,0,0,0,0,1,0,1,0,0,0,1,0
0,0,0,18,0,0,63.36,1165.15,0,0,1,0,1,0,0,0,0,0,0,0,0,0,0,0,0,0,0,0,0,0,0
0,1,1,54,1,1,20.91,1103.42,0,1,0,0,0,1,1,0,1,0,1,0,1,0,1,0,1,0,0,1,0,0,0
0,1,0,18,1,1,87.09,1552.64,0,1,0,1,1,0,0,0,0,1,0,0,0,0,0,1,0,1,1,0,0,0,0
0,0,0,2,1,0,22.32,45.6,0,1,0,0,0,1,1,0,1,0,1,0,1,0,1,0,1,0,0,1,0,0,0
0,0,0,49,1,0,76.94,3762.8,1,0,0,1,0,0,0,1,0,1,0,0,0,0,0,1,0,1,1,0,0,0,0
0,1,1,30,1,0,74.26,2202.04,1,1,0,1,1,0,0,0,0,0,0,0,0,0,0,1,0,0,0,1,1,0,0
0,0,0,69,1,1,77.14,5307.78,0,0,0,1,1,0,0,0,0,0,0,1,0,0,0,1,0,0,0,0,0,1,0
1,1,0,18,1,1,63.23,1086.54,1,1,0,1,0,0,0,1,0,0,0,1,0,0,0,0,0,1,0,1,0,0,1
0,0,0,26,1,1,19.94,511.34,0,1,0,0,0,1,1,0,1,0,1,0,1,0,1,0,1,0,0,0,0,1,0
0,0,1,17,1,1,49.96,829.27,0,0,0,0,0,0,0,0,0,0,0,0,0,1,0,0,0,0,0,1,1,0,0
0,1,0,8,0,0,18.25,165.47,1,1,1,0,0,1,1,0,1,0,1,0,1,0,1,0,1,0,0,0,0,1,0
0,0,0,36,1,1,76.58,2741.12,0,1,0,0,0,0,0,1,0,1,0,1,0,1,0,1,0,0,0,0,0,1,0
0,0,0,26,1,1,18.25,471.67,0,0,0,0,0,1,1,0,1,0,1,0,1,0,1,0,1,0,0,0,0,0,0
0,0,0,4,1,1,20.62,78.89,0,1,0,0,0,1,1,0,1,0,1,0,1,0,1,0,1,0,0,1,0,1,0
0,0,0,71,1,0,22.12,1600.54,0,1,0,1,0,1,1,0,1,0,1,0,1,0,1,0,1,0,0,0,0,1,0
0,0,0,29,1,1,85.27,2480.04,1,1,0,0,1,0,0,0,0,0,0,1,0,0,0,1,0,1,0,0,0,0,0
1,0,0,16,1,1,77.64,1241.06,1,1,0,1,1,0,0,0,0,0,0,1,0,0,0,1,0,0,0,0,0,1,0
0,1,0,49,1,1,93.39,4576.03,0,0,0,1,1,0,0,1,0,1,0,0,0,1,0,0,0,1,0,1,0,1,0
0,0,0,60,1,0,78.37,4686.49,1,1,0,0,1,0,0,1,0,0,0,1,0,0,0,0,0,1,0,0,0,1,0
0,1,0,9,1,1,75.92,693.63,0,0,0,0,0,0,0,1,0,0,0,1,0,0,0,1,0,1,0,0,0,0,1
0,1,1,8,1,0,67.12,533.44,0,0,0,1,0,0,0,0,0,0,0,1,0,1,0,1,0,0,1,0,1,0,0
0,1,0,20,1,1,63.73,1240.47,0,0,0,0,1,0,0,0,0,0,0,0,0,0,0,0,0,0,0,1,0,1,0
0,0,0,38,1,1,107.38,4088.64,1,0,0,1,1,0,0,1,0,1,0,1,0,0,0,1,0,1,1,0,0,1,0
0,1,0,72,1,1,19.49,1403.15,0,0,0,0,0,1,1,0,1,0,1,0,1,0,1,0,1,0,1,0,0,0,0
0,1,0,1,1,0,87.12,88.36,1,0,0,1,1,0,0,0,0,1,0,0,0,0,0,0,0,1,1,0,0,0,0
0,1,0,72,1,1,78.54,5676.81,1,1,0,0,1,0,0,1,0,0,0,0,0,0,0,0,0,0,0,0,0,1,0
0,1,0,31,1,0,92.44,2893.1,1,1,0,1,1,0,0,1,0,0,0,1,0,0,0,0,0,0,0,0,0,0,0
0,0,1,67,1,0,20.66,1403.05,0,0,0,1,0,1,1,0,1,0,1,0,1,0,1,0,1,0,0,0,1,0,0
0,1,1,64,1,1,65.83,4188.83,0,1,0,1,0,0,0,1,0,0,0,1,0,0,0,0,0,1,0,0,0,1,0
0,1,1,26,1,1,83.62,2156.09,0,0,0,1,1,0,0,1,0,0,0,0,0,0,0,1,0,0,0,0,0,0,0
1,0,0,19,1,1,65.46,1225.38,1,1,0,1,0,0,0,0,0,1,0,0,0,1,0,1,0,0,0,0,1,0,0
0,1,1,40,1,1,53.03,2095.99,0,0,0,1,0,0,0,0,0,0,0,1,0,0,0,0,0,0,1,0,1,0,0
1,0,1,32,1,1,64.03,2034.86,0,1,0,0,1,0,0,0,0,0,0,0,0,0,0,0,0,0,0,0,0,1,0
0,0,0,16,1,1,106.17,1689.03,0,0,0,0,1,0,0,0,0,1,0,1,0,1,0,1,0,1,0,1,0,0,0
0,0,0,26,1,0,90.53,2372.27,0,1,0,0,1,0,0,1,0,0,0,1,0,0,0,1,0,0,0,1,0,1,0
0,1,1,21,1,0,26.66,582.82,0,1,0,1,0,1,1,0,1,0,1,0,1,0,1,0,1,0,0,1,1,0,0
0,0,0,28,1,1,22.44,664.98,0,0,0,1,0,1,1,0,1,0,1,0,1,0,1,0,1,0,0,0,0,0,1
0,0,1,60,1,0,73.58,4417.14,0,0,0,0,1,0,0,1,0,0,0,0,0,0,0,0,0,0,0,1,0,0,0
0,0,1,21,1,1,45.24,939.1,1,0,0,1,0,0,0,0,0,0,0,0,0,0,0,0,0,0,1,0,0,1,0
0,1,0,35,1,1,62.99,2255.46,0,0,0,0,0,0,0,1,0,0,0,0,0,1,0,0,0,0,0,1,1,0,0
1,0,0,26,1,1,72.52,1915.06,0,1,0,1,0,0,0,0,0,1,0,0,0,0,0,1,0,1,0,0,0,1,0
0,0,0,26,1,0,57.35,1549.69,0,0,0,1,0,0,0,0,0,0,0,0,0,0,0,0,0,1,1,0,0,0,0
0,0,0,23,1,1,85.05,1940.3,0,1,0,0,1,0,0,1,0,0,0,0,0,0,0,1,0,1,0,0,0,0,0
0,0,0,41,1,1,84.28,3471.6,0,0,0,0,1,0,0,0,0,0,0,1,0,1,0,0,0,0,0,1,0,1,0
0,0,0,1,1,1,65.27,80.53,0,1,0,0,0,0,0,0,0,0,0,1,0,1,0,1,0,0,1,0,0,0,1
0,0,0,41,1,0,58.57,2424.5,0,1,0,0,0,0,0,1,0,1,0,0,0,0,0,0,0,0,1,0,1,0,0
0,1,0,33,1,0,64.59,2120.19,1,0,0,0,0,0,0,0,0,1,0,0,0,0,0,1,0,1,0,0,1,0,0
1,1,0,31,1,1,76.6,2349.7,1,0,0,0,0,0,0,1,0,1,0,0,0,1,0,0,0,1,0,0,1,0,0
0,0,1,46,1,0,72.62,3331.51,0,1,0,1,0,0,0,1,0,0,0,1,0,1,0,0,0,0,0,1,1,0,0
0,1,1,4,1,1,63.46,236.15,0,0,0,1,0,0,0,1,0,1,0,0,0,0,0,1,0,0,0,1,1,0,0
0,0,1,58,1,1,68.72,3962.8,0,0,0,0,1,0,0,1,0,0,0,0,0,0,0,0,0,0,0,1,0,0,0
0,0,0,22,1,0,104.42,2299.03,1,1,0,1,1,0,0,0,0,1,0,1,0,0,0,1,0,1,0,1,0,1,0
0,0,0,21,1,0,68.68,1450.9,0,0,0,1,1,0,0,0,0,0,0,0,0,0,0,1,0,0,1,0,0,1,0
0,1,1,13,1,0,61.71,776.36,0,1,0,1,0,0,0,1,0,1,0,0,0,0,0,0,0,1,1,0,0,0,0
0,0,1,14,1,0,80.97,1138.01,0,1,0,1,1,0,0,1,0,0,0,1,0,0,0,0,0,0,0,1,0,1,0
1,0,0,4,1,1,78.72,284.42,1,0,0,0,1,0,0,0,0,1,0,1,0,0,0,0,0,1,0,0,0,1,0
0,0,0,29,1,1,81.43,2331.1,0,1,0,1,1,0,0,0,0,0,0,1,0,0,0,0,0,1,0,0,0,0,0
0,0,1,17,1,0,60.52,1036.12,0,1,0,1,0,0,0,1,0,1,0,0,0,0,0,0,0,1,0,1,0,0,0
0,1,0,52,1,1,21.87,1133.52,0,0,0,1,0,1,1,0,1,0,1,0,1,0,1,0,1,0,0,0,0,0,0
0,0,0,36,1,1,70.39,2554.48,1,1,0,0,0,0,0,0,0,1,0,0,0,1,0,1,0,1,0,0,0,0,0
1,1,0,32,1,1,18.25,599.4,0,0,0,0,0,1,1,0,1,0,1,0,1,0,1,0,1,0,0,1,1,0,0
0,0,0,19,1,1,72.24,1391.24,1,0,0,0,1,0,0,0,0,0,0,0,0,0,0,1,0,0,0,1,0,0,1
0,1,0,24,1,0,86.5,2087.34,0,1,0,1,0,0,0,1,0,0,0,1,0,1,0,1,0,1,0,0,0,0,1
0,1,0,72,1,1,68.29,4941.34,1,0,0,0,0,0,0,0,0,1,0,0,0,0,0,1,0,0,0,0,0,0,0
0,1,0,19,1,0,54.87,1086.31,1,1,0,0,0,0,0,1,0,0,0,0,0,0,0,0,0,1,0,0,0,0,1
0,1,0,1,1,1,79.48,53.59,1,0,0,0,1,0,0,1,0,0,0,0,0,0,0,0,0,1,1,0,0,1,0
0,0,0,23,1,1,18.98,432.65,1,1,0,0,0,1,1,0,1,0,1,0,1,0,1,0,1,0,0,0,0,1,0
0,0,0,11,1,1,18.25,176.51,0,0,0,0,0,1,1,0,1,0,1,0,1,0,1,0,1,0,0,0,0,0,0
0,1,0,21,1,1,23.48,477.69,0,1,0,1,0,1,1,0,1,0,1,0,1,0,1,0,1,0,0,0,0,0,0
0,1,1,28,1,1,55.79,1531.7,0,0,0,1,0,0,0,0,0,0,0,0,0,0,0,1,0,0,0,1,0,0,1
0,0,1,11,1,0,83.68,952.11,1,1,0,1,1,0,0,1,0,0,0,1,0,1,0,0,0,0,0,1,0,1,0
0,1,0,4,1,1,77.83,293.36,1,1,0,1,1,0,0,0,0,0,0,1,0,0,0,1,0,0,0,0,0,0,0
0,1,1,23,1,0,57.64,1359.7,0,1,0,0,0,0,0,0,0,0,0,1,0,1,0,0,0,0,0,0,0,0,1
0,1,0,71,1,1,66.93,4744.53,0,0,0,1,0,0,0,0,0,0,0,0,0,1,0,1,0,1,1,0,0,1,0
1,0,0,27,1,1,59.68,1632.47,1,0,0,0,0,0,0,0,0,0,0,1,0,1,0,0,0,0,0,0,0,0,1
0,0,0,34,0,1,71.07,2428.71,1,1,1,0,1,0,0,0,0,1,0,0,0,0,0,1,0,0,0,0,0,0,0
0,1,1,20,1,1,90.55,1756.34,1,1,0,0,1,0,0,0,0,1,0,0,0,1,0,1,0,0,0,0,0,0,0
0,0,0,38,1,1,70.08,2648.24,1,1,0,0,0,0,0,1,0,1,0,0,0,0,0,1,0,1,0,0,0,1,0
0,0,1,46,1,0,80.68,3660.29,1,1,0,1,0,0,0,1,0,1,0,0,0,0,0,1,0,1,0,0,1,0,0
0,0,1,62,1,0,67.84,4200.38,0,0,0,1,0,0,0,1,0,1,0,0,0,0,0,1,0,0,0,0,1,0,0
0,0,0,72,0,1,88.61,6415.32,1,0,1,0,1,0,0,0,0,0,0,0,0,1,0,1,0,1,0,0,0,1,0
0,0,1,35,1,1,83.42,2918.45,0,0,0,1,1,0,0,0,0,0,0,0,0,1,0,1,0,1,1,0,0,0,0
0,0,0,63,1,1,94.25,5934.11,0,1,0,0,1,0,0,1,0,1,0,1,0,0,0,1,0,0,0,1,0,0,0
0,0,0,52,1,1,92.63,4845.06,0,1,0,1,1,0,0,1,0,0,0,1,0,1,0,1,0,0,0,0,0,1,0
0,1,0,39,1,0,60.44,2282.3,0,0,0,0,0,0,0,0,0,0,0,1,0,0,0,1,0,0,0,0,0,0,1
0,0,0,26,1,1,22.05,527.46,0,1,0,1,0,1,1,0,1,0,1,0,1,0,1,0,1,0,0,0,0,1,0
0,0,0,3,0,1,53.42,161.1,0,0,1,0,0,0,0,0,0,0,0,0,0,0,0,0,0,1,1,0,1,0,0
1,1,0,72,1,1,87.2,6245.9,0,1,0,0,1,0,0,1,0,1,0,0,0,0,0,0,0,1,0,0,0,0,0
0,1,0,30,1,0,90.1,2690.15,0,1,0,1,1,0,0,1,0,0,0,0,0,0,0,1,0,0,0,1,1,0,0
0,1,0,19,1,1,72.99,1389.21,0,0,0,0,0,0,0,1,0,0,0,0,0,0,0,1,0,1,0,0,0,0,1
1,1,1,19,1,1,73.54,1413.95,0,1,0,0,1,0,0,1,0,0,0,0,0,0,0,0,0,0,0,0,1,0,0
0,1,1,46,1,1,87.78,4069.77,0,0,0,1,0,0,0,0,0,1,0,1,0,1,0,1,0,1,1,0,0,1,0
0,1,1,9,0,0,84.23,776.69,0,1,1,0,1,0,0,1,0,0,0,1,0,1,0,0,0,0,1,0,0,0,0
0,1,1,71,1,1,80.32,5699.1,0,1,0,0,1,0,0,0,0,1,0,0,0,0,0,1,0,0,1,0,0,1,0
0,0,1,35,1,0,72.1,2500.79,0,1,0,1,0,0,0,0,0,1,0,1,0,0,0,1,0,1,0,0,1,0,0
0,1,0,15,1,0,89.21,1388.64,1,1,0,1,1,0,0,1,0,0,0,1,0,0,0,1,0,0,0,1,0,1,0
0,1,1,41,1,0,61.12,2524.72,0,0,0,0,0,0,0,0,0,0,0,0,0,0,0,1,0,1,0,0,0,0,0
0,1,1,49,0,1,56.94,2768.18,0,1,1,0,0,0,0,0,0,1,0,0,0,0,0,0,0,1,0,1,0,0,1
1,1,0,15,1,1,86.45,1343.01,0,0,0,0,1,0,0,0,0,1,0,0,0,1,0,0,0,1,0,0,0,1,0
0,1,0,40,1,1,63.12,2514.38,0,0,0,1,0,0,0,1,0,0,0,0,0,0,0,1,0,1,0,0,0,0,1
0,0,1,20,1,1,52.92,1077.63,1,1,0,0,0,0,0,0,0,1,0,0,0,0,0,0,0,0,1,0,0,0,1
0,1,1,21,1,1,53.54,1134.78,0,1,0,1,0,0,0,0,0,0,0,0,0,0,0,1,0,1,0,0,0,1,0
0,1,0,23,1,1,85.78,1959.45,1,1,0,1,1,0,0,1,0,0,0,0,0,0,0,1,0,0,0,0,0,0,0
0,0,0,1,1,0,19.72,0.0,0,0,0,1,0,1,1,0,1,0,1,0,1,0,1,0,1,0,0,0,0,1,0
0,0,0,58,1,0,21.3,1215.74,0,0,0,1,0,1,1,0,1,0,1,0,1,0,1,0,1,0,1,0,0,1,0
0,1,0,21,1,0,18.65,431.32,0,1,0,0,0,1,1,0,1,0,1,0,1,0,1,0,1,0,0,1,0,1,0
1,1,0,21,1,1,78.77,1653.08,0,0,0,0,1,0,0,0,0,0,0,0,0,0,0,1,0,0,0,0,0,0,0
0,0,0,64,1,1,84.69,5458.49,1,1,0,0,1,0,0,0,0,0,0,1,0,0,0,0,0,1,0,0,0,0,1
0,1,1,37,1,0,54.75,2012.9,0,1,0,1,0,0,0,1,0,0,0,0,0,0,0,0,0,1,0,0,1,0,0
0,1,0,13,0,0,18.25,245.39,0,1,1,0,0,1,1,0,1,0,1,0,1,0,1,0,1,0,0,0,1,0,0
0,0,0,34,1,0,73.47,2512.27,1,0,0,0,1,0,0,0,0,0,0,0,0,0,0,1,0,0,0,0,0,1,0
0,0,0,38,1,0,86.97,3315.0,1,1,0,0,1,0,0,0,0,1,0,0,0,0,0,1,0,0,0,0,0,1,0
0,0,1,24,1,1,23.12,554.65,0,1,0,1,0,1,1,0,1,0,1,0,1,0,1,0,1,0,1,0,0,0,1
0,1,0,72,0,0,18.25,1307.85,0,1,1,0,0,1,1,0,1,0,1,0,1,0,1,0,1,0,0,0,0,1,0
0,0,0,23,1,1,64.86,1436.42,1,0,0,1,0,0,0,0,0,0,0,1,0,1,0,1,0,0,0,0,0,0,1
1,0,1,27,0,1,58.44,1604.1,0,1,1,0,0,0,0,0,0,0,0,1,0,0,0,1,0,0,1,0,0,1,0
0,0,0,28,1,1,86.25,2470.84,1,1,0,0,1,0,0,1,0,1,0,0,0,0,0,0,0,1,0,0,0,0,1
0,1,0,47,1,0,18.54,877.76,1,1,0,1,0,1,1,0,1,0,1,0,1,0,1,0,1,0,0,0,0,1,0
0,1,0,12,1,1,73.29,885.98,1,0,0,0,1,0,0,0,0,1,0,0,0,0,0,0,0,0,0,0,1,0,0
0,1,1,51,1,1,51.34,2621.24,0,1,0,0,0,0,0,0,0,0,0,0,0,0,0,0,0,1,0,0,0,1,0
1,0,0,72,1,1,18.82,1289.89,0,0,0,1,0,1,1,0,1,0,1,0,1,0,1,0,1,0,0,0,0,1,0
0,0,0,7,0,0,91.18,626.12,1,1,1,0,1,0,0,1,0,1,0,0,0,0,0,1,0,0,1,0,0,1,0
0,1,0,13,1,0,23.34,303.91,0,1,0,1,0,1,1,0,1,0,1,0,1,0,1,0,1,0,0,1,0,0,1
1,1,0,6,1,1,23.58,159.86,0,0,0,0,0,1,1,0,1,0,1,0,1,0,1,0,1,0,0,0,0,1,0
0,1,0,2,1,1,18.58,8.33,0,0,0,1,0,1,1,0,1,0,1,0,1,0,1,0,1,0,0,0,0,0,1
0,0,0,12,1,1,22.73,265.09,0,1,0,0,0,1,1,0,1,0,1,0,1,0,1,0,1,0,1,0,0,0,1
0,1,0,13,1,0,93.98,1181.68,1,0,0,1,1,0,0,1,0,1,0,0,0,1,0,0,0,1,0,0,0,0,0
0,1,1,49,1,0,101.88,5022.09,1,0,0,0,1,0,0,1,0,1,0,1,0,1,0,0,0,1,0,0,0,0,0
0,0,0,63,1,1,82.63,5206.26,0,1,0,0,1,0,0,0,0,0,0,1,0,0,0,0,0,1,0,1,1,0,0
1,0,0,33,1,1,84.35,2821.62,1,0,0,1,1,0,0,1,0,0,0,1,0,0,0,1,0,0,0,0,1,0,0
0,0,0,58,0,0,71.99,4148.33,0,0,1,0,1,0,0,1,0,0,0,0,0,0,0,0,0,0,0,1,0,1,0
0,0,0,46,1,1,59.69,2754.72,1,1,0,1,0,0,0,0,0,1,0,0,0,0,0,0,0,1,0,0,0,1,0
0,1,1,16,1,0,52.41,833.33,0,0,0,1,0,0,0,0,0,1,0,0,0,0,0,0,0,0,1,0,1,0,0
0,1,0,37,1,0,56.55,2095.14,0,1,0,1,0,0,0,0,0,0,0,0,0,0,0,1,0,1,0,0,0,0,1
0,1,1,11,1,0,81.38,871.75,0,1,0,0,1,0,0,0,0,1,0,1,0,0,0,1,0,0,0,1,1,0,0
0,0,0,27,1,1,82.55,2221.34,1,0,0,1,1,0,0,0,0,1,0,0,0,0,0,0,0,1,1,0,1,0,0
0,0,0,32,1,0,67.82,2189.6,0,0,0,0,0,0,0,0,0,1,0,0,0,0,0,0,0,1,0,0,0,0,1
0,1,0,42,1,1,18.25,780.57,0,0,0,0,0,1,1,0,1,0,1,0,1,0,1,0,1,0,0,0,1,0,0
0,0,0,72,1,0,22.94,1625.95,0,0,0,1,0,1,1,0,1,0,1,0,1,0,1,0,1,0,0,1,0,0,1
0,0,0,8,0,1,60.6,516.38,0,0,1,0,0,0,0,0,0,0,0,1,0,0,0,0,0,1,1,0,0,0,1
0,0,0,27,1,1,18.25,510.04,0,1,0,0,0,1,1,0,1,0,1,0,1,0,1,0,1,0,0,1,1,0,0
0,1,0,71,1,0,72.04,5122.5,0,0,0,1,0,0,0,0,0,0,0,1,0,0,0,1,0,1,0,0,1,0,0
0,1,1,15,1,1,74.56,1067.37,0,0,0,1,1,0,0,1,0,0,0,0,0,0,0,0,0,0,0,1,0,1,0
1,0,0,11,1,1,18.25,208.06,0,0,0,1,0,1,1,0,1,0,1,0,1,0,1,0,1,0,0,0,0,1,0
0,0,1,45,1,1,67.45,3014.57,0,1,0,1,0,0,0,1,0,1,0,1,0,0,0,0,0,0,0,1,0,0,0
0,0,0,40,1,0,18.25,724.71,0,1,0,0,0,1,1,0,1,0,1,0,1,0,1,0,1,0,0,0,0,0,1
0,0,0,6,1,1,85.01,492.76,1,1,0,1,1,0,0,0,0,1,0,1,0,1,0,1,0,0,0,0,0,0,0
0,1,1,17,1,0,19.72,277.65,0,1,0,0,0,1,1,0,1,0,1,0,1,0,1,0,1,0,0,0,0,0,1
1,0,0,10,1,1,80.99,827.84,0,1,0,0,0,0,0,0,0,1,0,1,0,1,0,1,0,1,0,0,1,0,0
0,1,0,10,1,1,68.6,690.38,1,0,0,0,0,0,0,0,0,1,0,0,0,1,0,1,0,1,0,0,0,0,1
0,1,1,38,1,0,97.28,3689.73,1,0,0,0,1,0,0,1,0,0,0,1,0,1,0,1,0,1,1,0,0,0,1
0,1,0,38,1,0,82.27,3150.16,0,1,0,1,1,0,0,0,0,0,0,1,0,0,0,1,0,0,1,0,1,0,0
0,1,0,27,1,1,23.32,632.46,0,1,0,1,0,1,1,0,1,0,1,0,1,0,1,0,1,0,0,1,0,1,0
1,1,0,8,1,1,86.73,674.87,1,0,0,1,1,0,0,0,0,1,0,0,0,0,0,1,0,1,0,1,0,0,0
1,0,0,10,1,1,67.06,709.53,1,1,0,0,0,0,0,0,0,1,0,1,0,0,0,1,0,0,1,0,0,1,0
0,0,0,36,1,1,87.13,3158.45,1,0,0,0,1,0,0,0,0,0,0,0,0,1,0,0,0,1,0,0,0,1,0
0,1,0,6,1,1,74.97,445.29,0,1,0,1,1,0,0,0,0,0,0,0,0,0,0,1,0,0,1,0,0,0,1
0,1,1,4,1,0,62.41,243.6,0,1,0,0,0,0,0,0,0,1,0,0,0,1,0,0,0,0,0,0,1,0,0
0,1,0,18,1,0,83.87,1538.36,1,1,0,1,1,0,0,0,0,1,0,0,0,0,0,1,0,1,0,0,0,0,1
1,1,0,27,1,0,69.02,1856.14,1,0,0,0,1,0,0,0,0,0,0,0,0,0,0,0,0,0,0,0,0,1,0
0,1,0,4,1,0,96.21,412.03,1,1,0,1,1,0,0,1,0,0,0,1,0,0,0,1,0,1,0,1,0,0,1
1,0,0,37,1,1,66.68,2442.65,1,0,0,1,0,0,0,0,0,0,0,0,0,1,0,1,0,1,0,0,0,0,1
0,0,1,24,1,1,58.33,1430.03,1,1,0,0,0,0,0,0,0,0,0,1,0,0,0,0,0,0,0,0,0,0,0
0,0,0,9,1,1,84.46,757.46,1,1,0,0,1,0,0,0,0,1,0,1,0,1,0,0,0,0,0,0,0,0,1
0,0,1,29,1,1,70.85,2070.02,1,0,0,0,1,0,0,0,0,0,0,0,0,0,0,0,0,1,1,0,0,0,1
0,0,0,3,0,0,68.98,205.73,0,1,1,0,1,0,0,0,0,0,0,0,0,0,0,0,0,1,0,0,1,0,0
0,1,1,20,1,1,73.99,1452.5,0,1,0,0,0,0,0,0,0,1,0,1,0,1,0,0,0,1,1,0,0,0,0
0,1,1,20,1,0,80.76,1632.62,0,1,0,0,1,0,0,0,0,0,0,1,0,0,0,1,0,1,0,0,0,0,0
0,1,0,27,1,1,64.33,1730.4,0,0,0,1,0,0,0,0,0,1,0,1,0,0,0,0,0,1,0,0,0,1,0
0,1,0,30,1,1,85.66,2525.75,1,1,0,0,1,0,0,1,0,0,0,1,0,0,0,0,0,0,1,0,0,0,1
0,0,0,47,1,0,56.24,2628.63,1,1,0,1,0,0,0,0,0,0,0,0,0,1,0,1,0,0,0,0,0,1,0
1,1,0,26,1,0,84.47,2169.2,0,0,0,0,1,0,0,0,0,1,0,0,0,1,0,1,0,0,0,0,0,0,1
0,1,0,6,0,1,69.61,456.51,0,0,1,0,1,0,0,0,0,1,0,0,0,0,0,0,0,0,0,1,0,1,0
0,1,0,12,1,0,82.49,997.54,0,0,0,0,1,0,0,1,0,0,0,1,0,0,0,0,0,0,0,0,1,0,0
0,1,0,72,1,1,54.94,3976.19,0,0,0,1,0,0,0,0,0,1,0,0,0,0,0,0,0,1,0,1,0,1,0
0,0,0,4,1,1,19.88,101.85,0,0,0,1,0,1,1,0,1,0,1,0,1,0,1,0,1,0,0,0,0,1,0
1,1,1,72,1,1,75.75,5423.64,1,1,0,1,0,0,0,1,0,0,0,1,0,0,0,0,0,1,0,0,0,1,0
0,0,0,72,1,0,89.93,6493.2,0,1,0,0,1,0,0,1,0,0,0,1,0,0,0,1,0,0,1,0,0,1,0
0,1,0,6,1,1,81.55,485.55,0,0,0,0,1,0,0,1,0,0,0,1,0,0,0,0,0,0,0,1,0,1,0
0,1,0,53,1,1,21.98,1130.25,0,0,0,1,0,1,1,0,1,0,1,0,1,0,1,0,1,0,0,0,1,0,0
0,1,0,37,1,1,19.57,734.38,0,0,0,1,0,1,1,0,1,0,1,0,1,0,1,0,1,0,0,0,0,0,1
0,0,1,60,1,1,66.35,3980.37,0,0,0,0,0,0,0,1,0,1,0,0,0,0,0,0,0,1,0,1,0,0,1
0,1,0,12,1,1,22.0,302.21,0,1,0,1,0,1,1,0,1,0,1,0,1,0,1,0,1,0,0,1,0,0,0
0,0,1,37,1,0,61.14,2227.41,0,1,0,1,0,0,0,1,0,0,0,0,0,0,0,1,0,0,1,0,0,1,0
1,1,0,15,1,1,67.49,1048.68,1,0,0,1,1,0,0,0,0,0,0,0,0,0,0,0,0,0,0,0,1,0,0
0,0,0,9,1,0,68.35,605.84,0,1,0,1,0,0,0,0,0,0,0,1,0,0,0,1,0,1,0,1,1,0,0
0,0,0,29,1,0,76.27,2227.7,1,0,0,0,1,0,0,0,0,0,0,0,0,0,0,0,0,1,0,0,0,1,0
0,0,1,46,1,1,18.25,814.24,0,0,0,0,0,1,1,0,1,0,1,0,1,0,1,0,1,0,0,1,1,0,0
0,1,0,43,1,0,20.1,938.55,0,1,0,1,0,1,1,0,1,0,1,0,1,0,1,0,1,0,0,0,1,0,0
0,1,1,56,0,0,58.14,3261.16,0,0,1,0,0,0,0,0,0,0,0,0,0,1,0,0,0,1,0,1,0,0,0
0,0,0,13,1,0,89.99,1147.62,0,0,0,1,1,0,0,0,0,0,0,1,0,1,0,0,0,1,1,0,0,1,0
0,0,0,72,1,0,22.4,1605.88,0,0,0,0,0,1,1,0,1,0,1,0,1,0,1,0,1,0,0,0,0,1,0
0,1,0,28,1,1,109.82,3038.24,1,1,0,0,1,0,0,0,0,1,0,1,0,1,0,1,0,1,0,0,0,0,1
0,1,0,9,1,1,20.74,194.59,0,0,0,0,0,1,1,0,1,0,1,0,1,0,1,0,1,0,0,0,0,0,0
0,1,0,53,1,1,68.95,3625.09,0,1,0,0,0,0,0,0,0,0,0,1,0,1,0,0,0,1,0,1,1,0,0
0,1,1,25,1,0,73.15,1823.84,1,0,0,0,0,0,0,0,0,0,0,0,0,1,0,1,0,1,1,0,0,0,0
0,1,0,16,1,0,87.16,1371.58,1,1,0,0,1,0,0,1,0,1,0,0,0,0,0,0,0,1,0,0,0,0,1
1,1,0,25,1,1,83.13,2109.88,1,0,0,1,1,0,0,0,0,0,0,0,0,0,0,1,0,1,1,0,0,0,0
0,1,1,4,1,1,25.03,140.2,0,0,0,1,0,1,1,0,1,0,1,0,1,0,1,0,1,0,0,1,0,0,0
0,0,0,72,1,1,55.05,3963.4,0,0,0,0,0,0,0,0,0,0,0,0,0,0,0,1,0,1,0,0,0,0,1
0,0,0,40,1,1,72.65,2909.29,0,0,0,1,0,0,0,1,0,1,0,1,0,1,0,1,0,0,0,0,0,0,1
0,0,0,28,0,1,59.03,1652.64,0,1,1,0,0,0,0,1,0,0,0,0,0,0,0,1,0,0,0,1,0,0,0
0,0,0,21,1,1,79.18,1655.69,1,0,0,0,1,0,0,0,0,1,0,0,0,0,0,1,0,1,0,0,0,1,0
0,0,0,58,1,0,58.74,3408.59,0,1,0,0,0,0,0,0,0,1,0,0,0,0,0,0,0,1,1,0,0,1,0
0,1,0,72,1,0,60.33,4371.57,0,0,0,0,0,0,0,0,0,0,0,0,0,0,0,1,0,1,0,1,0,0,1
0,0,1,8,1,0,18.71,156.05,0,1,0,0,0,1,1,0,1,0,1,0,1,0,1,0,1,0,0,0,1,0,0
0,1,0,28,1,1,72.44,2016.9,0,0,0,0,1,0,0,0,0,0,0,1,0,0,0,0,0,1,1,0,0,0,0
0,1,0,35,1,0,23.7,858.16,0,1,0,1,0,1,1,0,1,0,1,0,1,0,1,0,1,0,0,1,0,1,0
0,0,1,58,1,1,68.18,3941.97,0,0,0,1,0,0,0,1,0,0,0,0,0,0,0,1,0,1,1,0,0,1,0
0,1,0,44,1,0,66.48,2893.65,0,0,0,0,0,0,0,1,0,0,0,0,0,0,0,1,0,1,1,0,1,0,0
1,0,0,37,0,0,84.73,3111.34,1,1,1,0,1,0,0,0,0,0,0,0,0,1,0,1,0,1,0,0,0,1,0
0,0,1,26,1,1,68.47,1783.83,0,1,0,0,0,0,0,1,0,1,0,1,0,0,0,0,0,0,0,0,0,0,1
1,1,0,7,1,0,19.79,129.87,1,0,0,1,0,1,1,0,1,0,1,0,1,0,1,0,1,0,0,0,0,1,0
0,1,0,29,1,1,20.78,656.88,0,0,0,0,0,1,1,0,1,0,1,0,1,0,1,0,1,0,0,0,0,0,1
0,0,1,21,1,1,102.21,2147.42,1,1,0,0,1,0,0,0,0,0,0,1,0,1,0,1,0,1,0,0,0,1,0
0,0,1,8,1,1,20.0,153.47,0,1,0,1,0,1,1,0,1,0,1,0,1,0,1,0,1,0,0,0,1,0,0
0,0,0,72,1,1,24.8,1819.01,0,1,0,0,0,1,1,0,1,0,1,0,1,0,1,0,1,0,0,1,0,0,1
0,1,0,28,1,1,88.94,2480.37,0,0,0,0,1,0,0,1,0,0,0,1,0,0,0,0,0,1,1,0,0,1,0
0,0,0,44,0,0,67.21,2963.26,0,0,1,0,0,0,0,1,0,0,0,0,0,1,0,1,0,0,0,1,0,0,0
0,1,0,22,1,0,61.85,1405.18,0,1,0,1,0,0,0,0,0,0,0,0,0,0,0,1,0,1,0,0,0,0,1
0,1,1,10,1,0,58.86,601.87,0,0,0,1,0,0,0,0,0,1,0,0,0,1,0,0,0,1,1,0,1,0,0
1,0,0,46,1,1,22.19,1052.32,0,0,0,0,0,1,1,0,1,0,1,0,1,0,1,0,1,0,1,0,0,1,0
0,1,1,72,1,0,92.69,6663.23,0,0,0,0,1,0,0,1,0,0,0,1,0,0,0,1,0,0,0,1,0,0,1
1,1,0,57,1,0,18.25,986.62,0,1,0,1,0,1,1,0,1,0,1,0,1,0,1,0,1,0,0,0,0,1,0
0,1,0,38,0,0,81.16,3077.67,1,1,1,0,1,0,0,0,0,0,0,1,0,0,0,0,0,1,0,0,0,1,0
0,0,1,22,1,1,20.43,459.66,0,1,0,1,0,1,1,0,1,0,1,0,1,0,1,0,1,0,1,0,0,1,0
0,0,0,33,1,0,66.09,2238.27,0,1,0,0,0,0,0,1,0,1,0,0,0,1,0,0,0,0,0,1,0,1,0
0,0,0,45,1,1,79.96,3570.08,1,1,0,1,1,0,0,0,0,1,0,1,0,0,0,0,0,1,0,0,0,0,1
0,1,0,20,1,1,68.97,1410.72,0,1,0,0,0,0,0,0,0,1,0,0,0,0,0,1,0,1,1,0,1,0,0
0,1,0,44,1,1,81.92,3619.73,1,1,0,1,1,0,0,0,0,0,0,1,0,0,0,0,0,1,0,0,1,0,0
0,0,1,23,1,1,73.38,1696.15,0,0,0,1,1,0,0,0,0,0,0,1,0,1,0,0,0,0,0,1,0,0,1
0,1,0,2,1,1,68.48,136.0,1,1,0,0,0,0,0,1,0,1,0,1,0,0,0,0,0,0,1,0,0,0,1
1,1,0,11,1,1,75.62,847.24,1,0,0,1,1,0,0,0,0,0,0,0,0,0,0,1,0,0,1,0,1,0,0
0,1,0,24,1,0,66.84,1612.53,1,1,0,1,0,0,0,1,0,0,0,0,0,1,0,1,0,0,1,0,0,0,0
0,0,1,29,1,1,84.32,2442.91,0,0,0,0,1,0,0,1,0,0,0,0,0,0,0,1,0,0,0,1,0,0,0
0,0,0,53,1,1,81.57,4311.36,0,1,0,0,1,0,0,1,0,1,0,0,0,0,0,0,0,1,0,0,0,0,1
0,1,0,34,1,0,84.58,2894.91,1,0,0,0,1,0,0,0,0,1,0,0,0,0,0,1,0,0,1,0,0,1,0
0,1,1,5,1,1,93.15,449.56,1,0,0,0,1,0,0,0,0,0,0,0,0,1,0,1,0,1,0,0,0,0,1
0,0,1,45,1,1,50.87,2265.72,0,1,0,1,0,0,0,1,0,0,0,0,0,0,0,0,0,0,0,1,1,0,0
0,0,1,21,1,0,83.26,1793.42,1,0,0,1,1,0,0,0,0,1,0,1,0,1,0,0,0,0,0,0,0,0,1
0,1,0,7,1,1,62.11,408.47,1,1,0,0,0,0,0,0,0,1,0,0,0,0,0,0,0,1,0,0,0,0,1
0,1,1,45,1,1,20.98,958.77,0,0,0,1,0,1,1,0,1,0,1,0,1,0,1,0,1,0,0,0,0,1,0
0,0,0,50,1,1,103.38,5150.73,1,1,0,1,1,0,0,1,0,1,0,1,0,0,0,1,0,1,0,0,0,0,1
0,0,1,31,1,1,23.39,724.09,0,1,0,0,0,1,1,0,1,0,1,0,1,0,1,0,1,0,0,1,0,1,0
1,0,1,35,1,1,76.72,2706.42,0,1,0,0,1,0,0,0,0,0,0,1,0,0,0,0,0,1,0,1,0,0,1
0,0,1,30,1,1,75.53,2267.36,0,0,0,1,0,0,0,0,0,1,0,0,0,1,0,1,0,0,0,1,0,0,1
0,0,0,43,1,0,81.22,3480.44,0,1,0,1,1,0,0,0,0,1,0,0,0,0,0,0,0,1,0,0,0,0,0
0,1,0,24,1,1,90.29,2143.25,0,0,0,0,1,0,0,0,0,0,0,0,0,1,0,1,0,1,0,0,1,0,0
0,1,0,2,1,1,85.56,135.69,0,1,0,0,1,0,0,0,0,1,0,0,0,1,0,0,0,0,1,0,0,0,0
0,1,0,11,1,1,90.19,1007.4,1,1,0,1,1,0,0,1,0,0,0,1,0,0,0,0,0,1,1,0,1,0,0
0,0,0,13,1,0,72.84,979.49,0,1,0,0,1,0,0,0,0,1,0,0,0,0,0,0,0,0,0,1,1,0,0
0,1,0,21,1,1,80.35,1684.6,1,0,0,0,1,0,0,0,0,0,0,0,0,0,0,0,0,1,0,0,0,1,0
0,1,1,23,1,1,89.28,2022.01,1,0,0,1,1,0,0,1,0,1,0,0,0,0,0,1,0,0,1,0,0,1,0
0,1,0,72,1,0,70.19,5089.88,0,1,0,0,0,0,0,0,0,1,0,1,0,1,0,0,0,0,1,0,1,0,0
0,0,1,27,1,1,70.91,1866.63,0,0,0,0,1,0,0,0,0,0,0,0,0,1,0,0,0,0,1,0,0,1,0
0,0,0,35,1,1,79.55,2787.89,0,1,0,0,1,0,0,0,0,1,0,0,0,0,0,0,0,1,0,1,0,1,0
0,1,0,24,1,1,89.55,2139.67,1,1,0,0,1,0,0,0,0,0,0,1,0,0,0,1,0,1,0,1,0,1,0
0,1,0,30,1,1,60.53,1873.8,0,0,0,1,0,0,0,0,0,1,0,0,0,0,0,0,0,1,1,0,0,0,1
0,0,0,35,1,1,18.25,643.18,0,1,0,0,0,1,1,0,1,0,1,0,1,0,1,0,1,0,0,0,0,0,1
0,1,0,57,1,1,21.09,1198.77,0,1,0,0,0,1,1,0,1,0,1,0,1,0,1,0,1,0,0,0,0,1,0
0,0,1,56,0,0,70.94,3959.36,0,0,1,0,0,0,0,1,0,0,0,1,0,1,0,1,0,0,1,0,0,0,0
0,1,0,6,1,1,20.87,154.07,1,1,0,0,0,1,1,0,1,0,1,0,1,0,1,0,1,0,0,0,0,1,0
0,0,1,14,1,0,18.25,292.25,0,0,0,0,0,1,1,0,1,0,1,0,1,0,1,0,1,0,1,0,1,0,0
0,1,1,21,1,1,70.51,1419.17,1,0,0,1,1,0,0,0,0,0,0,0,0,1,0,0,0,0,0,1,0,1,0
0,0,1,53,1,0,19.09,1031.22,0,0,0,1,0,1,1,0,1,0,1,0,1,0,1,0,1,0,1,0,0,1,0
0,1,0,33,1,1,96.47,3194.58,1,0,0,0,1,0,0,0,0,0,0,1,0,1,0,1,0,1,1,0,0,0,0
0,1,0,23,1,0,61.42,1414.53,1,0,0,0,0,0,0,0,0,0,0,1,0,0,0,1,0,0,1,0,0,0,1
0,0,0,8,1,1,73.39,640.39,0,1,0,0,0,0,0,0,0,1,0,1,0,1,0,0,0,1,1,0,0,0,0
0,0,1,46,1,1,74.7,3464.29,1,0,0,1,0,0,0,1,0,0,0,1,0,1,0,0,0,0,0,0,0,1,0
0,0,0,59,1,0,72.15,4256.24,0,0,0,1,1,0,0,1,0,0,0,0,0,0,0,0,0,1,0,1,0,0,1
0,0,0,12,1,1,65.04,763.37,1,0,0,0,0,0,0,0,0,1,0,0,0,0,0,1,0,1,0,0,0,1,0
0,0,1,5,1,1,75.38,327.11,0,1,0,0,0,0,0,0,0,1,0,1,0,1,0,1,0,0,1,0,1,0,0
0,0,0,25,1,1,85.93,2134.71,1,0,0,0,1,0,0,0,0,1,0,0,0,1,0,0,0,0,0,0,0,0,0
0,1,0,26,0,0,55.36,1403.3,0,0,1,0,0,0,0,1,0,0,0,0,0,0,0,1,0,0,0,1,1,0,0
0,0,0,71,1,0,58.04,4147.14,0,1,0,1,0,0,0,1,0,0,0,1,0,0,0,0,0,0,1,0,0,0,0
1,1,0,16,1,1,76.92,1214.27,1,0,0,1,1,0,0,0,0,1,0,0,0,1,0,0,0,0,0,0,0,0,0
0,1,0,14,1,1,87.26,1201.31,1,1,0,1,1,0,0,0,0,1,0,0,0,1,0,0,0,1,0,0,0,1,0
0,0,0,13,1,0,89.99,1215.06,1,1,0,0,1,0,0,1,0,1,0,1,0,0,0,0,0,0,0,0,0,1,0
1,1,1,9,1,1,82.5,744.24,1,0,0,0,1,0,0,0,0,1,0,0,0,0,0,1,0,1,0,0,0,0,1
0,1,1,23,0,1,96.53,2200.48,1,1,1,0,1,0,0,0,0,1,0,1,0,0,0,1,0,1,0,0,0,0,0
0,1,0,48,1,1,47.11,2281.63,1,1,0,0,0,0,0,0,0,0,0,0,0,0,0,0,0,0,0,0,0,0,0
0,0,1,50,1,1,103.69,5147.39,1,1,0,1,1,0,0,1,0,1,0,1,0,0,0,1,0,1,0,0,1,0,0
1,0,0,10,1,1,81.69,800.14,1,1,0,0,1,0,0,0,0,1,0,0,0,0,0,1,0,1,0,0,0,0,1
0,1,1,55,1,0,22.17,1218.84,0,0,0,0,0,1,1,0,1,0,1,0,1,0,1,0,1,0,0,0,0,1,0
0,1,1,28,0,0,59.08,1624.8,0,0,1,0,0,0,0,0,0,0,0,0,0,0,0,1,0,1,0,1,0,1,0
1,1,0,3,1,0,19.34,58.51,0,0,0,1,0,1,1,0,1,0,1,0,1,0,1,0,1,0,0,1,0,1,0
0,1,1,44,1,1,73.14,3213.91,0,1,0,0,0,0,0,0,0,1,0,0,0,1,0,1,0,0,0,1,0,0,1
1,1,0,57,1,0,98.77,5645.39,1,0,0,1,1,0,0,0,0,0,0,1,0,1,0,1,0,1,0,0,0,1,0
0,1,0,17,1,0,68.94,1176.37,1,0,0,0,1,0,0,0,0,1,0,0,0,0,0,0,0,0,0,0,0,0,1
1,0,0,27,0,1,71.5,1928.17,1,0,1,0,1,0,0,0,0,0,0,0,0,1,0,0,0,0,0,0,0,0,1
0,0,0,22,0,0,18.25,414.26,0,1,1,0,0,1,1,0,1,0,1,0,1,0,1,0,1,0,0,0,0,0,1
0,1,1,29,1,1,76.25,2202.98,0,1,0,0,1,0,0,0,0,0,0,0,0,1,0,1,0,0,1,0,0,0,1
1,1,0,22,1,0,66.58,1456.13,0,0,0,1,1,0,0,0,0,0,0,0,0,0,0,0,0,0,1,0,0,0,0
0,1,0,31,1,0,20.76,658.58,0,0,0,1,0,1,1,0,1,0,1,0,1,0,1,0,1,0,0,0,0,0,1
0,1,1,2,1,1,68.56,161.22,1,1,0,1,0,0,0,1,0,1,0,0,0,0,0,1,0,0,1,0,1,0,0
0,1,0,16,0,0,84.33,1318.89,0,0,1,0,1,0,0,1,0,1,0,0,0,0,0,0,0,1,0,0,0,0,1
1,0,0,24,1,1,94.68,2288.48,1,1,0,1,1,0,0,0,0,1,0,1,0,0,0,1,0,1,0,1,0,1,0
0,0,0,41,1,0,83.24,3406.53,1,1,0,0,1,0,0,1,0,0,0,0,0,0,0,1,0,0,0,0,1,0,0
1,1,1,2,1,0,22.12,48.33,1,0,0,1,0,1,1,0,1,0,1,0,1,0,1,0,1,0,0,0,0,0,1
0,1,1,57,0,1,84.75,4865.35,0,0,1,0,1,0,0,0,0,0,0,0,0,1,0,1,0,1,0,1,0,0,1
0,0,1,27,1,1,65.52,1751.03,0,1,0,1,0,0,0,0,0,1,0,0,0,0,0,0,0,1,0,1,0,1,0
0,0,1,54,1,0,89.55,4802.53,0,0,0,0,1,0,0,0,0,1,0,1,0,0,0,0,0,1,0,0,1,0,0
1,1,0,35,1,1,88.45,3076.99,1,0,0,1,1,0,0,0,0,1,0,1,0,0,0,0,0,1,0,0,0,0,1
0,0,0,67,1,1,68.89,4627.62,0,1,0,0,0,0,0,0,0,1,0,0,0,1,0,0,0,1,0,0,0,1,0
0,1,0,36,1,1,68.33,2474.76,1,0,0,0,0,0,0,1,0,0,0,1,0,0,0,1,0,0,0,0,0,0,0
0,0,0,5,0,1,59.21,327.0,1,0,1,0,0,0,0,1,0,0,0,0,0,0,0,1,0,0,0,0,0,1,0
1,1,1,42,1,0,53.7,2247.41,0,0,0,1,0,0,0,0,0,0,0,0,0,0,0,1,0,1,0,0,0,0,1
0,0,0,29,1,0,74.89,2202.52,0,0,0,0,0,0,0,0,0,1,0,1,0,0,0,1,0,1,0,1,0,1,0
0,1,0,15,1,0,76.94,1147.66,0,0,0,1,1,0,0,0,0,0,0,0,0,0,0,1,0,1,0,1,0,0,0
0,0,0,30,1,0,53.76,1580.24,1,1,0,0,0,0,0,1,0,0,0,0,0,0,0,0,0,0,0,0,0,0,0
0,0,0,37,1,1,22.92,836.12,0,1,0,0,0,1,1,0,1,0,1,0,1,0,1,0,1,0,0,0,0,0,0
0,0,0,32,0,1,58.95,1894.97,0,0,1,0,0,0,0,0,0,0,0,1,0,0,0,1,0,0,1,0,0,1,0
0,0,1,7,1,1,78.12,624.54,0,0,0,1,1,0,0,0,0,0,0,0,0,0,0,1,0,0,0,0,0,0,0
0,1,0,72,1,1,65.0,4655.71,0,1,0,1,0,0,0,0,0,0,0,0,0,1,0,1,0,0,0,1,0,1,0
0,0,0,47,1,0,70.88,3363.5,0,1,0,1,0,0,0,1,0,0,0,1,0,1,0,1,0,0,0,0,1,0,0
0,1,0,26,1,0,53.84,1423.57,1,0,0,1,0,0,0,0,0,1,0,0,0,0,0,0,0,0,0,0,0,0,1
0,0,0,21,1,0,89.06,1860.48,0,1,0,0,1,0,0,0,0,1,0,1,0,1,0,0,0,1,0,0,1,0,0
0,1,1,68,1,1,75.08,5123.36,1,1,0,0,1,0,0,0,0,0,0,0,0,0,0,1,0,0,0,0,0,0,0
0,1,0,31,1,1,85.8,2634.11,1,0,0,0,1,0,0,1,0,0,0,1,0,0,0,0,0,1,1,0,0,1,0
0,1,0,7,1,1,71.35,473.31,0,0,0,0,1,0,0,1,0,0,0,0,0,0,0,0,0,0,0,1,1,0,0
0,0,1,69,1,0,85.78,5881.22,0,0,0,1,1,0,0,1,0,0,0,1,0,0,0,1,0,0,0,0,0,0,1
0,0,1,18,1,1,24.82,430.25,0,0,0,0,0,1,1,0,1,0,1,0,1,0,1,0,1,0,0,0,0,1,0
0,1,1,7,1,1,54.32,382.28,1,1,0,0,0,0,0,0,0,1,0,0,0,0,0,1,0,0,0,0,0,0,1
0,0,1,32,1,1,64.77,2023.95,0,0,0,0,0,0,0,0,0,0,0,0,0,0,0,1,0,1,1,0,1,0,0
0,1,0,15,1,1,74.43,1136.97,1,1,0,0,1,0,0,0,0,0,0,0,0,1,0,1,0,0,0,0,0,1,0
0,1,0,24,1,0,20.71,507.42,0,1,0,1,0,1,1,0,1,0,1,0,1,0,1,0,1,0,0,0,0,1,0
0,1,0,36,1,0,22.75,815.62,0,0,0,0,0,1,1,0,1,0,1,0,1,0,1,0,1,0,0,1,0,1,0
0,0,0,0,1,1,91.43,0.0,1,0,0,0,1,0,0,1,0,1,0,0,0,1,0,1,0,0,1,0,0,0,0
0,0,0,29,1,0,78.6,2319.59,0,0,0,0,0,0,0,1,0,1,0,0,0,0,0,1,0,1,0,1,1,0,0
0,0,0,59,1,1,77.93,4587.74,0,1,0,1,1,0,0,0,0,0,0,1,0,1,0,0,0,0,1,0,0,1,0
0,1,0,8,1,1,61.25,473.26,0,0,0,1,0,0,0,1,0,0,0,0,0,0,0,0,0,1,0,0,1,0,0
0,1,0,1,1,0,59.57,48.75,1,0,0,0,0,0,0,0,0,1,0,1,0,0,0,0,0,0,0,0,0,1,0
0,0,0,48,1,1,59.78,2872.29,0,0,0,0,0,0,0,1,0,0,0,0,0,0,0,0,0,0,1,0,0,0,1
0,1,0,28,1,0,23.59,628.39,0,0,0,1,0,1,1,0,1,0,1,0,1,0,1,0,1,0,0,0,0,0,0
0,0,0,39,1,1,78.52,3087.02,1,1,0,0,1,0,0,0,0,1,0,0,0,0,0,1,0,0,0,0,1,0,0
0,0,0,18,1,1,64.24,1117.7,0,0,0,1,0,0,0,0,0,1,0,0,0,0,0,0,0,1,0,1,1,0,0
0,1,1,31,1,0,69.23,2168.67,0,0,0,0,0,0,0,1,0,1,0,0,0,0,0,0,0,1,0,1,0,1,0
0,1,0,69,1,1,18.25,1343.54,0,0,0,1,0,1,1,0,1,0,1,0,1,0,1,0,1,0,0,0,1,0,0
0,0,0,39,1,1,87.78,3465.72,1,0,0,1,1,0,0,0,0,0,0,1,0,0,0,0,0,1,1,0,1,0,0
0,0,0,9,1,0,52.29,501.93,0,0,0,1,0,0,0,0,0,0,0,0,0,0,0,0,0,1,0,1,0,0,1
0,0,0,55,1,1,18.31,979.08,0,1,0,1,0,1,1,0,1,0,1,0,1,0,1,0,1,0,0,1,0,0,0
0,0,0,25,1,0,72.8,1842.63,1,1,0,0,1,0,0,0,0,0,0,1,0,0,0,0,0,0,0,0,0,0,0
0,1,0,2,1,0,90.55,170.32,0,0,0,0,1,0,0,1,0,1,0,0,0,0,0,1,0,1,1,0,1,0,0
0,0,0,12,1,1,90.17,1105.14,1,0,0,0,1,0,0,0,0,0,0,1,0,0,0,1,0,1,1,0,0,0,1
0,0,0,10,1,0,70.44,726.18,0,0,0,1,1,0,0,1,0,0,0,0,0,0,0,0,0,0,0,0,1,0,0
0,0,1,24,0,0,62.14,1482.14,0,1,1,0,0,0,0,0,0,0,0,0,0,1,0,1,0,1,0,1,1,0,0
0,1,1,56,1,1,60.6,3363.88,0,1,0,0,0,0,0,0,0,0,0,0,0,1,0,1,0,0,1,0,0,1,0
0,0,1,46,0,1,60.41,2770.79,0,0,1,0,1,0,0,0,0,0,0,0,0,0,0,0,0,0,0,0,0,0,1
1,1,0,15,1,0,85.39,1266.62,1,0,0,0,1,0,0,1,0,0,0,0,0,0,0,0,0,1,0,0,1,0,0
0,1,0,37,1,1,21.62,811.79,1,1,0,1,0,1,1,0,1,0,1,0,1,0,1,0,1,0,0,0,1,0,0
0,0,1,17,1,1,18.34,337.64,0,0,0,0,0,1,1,0,1,0,1,0,1,0,1,0,1,0,0,1,0,1,0
0,0,0,20,1,1,90.56,1808.68,0,1,0,1,1,0,0,1,0,1,0,0,0,1,0,0,0,1,0,1,1,0,0
1,0,0,33,1,1,81.77,2678.82,0,1,0,0,1,0,0,0,0,0,0,1,0,0,0,1,0,1,0,1,1,0,0
0,0,0,8,1,1,84.25,668.33,0,1,0,1,1,0,0,0,0,0,0,0,0,0,0,1,0,1,0,0,0,0,0
0,1,0,22,0,1,75.86,1690.58,0,1,1,0,0,0,0,1,0,0,0,1,0,1,0,0,0,0,0,1,0,0,1
0,0,0,22,1,1,84.77,1860.59,1,1,0,1,1,0,0,1,0,0,0,0,0,1,0,1,0,0,0,1,1,0,0
0,0,0,14,1,0,75.8,1064.96,0,0,0,0,1,0,0,0,0,1,0,0,0,0,0,0,0,0,0,1,0,1,0
0,0,1,36,1,1,96.22,3467.15,1,0,0,0,1,0,0,1,0,1,0,0,0,0,0,1,0,1,0,0,0,1,0
1,0,1,36,1,0,20.31,697.2,0,0,0,0,0,1,1,0,1,0,1,0,1,0,1,0,1,0,0,0,0,1,0
1,0,0,11,0,1,85.29,914.64,1,1,1,0,0,0,0,1,0,1,0,1,0,1,0,1,0,0,1,0,0,0,1
1,0,0,7,1,1,95.51,651.05,1,1,0,0,1,0,0,0,0,1,0,0,0,1,0,1,0,1,0,0,0,0,0
0,1,0,25,1,0,19.28,496.13,0,1,0,0,0,1,1,0,1,0,1,0,1,0,1,0,1,0,1,0,0,1,0
0,0,0,12,1,0,82.61,982.52,0,0,0,0,1,0,0,0,0,0,0,0,0,1,0,0,0,1,1,0,0,1,0
0,1,1,19,1,1,64.47,1261.31,1,1,0,0,0,0,0,0,0,0,0,1,0,0,0,1,0,0,0,0,0,1,0
0,1,0,0,1,0,79.75,0.0,0,0,0,1,1,0,0,1,0,0,0,0,0,0,0,1,0,0,0,1,0,0,0
0,0,0,22,1,0,21.94,531.1,0,0,0,0,0,1,1,0,1,0,1,0,1,0,1,0,1,0,0,1,0,0,1
0,0,0,19,0,0,69.47,1355.25,0,0,1,0,0,0,0,1,0,0,0,1,0,0,0,1,0,0,0,1,0,0,0
0,0,0,8,0,1,76.34,643.06,1,1,1,0,1,0,0,1,0,0,0,1,0,0,0,0,0,0,0,1,0,1,0
1,1,1,44,1,1,81.12,3587.69,1,0,0,0,1,0,0,1,0,0,0,1,0,0,0,0,0,0,1,0,0,1,0
1,1,1,19,1,1,76.36,1448.58,0,1,0,1,0,0,0,1,0,1,0,0,0,0,0,1,0,0,0,1,0,1,0
0,0,1,27,1,1,74.43,2043.25,1,1,0,1,1,0,0,1,0,0,0,0,0,0,0,1,0,0,0,0,0,1,0
0,0,0,43,1,0,97.6,4213.02,1,0,0,0,1,0,0,0,0,1,0,1,0,0,0,1,0,1,0,1,0,0,1
0,0,0,38,1,0,86.91,3359.52,1,0,0,0,1,0,0,0,0,1,0,0,0,1,0,1,0,1,0,0,0,1,0
0,0,1,6,1,0,111.33,676.51,1,0,0,0,1,0,0,1,0,1,0,1,0,1,0,1,0,1,0,0,1,0,0
0,0,0,28,1,1,50.11,1397.06,0,1,0,0,0,0,0,0,0,0,0,0,0,0,0,1,0,0,0,1,0,0,1
0,0,0,13,1,0,65.29,852.56,0,0,0,0,0,0,0,0,0,1,0,0,0,0,0,0,0,1,0,1,1,0,0
0,1,0,53,0,0,86.95,4603.81,1,0,1,0,1,0,0,1,0,0,0,0,0,0,0,1,0,1,0,0,0,1,0
0,0,0,72,1,0,58.5,4187.51,0,1,0,1,0,0,0,0,0,1,0,1,0,0,0,0,0,0,0,0,0,1,0
1,0,0,58,1,1,81.15,4746.49,0,0,0,1,1,0,0,0,0,0,0,0,0,1,0,1,0,0,0,0,0,0,1
0,1,1,44,1,0,76.98,3381.59,0,1,0,0,1,0,0,1,0,0,0,0,0,0,0,0,0,0,0,0,1,0,0
0,0,0,24,0,1,56.49,1375.22,1,0,1,0,0,0,0,1,0,0,0,1,0,0,0,0,0,0,0,0,0,0,0
0,0,0,46,1,1,18.41,788.66,0,0,0,1,0,1,1,0,1,0,1,0,1,0,1,0,1,0,0,0,0,1,0
0,1,1,4,1,0,91.03,365.46,1,0,0,0,1,0,0,1,0,0,0,0,0,1,0,0,0,1,0,0,0,0,1
0,1,1,15,1,0,18.25,278.84,0,0,0,0,0,1,1,0,1,0,1,0,1,0,1,0,1,0,0,0,0,0,0
0,0,0,37,0,1,56.31,2090.94,0,1,1,0,0,0,0,0,0,0,0,1,0,0,0,1,0,0,0,1,0,1,0
0,0,0,22,1,1,19.2,382.91,0,0,0,0,0,1,1,0,1,0,1,0,1,0,1,0,1,0,0,1,0,1,0
0,0,0,9,0,1,82.85,749.44,1,0,1,0,1,0,0,0,0,1,0,1,0,1,0,1,0,0,0,0,0,0,1
0,1,0,36,1,0,21.71,749.67,0,1,0,0,0,1,1,0,1,0,1,0,1,0,1,0,1,0,0,1,0,0,1
1,0,0,66,1,1,94.75,6234.99,0,1,0,1,1,0,0,0,0,1,0,1,0,0,0,1,0,1,0,0,0,1,0
0,1,0,62,1,1,19.66,1220.51,0,0,0,0,0,1,1,0,1,0,1,0,1,0,1,0,1,0,0,0,0,0,1
0,1,1,15,1,1,87.07,1305.8,1,0,0,1,1,0,0,0,0,0,0,1,0,0,0,1,0,1,1,0,0,1,0
1,1,0,72,0,1,97.29,6986.5,0,0,1,0,1,0,0,1,0,1,0,1,0,0,0,1,0,0,0,1,0,0,1
0,0,0,17,1,1,58.2,991.76,0,0,0,0,0,0,0,0,0,0,0,1,0,0,0,0,0,1,0,1,1,0,0
0,1,1,29,1,1,80.02,2335.4,1,0,0,1,1,0,0,0,0,0,0,0,0,0,0,1,0,1,0,1,0,1,0
1,1,0,51,1,0,88.28,4555.73,1,1,0,0,1,0,0,1,0,0,0,1,0,1,0,0,0,0,0,0,1,0,0
0,1,0,2,1,1,18.25,43.41,0,1,0,0,0,1,1,0,1,0,1,0,1,0,1,0,1,0,0,1,0,1,0
0,0,0,28,1,0,91.77,2553.9,1,0,0,0,1,0,0,1,0,1,0,0,0,1,0,0,0,1,0,0,1,0,0
0,1,0,12,1,0,68.88,867.46,1,0,0,0,1,0,0,0,0,1,0,0,0,0,0,0,0,0,0,0,1,0,0
0,1,0,19,1,1,19.42,383.97,0,0,0,0,0,1,1,0,1,0,1,0,1,0,1,0,1,0,1,0,0,0,1
0,0,1,51,1,0,19.03,998.43,0,0,0,0,0,1,1,0,1,0,1,0,1,0,1,0,1,0,0,0,0,0,0
0,0,1,17,1,0,18.25,286.84,0,0,0,0,0,1,1,0,1,0,1,0,1,0,1,0,1,0,0,1,0,0,0
0,0,0,24,1,0,50.55,1192.24,0,0,0,1,0,0,0,0,0,0,0,0,0,0,0,0,0,1,0,0,0,1,0
0,1,0,25,0,0,18.58,422.13,0,0,1,0,0,1,1,0,1,0,1,0,1,0,1,0,1,0,0,0,0,1,0
1,0,0,42,1,0,78.9,3334.61,0,1,0,0,1,0,0,0,0,0,0,0,0,0,0,1,0,1,0,1,0,1,0
0,0,0,49,1,1,24.06,1220.99,0,0,0,0,0,1,1,0,1,0,1,0,1,0,1,0,1,0,0,0,0,1,0
0,0,0,32,1,1,82.83,2632.91,0,0,0,1,1,0,0,1,0,0,0,0,0,0,0,0,0,1,0,0,0,1,0
1,0,1,19,1,0,82.6,1584.67,0,1,0,1,1,0,0,1,0,0,0,0,0,1,0,0,0,0,0,0,0,0,0
0,1,1,30,0,1,56.83,1725.96,0,0,1,0,0,0,0,0,0,1,0,0,0,0,0,0,0,1,0,1,0,0,1
0,1,1,18,1,1,68.28,1236.24,0,0,0,0,0,0,0,1,0,0,0,0,0,1,0,1,0,1,0,1,0,1,0
0,1,0,72,1,0,86.74,6275.21,0,0,0,0,1,0,0,1,0,1,0,0,0,0,0,1,0,0,0,1,0,0,0
0,1,0,24,1,0,54.52,1308.39,1,0,0,0,0,0,0,1,0,1,0,0,0,0,0,0,0,0,0,0,1,0,0
0,0,0,57,1,1,76.4,4336.84,1,1,0,1,1,0,0,0,0,0,0,0,0,0,0,1,0,1,1,0,0,1,0
0,1,0,58,1,1,72.6,4177.01,0,1,0,0,0,0,0,0,0,1,0,1,0,0,0,1,0,0,1,0,0,0,1
1,0,0,32,1,1,56.18,1806.27,0,1,0,0,0,0,0,0,0,1,0,0,0,0,0,0,0,0,0,1,0,1,0
0,0,1,35,1,0,61.63,2126.67,0,1,0,0,0,0,0,1,0,0,0,0,0,0,0,1,0,0,1,0,0,0,0
0,0,0,35,1,0,67.41,2378.43,1,0,0,0,0,0,0,0,0,1,0,0,0,0,0,1,0,1,0,0,0,0,1
0,1,0,40,0,1,68.38,2724.96,0,0,1,0,0,0,0,1,0,1,0,1,0,0,0,0,0,1,0,0,0,0,0
1,0,1,9,1,0,95.95,838.35,1,0,0,1,1,0,0,0,0,1,0,1,0,0,0,1,0,0,0,0,0,0,0
0,1,0,72,1,1,82.29,5935.05,1,1,0,1,1,0,0,0,0,1,0,0,0,0,0,0,0,1,0,0,0,0,1
0,1,1,30,1,1,67.53,2018.4,0,1,0,1,0,0,0,1,0,0,0,0,0,0,0,0,0,1,0,0,0,0,1
0,1,0,66,1,1,50.26,3325.42,1,1,0,0,0,0,0,0,0,0,0,0,0,0,0,0,0,1,0,0,0,1,0
0,1,0,30,0,0,18.25,540.7,1,0,1,0,0,1,1,0,1,0,1,0,1,0,1,0,1,0,0,0,0,1,0
1,0,0,32,1,1,61.78,1983.09,1,1,0,0,0,0,0,0,0,1,0,0,0,0,0,1,0,0,0,0,0,1,0
0,1,0,16,1,0,79.68,1261.36,1,0,0,1,1,0,0,0,0,0,0,0,0,0,0,1,0,1,0,0,0,1,0
0,0,0,18,1,1,82.82,1461.75,1,0,0,0,1,0,0,0,0,0,0,1,0,0,0,1,0,1,0,0,0,0,1
0,1,0,3,1,0,73.22,185.61,1,0,0,1,0,0,0,0,0,0,0,1,0,1,0,0,0,1,0,0,0,0,0
0,0,0,72,1,0,18.25,1290.34,0,1,0,0,0,1,1,0,1,0,1,0,1,0,1,0,1,0,0,0,0,0,1
0,1,0,59,1,0,81.2,4779.22,0,1,0,1,1,0,0,1,0,1,0,0,0,0,0,0,0,1,1,0,0,0,1
0,0,0,16,1,0,18.89,329.22,0,0,0,0,0,1,1,0,1,0,1,0,1,0,1,0,1,0,0,0,0,0,1
0,1,0,28,1,1,72.33,2020.71,0,0,0,1,0,0,0,1,0,0,0,0,0,1,0,1,0,1,0,1,0,1,0
0,0,0,41,1,0,91.85,3755.8,1,1,0,1,1,0,0,1,0,1,0,1,0,1,0,1,0,0,0,1,1,0,0
0,0,0,10,1,0,91.9,896.11,0,0,0,1,1,0,0,0,0,1,0,0,0,0,0,1,0,1,0,1,0,0,1
0,0,0,14,1,0,55.41,726.76,0,0,0,1,0,0,0,0,0,0,0,0,0,0,0,1,0,1,0,1,0,0,1
0,1,1,25,1,0,18.8,498.29,0,1,0,0,0,1,1,0,1,0,1,0,1,0,1,0,1,0,0,0,0,0,1
0,0,1,69,1,1,20.3,1379.97,1,1,0,1,0,1,1,0,1,0,1,0,1,0,1,0,1,0,0,0,0,0,1
1,0,0,15,1,0,101.22,1511.1,1,1,0,0,1,0,0,0,0,1,0,1,0,0,0,1,0,1,0,0,0,1,0
1,0,0,42,1,1,18.3,764.19,0,1,0,1,0,1,1,0,1,0,1,0,1,0,1,0,1,0,0,0,0,0,1
1,0,0,72,1,1,58.9,4232.21,0,1,0,0,0,0,0,0,0,0,0,1,0,0,0,1,0,0,1,0,1,0,0
0,0,0,59,1,1,89.68,5360.57,0,0,0,1,1,0,0,1,0,1,0,0,0,0,0,0,0,1,0,1,1,0,0
0,0,0,8,0,1,69.21,548.06,0,1,1,0,0,0,0,0,0,0,0,1,0,1,0,0,0,1,0,1,1,0,0
1,0,1,18,1,0,21.65,376.89,0,0,0,0,0,1,1,0,1,0,1,0,1,0,1,0,1,0,0,0,0,1,0
0,1,0,25,0,0,65.07,1643.89,1,0,1,0,1,0,0,0,0,0,0,0,0,0,0,1,0,0,0,0,0,1,0
0,1,0,13,1,1,21.19,273.8,0,1,0,0,0,1,1,0,1,0,1,0,1,0,1,0,1,0,0,1,1,0,0
0,0,0,53,1,1,58.4,3062.12,0,1,0,0,0,0,0,0,0,0,0,1,0,0,0,1,0,0,0,1,0,0,0
0,0,0,8,1,0,63.53,520.63,1,0,0,0,0,0,0,0,0,0,0,0,0,0,0,1,0,1,0,1,0,0,0
0,1,0,15,1,0,71.93,1064.41,1,0,0,0,1,0,0,0,0,1,0,0,0,0,0,0,0,0,0,0,0,1,0
0,1,1,35,1,1,94.37,3299.22,1,0,0,0,1,0,0,0,0,1,0,0,0,0,0,1,0,1,0,0,0,1,0
0,1,1,27,1,1,65.54,1797.02,1,1,0,0,0,0,0,0,0,0,0,0,0,1,0,1,0,0,1,0,0,0,1
0,1,1,13,1,0,77.76,1033.65,0,1,0,0,1,0,0,1,0,0,0,0,0,0,0,0,0,1,1,0,0,1,0
0,0,0,72,1,1,69.82,5004.13,0,1,0,0,0,0,0,1,0,0,0,1,0,0,0,1,0,1,0,1,0,0,1
0,0,0,10,1,0,85.85,868.44,0,0,0,1,1,0,0,0,0,0,0,1,0,0,0,0,0,1,0,1,1,0,0
0,1,1,47,0,1,18.25,854.34,0,0,1,0,0,1,1,0,1,0,1,0,1,0,1,0,1,0,0,1,0,0,1
0,1,1,39,0,1,78.24,3030.03,0,0,1,0,1,0,0,0,0,1,0,0,0,0,0,0,0,1,0,0,1,0,0
0,1,0,41,1,1,89.43,3637.66,0,0,0,0,1,0,0,0,0,0,0,0,0,1,0,1,0,1,0,1,1,0,0
0,0,0,5,1,1,72.13,337.15,0,1,0,0,0,0,0,0,0,0,0,1,0,0,0,1,0,1,0,0,0,0,1
1,0,0,25,1,0,62.56,1591.99,0,0,0,1,0,0,0,1,0,0,0,0,0,1,0,0,0,0,0,1,1,0,0
0,1,0,32,1,0,45.18,1363.45,0,1,0,1,0,0,0,0,0,0,0,0,0,0,0,0,0,0,1,0,0,0,1
1,1,0,36,1,1,21.47,745.65,0,0,0,0,0,1,1,0,1,0,1,0,1,0,1,0,1,0,0,0,0,0,1
0,0,0,23,1,1,62.2,1452.25,0,0,0,1,0,0,0,0,0,0,0,1,0,1,0,1,0,0,0,0,0,1,0
0,0,0,42,1,0,20.76,838.79,0,0,0,0,0,1,1,0,1,0,1,0,1,0,1,0,1,0,0,1,0,0,0
0,0,1,24,1,1,71.2,1715.19,0,1,0,1,1,0,0,0,0,0,0,1,0,0,0,0,0,0,1,0,0,1,0
0,0,0,13,1,1,18.89,232.43,0,0,0,0,0,1,1,0,1,0,1,0,1,0,1,0,1,0,1,0,0,0,1
0,0,0,13,1,1,64.55,814.27,0,0,0,1,0,0,0,1,0,0,0,0,0,1,0,0,0,1,1,0,1,0,0
0,0,0,37,1,1,20.31,713.27,0,1,0,0,0,1,1,0,1,0,1,0,1,0,1,0,1,0,0,0,1,0,0
0,0,1,14,1,0,18.25,241.16,0,1,0,1,0,1,1,0,1,0,1,0,1,0,1,0,1,0,0,0,0,1,0
1,1,0,44,1,1,80.56,3543.5,1,0,0,1,1,0,0,0,0,1,0,0,0,0,0,0,0,1,0,0,0,0,0
0,1,0,14,1,1,21.95,289.54,0,1,0,1,0,1,1,0,1,0,1,0,1,0,1,0,1,0,0,0,0,0,0
1,1,0,9,1,1,74.16,677.25,1,1,0,1,0,0,0,1,0,0,0,1,0,0,0,1,0,1,0,0,0,0,0
0,0,0,72,0,0,63.49,4607.55,0,1,1,0,0,0,0,0,0,0,0,1,0,1,0,1,0,0,0,1,0,1,0
0,0,1,65,0,0,18.25,1226.42,0,1,1,0,0,1,1,0,1,0,1,0,1,0,1,0,1,0,1,0,0,0,0
0,1,1,29,1,1,75.08,2164.9,0,1,0,1,0,0,0,0,0,1,0,1,0,1,0,1,0,0,1,0,0,1,0
0,0,1,18,1,1,73.47,1296.53,0,0,0,0,0,0,0,1,0,0,0,1,0,0,0,1,0,1,0,0,0,0,0
0,0,1,45,1,1,83.64,3754.95,1,1,0,0,1,0,0,0,0,0,0,0,0,1,0,0,0,1,0,0,0,1,0
1,1,0,72,0,1,18.25,1322.0,0,0,1,0,0,1,1,0,1,0,1,0,1,0,1,0,1,0,0,0,0,1,0
0,0,0,19,1,1,21.68,406.28,0,1,0,0,0,1,1,0,1,0,1,0,1,0,1,0,1,0,0,1,0,1,0
0,0,0,72,1,1,60.87,4396.23,0,1,0,0,0,0,0,0,0,0,0,0,0,1,0,1,0,0,0,0,0,0,0
1,1,0,18,1,0,87.6,1580.83,0,1,0,0,1,0,0,0,0,0,0,0,0,1,0,1,0,1,0,0,0,0,1
0,0,1,6,1,0,81.76,477.29,1,0,0,0,1,0,0,0,0,0,0,0,0,0,0,1,0,1,0,0,0,0,0
0,1,0,28,1,1,22.93,609.72,0,0,0,1,0,1,1,0,1,0,1,0,1,0,1,0,1,0,0,0,0,0,1
0,0,0,5,1,1,65.77,394.08,0,1,0,1,0,0,0,1,0,0,0,0,0,0,0,0,0,1,0,1,0,0,0
0,0,0,43,1,1,55.42,2387.98,0,1,0,0,0,0,0,0,0,0,0,0,0,0,0,1,0,0,1,0,0,0,1
0,0,0,8,1,1,84.38,689.83,1,1,0,1,1,0,0,0,0,1,0,1,0,0,0,0,0,0,1,0,0,0,1
0,0,0,39,1,0,61.87,2350.26,0,1,0,1,0,0,0,1,0,0,0,1,0,1,0,0,0,0,0,1,1,0,0
0,1,0,50,1,0,85.88,4284.7,0,0,0,0,1,0,0,1,0,0,0,0,0,0,0,1,0,0,0,1,0,1,0
0,1,0,72,1,0,83.79,5981.73,0,1,0,0,1,0,0,0,0,1,0,1,0,0,0,0,0,1,0,1,0,0,0
0,0,0,7,1,0,79.68,541.66,1,0,0,1,1,0,0,0,0,1,0,0,0,1,0,0,0,0,1,0,0,1,0
1,1,0,15,1,1,81.31,1194.59,1,0,0,0,1,0,0,0,0,0,0,1,0,0,0,1,0,0,0,1,0,0,0
0,0,0,20,1,0,73.21,1431.77,0,0,0,1,1,0,0,0,0,0,0,0,0,1,0,0,0,0,0,0,0,1,0
0,1,0,40,1,0,88.73,3571.38,0,0,0,0,1,0,0,0,0,1,0,1,0,1,0,0,0,0,1,0,1,0,0
0,1,0,24,1,0,20.13,503.48,0,1,0,1,0,1,1,0,1,0,1,0,1,0,1,0,1,0,0,0,0,1,0
0,0,0,11,1,1,90.32,969.53,0,0,0,0,1,0,0,1,0,1,0,0,0,0,0,0,0,1,0,0,0,1,0
0,0,0,17,1,1,85.96,1503.91,0,1,0,0,1,0,0,1,0,0,0,0,0,1,0,0,0,0,0,0,0,0,0
0,0,0,32,1,0,78.98,2485.51,0,0,0,1,1,0,0,0,0,1,0,0,0,0,0,1,0,0,0,0,0,1,0
0,0,1,19,1,1,74.98,1459.89,0,0,0,0,1,0,0,0,0,0,0,1,0,0,0,0,0,1,1,0,1,0,0
0,1,0,72,1,0,69.14,4995.74,0,1,0,0,0,0,0,1,0,0,0,0,0,1,0,0,0,1,0,0,0,0,1
0,0,0,36,1,0,83.63,3016.99,1,0,0,0,1,0,0,1,0,1,0,0,0,0,0,0,0,0,0,0,0,0,1
0,0,0,11,1,0,22.51,254.03,0,1,0,1,0,1,1,0,1,0,1,0,1,0,1,0,1,0,0,0,0,0,1
0,0,0,26,0,0,75.7,2031.52,0,1,1,0,1,0,0,0,0,0,0,1,0,0,0,1,0,0,0,0,1,0,0
0,1,0,42,1,0,64.58,2685.07,1,0,0,0,1,0,0,0,0,0,0,0,0,0,0,0,0,0,0,0,0,1,0
0,0,0,34,1,0,67.54,2311.53,0,1,0,0,1,0,0,0,0,0,0,0,0,0,0,0,0,0,0,0,0,0,1
0,1,0,18,1,0,79.9,1387.76,1,0,0,0,1,0,0,0,0,0,0,0,0,1,0,1,0,0,0,0,0,1,0
1,0,1,23,0,1,75.35,1769.43,1,0,1,0,1,0,0,0,0,0,0,1,0,0,0,1,0,0,0,0,1,0,0
0,1,0,25,1,0,69.72,1720.08,1,0,0,0,0,0,0,0,0,1,0,0,0,0,0,1,0,1,0,0,1,0,0
0,0,0,54,1,1,52.94,2937.42,0,1,0,0,0,0,0,0,0,0,0,0,0,0,0,0,0,1,0,0,0,0,1
0,0,1,43,1,1,20.38,890.19,0,1,0,1,0,1,1,0,1,0,1,0,1,0,1,0,1,0,0,0,0,0,0
0,0,0,6,1,1,59.46,358.14,0,0,0,0,0,0,0,0,0,1,0,1,0,1,0,0,0,0,0,0,0,0,0
1,0,0,72,0,1,97.04,7004.78,0,1,1,0,1,0,0,1,0,0,0,0,0,1,0,1,0,1,0,0,0,0,1
0,0,0,72,1,0,76.57,5547.94,1,0,0,0,1,0,0,0,0,0,0,1,0,0,0,1,0,0,0,0,1,0,0
0,1,0,20,1,1,70.56,1416.04,1,1,0,0,0,0,0,1,0,0,0,0,0,1,0,1,0,0,1,0,0,0,1
0,0,0,39,1,1,77.79,3061.37,0,1,0,0,0,0,0,0,0,1,0,1,0,1,0,0,0,1,0,1,1,0,0
1,0,0,72,1,1,18.25,1303.28,0,0,0,0,0,1,1,0,1,0,1,0,1,0,1,0,1,0,0,0,0,0,1
1,1,0,27,1,1,75.58,2029.51,0,0,0,0,1,0,0,0,0,1,0,0,0,0,0,1,0,0,0,1,0,0,0
0,1,0,32,1,1,62.6,1973.16,0,0,0,1,0,0,0,1,0,0,0,0,0,0,0,1,0,0,0,1,0,0,1
0,0,0,45,1,1,67.9,3033.56,0,0,0,0,0,0,0,1,0,1,0,0,0,1,0,0,0,0,0,0,0,0,0
0,1,0,66,1,1,53.87,3572.22,0,1,0,1,0,0,0,0,0,1,0,0,0,0,0,0,0,1,0,0,1,0,0
0,0,0,4,1,1,80.84,307.5,1,1,0,0,1,0,0,0,0,1,0,0,0,0,0,1,0,0,0,0,0,0,0
0,0,0,27,1,1,18.6,528.04,1,1,0,1,0,1,1,0,1,0,1,0,1,0,1,0,1,0,0,0,0,1,0
0,0,0,66,1,1,64.31,4275.15,0,0,0,0,0,0,0,0,0,0,0,0,0,1,0,1,0,0,0,0,0,0,0
0,1,1,46,1,0,77.43,3528.36,0,1,0,0,1,0,0,0,0,0,0,0,0,0,0,1,0,1,0,0,0,0,0
0,1,0,36,1,1,79.25,2879.17,0,0,0,0,1,0,0,0,0,1,0,0,0,0,0,1,0,0,1,0,1,0,0
0,0,0,32,1,1,62.4,2016.89,0,1,0,0,0,0,0,0,0,0,0,1,0,0,0,1,0,0,0,1,0,0,0
0,1,1,64,1,1,66.77,4287.09,0,0,0,0,1,0,0,0,0,0,0,0,0,0,0,0,0,0,1,0,0,1,0
0,0,1,42,1,0,93.96,3968.9,1,0,0,1,1,0,0,1,0,0,0,1,0,0,0,1,0,0,0,0,0,0,0
0,1,1,72,1,1,78.93,5683.06,1,0,0,0,1,0,0,1,0,0,0,0,0,1,0,0,0,0,0,0,0,0,1
0,1,0,24,1,0,20.8,502.4,0,1,0,0,0,1,1,0,1,0,1,0,1,0,1,0,1,0,0,0,0,0,1
1,1,0,2,1,1,69.01,177.96,1,0,0,0,1,0,0,0,0,0,0,0,0,0,0,0,0,0,0,0,0,1,0
0,1,0,58,1,1,67.09,3883.31,0,1,0,0,0,0,0,0,0,0,0,1,0,1,0,0,0,1,0,1,0,0,1
0,0,0,22,1,0,86.07,1860.02,0,1,0,0,1,0,0,1,0,1,0,0,0,1,0,0,0,0,0,1,1,0,0
0,0,0,29,1,1,86.04,2544.35,1,1,0,1,0,0,0,1,0,1,0,0,0,1,0,1,0,1,0,0,0,0,1
0,0,0,33,1,1,64.63,2142.36,0,1,0,0,0,0,0,0,0,0,0,0,0,1,0,1,0,1,1,0,0,0,0
0,0,0,18,1,1,84.26,1552.77,1,0,0,0,1,0,0,0,0,1,0,0,0,0,0,1,0,1,0,0,0,0,0
0,1,0,8,1,1,65.61,535.58,1,1,0,1,0,0,0,1,0,0,0,0,0,0,0,0,0,1,1,0,0,1,0
0,1,0,56,1,1,84.91,4759.27,0,1,0,0,1,0,0,1,0,0,0,0,0,1,0,0,0,0,0,0,0,1,0
0,0,0,0,1,1,86.97,0.0,1,0,0,0,0,0,0,0,0,1,0,0,0,1,0,1,0,1,0,0,0,1,0
0,1,0,72,1,1,18.25,1382.59,0,0,0,1,0,1,1,0,1,0,1,0,1,0,1,0,1,0,0,0,0,1,0
0,1,1,29,1,1,70.04,2005.12,0,0,0,0,0,0,0,1,0,0,0,1,0,1,0,0,0,0,0,1,0,1,0
0,1,0,2,1,1,85.33,132.32,1,0,0,1,1,0,0,0,0,1,0,0,0,1,0,1,0,0,1,0,0,1,0
0,0,0,62,1,0,65.08,4031.34,1,1,0,1,1,0,0,0,0,0,0,0,0,0,0,0,0,0,0,0,0,0,0
1,1,0,4,1,1,23.29,129.69,0,0,0,1,0,1,1,0,1,0,1,0,1,0,1,0,1,0,1,0,0,1,0
0,1,0,17,1,1,87.82,1472.58,1,1,0,0,1,0,0,0,0,0,0,0,0,1,0,1,0,1,0,0,1,0,0
0,0,0,72,1,1,20.36,1439.0,0,1,0,1,0,1,1,0,1,0,1,0,1,0,1,0,1,0,1,0,0,0,1
0,0,1,40,1,1,97.35,3865.18,1,1,0,1,1,0,0,0,0,1,0,0,0,0,0,1,0,1,0,0,0,0,1
0,1,0,36,1,1,59.37,2175.39,0,0,0,1,0,0,0,0,0,0,0,0,0,0,0,1,0,1,0,1,0,1,0
0,0,0,39,1,1,90.0,3530.97,1,1,0,0,1,0,0,0,0,0,0,1,0,1,0,1,0,0,0,0,0,0,1
0,1,0,13,1,1,98.97,1272.3,0,0,0,1,1,0,0,0,0,0,0,1,0,1,0,1,0,1,0,1,0,1,0
0,1,0,41,1,0,77.23,3186.5,0,1,0,1,0,0,0,1,0,0,0,1,0,0,0,1,0,1,0,0,0,1,0
0,1,0,37,1,1,67.03,2468.58,0,1,0,0,0,0,0,1,0,0,0,0,0,1,0,1,0,0,0,0,0,0,1
0,1,0,25,1,1,73.61,1807.41,1,1,0,0,0,0,0,1,0,1,0,0,0,0,0,1,0,1,1,0,0,0,0
1,1,0,72,1,1,82.82,6004.33,1,1,0,0,1,0,0,0,0,0,0,0,0,0,0,1,0,1,0,0,1,0,0
0,0,1,50,1,1,49.25,2439.99,0,1,0,0,0,0,0,0,0,0,0,0,0,0,0,0,0,1,0,0,0,0,0
0,1,0,10,1,1,71.41,670.38,0,0,0,0,1,0,0,1,0,0,0,0,0,0,0,0,0,0,0,0,0,0,0
0,0,0,20,1,0,82.7,1636.69,0,0,0,0,1,0,0,1,0,0,0,0,0,0,0,0,0,1,0,1,0,0,0
0,1,0,17,1,1,22.99,403.5,0,1,0,0,0,1,1,0,1,0,1,0,1,0,1,0,1,0,0,0,0,0,1
0,1,1,13,1,1,19.31,279.97,0,0,0,0,0,1,1,0,1,0,1,0,1,0,1,0,1,0,0,0,1,0,0
0,0,1,67,1,1,77.06,5171.62,0,1,0,1,0,0,0,0,0,1,0,0,0,1,0,1,0,1,0,1,0,1,0
0,0,0,20,1,1,71.68,1460.68,0,1,0,0,0,0,0,1,0,1,0,0,0,1,0,0,0,0,0,0,0,1,0
0,1,0,51,1,0,44.76,2301.96,1,1,0,0,0,0,0,0,0,0,0,0,0,0,0,0,0,0,0,0,1,0,0
0,1,0,42,1,0,22.96,962.15,0,1,0,0,0,1,1,0,1,0,1,0,1,0,1,0,1,0,0,1,1,0,0
0,0,0,9,1,1,79.9,683.2,1,1,0,0,0,0,0,1,0,1,0,1,0,1,0,0,0,0,1,0,0,1,0
0,1,1,67,0,1,61.25,4109.25,0,0,1,0,1,0,0,0,0,0,0,0,0,0,0,0,0,0,0,0,0,0,1
0,0,0,27,1,0,68.08,1831.67,0,1,0,0,0,0,0,1,0,1,0,1,0,0,0,0,0,1,0,1,0,1,0
0,0,0,20,0,0,80.47,1638.4,0,0,1,0,1,0,0,0,0,0,0,0,0,1,0,0,0,1,0,1,0,0,1
0,1,0,7,1,1,72.59,479.83,1,1,0,0,0,0,0,1,0,1,0,1,0,0,0,0,0,0,0,0,0,0,1
0,0,0,14,1,1,95.26,1358.47,1,0,0,1,1,0,0,0,0,1,0,1,0,0,0,1,0,1,0,0,1,0,0
1,1,0,11,1,1,68.38,704.39,1,0,0,1,1,0,0,0,0,0,0,0,0,0,0,1,0,0,1,0,0,1,0
0,0,0,5,1,1,18.25,134.53,0,1,0,1,0,1,1,0,1,0,1,0,1,0,1,0,1,0,0,1,0,0,0
0,0,1,39,1,0,24.53,965.48,0,1,0,0,0,1,1,0,1,0,1,0,1,0,1,0,1,0,0,1,0,1,0
0,0,1,11,1,0,24.48,251.88,0,0,0,1,0,1,1,0,1,0,1,0,1,0,1,0,1,0,0,1,1,0,0
0,0,0,31,1,0,65.37,2035.93,0,0,0,1,0,0,0,0,0,1,0,1,0,0,0,1,0,0,0,0,0,0,1
0,0,0,62,1,1,44.36,2785.51,0,0,0,0,0,0,0,0,0,0,0,0,0,0,0,0,0,0,1,0,0,0,1
0,1,1,47,1,1,83.66,3955.7,0,1,0,0,0,0,0,0,0,1,0,0,0,1,0,1,0,1,1,0,0,0,0
0,1,0,34,1,0,87.78,2979.34,1,0,0,0,1,0,0,0,0,0,0,1,0,1,0,0,0,1,0,0,1,0,0
1,1,0,3,0,0,88.62,303.67,1,1,1,0,0,0,0,1,0,1,0,1,0,1,0,0,0,1,0,0,0,1,0
0,1,1,5,1,0,50.36,270.34,1,1,0,1,0,0,0,0,0,0,0,0,0,1,0,0,0,0,0,0,0,0,1
0,0,0,16,1,1,56.83,924.95,0,0,0,0,0,0,0,1,0,0,0,1,0,0,0,0,0,0,0,1,0,0,1
0,1,0,36,0,1,52.94,1888.1,0,1,1,0,0,0,0,0,0,0,0,1,0,0,0,0,0,0,1,0,1,0,0
0,0,0,11,1,1,78.63,868.58,1,0,0,1,1,0,0,1,0,0,0,0,0,1,0,0,0,0,0,0,0,0,1
0,1,0,11,1,0,81.16,943.51,1,0,0,0,1,0,0,1,0,0,0,0,0,0,0,0,0,1,0,0,0,0,1
0,1,1,60,1,0,64.24,3838.12,0,1,0,1,0,0,0,0,0,1,0,1,0,1,0,0,0,0,1,0,0,0,0
0,1,0,23,1,0,20.53,453.03,0,0,0,0,0,1,1,0,1,0,1,0,1,0,1,0,1,0,0,1,0,1,0
0,0,0,5,0,1,74.51,346.81,1,1,1,0,1,0,0,0,0,0,0,1,0,1,0,0,0,0,1,0,1,0,0
0,1,0,37,1,1,56.01,2086.48,0,1,0,0,0,0,0,0,0,0,0,0,0,0,0,1,0,0,0,1,0,0,1
0,1,1,8,1,0,25.24,194.49,0,1,0,0,0,1,1,0,1,0,1,0,1,0,1,0,1,0,0,0,0,0,1
0,1,0,36,1,0,97.93,3478.0,1,0,0,0,1,0,0,0,0,1,0,0,0,1,0,1,0,1,0,0,1,0,0
0,0,0,20,1,1,74.92,1515.74,1,1,0,0,1,0,0,0,0,0,0,0,0,1,0,0,0,0,0,1,0,1,0
0,1,0,28,1,0,86.77,2433.76,1,1,0,1,1,0,0,0,0,0,0,0,0,1,0,1,0,1,0,0,0,0,1
0,0,0,11,1,1,93.73,1063.95,0,0,0,1,1,0,0,0,0,0,0,1,0,1,0,1,0,1,0,0,0,1,0
0,1,0,19,1,0,18.3,339.19,0,0,0,0,0,1,1,0,1,0,1,0,1,0,1,0,1,0,0,0,1,0,0
1,1,0,16,1,0,62.15,987.54,1,0,0,1,0,0,0,0,0,0,0,1,0,1,0,1,0,0,0,0,0,0,1
0,0,0,12,1,0,58.27,733.93,1,0,0,1,0,0,0,0,0,0,0,0,0,0,0,1,0,1,0,0,0,0,0
0,0,1,19,1,1,76.5,1480.53,1,1,0,0,1,0,0,0,0,0,0,0,0,0,0,0,0,1,0,0,0,0,1
1,0,0,3,1,0,20.49,81.72,0,0,0,1,0,1,1,0,1,0,1,0,1,0,1,0,1,0,0,0,1,0,0
1,1,0,45,1,1,97.51,4400.62,1,0,0,0,1,0,0,1,0,1,0,1,0,0,0,1,0,1,0,0,0,0,0
0,0,1,43,1,1,19.26,857.52,0,0,0,0,0,1,1,0,1,0,1,0,1,0,1,0,1,0,0,1,0,1,0
0,0,0,20,1,1,51.96,1095.19,0,0,0,0,0,0,0,0,0,1,0,0,0,0,0,0,0,0,0,1,0,0,1
0,0,1,21,1,0,21.78,422.41,0,1,0,1,0,1,1,0,1,0,1,0,1,0,1,0,1,0,0,0,0,1,0
1,1,0,19,1,1,69.98,1350.66,0,1,0,0,0,0,0,0,0,1,0,0,0,1,0,1,0,0,0,0,0,0,1
0,1,1,45,1,1,79.25,3585.33,0,0,0,0,0,0,0,0,0,1,0,0,0,1,0,1,0,1,0,1,0,1,0
0,1,0,16,1,0,88.81,1461.77,1,1,0,0,1,0,0,1,0,0,0,0,0,0,0,0,0,1,0,0,1,0,0
0,0,0,52,1,1,68.56,3614.48,0,1,0,1,0,0,0,0,0,0,0,0,0,1,0,0,0,1,0,0,1,0,0
1,0,0,7,1,1,70.44,469.72,0,1,0,0,0,0,0,0,0,1,0,1,0,0,0,1,0,1,0,1,0,1,0
0,0,0,53,1,0,102.91,5434.93,0,0,0,0,1,0,0,1,0,1,0,0,0,1,0,0,0,1,0,0,0,0,0
0,1,1,2,1,1,81.29,152.23,1,0,0,0,1,0,0,0,0,0,0,1,0,0,0,0,0,1,0,0,0,1,0
0,1,1,18,1,0,21.24,402.42,0,0,0,1,0,1,1,0,1,0,1,0,1,0,1,0,1,0,0,0,0,0,0
0,1,1,45,1,1,18.25,822.15,0,0,0,1,0,1,1,0,1,0,1,0,1,0,1,0,1,0,0,0,0,0,1
0,0,0,51,0,0,19.2,988.36,0,0,1,0,0,1,1,0,1,0,1,0,1,0,1,0,1,0,1,0,0,0,1
0,1,0,7,1,1,83.16,580.56,0,0,0,0,1,0,0,0,0,0,0,0,0,1,0,1,0,0,0,1,1,0,0
0,1,1,38,1,0,53.29,2046.3,0,1,0,1,0,0,0,1,0,0,0,0,0,1,0,0,0,0,0,0,0,0,1
0,1,0,35,1,1,18.25,686.26,0,0,0,0,0,1,1,0,1,0,1,0,1,0,1,0,1,0,0,1,0,1,0
0,1,0,39,1,0,92.03,3562.41,0,1,0,0,1,0,0,0,0,1,0,0,0,0,0,1,0,1,1,0,0,0,1
0,0,0,72,1,1,92.23,6647.95,0,1,0,1,1,0,0,0,0,0,0,1,0,1,0,1,0,1,0,0,0,0,0
0,1,0,72,1,1,91.22,6596.52,0,1,0,1,1,0,0,0,0,1,0,1,0,1,0,1,0,0,0,1,0,1,0
0,0,0,62,1,1,79.86,4947.96,0,0,0,1,1,0,0,0,0,0,0,0,0,1,0,1,0,1,0,1,0,1,0
1,0,0,11,1,1,59.53,621.56,1,0,0,1,0,0,0,0,0,0,0,1,0,0,0,1,0,0,0,0,0,0,0
0,0,0,17,1,0,72.19,1271.62,1,0,0,0,0,0,0,0,0,1,0,1,0,1,0,0,0,0,0,0,0,1,0
1,1,0,29,1,1,60.29,1757.5,0,0,0,1,0,0,0,0,0,1,0,1,0,0,0,1,0,0,0,0,0,0,0
0,0,0,18,1,1,49.55,921.78,1,0,0,1,0,0,0,0,0,0,0,0,0,1,0,0,0,0,0,0,0,1,0
0,0,0,12,1,1,64.6,821.07,1,1,0,1,0,0,0,0,0,1,0,0,0,1,0,0,0,0,0,0,0,1,0
0,1,0,51,1,0,21.09,1033.49,0,0,0,0,0,1,1,0,1,0,1,0,1,0,1,0,1,0,1,0,0,1,0
0,0,0,7,1,0,21.53,152.3,1,0,0,0,0,1,1,0,1,0,1,0,1,0,1,0,1,0,0,0,1,0,0
0,1,0,2,1,1,47.2,98.49,0,0,0,0,0,0,0,0,0,0,0,0,0,0,0,0,0,0,0,0,0,0,0
0,1,0,43,1,0,82.48,3554.53,0,1,0,1,0,0,0,1,0,1,0,1,0,0,0,0,0,1,1,0,0,1,0
0,1,0,42,1,0,18.84,797.14,0,1,0,0,0,1,1,0,1,0,1,0,1,0,1,0,1,0,0,0,0,1,0
0,0,1,5,1,1,79.63,436.53,1,0,0,0,1,0,0,0,0,0,0,0,0,0,0,0,0,1,1,0,0,1,0
0,1,0,5,1,0,81.44,379.5,1,1,0,1,1,0,0,0,0,0,0,1,0,0,0,1,0,0,0,0,0,0,1
0,1,0,24,1,1,21.12,518.31,0,1,0,0,0,1,1,0,1,0,1,0,1,0,1,0,1,0,0,1,0,0,1
0,1,1,31,1,1,18.25,507.99,0,1,0,1,0,1,1,0,1,0,1,0,1,0,1,0,1,0,0,0,0,0,0
1,1,1,19,1,1,61.1,1142.63,1,1,0,0,0,0,0,0,0,1,0,0,0,0,0,0,0,1,1,0,0,0,0
0,1,1,15,1,0,86.05,1323.99,0,1,0,0,1,0,0,0,0,0,0,1,0,1,0,1,0,0,0,1,1,0,0
0,0,0,23,1,1,84.65,1949.37,0,0,0,1,1,0,0,1,0,0,0,0,0,1,0,0,0,0,0,0,0,1,0
0,1,1,41,1,1,20.96,823.0,0,0,0,0,0,1,1,0,1,0,1,0,1,0,1,0,1,0,0,1,1,0,0
1,0,1,6,1,1,76.77,425.04,1,0,0,0,1,0,0,0,0,1,0,0,0,0,0,0,0,0,1,0,0,0,0
0,0,0,27,1,1,65.16,1761.39,0,1,0,1,1,0,0,0,0,0,0,0,0,0,0,0,0,0,0,0,0,1,0
0,0,0,12,1,0,96.94,1193.33,0,1,0,0,1,0,0,1,0,1,0,0,0,0,0,1,0,0,0,0,1,0,0
0,0,0,72,1,0,106.86,7658.94,0,1,0,1,1,0,0,1,0,1,0,0,0,1,0,1,0,0,0,0,1,0,0
0,1,0,29,1,0,71.5,2104.04,0,1,0,0,1,0,0,0,0,0,0,0,0,1,0,0,0,0,1,0,0,1,0
0,0,0,70,1,1,76.62,5365.73,0,1,0,1,0,0,0,0,0,1,0,1,0,0,0,1,0,1,0,1,0,0,0
0,1,1,39,1,1,19.99,728.98,0,0,0,0,0,1,1,0,1,0,1,0,1,0,1,0,1,0,0,0,0,0,1
0,1,0,72,1,1,64.99,4676.07,0,0,0,1,1,0,0,0,0,0,0,0,0,0,0,0,0,0,1,0,1,0,0
0,1,1,23,1,1,20.97,485.63,1,0,0,0,0,1,1,0,1,0,1,0,1,0,1,0,1,0,0,0,0,0,1
1,0,1,26,1,0,23.91,609.85,0,1,0,0,0,1,1,0,1,0,1,0,1,0,1,0,1,0,0,0,0,1,0
0,0,0,21,0,1,69.32,1473.91,1,1,1,0,1,0,0,0,0,0,0,0,0,0,0,0,0,1,1,0,0,1,0
0,1,1,13,1,0,82.66,1090.43,1,1,0,0,1,0,0,0,0,1,0,0,0,0,0,0,0,1,0,0,0,1,0
0,0,1,6,1,0,26.47,159.78,1,1,0,0,0,1,1,0,1,0,1,0,1,0,1,0,1,0,1,0,0,0,0
0,1,0,31,1,0,49.32,1507.56,0,1,0,0,0,0,0,0,0,1,0,0,0,0,0,1,0,0,0,0,0,0,1
0,1,0,50,1,1,95.91,4809.71,0,1,0,0,1,0,0,1,0,0,0,1,0,0,0,1,0,1,1,0,1,0,0
0,1,1,22,0,0,18.25,394.15,0,0,1,0,0,1,1,0,1,0,1,0,1,0,1,0,1,0,0,0,1,0,0
0,0,0,16,1,1,64.49,1038.82,0,0,0,1,0,0,0,0,0,0,0,1,0,0,0,1,0,1,0,0,0,0,0
0,0,0,69,1,0,73.06,5066.7,1,1,0,1,1,0,0,1,0,0,0,1,0,0,0,0,0,0,1,0,0,0,1
0,1,0,9,1,1,49.61,449.82,1,1,0,1,0,0,0,1,0,0,0,0,0,0,0,0,0,0,0,0,0,0,1
0,1,1,25,1,0,92.31,2319.87,0,1,0,1,1,0,0,0,0,0,0,0,0,1,0,1,0,1,1,0,0,0,1
0,0,0,43,1,1,22.46,995.65,0,1,0,1,0,1,1,0,1,0,1,0,1,0,1,0,1,0,0,1,0,0,0
0,0,0,11,1,1,60.94,699.57,0,0,0,0,0,0,0,0,0,1,0,0,0,0,0,1,0,0,0,1,0,0,1
0,1,0,25,1,1,48.11,1197.42,0,0,0,1,0,0,0,0,0,0,0,0,0,0,0,0,0,0,1,0,1,0,0
0,0,1,51,0,1,59.18,2995.26,0,0,1,0,0,0,0,0,0,0,0,0,0,1,0,0,0,1,1,0,0,0,0
0,0,0,11,0,0,71.37,771.25,0,0,1,0,1,0,0,0,0,1,0,0,0,1,0,0,0,0,0,1,0,0,0
0,1,1,40,1,1,53.57,2171.68,0,1,0,1,0,0,0,1,0,0,0,0,0,0,0,0,0,0,0,1,1,0,0
0,1,0,4,1,0,85.22,359.56,0,1,0,0,1,0,0,0,0,1,0,0,0,0,0,1,0,0,1,0,1,0,0
1,0,0,22,1,1,85.27,1909.64,1,1,0,0,1,0,0,1,0,0,0,1,0,0,0,1,0,0,0,0,0,0,0
0,1,1,57,1,1,89.58,5117.48,1,1,0,1,1,0,0,0,0,1,0,1,0,0,0,0,0,1,1,0,0,1,0
0,1,1,41,1,0,22.04,915.74,0,0,0,1,0,1,1,0,1,0,1,0,1,0,1,0,1,0,0,0,0,0,0
0,0,0,60,0,0,82.82,4957.7,0,1,1,0,1,0,0,0,0,0,0,1,0,0,0,1,0,0,0,1,0,0,1
0,0,0,1,1,0,67.02,32.07,1,1,0,0,0,0,0,0,0,0,0,1,0,0,0,1,0,1,1,0,0,1,0
0,0,0,23,1,1,19.91,402.02,0,1,0,0,0,1,1,0,1,0,1,0,1,0,1,0,1,0,1,0,0,0,1
0,0,0,12,1,1,77.35,916.61,1,1,0,0,1,0,0,1,0,0,0,0,0,0,0,1,0,0,0,0,0,1,0
0,1,1,24,1,0,21.34,491.34,0,0,0,0,0,1,1,0,1,0,1,0,1,0,1,0,1,0,0,0,0,1,0
0,0,0,53,1,1,19.85,1035.0,0,1,0,1,0,1,1,0,1,0,1,0,1,0,1,0,1,0,0,0,0,0,0
0,1,0,72,1,0,74.75,5446.66,1,1,0,1,0,0,0,0,0,1,0,1,0,1,0,1,0,0,0,0,0,1,0
0,0,0,72,1,1,67.59,4849.73,0,1,0,0,0,0,0,0,0,1,0,1,0,0,0,0,0,0,0,0,0,0,1
1,1,0,17,1,1,79.55,1315.21,0,0,0,1,1,0,0,1,0,0,0,0,0,1,0,0,0,1,0,0,0,1,0
0,1,0,3,1,1,64.1,177.89,1,0,0,0,0,0,0,0,0,0,0,1,0,0,0,1,0,0,0,0,0,1,0
0,1,1,2,0,1,69.42,163.77,1,0,1,0,1,0,0,1,0,0,0,0,0,0,0,0,0,0,0,0,0,1,0
0,0,1,7,1,0,19.18,166.76,0,1,0,0,0,1,1,0,1,0,1,0,1,0,1,0,1,0,0,1,0,0,0
0,0,0,49,1,1,86.08,4174.4,1,1,0,1,1,0,0,1,0,1,0,0,0,0,0,0,0,1,0,0,0,0,0
0,0,0,36,1,1,71.86,2567.53,0,0,0,0,0,0,0,1,0,0,0,0,0,1,0,0,0,1,0,0,0,1,0
1,1,0,37,1,0,57.79,2118.1,0,1,0,0,0,0,0,1,0,0,0,0,0,0,0,0,0,1,1,0,0,0,1
1,1,1,23,1,0,92.55,2153.61,0,1,0,1,1,0,0,0,0,1,0,0,0,1,0,1,0,0,0,0,0,1,0
0,0,0,17,0,1,20.22,319.8,0,0,1,0,0,1,1,0,1,0,1,0,1,0,1,0,1,0,0,0,0,0,0
0,1,0,68,1,1,22.66,1518.24,0,1,0,1,0,1,1,0,1,0,1,0,1,0,1,0,1,0,0,0,0,0,0
0,0,0,1,1,1,58.3,45.97,0,1,0,0,0,0,0,1,0,0,0,0,0,0,0,0,0,1,0,1,0,0,1
0,0,0,8,0,0,71.53,582.6,0,0,1,0,0,0,0,0,0,1,0,0,0,1,0,0,0,1,1,0,0,1,0
0,0,0,42,1,0,20.86,839.38,0,1,0,0,0,1,1,0,1,0,1,0,1,0,1,0,1,0,0,0,0,1,0
0,1,0,18,1,1,18.89,308.21,0,1,0,0,0,1,1,0,1,0,1,0,1,0,1,0,1,0,0,1,0,0,1
0,0,0,48,1,0,63.11,3035.8,1,1,0,1,0,0,0,0,0,0,0,1,0,0,0,1,0,0,1,0,0,0,0
0,0,0,44,1,1,72.0,3136.5,0,0,0,0,0,0,0,1,0,0,0,0,0,1,0,1,0,0,0,0,0,1,0
0,0,0,41,1,0,90.27,3777.11,0,1,0,0,1,0,0,1,0,1,0,0,0,1,0,0,0,0,0,1,0,0,0
0,0,1,39,1,1,59.4,2291.7,0,1,0,1,0,0,0,0,0,0,0,1,0,0,0,0,0,1,0,0,1,0,0
1,1,0,51,1,0,82.46,4219.77,0,0,0,1,1,0,0,0,0,0,0,1,0,0,0,0,0,1,0,1,1,0,0
0,0,0,51,1,0,64.42,3304.87,1,0,0,0,0,0,0,0,0,0,0,1,0,0,0,0,0,1,0,0,0,1,0
0,1,0,26,1,1,19.59,505.02,0,0,0,1,0,1,1,0,1,0,1,0,1,0,1,0,1,0,0,0,0,0,1
0,0,1,20,1,0,68.23,1345.36,0,1,0,1,0,0,0,0,0,0,0,1,0,0,0,0,0,1,1,0,1,0,0
0,0,1,34,1,0,68.63,2358.24,0,1,0,1,0,0,0,0,0,1,0,0,0,1,0,0,0,1,0,0,0,0,0
0,0,1,62,1,1,60.15,3748.39,0,0,0,1,0,0,0,0,0,1,0,0,0,0,0,0,0,1,0,0,0,0,0
0,1,1,12,1,1,69.15,837.58,0,0,0,0,0,0,0,1,0,0,0,0,0,1,0,0,0,1,0,1,0,0,1
0,0,1,22,1,0,96.73,2123.15,1,1,0,1,1,0,0,0,0,0,0,1,0,0,0,1,0,1,0,0,0,1,0
0,1,1,16,1,1,55.69,911.6,0,0,0,1,0,0,0,0,0,0,0,0,0,0,0,1,0,0,0,0,0,1,0
0,1,1,10,1,1,86.06,862.25,1,1,0,0,0,0,0,1,0,1,0,1,0,1,0,0,0,0,0,0,0,0,0
0,0,1,17,1,1,24.06,441.35,0,0,0,1,0,1,1,0,1,0,1,0,1,0,1,0,1,0,0,0,0,0,1
1,0,0,7,1,1,91.77,684.81,1,0,0,1,1,0,0,1,0,0,0,1,0,1,0,0,0,1,0,0,0,0,1
0,1,0,6,1,1,83.64,536.31,1,1,0,0,1,0,0,1,0,0,0,1,0,0,0,0,0,0,0,0,1,0,0
0,0,0,72,1,1,65.49,4711.17,0,0,0,0,0,0,0,1,0,0,0,1,0,1,0,0,0,0,0,0,1,0,0
0,0,0,9,0,1,18.25,206.67,0,0,1,0,0,1,1,0,1,0,1,0,1,0,1,0,1,0,0,0,0,1,0
0,0,0,40,1,1,19.78,811.95,0,1,0,1,0,1,1,0,1,0,1,0,1,0,1,0,1,0,1,0,1,0,0
0,0,1,72,1,1,78.49,5633.06,1,1,0,0,1,0,0,1,0,0,0,0,0,0,0,0,0,1,0,0,0,1,0
0,0,0,58,1,1,20.55,1168.6,0,0,0,0,0,1,1,0,1,0,1,0,1,0,1,0,1,0,0,1,0,0,0
0,1,0,39,1,1,25.88,1018.6,1,1,0,0,0,1,1,0,1,0,1,0,1,0,1,0,1,0,0,0,0,1,0
1,1,0,44,1,1,18.91,854.04,0,1,0,0,0,1,1,0,1,0,1,0,1,0,1,0,1,0,1,0,0,1,0
0,0,1,16,1,0,21.95,316.07,0,1,0,1,0,1,1,0,1,0,1,0,1,0,1,0,1,0,0,1,0,0,1
0,0,0,59,1,1,82.13,4905.49,0,0,0,0,1,0,0,1,0,1,0,0,0,0,0,0,0,0,1,0,0,1,0
0,1,1,72,1,1,84.69,6069.58,1,1,0,0,1,0,0,0,0,0,0,1,0,1,0,0,0,0,0,0,1,0,0
1,1,1,19,1,1,18.25,342.01,1,0,0,1,0,1,1,0,1,0,1,0,1,0,1,0,1,0,0,0,0,1,0
0,0,0,5,1,0,65.04,316.13,1,1,0,0,1,0,0,0,0,0,0,0,0,0,0,0,0,0,0,1,1,0,0
0,0,1,50,0,1,69.66,3472.94,1,1,1,0,1,0,0,0,0,0,0,0,0,0,0,0,0,1,0,1,0,0,0
0,0,0,72,1,1,58.11,4192.79,0,0,0,0,0,0,0,0,0,1,0,0,0,1,0,0,0,0,1,0,0,0,1
0,0,1,10,0,0,62.48,618.25,1,1,1,0,0,0,0,1,0,0,0,0,0,1,0,0,0,1,0,0,0,1,0
0,0,0,1,1,0,56.95,78.5,0,1,0,1,0,0,0,0,0,0,0,0,0,0,0,0,0,1,1,0,1,0,0
0,0,0,22,1,1,57.67,1256.11,0,1,0,0,0,0,0,1,0,1,0,0,0,1,0,0,0,0,0,1,0,0,0
0,1,0,15,1,1,93.88,1419.87,1,0,0,1,1,0,0,1,0,1,0,0,0,0,0,1,0,1,0,0,0,1,0
0,0,0,30,1,0,80.6,2416.0,0,1,0,1,1,0,0,0,0,0,0,0,0,0,0,1,0,1,0,1,0,1,0
0,0,0,13,1,0,96.89,1260.36,0,1,0,1,1,0,0,0,0,1,0,1,0,1,0,0,0,1,0,0,1,0,0
0,0,1,21,1,1,71.63,1518.96,0,1,0,0,1,0,0,0,0,0,0,0,0,1,0,0,0,0,0,1,0,0,0
0,1,0,9,1,0,18.88,154.42,0,1,0,0,0,1,1,0,1,0,1,0,1,0,1,0,1,0,1,0,0,0,0
1,0,0,2,0,1,60.44,109.01,0,1,1,0,0,0,0,1,0,0,0,0,0,0,0,0,0,1,0,1,0,1,0
0,0,0,24,1,1,21.61,547.56,0,0,0,0,0,1,1,0,1,0,1,0,1,0,1,0,1,0,0,1,0,1,0
1,1,0,43,1,1,66.96,2874.96,1,1,0,0,0,0,0,0,0,1,0,1,0,0,0,1,0,0,0,0,0,0,1
0,0,0,7,0,0,49.93,340.42,0,1,1,0,0,0,0,0,0,0,0,1,0,0,0,0,0,0,0,1,0,1,0
0,0,0,72,1,0,80.99,5841.19,0,0,0,1,1,0,0,0,0,0,0,1,0,0,0,1,0,0,0,0,0,0,0
0,0,0,37,1,0,18.25,672.86,0,0,0,1,0,1,1,0,1,0,1,0,1,0,1,0,1,0,0,0,1,0,0
0,0,0,16,1,1,72.36,1145.17,1,1,0,0,0,0,0,0,0,0,0,1,0,0,0,1,0,1,0,0,0,0,1
0,1,1,66,1,0,50.68,3347.96,0,1,0,0,0,0,0,0,0,0,0,0,0,0,0,1,0,0,1,0,1,0,0
0,0,0,51,1,1,70.01,3599.96,1,1,0,0,0,0,0,0,0,1,0,1,0,0,0,1,0,0,0,0,0,0,0
1,1,0,41,1,0,96.12,3928.02,0,0,0,1,1,0,0,1,0,0,0,1,0,1,0,0,0,0,0,1,0,1,0
0,0,1,29,1,0,80.23,2320.22,0,1,0,0,0,0,0,1,0,1,0,1,0,1,0,0,0,0,0,1,0,0,1
1,0,1,17,1,1,62.45,1069.57,0,1,0,1,0,0,0,0,0,1,0,1,0,0,0,0,0,1,0,1,0,0,1
0,0,0,34,1,1,76.02,2598.57,0,1,0,0,1,0,0,1,0,0,0,0,0,1,0,0,0,0,0,0,1,0,0
0,0,1,29,1,1,79.42,2307.51,0,1,0,0,1,0,0,0,0,0,0,1,0,1,0,0,0,0,0,0,1,0,0
0,0,0,63,1,0,79.73,5023.17,0,1,0,1,1,0,0,0,0,1,0,0,0,1,0,0,0,0,0,1,0,1,0
0,1,1,39,1,0,18.25,717.15,0,1,0,0,0,1,1,0,1,0,1,0,1,0,1,0,1,0,1,0,0,0,1
0,1,0,20,1,0,19.52,376.55,0,0,0,1,0,1,1,0,1,0,1,0,1,0,1,0,1,0,0,1,0,1,0
0,1,1,19,1,0,66.28,1264.08,1,0,0,0,0,0,0,1,0,1,0,1,0,0,0,1,0,0,0,0,0,1,0
0,0,0,13,0,1,61.99,797.18,1,0,1,0,0,0,0,1,0,1,0,0,0,0,0,1,0,1,0,0,0,0,0
0,0,1,30,0,0,18.25,558.62,0,0,1,0,0,1,1,0,1,0,1,0,1,0,1,0,1,0,0,1,0,1,0
0,0,1,17,1,1,74.53,1292.48,0,1,0,1,1,0,0,0,0,0,0,1,0,0,0,0,0,0,0,1,0,0,0
1,1,1,8,1,0,91.2,707.15,1,0,0,1,1,0,0,1,0,1,0,0,0,1,0,0,0,1,0,0,1,0,0
0,0,1,48,1,1,85.04,4093.48,0,0,0,1,1,0,0,0,0,1,0,1,0,0,0,0,0,1,0,1,0,1,0
0,1,0,16,1,0,20.92,342.75,0,0,0,1,0,1,1,0,1,0,1,0,1,0,1,0,1,0,0,0,0,1,0
0,0,1,21,1,0,20.63,427.61,0,0,0,1,0,1,1,0,1,0,1,0,1,0,1,0,1,0,1,0,0,0,1
0,0,0,72,1,1,51.68,3727.35,0,1,0,1,0,0,0,0,0,0,0,0,0,0,0,0,0,1,0,0,0,1,0
1,0,0,53,1,0,57.14,3049.77,0,1,0,0,0,0,0,0,0,1,0,0,0,0,0,1,0,0,0,1,0,0,0
0,0,1,38,1,1,78.83,3006.6,0,1,0,1,1,0,0,1,0,0,0,0,0,0,0,1,0,0,0,1,0,0,0
0,1,1,30,1,1,72.49,2136.16,0,1,0,0,0,0,0,1,0,0,0,1,0,1,0,1,0,0,0,1,0,0,1
0,1,0,72,1,1,22.56,1565.84,0,1,0,0,0,1,1,0,1,0,1,0,1,0,1,0,1,0,0,0,0,1,0
0,0,0,21,1,0,62.97,1299.16,0,1,0,0,0,0,0,1,0,0,0,1,0,0,0,0,0,0,1,0,0,0,1
0,0,0,13,0,1,78.03,1055.57,1,1,1,0,1,0,0,0,0,0,0,1,0,0,0,1,0,0,0,0,0,0,0
0,1,0,63,1,0,18.68,1209.96,0,0,0,1,0,1,1,0,1,0,1,0,1,0,1,0,1,0,1,0,1,0,0
0,1,1,38,1,1,20.12,772.47,0,0,0,1,0,1,1,0,1,0,1,0,1,0,1,0,1,0,0,1,0,1,0
0,0,0,10,1,1,103.23,1001.67,0,0,0,1,1,0,0,0,0,0,0,1,0,1,0,1,0,1,0,1,1,0,0
0,1,0,38,1,1,98.16,3750.08,1,1,0,0,1,0,0,1,0,1,0,0,0,0,0,1,0,1,0,0,0,1,0
0,1,1,5,1,0,66.59,310.25,1,0,0,0,1,0,0,0,0,0,0,0,0,0,0,0,0,0,0,0,0,1,0
1,1,0,54,1,1,20.68,1084.18,1,0,0,0,0,1,1,0,1,0,1,0,1,0,1,0,1,0,0,0,0,0,0
0,0,0,31,1,1,55.25,1713.48,0,0,0,0,0,0,0,0,0,0,0,0,0,0,0,1,0,0,0,1,0,0,1
1,1,0,35,1,0,84.42,2956.06,1,0,0,0,1,0,0,0,0,1,0,1,0,0,0,0,0,0,1,0,0,1,0
0,1,0,36,1,1,78.6,2839.47,1,1,0,1,1,0,0,1,0,0,0,1,0,0,0,0,0,0,0,0,0,0,1
0,1,1,38,1,0,23.55,897.08,0,1,0,0,0,1,1,0,1,0,1,0,1,0,1,0,1,0,1,0,1,0,0
0,1,0,25,1,0,96.21,2410.78,1,0,0,1,1,0,0,1,0,0,0,1,0,0,0,0,0,1,0,0,0,0,0
0,0,0,27,1,0,18.25,483.25,0,0,0,0,0,1,1,0,1,0,1,0,1,0,1,0,1,0,1,0,0,0,0
0,1,0,17,0,0,80.26,1366.75,0,1,1,0,1,0,0,0,0,0,0,1,0,0,0,0,0,1,0,0,0,0,0
0,1,0,30,1,0,67.39,2034.91,0,1,0,0,0,0,0,0,0,1,0,1,0,0,0,1,0,0,1,0,0,0,1
1,0,0,25,1,1,18.25,482.82,1,1,0,0,0,1,1,0,1,0,1,0,1,0,1,0,1,0,0,0,0,1,0
0,0,0,28,1,1,55.54,1561.24,0,1,0,0,0,0,0,0,0,0,0,0,0,0,0,1,0,0,0,0,0,0,0
0,1,1,7,1,0,18.25,118.32,0,0,0,0,0,1,1,0,1,0,1,0,1,0,1,0,1,0,0,0,1,0,0
0,1,0,15,1,1,96.18,1450.68,0,0,0,0,1,0,0,1,0,0,0,1,0,0,0,1,0,1,0,1,0,0,0
0,0,0,23,1,1,78.72,1838.98,1,1,0,1,1,0,0,0,0,0,0,0,0,0,0,1,0,1,0,0,0,1,0
0,0,1,9,1,0,26.44,263.97,0,1,0,0,0,1,1,0,1,0,1,0,1,0,1,0,1,0,0,0,0,0,0
0,0,1,4,1,0,18.25,53.12,0,1,0,1,0,1,1,0,1,0,1,0,1,0,1,0,1,0,0,0,0,0,1
0,1,1,30,1,0,19.7,618.37,0,1,0,1,0,1,1,0,1,0,1,0,1,0,1,0,1,0,0,0,0,0,0
0,0,0,10,1,0,73.0,730.22,1,0,0,1,1,0,0,0,0,0,0,0,0,0,0,0,0,1,0,0,1,0,0
0,1,1,15,1,0,76.11,1132.01,0,0,0,1,1,0,0,0,0,0,0,0,0,0,0,0,0,1,0,0,1,0,0
0,1,0,34,0,1,76.79,2599.07,1,0,1,0,1,0,0,1,0,0,0,1,0,0,0,0,0,0,0,0,0,1,0
0,0,0,47,1,0,83.83,3913.96,0,1,0,1,1,0,0,0,0,0,0,0,0,0,0,1,0,1,1,0,0,0,1
0,0,0,18,1,1,66.65,1218.23,1,0,0,0,0,0,0,1,0,1,0,0,0,0,0,0,0,1,1,0,1,0,0
0,1,1,54,0,0,18.25,1002.01,0,0,1,0,0,1,1,0,1,0,1,0,1,0,1,0,1,0,0,0,0,1,0
0,1,0,64,1,1,80.66,5151.64,0,1,0,1,1,0,0,0,0,0,0,1,0,0,0,1,0,0,0,1,0,1,0
0,0,0,24,1,1,60.88,1453.28,1,0,0,0,0,0,0,0,0,1,0,0,0,0,0,1,0,0,0,0,0,1,0
0,1,0,24,1,0,19.19,483.22,0,0,0,0,0,1,1,0,1,0,1,0,1,0,1,0,1,0,0,1,0,0,0
0,1,1,14,0,0,75.7,1044.64,0,0,1,0,1,0,0,0,0,0,0,0,0,0,0,0,0,1,0,0,0,0,0
0,1,0,29,1,1,23.38,718.69,0,1,0,1,0,1,1,0,1,0,1,0,1,0,1,0,1,0,0,1,0,1,0
0,1,0,47,1,1,71.03,3360.98,1,1,0,0,0,0,0,1,0,0,0,0,0,0,0,1,0,1,0,1,0,0,0
0,0,0,61,1,0,18.25,1125.36,0,1,0,1,0,1,1,0,1,0,1,0,1,0,1,0,1,0,0,0,0,0,0
0,1,0,11,1,0,78.57,853.82,0,1,0,0,1,0,0,0,0,1,0,0,0,0,0,0,0,1,1,0,0,0,0
0,0,0,25,1,1,43.8,1054.0,0,1,0,0,0,0,0,0,0,0,0,0,0,0,0,0,0,0,0,0,0,1,0
0,0,0,41,1,1,84.63,3494.1,1,0,0,1,1,0,0,0,0,1,0,0,0,0,0,0,0,1,0,0,0,1,0
0,1,1,4,1,1,85.88,367.48,1,1,0,0,1,0,0,1,0,0,0,1,0,0,0,0,0,1,0,0,0,1,0
0,0,0,0,1,1,79.79,0.0,0,1,0,0,0,0,0,1,0,0,0,0,0,1,0,1,0,1,1,0,0,0,1
1,1,0,24,1,1,68.75,1634.2,0,0,0,1,1,0,0,0,0,0,0,0,0,0,0,1,0,0,0,0,0,1,0
0,0,0,11,0,1,73.14,768.65,0,0,1,0,1,0,0,1,0,1,0,0,0,0,0,0,0,0,1,0,0,0,0
0,0,0,9,1,1,86.63,795.75,1,1,0,1,1,0,0,0,0,1,0,0,0,1,0,0,0,0,0,0,0,1,0
1,0,0,11,1,0,65.07,765.63,0,0,0,0,0,0,0,1,0,1,0,1,0,0,0,0,0,0,0,1,0,0,1
1,1,0,12,1,1,48.44,590.32,0,1,0,0,0,0,0,0,0,0,0,0,0,0,0,0,0,0,0,1,0,1,0
0,0,0,34,1,1,97.12,3317.23,1,1,0,0,1,0,0,0,0,1,0,0,0,1,0,0,0,1,1,0,0,1,0
1,0,0,2,1,1,82.59,150.88,1,0,0,1,1,0,0,0,0,1,0,1,0,0,0,0,0,0,1,0,0,1,0
0,1,0,32,1,1,72.26,2289.93,0,1,0,0,0,0,0,1,0,1,0,1,0,0,0,0,0,0,1,0,0,1,0
0,1,0,19,1,0,72.19,1383.49,1,1,0,0,1,0,0,0,0,0,0,0,0,0,0,0,0,0,0,0,0,0,1
0,1,0,6,1,1,58.38,331.38,1,1,0,1,0,0,0,0,0,0,0,0,0,0,0,1,0,0,0,0,0,0,1
0,1,0,38,1,1,79.76,3000.17,1,0,0,0,1,0,0,0,0,0,0,1,0,1,0,0,0,0,0,0,0,1,0
0,1,1,33,1,0,20.62,719.86,1,1,0,1,0,1,1,0,1,0,1,0,1,0,1,0,1,0,0,0,1,0,0
0,0,0,13,0,0,54.7,698.57,0,0,1,0,0,0,0,0,0,0,0,1,0,0,0,0,0,0,0,0,0,0,0
0,0,0,37,1,0,101.24,3738.68,1,1,0,1,1,0,0,1,0,1,0,1,0,0,0,1,0,1,0,0,1,0,0
0,1,0,58,1,1,57.52,3281.19,0,0,0,0,0,0,0,0,0,1,0,0,0,0,0,0,0,0,1,0,0,0,1
0,0,0,2,1,0,91.49,186.57,1,1,0,0,1,0,0,1,0,0,0,1,0,0,0,0,0,1,0,0,0,0,0
0,0,0,10,0,0,18.25,159.42,1,1,1,0,0,1,1,0,1,0,1,0,1,0,1,0,1,0,0,0,0,1,0
1,0,0,43,1,1,102.36,4427.36,1,0,0,0,1,0,0,1,0,1,0,1,0,0,0,1,0,0,0,0,0,0,1
0,0,0,21,1,0,18.65,387.11,0,0,0,0,0,1,1,0,1,0,1,0,1,0,1,0,1,0,1,0,1,0,0
0,0,0,17,1,1,83.38,1420.02,1,1,0,0,1,0,0,0,0,1,0,1,0,0,0,0,0,0,0,1,0,0,1
0,0,0,41,0,1,69.31,2798.11,0,1,1,0,0,0,0,1,0,0,0,1,0,0,0,1,0,1,1,0,0,0,0
0,1,0,15,0,1,74.77,1125.64,1,1,1,0,1,0,0,0,0,1,0,0,0,0,0,1,0,0,1,0,0,0,1
0,1,0,42,1,1,44.71,1901.07,1,1,0,0,0,0,0,0,0,0,0,0,0,0,0,0,0,0,0,0,1,0,0
0,0,1,8,1,0,91.04,756.51,0,0,0,1,1,0,0,0,0,0,0,0,0,0,0,1,0,1,0,0,0,0,1
0,1,1,24,1,0,70.1,1726.84,0,1,0,0,0,0,0,1,0,1,0,0,0,1,0,0,0,0,1,0,1,0,0
0,1,0,47,1,1,76.29,3600.05,0,0,0,0,0,0,0,1,0,1,0,0,0,0,0,1,0,1,0,1,0,1,0
0,1,0,5,1,0,55.12,287.73,1,1,0,0,0,0,0,0,0,1,0,0,0,0,0,1,0,0,0,0,0,1,0
0,1,0,12,1,1,68.43,845.31,0,1,0,0,1,0,0,0,0,1,0,0,0,0,0,0,0,0,1,0,1,0,0
0,1,0,17,1,0,21.84,351.65,0,1,0,1,0,1,1,0,1,0,1,0,1,0,1,0,1,0,0,0,0,0,1
0,0,0,72,1,1,78.78,5683.49,1,1,0,1,1,0,0,0,0,0,0,0,0,1,0,0,0,1,0,0,0,1,0
1,1,1,31,1,0,72.91,2267.67,1,1,0,1,0,0,0,0,0,0,0,0,0,1,0,1,0,1,1,0,0,1,0
0,0,1,6,1,1,83.8,528.46,0,0,0,0,1,0,0,0,0,1,0,0,0,0,0,1,0,0,1,0,0,0,1
0,0,0,72,1,1,69.58,5021.55,1,1,0,0,0,0,0,0,0,1,0,0,0,0,0,1,0,1,0,0,0,0,0
1,0,0,72,1,1,68.65,4920.85,0,0,0,0,0,0,0,1,0,0,0,0,0,1,0,1,0,0,0,0,0,1,0
0,1,0,29,1,0,89.35,2586.84,1,1,0,0,1,0,0,1,0,1,0,0,0,1,0,0,0,0,0,0,0,0,1
1,1,0,72,1,0,94.03,6730.75,1,1,0,1,1,0,0,1,0,1,0,1,0,1,0,0,0,0,0,0,0,1,0
0,0,0,14,1,1,54.05,753.98,0,1,0,0,0,0,0,0,0,1,0,0,0,0,0,1,0,0,0,1,0,0,1
0,0,0,19,1,1,78.68,1480.36,1,1,0,1,1,0,0,0,0,0,0,0,0,1,0,1,0,0,0,0,1,0,0
0,1,0,10,1,1,83.01,847.63,1,0,0,0,1,0,0,0,0,1,0,0,0,0,0,1,0,1,1,0,0,0,1
0,0,0,42,1,1,93.16,3984.39,0,0,0,0,1,0,0,0,0,1,0,0,0,0,0,1,0,1,0,1,0,0,1
1,0,0,72,1,1,78.49,5668.8,0,0,0,1,1,0,0,1,0,0,0,0,0,0,0,0,0,0,0,0,1,0,0
0,1,0,52,1,0,52.59,2720.52,0,0,0,0,0,0,0,0,0,1,0,0,0,0,0,0,0,0,0,0,0,0,0
1,0,0,11,0,0,76.73,863.43,0,1,1,0,0,0,0,1,0,1,0,1,0,0,0,1,0,1,0,1,0,0,0
0,0,1,15,1,1,84.71,1233.53,0,1,0,0,1,0,0,0,0,0,0,1,0,0,0,1,0,1,0,1,0,1,0
1,0,0,48,0,0,20.01,952.28,0,0,1,0,0,1,1,0,1,0,1,0,1,0,1,0,1,0,0,1,0,0,1
1,1,0,10,1,0,97.75,984.63,0,1,0,0,1,0,0,1,0,0,0,0,0,0,0,1,0,1,0,0,1,0,0
0,1,0,24,1,1,66.79,1616.29,0,1,0,0,0,0,0,0,0,1,0,0,0,0,0,1,0,1,1,0,0,1,0
1,1,1,4,1,0,72.36,317.12,0,0,0,0,0,0,0,0,0,1,0,0,0,1,0,1,0,1,0,1,0,1,0
0,1,0,19,1,1,85.5,1657.43,1,0,0,0,1,0,0,1,0,0,0,0,0,1,0,1,0,0,0,0,0,1,0
0,1,0,29,1,1,18.25,510.52,0,0,0,0,0,1,1,0,1,0,1,0,1,0,1,0,1,0,0,1,0,0,0
0,0,0,30,1,1,21.26,611.35,0,1,0,0,0,1,1,0,1,0,1,0,1,0,1,0,1,0,0,0,0,0,1
0,0,0,38,1,1,57.18,2180.27,0,0,0,0,0,0,0,0,0,1,0,0,0,0,0,1,0,0,0,0,1,0,0
0,1,1,71,1,1,86.37,6088.45,1,1,0,1,1,0,0,1,0,0,0,1,0,1,0,1,0,0,0,0,0,0,1
0,0,0,55,1,1,83.34,4590.91,0,1,0,0,1,0,0,0,0,1,0,0,0,0,0,1,0,1,0,1,0,0,0
0,1,0,51,1,1,50.63,2535.69,0,1,0,0,0,0,0,0,0,0,0,0,0,0,0,1,0,0,1,0,0,0,0
0,1,0,46,1,1,83.71,3855.53,0,0,0,0,1,0,0,1,0,1,0,0,0,0,0,0,0,1,0,1,0,0,0
0,0,0,30,1,0,74.69,2238.36,0,0,0,1,1,0,0,0,0,0,0,0,0,1,0,0,0,0,0,1,1,0,0
0,0,1,24,1,0,102.76,2475.14,0,0,0,0,1,0,0,1,0,0,0,1,0,1,0,0,0,1,1,0,0,1,0
0,1,0,57,1,1,75.86,4333.97,1,1,0,1,1,0,0,0,0,0,0,0,0,0,0,1,0,0,0,0,0,1,0
1,0,0,47,1,1,92.27,4349.11,0,1,0,1,1,0,0,1,0,0,0,1,0,0,0,1,0,1,0,1,0,0,0
1,0,0,13,1,0,92.7,1229.9,0,1,0,0,1,0,0,1,0,0,0,0,0,1,0,1,0,1,1,0,0,0,1
1,0,1,40,1,1,93.25,3771.25,1,0,0,1,1,0,0,1,0,1,0,0,0,0,0,1,0,0,0,0,0,0,1
0,0,0,30,1,1,67.66,2047.5,1,1,0,0,0,0,0,0,0,0,0,1,0,0,0,1,0,1,0,0,0,1,0
0,1,0,36,1,0,62.1,2200.08,0,1,0,1,0,0,0,1,0,0,0,0,0,0,0,0,0,1,0,0,0,1,0
1,1,1,63,1,1,98.69,6263.42,0,0,0,1,1,0,0,1,0,1,0,0,0,0,0,1,0,1,0,1,1,0,0
0,0,0,14,0,1,18.66,275.39,0,1,1,0,0,1,1,0,1,0,1,0,1,0,1,0,1,0,0,1,0,0,1
0,0,0,13,1,1,57.54,745.11,0,0,0,0,0,0,0,1,0,0,0,0,0,0,0,0,0,1,0,0,0,0,0
0,1,1,33,1,0,109.79,3583.97,0,1,0,1,1,0,0,1,0,0,0,1,0,1,0,1,0,1,0,1,0,1,0
0,1,0,15,1,0,81.35,1153.03,1,0,0,0,1,0,0,1,0,1,0,0,0,0,0,0,0,0,0,0,0,0,1
0,1,0,5,1,1,89.1,453.18,1,1,0,1,1,0,0,0,0,0,0,1,0,1,0,0,0,1,0,0,0,1,0
0,1,0,9,1,0,63.4,581.14,0,1,0,0,0,0,0,0,0,1,0,1,0,0,0,0,0,0,1,0,0,0,1
0,1,0,72,1,0,86.84,6263.14,0,1,0,0,1,0,0,1,0,1,0,1,0,0,0,0,0,0,0,1,0,1,0
0,0,0,28,1,1,101.46,2854.8,1,1,0,1,1,0,0,1,0,1,0,0,0,0,0,1,0,1,0,0,1,0,0
0,1,1,41,1,1,70.28,2905.25,0,0,0,0,0,0,0,0,0,1,0,1,0,0,0,1,0,1,0,0,0,1,0
0,0,0,22,1,0,58.31,1282.29,0,1,0,1,0,0,0,0,0,0,0,0,0,0,0,0,0,1,0,1,1,0,0
0,1,0,58,1,0,91.04,5249.02,0,1,0,1,1,0,0,0,0,1,0,0,0,0,0,1,0,1,0,0,0,1,0
0,1,1,2,1,0,58.71,84.52,0,0,0,1,0,0,0,0,0,0,0,0,0,1,0,0,0,1,0,1,1,0,0
0,0,0,72,1,1,19.13,1375.34,0,1,0,0,0,1,1,0,1,0,1,0,1,0,1,0,1,0,0,0,1,0,0
0,1,0,28,1,1,77.59,2171.79,1,0,0,1,1,0,0,1,0,0,0,1,0,0,0,0,0,0,1,0,0,0,0
0,1,1,15,1,1,77.54,1144.42,0,0,0,1,0,0,0,1,0,0,0,0,0,1,0,1,0,1,0,0,0,0,0
0,0,0,71,1,0,63.74,4508.77,1,1,0,1,0,0,0,1,0,0,0,0,0,0,0,0,0,1,0,0,0,0,1
1,1,0,39,1,1,66.38,2625.1,0,0,0,0,0,0,0,0,0,1,0,0,0,1,0,1,0,1,0,1,1,0,0
0,1,0,25,1,0,83.48,2103.76,1,1,0,1,1,0,0,0,0,1,0,0,0,1,0,0,0,1,1,0,0,1,0
0,0,1,6,1,1,83.36,509.12,0,1,0,0,1,0,0,1,0,0,0,1,0,0,0,0,0,1,0,1,0,1,0
1,1,0,25,1,0,92.23,2318.38,1,1,0,1,1,0,0,1,0,0,0,1,0,1,0,0,0,1,0,0,0,0,0
0,0,0,31,1,1,62.06,1924.13,1,0,0,1,0,0,0,0,0,0,0,1,0,0,0,1,0,1,0,0,0,0,0
0,1,0,34,1,1,86.34,2942.49,1,0,0,0,1,0,0,1,0,1,0,1,0,0,0,0,0,0,0,0,0,1,0
0,1,0,13,1,1,75.0,964.32,0,1,0,0,0,0,0,1,0,0,0,1,0,0,0,1,0,1,0,1,0,0,1
0,1,0,14,1,0,73.63,1063.1,0,0,0,0,0,0,0,1,0,1,0,0,0,1,0,0,0,1,0,1,0,0,0
0,0,0,8,1,0,20.17,147.13,0,1,0,0,0,1,1,0,1,0,1,0,1,0,1,0,1,0,0,1,0,0,1
0,1,1,15,1,0,23.53,368.17,0,0,0,0,0,1,1,0,1,0,1,0,1,0,1,0,1,0,0,1,0,1,0
0,0,1,44,0,0,82.36,3675.19,1,0,1,0,1,0,0,0,0,0,0,1,0,0,0,0,0,1,1,0,0,1,0
0,0,1,72,1,1,53.96,3943.32,0,0,0,1,0,0,0,1,0,0,0,0,0,0,0,0,0,0,1,0,0,0,1
0,0,0,22,1,0,18.25,430.8,0,0,0,1,0,1,1,0,1,0,1,0,1,0,1,0,1,0,0,0,0,0,1
0,1,0,35,1,1,84.65,3030.22,0,0,0,0,1,0,0,0,0,1,0,1,0,1,0,0,0,0,0,1,0,0,0
1,0,0,8,1,1,65.86,523.21,0,1,0,0,0,0,0,0,0,0,0,1,0,0,0,1,0,1,0,0,1,0,0
0,0,1,8,1,0,86.82,723.83,1,0,0,0,1,0,0,0,0,1,0,0,0,0,0,1,0,0,0,0,0,1,0
0,1,0,56,1,1,57.76,3232.67,0,0,0,0,0,0,0,1,0,0,0,1,0,0,0,0,0,0,0,0,0,1,0
0,0,1,1,1,1,70.71,123.13,1,0,0,0,0,0,0,1,0,1,0,0,0,0,0,1,0,0,0,0,0,0,0
0,0,1,40,1,1,87.18,3513.84,1,1,0,0,1,0,0,0,0,0,0,1,0,1,0,1,0,0,0,0,0,0,1
0,0,0,41,1,1,69.14,2848.42,0,0,0,1,0,0,0,0,0,1,0,1,0,0,0,1,0,0,0,0,0,1,0
0,0,0,57,1,1,86.73,4996.99,1,1,0,1,1,0,0,0,0,0,0,1,0,1,0,1,0,0,0,0,0,1,0
0,1,0,36,1,0,90.27,3182.68,1,1,0,1,1,0,0,0,0,1,0,0,0,1,0,1,0,1,0,0,0,1,0
1,1,0,6,1,1,20.27,140.69,1,0,0,0,0,1,1,0,1,0,1,0,1,0,1,0,1,0,0,0,0,0,0
0,0,0,66,1,1,60.45,3989.2,1,1,0,1,0,0,0,0,0,0,0,0,0,1,0,1,0,0,0,0,0,0,0
0,0,0,17,1,1,87.0,1469.12,1,0,0,0,0,0,0,1,0,1,0,1,0,1,0,1,0,0,0,0,0,0,0
0,0,0,63,1,1,67.61,4248.85,1,1,0,0,1,0,0,0,0,1,0,0,0,0,0,0,0,0,0,0,0,1,0
0,1,0,53,1,0,86.5,4527.78,1,0,0,0,1,0,0,1,0,1,0,0,0,0,0,0,0,1,0,0,0,1,0
0,0,1,35,1,1,93.78,3287.27,1,0,0,0,1,0,0,1,0,1,0,0,0,0,0,1,0,0,0,1,1,0,0
1,0,0,54,1,0,18.43,975.43,1,1,0,1,0,1,1,0,1,0,1,0,1,0,1,0,1,0,0,0,0,1,0
0,0,0,72,1,0,100.3,7236.91,0,0,0,0,1,0,0,1,0,0,0,1,0,1,0,0,0,1,0,0,0,0,0
0,1,1,39,1,0,20.96,800.16,0,1,0,0,0,1,1,0,1,0,1,0,1,0,1,0,1,0,0,1,0,1,0
0,0,0,49,1,0,92.6,4565.97,0,0,0,1,1,0,0,0,0,1,0,1,0,0,0,1,0,0,0,0,0,0,0
0,1,0,12,1,1,75.87,877.11,0,0,0,1,1,0,0,0,0,0,0,0,0,0,0,1,0,0,0,1,0,1,0
0,0,1,47,1,1,18.25,896.53,0,1,0,0,0,1,1,0,1,0,1,0,1,0,1,0,1,0,0,0,0,0,1
0,1,0,11,0,1,62.0,686.57,0,0,1,0,0,0,0,1,0,0,0,1,0,0,0,0,0,0,0,0,0,1,0
0,0,1,33,0,0,71.69,2345.19,0,0,1,0,1,0,0,0,0,0,0,0,0,1,0,0,0,0,0,1,0,0,1
0,1,0,15,1,1,77.21,1184.28,0,0,0,1,1,0,0,0,0,0,0,0,0,1,0,1,0,0,1,0,1,0,0
0,1,0,19,1,1,94.66,1793.04,0,0,0,0,1,0,0,0,0,0,0,1,0,1,0,0,0,1,0,0,0,1,0
0,1,1,72,1,1,98.02,7066.84,1,1,0,1,1,0,0,1,0,1,0,1,0,0,0,1,0,1,0,0,0,1,0
0,0,1,27,1,0,19.15,518.21,0,0,0,0,0,1,1,0,1,0,1,0,1,0,1,0,1,0,0,1,0,1,0
1,0,0,32,1,1,63.97,2001.99,1,1,0,1,0,0,0,0,0,1,0,0,0,1,0,1,0,0,0,1,0,1,0
0,0,0,48,0,0,18.25,900.31,0,1,1,0,0,1,1,0,1,0,1,0,1,0,1,0,1,0,0,0,0,0,0
0,0,0,31,1,1,24.25,749.63,1,0,0,1,0,1,1,0,1,0,1,0,1,0,1,0,1,0,0,0,0,1,0
0,1,0,46,1,0,56.13,2581.86,0,1,0,1,0,0,0,0,0,0,0,0,0,0,0,1,0,0,0,1,1,0,0
0,1,1,49,1,1,61.16,3007.01,1,0,0,1,0,0,0,1,0,0,0,0,0,0,0,0,0,1,0,0,0,1,0
0,1,0,17,1,1,95.02,1587.14,1,1,0,0,1,0,0,1,0,0,0,0,0,1,0,1,0,1,1,0,0,1,0
0,1,0,10,1,1,81.91,792.13,1,0,0,1,0,0,0,0,0,0,0,1,0,1,0,1,0,1,0,0,1,0,0
0,0,0,30,0,1,78.41,2358.7,1,0,1,0,1,0,0,0,0,0,0,0,0,1,0,1,0,0,0,0,0,0,0
0,1,0,19,1,0,86.78,1655.53,1,1,0,1,1,0,0,1,0,1,0,0,0,0,0,1,0,1,0,0,0,0,1
0,0,0,52,1,0,18.25,947.48,0,1,0,0,0,1,1,0,1,0,1,0,1,0,1,0,1,0,0,1,0,1,0
0,0,0,19,1,0,68.85,1296.61,0,1,0,0,0,0,0,0,0,1,0,0,0,1,0,0,0,0,0,1,0,0,0
1,0,0,72,1,1,74.82,5342.67,1,0,0,1,1,0,0,0,0,0,0,0,0,0,0,0,0,1,0,0,0,0,0
1,1,1,72,1,0,23.31,1702.22,0,0,0,0,0,1,1,0,1,0,1,0,1,0,1,0,1,0,0,1,1,0,0
0,0,1,68,1,1,77.56,5283.61,1,1,0,1,1,0,0,0,0,0,0,0,0,0,0,0,0,1,0,0,1,0,0
0,0,0,43,1,1,67.59,2908.07,0,0,0,0,0,0,0,0,0,1,0,1,0,1,0,0,0,0,0,0,0,0,0
0,0,0,16,1,1,74.66,1219.08,1,1,0,0,0,0,0,1,0,0,0,1,0,0,0,1,0,1,0,0,0,1,0
1,0,0,21,1,1,85.55,1779.26,1,1,0,1,1,0,0,0,0,1,0,0,0,0,0,0,0,1,0,0,1,0,0
0,1,1,43,0,0,51.35,2221.7,0,1,1,0,0,0,0,0,0,0,0,0,0,1,0,0,0,0,0,0,0,1,0
0,0,1,25,1,0,74.48,1893.26,0,1,0,1,0,0,0,1,0,0,0,0,0,0,0,1,0,1,0,1,0,0,0
0,0,0,24,1,0,76.07,1827.72,0,0,0,0,1,0,0,1,0,0,0,0,0,0,0,0,0,1,0,1,0,1,0
0,0,0,70,0,1,75.03,5255.66,0,0,1,0,1,0,0,0,0,0,0,0,0,0,0,1,0,1,1,0,0,0,1
0,0,1,8,1,1,70.35,573.85,1,0,0,1,0,0,0,1,0,0,0,1,0,0,0,0,0,1,0,0,0,1,0
0,0,1,45,1,0,83.19,3773.49,1,0,0,1,1,0,0,1,0,0,0,0,0,0,0,1,0,1,0,0,1,0,0
0,1,0,41,1,1,81.44,3346.37,0,1,0,0,1,0,0,0,0,0,0,1,0,0,0,1,0,0,1,0,0,1,0
1,1,1,32,1,1,95.95,3115.51,1,1,0,0,1,0,0,0,0,0,0,1,0,1,0,1,0,1,0,0,0,0,0
0,0,0,11,1,0,79.92,880.08,1,0,0,0,1,0,0,0,0,0,0,1,0,0,0,1,0,0,0,0,0,1,0
1,0,0,22,1,1,54.23,1159.09,1,0,0,0,0,0,0,1,0,0,0,0,0,0,0,0,0,0,0,1,1,0,0
0,0,1,31,1,1,83.51,2601.01,0,0,0,1,1,0,0,1,0,0,0,0,0,1,0,0,0,0,0,1,1,0,0
1,1,0,10,1,1,93.38,950.12,1,1,0,0,1,0,0,0,0,1,0,1,0,0,0,1,0,0,0,0,1,0,0
0,0,1,61,1,1,18.25,1131.31,0,0,0,0,0,1,1,0,1,0,1,0,1,0,1,0,1,0,0,0,0,0,0
0,0,0,29,1,1,96.36,2792.23,0,0,0,0,1,0,0,1,0,0,0,1,0,1,0,1,0,0,0,1,0,0,1
0,0,0,27,1,0,62.02,1648.19,1,0,0,1,0,0,0,0,0,0,0,1,0,0,0,1,0,0,0,0,0,0,0
1,1,0,47,1,1,69.13,3219.31,0,0,0,1,0,0,0,0,0,1,0,1,0,0,0,0,0,1,1,0,0,1,0
0,1,1,72,1,1,79.74,5728.06,0,1,0,1,1,0,0,0,0,1,0,0,0,1,0,0,0,0,0,1,0,1,0
0,0,1,21,1,1,22.01,413.11,0,1,0,0,0,1,1,0,1,0,1,0,1,0,1,0,1,0,0,0,0,0,1
0,0,1,9,0,1,79.42,742.28,1,1,1,0,1,0,0,0,0,0,0,0,0,1,0,1,0,0,0,1,0,0,1
0,1,0,72,1,1,78.28,5631.05,0,1,0,1,1,0,0,1,0,0,0,1,0,0,0,0,0,0,0,1,1,0,0
0,0,0,34,1,1,68.08,2354.37,1,0,0,0,0,0,0,1,0,1,0,0,0,0,0,1,0,0,0,0,0,0,0
0,1,0,72,1,0,58.54,4249.3,0,0,0,1,0,0,0,0,0,0,0,0,0,1,0,0,0,0,0,1,1,0,0
0,1,1,72,1,0,65.99,4758.38,0,1,0,1,1,0,0,0,0,0,0,1,0,0,0,0,0,0,0,1,0,1,0
0,1,0,14,1,0,78.77,1153.76,1,1,0,0,0,0,0,1,0,1,0,1,0,0,0,1,0,1,0,0,0,0,0
0,1,0,24,1,0,75.19,1810.86,0,0,0,1,0,0,0,0,0,1,0,1,0,0,0,1,0,1,1,0,0,0,1
0,0,1,1,1,0,60.5,86.13,1,0,0,0,0,0,0,0,0,0,0,1,0,1,0,0,0,0,0,0,0,1,0
0,1,0,16,1,0,20.48,357.23,0,1,0,0,0,1,1,0,1,0,1,0,1,0,1,0,1,0,0,1,0,1,0
0,0,0,7,1,0,74.25,518.32,1,0,0,1,0,0,0,1,0,0,0,1,0,0,0,0,0,1,0,1,1,0,0
0,1,0,17,1,0,82.35,1388.62,0,1,0,0,0,0,0,0,0,0,0,1,0,1,0,1,0,1,0,1,0,1,0
0,1,0,5,1,1,94.4,463.89,1,1,0,1,1,0,0,0,0,0,0,1,0,0,0,1,0,1,1,0,0,1,0
0,1,1,13,1,1,87.05,1190.36,1,1,0,0,1,0,0,0,0,1,0,0,0,1,0,0,0,1,1,0,0,0,0
0,1,0,16,1,0,84.04,1348.37,0,0,0,1,1,0,0,0,0,1,0,0,0,0,0,1,0,0,0,1,0,1,0
0,0,0,27,1,1,85.03,2312.78,1,0,0,1,1,0,0,0,0,0,0,0,0,1,0,1,0,1,0,0,0,0,0
0,0,0,6,1,1,82.84,458.04,1,0,0,1,1,0,0,1,0,0,0,0,0,1,0,1,0,0,0,0,0,0,1
0,0,0,63,1,0,91.75,5797.39,0,1,0,0,1,0,0,0,0,1,0,1,0,0,0,1,0,1,0,0,0,0,0
0,0,1,16,1,1,21.44,367.15,0,0,0,1,0,1,1,0,1,0,1,0,1,0,1,0,1,0,0,1,0,0,1
1,0,0,35,0,0,68.86,2411.6,0,0,1,0,0,0,0,1,0,0,0,0,0,1,0,0,0,1,0,0,0,0,0
0,0,0,15,1,1,81.19,1192.34,1,1,0,0,1,0,0,0,0,1,0,0,0,0,0,1,0,0,0,0,0,0,0
0,0,0,28,1,1,88.24,2464.07,0,1,0,1,1,0,0,0,0,1,0,0,0,0,0,1,0,0,0,1,0,0,0
0,0,0,26,1,1,42.57,1098.87,0,1,0,1,0,0,0,0,0,0,0,0,0,0,0,0,0,0,0,0,1,0,0
0,1,0,65,1,0,81.86,5286.07,1,0,0,1,1,0,0,0,0,0,0,1,0,0,0,0,0,1,0,0,0,0,0
0,1,0,23,1,1,106.63,2450.83,0,1,0,0,1,0,0,1,0,1,0,0,0,1,0,1,0,1,0,1,0,1,0
1,0,0,24,0,1,57.74,1390.43,0,1,1,0,0,0,0,1,0,0,0,0,0,0,0,0,0,1,0,0,0,0,0
0,0,1,10,1,1,78.78,760.44,1,0,0,0,1,0,0,0,0,1,0,0,0,1,0,0,0,0,1,0,0,1,0
0,1,0,5,1,0,85.8,442.43,1,0,0,0,1,0,0,1,0,1,0,0,0,0,0,1,0,0,0,0,0,0,1
0,0,0,34,1,1,94.06,3206.99,0,0,0,0,1,0,0,1,0,1,0,1,0,0,0,0,0,0,0,0,0,1,0
1,1,0,34,1,0,64.95,2243.92,1,0,0,1,0,0,0,1,0,0,0,0,0,0,0,1,0,0,0,0,0,0,0
0,0,0,31,1,1,69.44,2121.74,0,1,0,0,1,0,0,0,0,0,0,0,0,0,0,1,0,0,1,0,0,0,1
0,0,0,54,1,1,87.18,4717.62,0,0,0,1,1,0,0,1,0,1,0,0,0,0,0,1,0,0,1,0,0,1,0
1,1,1,27,1,1,73.66,1999.36,1,1,0,0,1,0,0,0,0,0,0,1,0,0,0,0,0,1,0,0,0,0,0
1,0,0,19,1,1,81.26,1541.6,1,1,0,0,0,0,0,1,0,1,0,1,0,0,0,0,0,1,0,0,1,0,0
0,0,0,31,1,0,59.18,1857.29,0,0,0,1,0,0,0,0,0,1,0,0,0,0,0,0,0,1,0,1,0,1,0
0,0,0,23,1,1,24.03,527.5,0,1,0,1,0,1,1,0,1,0,1,0,1,0,1,0,1,0,0,0,1,0,0
0,0,0,7,1,0,71.45,553.87,0,1,0,1,0,0,0,0,0,1,0,1,0,1,0,0,0,1,0,0,0,0,0
0,0,0,58,1,1,97.84,5661.16,1,0,0,0,1,0,0,0,0,0,0,1,0,1,0,1,0,1,0,0,0,0,1
0,0,0,15,0,1,18.25,299.74,0,1,1,0,0,1,1,0,1,0,1,0,1,0,1,0,1,0,0,1,0,0,0
0,0,1,25,1,1,56.37,1419.2,0,1,0,1,0,0,0,1,0,1,0,0,0,0,0,0,0,0,0,1,1,0,0
0,1,0,17,1,1,86.04,1437.55,1,0,0,0,1,0,0,0,0,0,0,1,0,0,0,1,0,1,0,0,0,0,1
0,1,0,65,1,0,82.4,5389.48,1,0,0,0,1,0,0,0,0,1,0,0,0,1,0,0,0,0,0,0,0,1,0
0,1,0,17,0,1,76.84,1301.14,1,0,1,0,1,0,0,0,0,0,0,1,0,1,0,0,0,0,0,0,0,1,0
0,1,0,72,1,1,23.48,1700.24,0,1,0,0,0,1,1,0,1,0,1,0,1,0,1,0,1,0,0,1,1,0,0
0,0,0,14,1,1,101.15,1387.37,1,0,0,0,1,0,0,1,0,1,0,1,0,0,0,1,0,1,1,0,1,0,0
0,0,1,45,1,1,84.95,3819.99,0,0,0,1,1,0,0,1,0,0,0,0,0,1,0,0,0,0,0,1,0,0,0
0,0,0,24,1,1,79.9,1923.97,0,1,0,1,1,0,0,1,0,0,0,1,0,0,0,1,0,0,0,0,1,0,0
0,1,0,6,1,1,67.84,382.29,1,1,0,0,0,0,0,0,0,0,0,1,0,1,0,1,0,0,0,0,1,0,0
0,0,1,70,1,1,57.24,4004.36,0,1,0,1,0,0,0,0,0,0,0,1,0,0,0,1,0,0,0,0,0,0,0
1,0,0,13,1,1,20.21,247.21,1,0,0,0,0,1,1,0,1,0,1,0,1,0,1,0,1,0,0,0,0,1,0
0,1,1,20,0,1,63.66,1263.32,0,1,1,0,0,0,0,0,0,0,0,1,0,1,0,0,0,0,0,0,0,1,0
1,0,0,33,1,0,65.53,2181.55,1,0,0,0,0,0,0,0,0,0,0,0,0,1,0,0,0,1,0,0,0,1,0
0,1,0,9,1,0,43.19,382.89,1,0,0,1,0,0,0,0,0,0,0,0,0,0,0,0,0,0,0,0,0,0,0
0,0,1,15,1,0,22.87,353.35,0,1,0,0,0,1,1,0,1,0,1,0,1,0,1,0,1,0,1,0,0,0,0
0,1,0,22,1,1,61.88,1363.16,0,0,0,1,0,0,0,1,0,0,0,0,0,0,0,1,0,0,0,0,1,0,0
0,0,0,5,1,1,86.49,435.09,1,1,0,1,1,0,0,0,0,1,0,1,0,0,0,0,0,0,1,0,1,0,0
0,0,1,31,1,1,78.42,2430.79,1,1,0,1,1,0,0,1,0,0,0,0,0,1,0,0,0,0,0,0,0,1,0
0,0,0,8,1,0,78.01,654.8,1,0,0,1,1,0,0,0,0,0,0,0,0,0,0,1,0,1,0,0,0,0,0
0,1,1,44,1,0,50.34,2241.94,0,1,0,1,0,0,0,0,0,0,0,0,0,1,0,0,0,0,0,0,0,0,1
0,1,0,59,1,1,82.92,4921.59,0,0,0,1,1,0,0,1,0,0,0,0,0,0,0,1,0,1,1,0,1,0,0
0,0,0,46,1,1,66.19,3054.24,1,0,0,0,0,0,0,0,0,1,0,0,0,1,0,1,0,0,0,0,0,1,0
0,1,1,51,1,0,76.73,3885.41,0,1,0,0,1,0,0,0,0,1,0,0,0,0,0,1,0,0,1,0,0,0,1
0,1,0,21,1,1,22.75,483.0,0,1,0,0,0,1,1,0,1,0,1,0,1,0,1,0,1,0,0,0,0,0,1
0,0,0,7,1,1,74.81,549.83,0,1,0,0,1,0,0,0,0,0,0,0,0,0,0,1,0,0,0,1,0,0,1
0,0,1,57,1,1,73.6,4199.45,1,0,0,0,1,0,0,0,0,0,0,1,0,0,0,0,0,0,0,0,0,0,0
0,0,0,15,1,0,83.54,1268.42,0,0,0,0,1,0,0,1,0,0,0,1,0,0,0,1,0,0,0,1,0,0,0
0,1,0,26,1,0,86.38,2260.62,1,1,0,1,1,0,0,0,0,0,0,1,0,0,0,1,0,1,1,0,0,1,0
0,0,1,11,1,0,24.16,257.41,0,0,0,1,0,1,1,0,1,0,1,0,1,0,1,0,1,0,1,0,0,1,0
0,0,0,10,1,0,71.94,727.67,1,0,0,0,1,0,0,0,0,0,0,0,0,0,0,1,0,0,0,0,0,0,1
0,1,0,33,1,0,84.61,2776.62,1,0,0,1,1,0,0,0,0,0,0,1,0,0,0,1,0,1,0,0,0,0,0
0,1,0,28,1,0,63.08,1801.74,0,1,0,1,0,0,0,0,0,0,0,0,0,1,0,1,0,0,0,1,1,0,0
0,1,0,5,1,0,89.19,440.3,0,1,0,1,1,0,0,1,0,0,0,1,0,0,0,0,0,1,0,1,0,1,0
0,0,0,16,1,1,96.75,1538.35,1,1,0,0,1,0,0,0,0,0,0,1,0,1,0,0,0,1,0,0,0,1,0
0,1,1,72,1,1,83.02,6027.75,0,1,0,0,1,0,0,1,0,0,0,0,0,0,0,1,0,1,0,0,1,0,0
0,0,1,40,1,1,71.22,2789.87,1,1,0,0,1,0,0,1,0,0,0,0,0,0,0,0,0,0,0,0,0,0,1
0,1,0,14,1,1,68.6,924.11,1,1,0,0,0,0,0,0,0,1,0,1,0,0,0,1,0,0,0,0,0,1,0
0,1,0,19,1,1,18.25,321.06,0,1,0,1,0,1,1,0,1,0,1,0,1,0,1,0,1,0,1,0,0,1,0
0,0,1,28,1,1,88.84,2496.89,1,1,0,0,1,0,0,0,0,1,0,0,0,0,0,1,0,1,0,0,0,0,1
0,0,1,19,1,0,18.25,336.32,0,1,0,0,0,1,1,0,1,0,1,0,1,0,1,0,1,0,1,0,1,0,0
0,0,0,67,1,1,81.5,5463.17,0,0,0,1,0,0,0,1,0,0,0,0,0,1,0,1,0,1,0,0,0,0,1
0,0,0,39,1,0,74.47,2903.01,1,0,0,0,1,0,0,1,0,0,0,0,0,0,0,0,0,0,0,0,0,0,1
0,1,0,46,1,0,94.55,4359.76,0,1,0,0,1,0,0,1,0,0,0,0,0,0,0,1,0,1,0,0,0,0,0
1,1,0,50,1,1,69.42,3457.29,1,0,0,0,1,0,0,0,0,1,0,0,0,0,0,0,0,0,0,1,0,1,0
0,1,0,38,1,1,62.82,2395.23,1,1,0,1,0,0,0,0,0,0,0,0,0,1,0,1,0,0,0,0,0,1,0
0,1,1,42,1,0,18.56,774.2,0,0,0,1,0,1,1,0,1,0,1,0,1,0,1,0,1,0,1,0,0,1,0
0,0,0,65,1,1,45.41,2963.55,0,0,0,0,0,0,0,0,0,0,0,0,0,0,0,0,0,1,0,0,0,0,1
0,0,1,44,0,1,59.63,2642.18,0,1,1,0,0,0,0,0,0,1,0,0,0,1,0,1,0,0,1,0,1,0,0
0,1,0,9,1,1,20.29,174.21,0,0,0,1,0,1,1,0,1,0,1,0,1,0,1,0,1,0,0,0,0,0,1
1,1,1,72,1,1,94.25,6797.37,0,0,0,0,1,0,0,1,0,1,0,0,0,0,0,0,0,1,0,0,1,0,0
0,0,0,4,1,1,21.92,108.26,0,0,0,0,0,1,1,0,1,0,1,0,1,0,1,0,1,0,0,1,0,0,0
0,0,0,37,1,0,18.87,688.97,0,1,0,0,0,1,1,0,1,0,1,0,1,0,1,0,1,0,0,0,0,0,1
0,1,0,30,1,1,52.18,1592.34,1,1,0,0,0,0,0,0,0,0,0,0,0,0,0,1,0,1,0,0,0,0,1
1,1,0,18,1,1,22.1,419.18,1,0,0,0,0,1,1,0,1,0,1,0,1,0,1,0,1,0,0,0,0,1,0
0,1,0,50,1,0,65.35,3279.06,0,1,0,1,0,0,0,0,0,0,0,0,0,1,0,1,0,1,1,0,1,0,0
0,1,1,24,1,1,18.25,446.93,0,0,0,1,0,1,1,0,1,0,1,0,1,0,1,0,1,0,0,0,1,0,0
0,1,0,39,1,0,95.2,3739.52,0,0,0,0,1,0,0,0,0,1,0,0,0,1,0,1,0,0,0,1,0,1,0
0,0,0,8,1,1,21.13,159.57,0,1,0,0,0,1,1,0,1,0,1,0,1,0,1,0,1,0,1,0,1,0,0
0,1,0,56,1,0,93.95,5265.55,0,1,0,0,1,0,0,0,0,1,0,0,0,0,0,1,0,1,0,1,0,1,0
0,0,0,53,1,1,98.55,5233.19,0,1,0,1,1,0,0,0,0,0,0,1,0,1,0,1,0,1,1,0,0,1,0
0,1,0,27,1,0,18.46,478.76,0,1,0,1,0,1,1,0,1,0,1,0,1,0,1,0,1,0,1,0,0,0,1
0,1,1,12,0,1,52.12,640.53,0,0,1,0,0,0,0,1,0,0,0,0,0,0,0,1,0,0,0,1,0,1,0
0,1,0,59,1,1,102.4,6034.79,1,0,0,1,1,0,0,0,0,1,0,1,0,0,0,1,0,1,1,0,0,1,0
0,0,0,4,1,0,22.13,62.35,0,1,0,0,0,1,1,0,1,0,1,0,1,0,1,0,1,0,0,0,0,1,0
0,0,1,28,1,1,22.03,585.94,0,0,0,1,0,1,1,0,1,0,1,0,1,0,1,0,1,0,1,0,0,0,1
0,1,0,21,1,1,85.16,1751.14,1,0,0,0,1,0,0,1,0,0,0,1,0,0,0,0,0,1,0,0,0,0,1
0,0,0,36,1,0,98.74,3536.67,0,0,0,0,1,0,0,1,0,1,0,1,0,1,0,1,0,0,0,0,1,0,0
0,0,1,21,1,1,54.66,1101.19,0,1,0,1,0,0,0,0,0,0,0,0,0,0,0,1,0,0,0,0,0,0,1
0,1,0,51,1,0,82.03,4175.65,0,0,0,0,1,0,0,0,0,1,0,1,0,0,0,0,0,0,1,0,1,0,0
0,0,0,9,1,0,24.87,205.25,0,0,0,0,0,1,1,0,1,0,1,0,1,0,1,0,1,0,0,0,0,0,0
0,0,1,59,1,1,78.87,4621.89,0,1,0,1,0,0,0,1,0,1,0,1,0,0,0,1,0,1,0,0,1,0,0
0,1,0,24,1,1,62.49,1530.49,0,0,0,1,0,0,0,0,0,1,0,1,0,0,0,0,0,0,1,0,0,0,1
0,0,0,17,1,0,66.83,1118.38,1,0,0,1,0,0,0,1,0,0,0,0,0,1,0,1,0,1,0,0,0,1,0
0,0,1,36,1,0,55.71,2055.59,0,1,0,0,0,0,0,0,0,0,0,0,0,0,0,0,0,1,0,1,1,0,0
0,0,0,49,1,0,69.49,3366.55,0,0,0,0,1,0,0,0,0,1,0,0,0,0,0,0,0,0,0,1,0,0,0
0,1,0,23,1,1,48.52,1148.1,0,0,0,0,0,0,0,0,0,0,0,0,0,0,0,0,0,0,0,0,1,0,0
0,0,0,24,1,0,76.85,1847.49,1,0,0,1,1,0,0,0,0,1,0,1,0,0,0,0,0,0,0,0,0,0,0
0,1,0,13,1,1,49.88,670.95,1,1,0,0,0,0,0,0,0,0,0,0,0,0,0,1,0,0,0,0,0,1,0
0,0,1,4,1,0,18.97,45.33,0,0,0,0,0,1,1,0,1,0,1,0,1,0,1,0,1,0,0,0,0,0,0
1,0,0,16,1,0,93.68,1495.37,1,0,0,0,1,0,0,1,0,1,0,1,0,0,0,0,0,0,0,0,1,0,0
0,1,0,27,1,1,69.31,1910.65,1,0,0,0,1,0,0,0,0,0,0,0,0,0,0,0,0,1,0,0,0,0,0
0,0,0,20,1,0,19.5,430.5,0,1,0,1,0,1,1,0,1,0,1,0,1,0,1,0,1,0,0,0,0,0,0
0,0,0,20,1,1,63.41,1287.14,0,1,0,0,0,0,0,1,0,0,0,0,0,1,0,0,0,1,0,0,0,1,0
0,0,1,9,0,0,18.77,154.81,0,0,1,0,0,1,1,0,1,0,1,0,1,0,1,0,1,0,0,1,1,0,0
0,0,1,11,1,1,75.67,817.02,1,1,0,0,0,0,0,0,0,1,0,0,0,1,0,1,0,1,0,0,0,1,0
0,0,1,9,1,1,79.87,726.85,1,1,0,0,1,0,0,1,0,0,0,0,0,0,0,0,0,1,0,0,0,0,0
0,1,1,28,1,1,66.3,1831.47,1,1,0,1,0,0,0,0,0,1,0,0,0,0,0,0,0,1,1,0,0,1,0
0,0,1,37,1,1,20.88,746.99,0,0,0,0,0,1,1,0,1,0,1,0,1,0,1,0,1,0,1,0,0,1,0
0,0,0,29,1,1,81.61,2370.43,1,1,0,1,1,0,0,0,0,1,0,1,0,0,0,0,0,1,0,0,1,0,0
0,0,1,38,1,0,76.42,2890.89,0,0,0,1,0,0,0,0,0,1,0,0,0,1,0,1,0,1,0,1,0,1,0
0,0,1,10,1,0,71.95,741.38,1,0,0,1,1,0,0,0,0,1,0,0,0,0,0,0,0,0,0,0,0,0,1
0,0,1,26,1,1,19.04,512.5,0,0,0,0,0,1,1,0,1,0,1,0,1,0,1,0,1,0,0,0,0,0,1
0,1,0,18,1,1,77.24,1360.05,1,0,0,0,0,0,0,0,0,0,0,1,0,1,0,1,0,1,0,1,0,0,0
0,1,1,23,1,0,80.72,1837.68,1,1,0,0,1,0,0,0,0,1,0,1,0,0,0,1,0,0,0,0,1,0,0
0,0,0,6,1,1,58.53,338.79,1,0,0,1,0,0,0,1,0,1,0,0,0,0,0,0,0,0,0,0,1,0,0
0,1,1,9,1,0,65.97,566.51,0,1,0,1,0,0,0,0,0,0,0,1,0,1,0,1,0,0,1,0,0,0,0
0,1,1,27,1,1,23.2,605.18,0,0,0,1,0,1,1,0,1,0,1,0,1,0,1,0,1,0,0,0,0,0,0
1,1,0,13,1,1,85.84,1095.23,1,1,0,1,1,0,0,1,0,0,0,0,0,1,0,1,0,0,0,0,0,1,0
0,0,0,14,1,0,63.05,869.13,0,0,0,0,0,0,0,1,0,0,0,0,0,1,0,0,0,0,0,1,1,0,0
0,1,0,21,1,0,24.83,528.64,0,0,0,1,0,1,1,0,1,0,1,0,1,0,1,0,1,0,1,0,0,1,0
0,1,0,37,1,0,18.49,621.98,0,1,0,1,0,1,1,0,1,0,1,0,1,0,1,0,1,0,0,1,0,1,0
1,1,0,48,1,0,18.53,894.13,0,0,0,1,0,1,1,0,1,0,1,0,1,0,1,0,1,0,0,0,1,0,0
0,1,1,4,1,1,58.4,247.04,1,1,0,0,0,0,0,1,0,0,0,1,0,0,0,0,0,0,1,0,0,1,0
1,1,0,17,1,1,81.14,1410.64,1,1,0,1,1,0,0,0,0,1,0,0,0,0,0,1,0,1,0,1,0,1,0
0,1,1,30,1,0,19.48,605.14,0,1,0,0,0,1,1,0,1,0,1,0,1,0,1,0,1,0,0,0,1,0,0
1,0,0,36,1,0,66.42,2354.72,1,1,0,1,0,0,0,0,0,1,0,0,0,1,0,0,0,1,1,0,0,1,0
0,1,0,45,1,0,88.26,3957.6,1,0,0,0,1,0,0,1,0,0,0,0,0,0,0,1,0,1,0,0,0,0,0
0,1,1,34,1,0,24.59,816.38,0,0,0,0,0,1,1,0,1,0,1,0,1,0,1,0,1,0,0,0,0,0,1
0,0,0,15,1,1,52.36,803.3,0,1,0,1,0,0,0,0,0,0,0,1,0,0,0,0,0,0,1,0,1,0,0
0,1,0,29,1,1,82.12,2395.79,1,0,0,1,1,0,0,0,0,1,0,0,0,0,0,1,0,1,0,0,0,1,0
1,1,0,27,0,0,21.31,553.3,0,0,1,0,0,1,1,0,1,0,1,0,1,0,1,0,1,0,0,0,0,1,0
0,1,0,8,1,0,68.67,533.24,0,0,0,0,1,0,0,1,0,0,0,0,0,0,0,0,0,0,0,1,0,1,0
0,1,0,13,0,0,18.25,234.23,0,1,1,0,0,1,1,0,1,0,1,0,1,0,1,0,1,0,0,0,0,1,0
0,0,0,32,1,1,20.56,651.71,0,0,0,0,0,1,1,0,1,0,1,0,1,0,1,0,1,0,0,1,0,0,0
0,0,1,45,1,1,22.65,996.41,0,1,0,1,0,1,1,0,1,0,1,0,1,0,1,0,1,0,1,0,0,1,0
0,1,1,16,1,1,86.89,1390.09,0,0,0,0,1,0,0,1,0,1,0,0,0,0,0,1,0,0,0,0,0,0,1
0,0,0,72,1,1,59.27,4269.83,0,0,0,0,0,0,0,1,0,1,0,0,0,0,0,0,0,0,0,1,0,0,0
1,0,0,1,0,0,85.29,119.45,1,0,1,0,1,0,0,0,0,1,0,1,0,1,0,0,0,0,0,0,0,1,0
1,0,0,25,1,1,19.96,542.53,0,1,0,0,0,1,1,0,1,0,1,0,1,0,1,0,1,0,1,0,1,0,0
0,0,0,27,1,0,66.0,1746.49,1,1,0,1,0,0,0,0,0,0,0,1,0,0,0,0,0,1,0,0,0,0,1
0,0,0,51,1,1,72.38,3708.19,1,0,0,1,0,0,0,0,0,1,0,1,0,0,0,0,0,1,0,0,0,1,0
1,0,0,14,1,0,81.46,1174.2,1,1,0,0,1,0,0,0,0,1,0,0,0,0,0,0,0,1,0,0,1,0,0
1,0,0,16,1,0,87.53,1358.66,0,1,0,0,1,0,0,1,0,0,0,0,0,1,0,0,0,1,0,0,0,1,0
0,1,0,17,1,0,18.25,293.44,0,0,0,0,0,1,1,0,1,0,1,0,1,0,1,0,1,0,0,1,0,0,0
0,0,0,50,1,0,22.97,1102.64,0,0,0,1,0,1,1,0,1,0,1,0,1,0,1,0,1,0,1,0,0,1,0
0,0,0,56,1,0,66.53,3736.16,0,1,0,1,0,0,0,1,0,1,0,0,0,0,0,1,0,0,0,0,0,0,1
0,0,0,19,0,1,56.85,1079.06,1,1,1,0,0,0,0,1,0,0,0,0,0,0,0,0,0,1,1,0,0,0,1
0,1,0,11,1,1,84.28,958.84,0,0,0,0,1,0,0,0,0,0,0,0,0,0,0,1,0,1,0,1,1,0,0
0,1,0,12,1,0,64.57,777.38,0,1,0,1,0,0,0,0,0,1,0,1,0,0,0,0,0,1,1,0,0,0,1
0,1,0,7,1,1,61.26,425.61,0,1,0,1,0,0,0,0,0,0,0,1,0,0,0,0,0,1,0,1,0,0,0
0,0,0,60,1,1,101.39,6115.68,1,1,0,0,1,0,0,1,0,1,0,0,0,0,0,1,0,1,0,0,1,0,0
0,0,0,25,1,1,49.19,1256.61,0,1,0,0,0,0,0,0,0,0,0,1,0,0,0,0,0,0,0,1,0,1,0
0,0,0,48,1,1,80.75,3897.75,1,0,0,0,1,0,0,0,0,1,0,0,0,0,0,0,0,1,1,0,0,1,0
1,1,0,21,1,1,65.78,1382.69,1,1,0,0,0,0,0,0,0,0,0,0,0,0,0,1,0,1,0,0,0,0,0
0,1,0,72,1,0,90.47,6501.86,0,1,0,0,1,0,0,0,0,0,0,1,0,0,0,1,0,1,1,0,0,1,0
0,1,1,42,1,0,61.06,2605.46,0,0,0,0,1,0,0,0,0,0,0,0,0,0,0,0,0,0,1,0,0,1,0
1,1,0,32,1,1,58.76,1869.86,1,1,0,1,0,0,0,1,0,1,0,0,0,0,0,0,0,0,0,0,1,0,0
0,0,0,37,1,1,88.93,3308.89,1,1,0,1,1,0,0,0,0,1,0,0,0,1,0,0,0,1,0,0,0,1,0
0,0,0,11,1,1,67.1,698.04,1,0,0,1,0,0,0,1,0,0,0,0,0,0,0,1,0,1,0,0,1,0,0
0,0,0,17,1,0,84.84,1443.4,1,0,0,0,1,0,0,0,0,1,0,1,0,0,0,0,0,0,0,0,0,1,0
0,0,0,47,0,1,77.06,3624.17,1,1,1,0,0,0,0,0,0,1,0,1,0,1,0,1,0,1,0,0,1,0,0
1,1,0,26,1,1,20.23,501.04,0,1,0,0,0,1,1,0,1,0,1,0,1,0,1,0,1,0,0,0,0,1,0
1,0,0,39,1,1,18.25,718.52,0,1,0,0,0,1,1,0,1,0,1,0,1,0,1,0,1,0,0,1,0,0,0
0,0,0,20,1,1,93.08,1871.93,1,1,0,0,1,0,0,0,0,1,0,1,0,0,0,1,0,0,0,0,0,0,0
0,0,0,23,0,1,18.96,444.81,0,0,1,0,0,1,1,0,1,0,1,0,1,0,1,0,1,0,1,0,0,0,0
0,0,0,57,1,1,78.21,4436.34,1,0,0,1,1,0,0,0,0,0,0,0,0,0,0,1,0,1,1,0,1,0,0
0,1,0,29,1,0,79.34,2308.27,0,0,0,0,0,0,0,0,0,1,0,1,0,1,0,0,0,1,1,0,1,0,0
0,1,1,30,1,1,64.92,1975.66,1,0,0,0,0,0,0,0,0,0,0,0,0,1,0,1,0,0,0,0,0,0,1
0,0,0,24,1,1,72.89,1705.4,0,1,0,1,1,0,0,0,0,1,0,0,0,0,0,0,0,0,0,0,0,0,0
1,0,0,18,1,0,86.09,1565.24,1,0,0,1,1,0,0,0,0,0,0,0,0,1,0,1,0,1,1,0,0,0,0
0,0,0,21,1,0,22.77,482.25,0,0,0,0,0,1,1,0,1,0,1,0,1,0,1,0,1,0,1,0,1,0,0
0,1,0,26,1,1,23.82,602.82,0,1,0,0,0,1,1,0,1,0,1,0,1,0,1,0,1,0,0,0,0,1,0
0,0,1,59,1,1,110.68,6509.86,0,0,0,0,1,0,0,1,0,1,0,1,0,1,0,1,0,1,0,1,0,1,0
0,1,0,26,1,0,66.08,1782.03,1,1,0,0,1,0,0,0,0,0,0,0,0,0,0,0,0,0,0,0,1,0,0
0,0,0,52,0,1,63.5,3304.5,0,0,1,0,0,0,0,1,0,0,0,0,0,0,0,1,0,1,0,0,0,1,0
0,1,0,12,1,0,71.31,876.56,0,0,0,0,0,0,0,0,0,1,0,0,0,1,0,0,0,1,0,0,0,1,0
0,0,0,36,1,1,55.39,1996.94,0,1,0,0,0,0,0,1,0,0,0,0,0,1,0,0,0,0,0,1,0,1,0
0,1,1,4,1,1,91.27,370.85,1,0,0,0,1,0,0,0,0,1,0,1,0,0,0,1,0,0,1,0,0,0,1
0,1,1,14,1,0,61.83,889.76,1,1,0,0,0,0,0,0,0,1,0,0,0,1,0,0,0,1,0,1,0,0,0
0,1,1,14,1,0,19.27,301.74,0,0,0,1,0,1,1,0,1,0,1,0,1,0,1,0,1,0,0,1,1,0,0
0,0,0,17,1,1,18.77,346.06,0,1,0,0,0,1,1,0,1,0,1,0,1,0,1,0,1,0,1,0,0,0,1
0,0,0,52,1,0,65.79,3369.01,0,1,0,0,0,0,0,0,0,1,0,0,0,1,0,1,0,0,0,0,0,0,0
0,0,1,4,1,1,84.81,358.69,0,1,0,0,1,0,0,1,0,0,0,0,0,1,0,0,0,0,0,1,0,0,1
0,0,0,56,0,1,63.86,3550.49,0,0,1,0,1,0,0,0,0,0,0,1,0,0,0,0,0,0,0,0,0,0,0
0,0,0,4,1,0,67.9,247.98,1,1,0,0,1,0,0,0,0,0,0,0,0,0,0,0,0,0,1,0,0,1,0
0,0,0,19,1,0,100.51,1943.38,1,0,0,1,1,0,0,1,0,1,0,1,0,0,0,1,0,1,0,0,0,0,1
0,1,0,20,1,0,110.73,2216.98,1,1,0,1,1,0,0,1,0,1,0,1,0,0,0,1,0,1,0,0,1,0,0
0,0,0,69,1,1,81.54,5590.51,1,1,0,0,1,0,0,0,0,1,0,0,0,1,0,0,0,0,0,0,0,0,0
0,0,1,41,1,1,59.97,2465.41,0,1,0,0,0,0,0,0,0,0,0,1,0,1,0,0,0,0,1,0,0,0,1
0,0,0,72,1,1,59.32,4291.73,0,1,0,1,0,0,0,1,0,1,0,0,0,0,0,0,0,0,0,1,1,0,0
0,1,1,72,1,0,23.19,1698.68,0,0,0,0,0,1,1,0,1,0,1,0,1,0,1,0,1,0,0,0,0,1,0
1,1,0,51,1,0,24.77,1238.69,0,1,0,0,0,1,1,0,1,0,1,0,1,0,1,0,1,0,0,1,0,0,0
0,1,0,13,0,0,83.52,1061.48,0,0,1,0,1,0,0,1,0,1,0,1,0,0,0,0,0,0,1,0,0,1,0
0,0,0,34,1,0,65.44,2291.71,0,0,0,1,0,0,0,0,0,1,0,0,0,1,0,0,0,0,0,1,0,0,0
1,0,1,28,1,0,94.06,2580.66,1,1,0,1,1,0,0,1,0,0,0,0,0,1,0,1,0,1,0,0,0,1,0
0,0,0,16,0,0,77.09,1267.77,1,0,1,0,1,0,0,0,0,0,0,0,0,1,0,0,0,1,1,0,0,0,1
0,0,0,49,0,1,82.49,4031.76,1,0,1,0,1,0,0,1,0,1,0,0,0,0,0,0,0,0,0,0,0,1,0
0,0,0,7,1,1,62.09,413.66,1,0,0,1,0,0,0,0,0,0,0,1,0,1,0,0,0,0,0,1,1,0,0
1,1,0,12,1,1,20.41,236.93,1,0,0,0,0,1,1,0,1,0,1,0,1,0,1,0,1,0,0,0,1,0,0
0,1,1,4,0,0,19.73,74.9,0,0,1,0,0,1,1,0,1,0,1,0,1,0,1,0,1,0,1,0,0,0,0
0,0,0,10,1,0,22.15,209.52,0,0,0,0,0,1,1,0,1,0,1,0,1,0,1,0,1,0,0,0,0,1,0
1,1,0,13,1,1,23.55,298.72,1,1,0,0,0,1,1,0,1,0,1,0,1,0,1,0,1,0,0,0,0,0,1
0,1,0,22,0,1,50.62,1113.81,1,0,1,0,0,0,0,0,0,0,0,0,0,0,0,0,0,1,0,0,1,0,0
0,1,0,52,1,1,62.89,3263.18,0,1,0,0,0,0,0,0,0,0,0,1,0,1,0,0,0,1,0,0,0,0,0
0,1,0,17,1,0,97.27,1684.45,0,0,0,0,1,0,0,0,0,1,0,1,0,0,0,1,0,0,0,0,0,1,0
0,0,0,53,1,0,74.77,3959.54,1,0,0,0,1,0,0,0,0,0,0,0,0,1,0,1,0,0,0,0,0,1,0
0,0,1,72,1,1,18.92,1360.64,0,0,0,0,0,1,1,0,1,0,1,0,1,0,1,0,1,0,1,0,0,0,0
1,0,0,58,1,0,51.38,2943.88,0,0,0,0,0,0,0,0,0,0,0,0,0,0,0,0,0,1,0,0,0,0,0
0,0,0,11,1,1,66.04,786.87,1,0,0,0,0,0,0,1,0,0,0,1,0,0,0,0,0,0,0,0,0,1,0
0,1,0,14,1,1,77.79,1080.96,0,0,0,0,1,0,0,1,0,0,0,0,0,0,0,1,0,0,1,0,0,1,0
0,1,0,53,1,1,88.12,4685.47,1,1,0,0,1,0,0,0,0,1,0,0,0,1,0,0,0,1,0,0,0,1,0
0,0,0,14,1,0,87.64,1203.26,1,1,0,0,1,0,0,0,0,0,0,0,0,1,0,1,0,0,0,0,0,0,1
1,1,1,27,1,0,96.59,2575.51,1,1,0,0,1,0,0,1,0,1,0,1,0,0,0,0,0,1,1,0,0,1,0
0,0,0,36,1,1,22.33,765.56,1,1,0,1,0,1,1,0,1,0,1,0,1,0,1,0,1,0,0,0,0,0,1
0,1,0,43,1,1,93.93,4023.23,0,0,0,1,1,0,0,1,0,0,0,0,0,1,0,0,0,1,0,0,1,0,0
1,0,0,30,1,1,53.87,1629.3,1,0,0,0,0,0,0,0,0,0,0,0,0,0,0,0,0,1,1,0,1,0,0
1,0,1,9,1,0,96.11,878.66,1,0,0,1,1,0,0,1,0,1,0,0,0,1,0,1,0,0,0,0,0,1,0
0,0,0,18,1,1,88.42,1612.59,0,1,0,0,1,0,0,1,0,1,0,0,0,0,0,1,0,0,0,0,0,0,0
0,0,0,58,1,0,79.49,4620.62,1,0,0,1,1,0,0,0,0,0,0,0,0,0,0,1,0,1,1,0,0,0,0
0,0,0,26,1,0,67.14,1744.05,0,1,0,0,1,0,0,0,0,0,0,0,0,0,0,0,0,0,0,0,0,0,0
0,1,1,72,1,1,83.05,5991.12,1,0,0,0,1,0,0,0,0,0,0,0,0,1,0,1,0,1,0,0,1,0,0
0,0,1,31,1,1,71.6,2229.02,0,0,0,0,0,0,0,1,0,0,0,0,0,0,0,0,0,1,0,1,1,0,0
1,0,0,12,1,1,18.25,163.5,0,1,0,1,0,1,1,0,1,0,1,0,1,0,1,0,1,0,0,0,0,0,0
0,0,0,39,1,0,85.2,3321.61,1,1,0,0,1,0,0,1,0,1,0,1,0,0,0,1,0,0,0,0,0,0,0
0,0,0,60,1,1,23.51,1437.1,0,1,0,1,0,1,1,0,1,0,1,0,1,0,1,0,1,0,0,0,0,1,0
0,1,0,28,1,0,20.3,584.38,0,1,0,1,0,1,1,0,1,0,1,0,1,0,1,0,1,0,0,1,0,1,0
0,1,0,29,1,0,63.73,1806.6,0,1,0,1,0,0,0,0,0,1,0,1,0,0,0,0,0,0,0,1,0,1,0
0,0,1,34,1,1,58.36,1981.15,1,1,0,0,0,0,0,0,0,0,0,1,0,0,0,1,0,0,0,0,0,1,0
0,1,0,37,1,1,74.64,2795.59,1,1,0,1,1,0,0,0,0,0,0,0,0,0,0,1,0,0,0,0,0,1,0
0,0,0,15,1,0,87.51,1314.55,1,1,0,1,1,0,0,0,0,0,0,1,0,1,0,1,0,0,0,0,1,0,0
0,0,0,4,1,1,67.15,262.29,0,1,0,1,0,0,0,0,0,1,0,1,0,0,0,1,0,0,0,0,0,1,0
0,0,0,41,1,1,99.31,4077.1,0,0,0,0,1,0,0,1,0,1,0,1,0,1,0,0,0,1,0,0,0,1,0
0,1,0,26,1,1,70.76,1830.12,1,1,0,1,0,0,0,1,0,1,0,0,0,0,0,0,0,1,0,0,0,0,1
0,1,0,35,1,1,68.79,2407.19,0,0,0,1,0,0,0,0,0,1,0,0,0,0,0,0,0,1,0,0,0,0,1
0,0,0,22,1,1,101.37,2225.99,0,1,0,1,1,0,0,0,0,1,0,1,0,1,0,1,0,1,0,0,1,0,0
0,0,0,35,1,0,66.69,2319.02,0,1,0,0,0,0,0,1,0,0,0,1,0,0,0,1,0,0,0,0,0,0,1
0,0,0,11,1,0,51.77,546.79,0,1,0,0,0,0,0,0,0,0,0,0,0,0,0,1,0,0,0,0,0,1,0
0,1,0,19,0,0,81.94,1544.39,1,0,1,0,1,0,0,0,0,0,0,0,0,1,0,1,0,1,0,0,0,0,1
0,1,0,11,1,0,78.2,881.64,1,1,0,0,0,0,0,1,0,1,0,0,0,1,0,1,0,0,0,0,1,0,0
0,0,0,19,1,1,78.42,1473.72,1,0,0,0,1,0,0,1,0,0,0,0,0,0,0,1,0,0,0,0,1,0,0
1,0,1,7,0,1,68.36,539.62,1,1,1,0,1,0,0,0,0,1,0,0,0,0,0,0,0,0,0,0,0,0,1
0,0,0,44,1,0,19.49,868.7,0,0,0,1,0,1,1,0,1,0,1,0,1,0,1,0,1,0,0,0,0,0,1
0,0,0,67,1,1,90.44,6071.89,0,1,0,0,1,0,0,0,0,1,0,0,0,0,0,1,0,1,1,0,0,1,0
0,0,0,8,1,1,75.57,593.15,0,1,0,1,1,0,0,1,0,1,0,0,0,0,0,0,0,0,0,1,0,1,0
0,0,0,26,1,0,62.65,1675.79,0,0,0,0,0,0,0,0,0,0,0,1,0,0,0,1,0,1,0,1,0,0,1
0,0,1,22,1,1,18.25,391.95,0,1,0,1,0,1,1,0,1,0,1,0,1,0,1,0,1,0,0,0,0,0,1
1,0,1,69,0,1,59.07,4090.8,1,1,1,0,0,0,0,0,0,1,0,1,0,0,0,1,0,0,0,0,0,0,1
0,0,0,27,1,1,75.05,2010.69,1,0,0,0,0,0,0,1,0,0,0,1,0,0,0,1,0,1,1,0,0,1,0
0,1,0,56,1,1,63.24,3539.01,1,1,0,0,0,0,0,0,0,0,0,1,0,0,0,0,0,1,0,0,0,0,0
0,0,0,42,1,1,67.79,2835.95,1,1,0,1,0,0,0,1,0,0,0,0,0,1,0,0,0,0,0,0,0,0,0
0,0,1,32,1,0,90.19,2888.73,0,1,0,1,1,0,0,0,0,1,0,1,0,0,0,0,0,1,0,1,0,0,1
1,0,1,16,0,1,18.94,277.85,0,1,1,0,0,1,1,0,1,0,1,0,1,0,1,0,1,0,1,0,0,1,0
0,1,0,32,1,0,89.61,2868.18,1,0,0,0,1,0,0,1,0,0,0,0,0,1,0,1,0,0,0,0,0,1,0
0,1,1,11,1,1,67.39,782.02,1,0,0,1,0,0,0,1,0,0,0,0,0,1,0,1,0,0,0,0,0,0,1
1,0,0,19,1,0,24.39,475.42,0,0,0,0,0,1,1,0,1,0,1,0,1,0,1,0,1,0,0,1,0,0,1
1,0,0,4,1,0,74.26,294.73,1,1,0,0,1,0,0,0,0,1,0,0,0,0,0,0,0,0,0,0,0,0,1
0,1,0,62,1,1,73.44,4566.04,0,0,0,1,1,0,0,0,0,0,0,0,0,0,0,1,0,0,0,0,0,1,0
0,1,0,29,1,0,84.2,2457.04,1,0,0,1,1,0,0,1,0,0,0,0,0,0,0,0,0,1,0,0,0,1,0
0,0,1,61,1,1,86.81,5295.86,1,1,0,0,1,0,0,0,0,0,0,1,0,0,0,0,0,1,0,0,0,0,0
1,0,0,28,1,0,58.2,1627.06,0,0,0,0,0,0,0,0,0,0,0,0,0,1,0,1,0,0,1,0,1,0,0
0,1,0,30,1,1,21.58,667.52,0,0,0,1,0,1,1,0,1,0,1,0,1,0,1,0,1,0,1,0,0,1,0
0,1,0,40,1,0,55.2,2222.16,1,0,0,1,0,0,0,0,0,1,0,0,0,0,0,1,0,0,1,0,0,0,0
0,1,0,24,1,0,94.68,2313.75,1,1,0,0,1,0,0,1,0,0,0,0,0,1,0,0,0,1,0,1,0,1,0
0,1,0,22,1,0,74.88,1620.86,0,1,0,0,0,0,0,1,0,0,0,1,0,1,0,0,0,1,0,1,0,1,0
0,1,1,20,1,1,75.33,1494.87,1,0,0,1,1,0,0,0,0,0,0,0,0,0,0,1,0,0,0,0,0,1,0
0,0,0,11,1,0,81.62,871.38,1,0,0,0,1,0,0,1,0,1,0,0,0,0,0,0,0,0,0,0,0,1,0
0,0,1,20,1,1,88.86,1785.67,1,1,0,1,1,0,0,0,0,1,0,1,0,0,0,0,0,1,0,0,0,0,0
0,1,1,52,1,1,74.26,3824.8,1,1,0,1,0,0,0,0,0,1,0,0,0,1,0,1,0,1,0,0,0,1,0
0,1,0,18,1,1,89.49,1602.65,1,0,0,0,1,0,0,1,0,0,0,0,0,0,0,1,0,1,0,0,0,0,0
0,0,1,72,1,1,18.42,1364.74,0,1,0,0,0,1,1,0,1,0,1,0,1,0,1,0,1,0,0,1,0,1,0
0,1,1,4,1,0,79.27,347.5,1,1,0,0,0,0,0,0,0,1,0,1,0,1,0,0,0,1,0,0,1,0,0
0,0,1,54,1,0,58.01,3111.26,0,0,0,0,0,0,0,0,0,0,0,1,0,1,0,0,0,0,1,0,0,0,1
0,1,0,21,1,1,85.76,1830.24,0,1,0,1,1,0,0,0,0,0,0,0,0,1,0,1,0,1,0,0,0,0,0
0,0,0,37,1,0,96.5,3574.14,1,1,0,0,1,0,0,0,0,0,0,1,0,1,0,1,0,1,0,0,0,0,1
0,0,0,12,1,1,61.36,752.86,1,1,0,0,0,0,0,0,0,0,0,0,0,0,0,1,0,1,0,0,0,0,1
0,1,1,5,1,1,72.34,384.07,1,0,0,0,1,0,0,0,0,0,0,0,0,0,0,1,0,0,0,0,0,1,0
0,0,1,47,1,0,85.2,3999.86,1,1,0,1,1,0,0,1,0,0,0,1,0,0,0,1,0,0,0,0,0,1,0
0,0,0,61,1,1,56.56,3427.1,0,0,0,1,0,0,0,0,0,1,0,0,0,1,0,0,0,0,1,0,0,0,0
0,1,1,26,1,1,90.23,2318.4,1,0,0,0,0,0,0,1,0,1,0,1,0,0,0,1,0,1,1,0,0,0,1
0,0,0,18,1,1,81.74,1513.21,0,0,0,0,0,0,0,1,0,1,0,1,0,1,0,1,0,1,1,0,1,0,0
0,1,1,25,1,1,61.21,1527.18,0,0,0,0,0,0,0,0,0,1,0,0,0,1,0,0,0,0,0,1,0,0,0
0,0,0,25,1,1,18.49,475.81,0,0,0,1,0,1,1,0,1,0,1,0,1,0,1,0,1,0,0,0,0,1,0
0,0,1,21,0,1,66.83,1393.37,0,1,1,0,0,0,0,1,0,0,0,0,0,0,0,1,0,1,0,0,0,0,0
0,1,0,29,1,0,66.91,1934.5,0,0,0,1,0,0,0,0,0,0,0,0,0,1,0,1,0,1,0,0,0,1,0
1,1,0,38,1,1,65.61,2477.32,0,0,0,1,1,0,0,0,0,0,0,0,0,0,0,0,0,0,0,1,1,0,0
0,1,1,36,1,0,87.8,3137.15,1,0,0,0,1,0,0,0,0,1,0,0,0,0,0,1,0,1,0,0,0,0,1
0,0,0,15,1,0,22.83,338.12,0,1,0,0,0,1,1,0,1,0,1,0,1,0,1,0,1,0,0,1,0,0,1
0,1,0,21,1,0,103.95,2148.47,0,1,0,1,1,0,0,1,0,0,0,1,0,1,0,1,0,1,0,1,0,1,0
0,1,0,10,1,1,18.49,182.43,0,0,0,0,0,1,1,0,1,0,1,0,1,0,1,0,1,0,0,0,0,1,0
0,0,0,35,1,1,76.35,2663.05,1,1,0,1,1,0,0,0,0,0,0,1,0,0,0,1,0,0,0,0,0,0,0
0,0,1,13,1,0,71.34,906.66,0,0,0,0,1,0,0,0,0,0,0,0,0,0,0,0,0,1,1,0,0,0,1
0,0,0,2,1,1,73.55,101.41,1,1,0,0,0,0,0,0,0,1,0,0,0,0,0,1,0,1,1,0,0,1,0
1,0,1,17,1,0,61.29,1020.64,0,0,0,0,1,0,0,0,0,0,0,0,0,0,0,0,0,0,0,1,0,0,1
0,1,0,36,1,0,78.7,2865.38,1,0,0,1,0,0,0,1,0,0,0,1,0,0,0,1,0,1,1,0,0,1,0
0,0,0,38,1,0,73.65,2835.47,0,1,0,1,1,0,0,1,0,0,0,0,0,0,0,0,0,0,0,1,0,0,0
0,0,1,53,1,1,77.06,4056.67,0,1,0,0,1,0,0,1,0,0,0,1,0,0,0,0,0,0,0,0,0,0,1
1,1,0,72,1,1,69.09,4997.54,0,0,0,1,0,0,0,0,0,0,0,1,0,1,0,1,0,0,0,1,0,1,0
0,0,0,26,1,0,73.91,1934.41,1,1,0,1,0,0,0,0,0,1,0,1,0,0,0,0,0,1,0,0,0,0,1
0,0,1,22,1,1,92.46,2056.86,1,1,0,0,1,0,0,1,0,1,0,0,0,0,0,1,0,0,0,0,1,0,0
0,1,0,28,1,1,72.41,2024.44,1,0,0,0,1,0,0,0,0,0,0,0,0,1,0,1,0,0,0,0,0,0,0
0,1,0,19,1,1,79.58,1489.25,1,1,0,1,1,0,0,0,0,0,0,0,0,1,0,1,0,0,0,0,0,0,0
0,1,0,9,1,1,104.0,936.0,1,0,0,0,1,0,0,0,0,1,0,1,0,1,0,0,0,1,1,0,1,0,0
0,0,0,8,0,1,89.29,702.06,1,1,1,0,1,0,0,0,0,1,0,1,0,0,0,1,0,1,1,0,0,0,0
0,1,0,23,0,1,73.84,1772.5,0,1,1,0,0,0,0,0,0,0,0,1,0,1,0,1,0,1,0,1,0,0,1
0,0,0,65,1,0,87.76,5687.52,1,0,0,1,1,0,0,1,0,0,0,1,0,1,0,0,0,0,1,0,1,0,0
0,1,0,18,1,1,46.35,867.76,0,1,0,1,0,0,0,0,0,0,0,0,0,0,0,0,0,0,0,0,0,1,0
0,0,0,42,1,0,84.27,3557.8,0,1,0,0,1,0,0,1,0,1,0,0,0,0,0,0,0,0,0,1,0,0,0
0,0,0,57,1,0,57.9,3314.84,1,0,0,0,0,0,0,1,0,0,0,0,0,0,0,0,0,1,0,0,1,0,0
1,1,0,42,1,1,83.58,3550.9,0,0,0,1,1,0,0,0,0,1,0,0,0,0,0,1,0,1,1,0,0,1,0
1,1,1,45,0,0,105.96,4775.57,1,0,1,0,1,0,0,1,0,1,0,1,0,0,0,1,0,1,0,0,1,0,0
0,0,0,9,1,1,57.68,497.13,1,0,0,0,0,0,0,0,0,0,0,1,0,0,0,1,0,1,0,0,0,1,0
0,1,0,21,1,1,18.25,383.24,0,1,0,0,0,1,1,0,1,0,1,0,1,0,1,0,1,0,0,0,0,1,0
0,1,0,6,1,1,58.81,360.34,0,1,0,1,0,0,0,1,0,1,0,0,0,0,0,0,0,0,0,1,1,0,0
1,0,1,15,1,1,60.63,929.31,1,0,0,1,0,0,0,1,0,0,0,0,0,1,0,0,0,0,0,0,0,1,0
0,0,0,8,1,0,95.14,778.45,1,0,0,1,1,0,0,1,0,0,0,1,0,1,0,0,0,1,0,0,0,1,0
0,0,1,36,1,0,19.86,686.36,0,0,0,1,0,1,1,0,1,0,1,0,1,0,1,0,1,0,1,0,1,0,0
0,0,0,8,1,1,59.19,480.63,0,1,0,1,0,0,0,1,0,0,0,0,0,0,0,0,0,1,0,0,1,0,0
0,0,0,8,1,0,60.21,473.26,0,1,0,1,0,0,0,0,0,0,0,1,0,0,0,0,0,1,0,0,1,0,0
0,0,0,24,1,1,81.75,2007.23,1,1,0,0,1,0,0,0,0,1,0,1,0,0,0,0,0,0,1,0,0,1,0
0,1,0,4,0,1,83.23,358.59,1,0,1,0,1,0,0,0,0,1,0,0,0,0,0,1,0,0,0,0,0,0,0
0,0,0,72,0,1,70.02,5058.72,1,0,1,0,1,0,0,0,0,0,0,1,0,0,0,0,0,0,1,0,0,1,0
0,0,0,21,1,1,23.84,470.45,0,1,0,1,0,1,1,0,1,0,1,0,1,0,1,0,1,0,0,1,0,0,0
1,0,0,56,1,0,63.37,3561.01,1,1,0,1,0,0,0,1,0,0,0,1,0,0,0,0,0,1,0,0,1,0,0
0,0,1,9,1,1,68.21,613.49,0,1,0,0,0,0,0,0,0,1,0,1,0,0,0,1,0,1,1,0,0,1,0
0,1,1,32,1,1,77.38,2504.19,1,1,0,0,1,0,0,0,0,0,0,0,0,1,0,1,0,0,0,0,0,0,1
0,0,1,37,1,1,78.66,2888.57,1,0,0,0,1,0,0,0,0,0,0,0,0,1,0,0,0,1,0,0,0,1,0
0,0,1,11,1,0,68.67,750.49,1,0,0,1,1,0,0,0,0,0,0,0,0,0,0,0,0,1,0,0,0,1,0
0,1,0,44,1,1,22.37,944.75,0,1,0,1,0,1,1,0,1,0,1,0,1,0,1,0,1,0,0,1,1,0,0
0,1,0,15,1,0,20.73,308.59,0,0,0,0,0,1,1,0,1,0,1,0,1,0,1,0,1,0,0,0,0,1,0
1,0,0,18,1,0,72.07,1313.1,1,0,0,1,0,0,0,1,0,0,0,0,0,1,0,0,0,1,0,1,0,0,0
1,1,0,11,1,0,18.25,219.65,0,1,0,1,0,1,1,0,1,0,1,0,1,0,1,0,1,0,0,0,0,1,0
0,0,0,46,1,1,88.04,4053.67,1,1,0,0,1,0,0,0,0,0,0,0,0,1,0,1,0,1,0,0,0,0,1
0,0,0,32,1,0,21.4,713.6,0,1,0,0,0,1,1,0,1,0,1,0,1,0,1,0,1,0,1,0,1,0,0
0,0,1,30,0,1,91.02,2735.46,0,1,1,0,1,0,0,0,0,0,0,1,0,1,0,1,0,0,0,1,0,1,0
0,0,0,30,1,1,18.25,517.18,0,0,0,0,0,1,1,0,1,0,1,0,1,0,1,0,1,0,0,1,0,1,0
0,1,0,31,1,1,24.71,761.1,0,0,0,0,0,1,1,0,1,0,1,0,1,0,1,0,1,0,0,1,0,1,0
1,1,0,14,0,1,57.14,797.48,0,1,1,0,0,0,0,0,0,0,0,0,0,0,0,1,0,1,1,0,0,0,1
0,0,1,42,1,1,74.89,3132.28,1,1,0,1,1,0,0,0,0,0,0,0,0,1,0,1,0,0,0,0,1,0,0
0,1,0,12,1,1,90.76,1032.62,1,0,0,0,1,0,0,0,0,0,0,0,0,1,0,1,0,1,0,0,0,1,0
1,0,0,30,1,0,94.04,2813.33,1,1,0,1,1,0,0,0,0,0,0,1,0,1,0,1,0,0,1,0,0,1,0
1,1,0,23,0,0,50.17,1113.08,0,0,1,0,0,0,0,0,0,0,0,0,0,0,0,0,0,1,1,0,0,1,0
0,1,0,17,1,1,54.12,940.32,0,0,0,1,0,0,0,0,0,0,0,0,0,0,0,0,0,1,1,0,0,1,0
0,0,0,23,1,1,64.3,1492.18,0,0,0,0,0,0,0,1,0,0,0,0,0,0,0,1,0,0,1,0,0,1,0
0,0,0,30,1,1,87.05,2611.34,1,0,0,0,1,0,0,0,0,0,0,1,0,1,0,1,0,0,0,0,0,0,1
0,0,0,42,1,0,92.68,3866.51,0,0,0,0,1,0,0,0,0,1,0,1,0,0,0,1,0,0,0,1,0,1,0
0,1,0,27,1,1,104.73,2808.43,0,0,0,0,1,0,0,1,0,0,0,1,0,1,0,1,0,1,0,0,0,1,0
0,0,0,49,1,1,72.07,3536.92,0,1,0,0,0,0,0,0,0,1,0,1,0,0,0,0,0,1,1,0,0,0,1
0,0,0,15,1,0,20.0,283.71,0,1,0,0,0,1,1,0,1,0,1,0,1,0,1,0,1,0,1,0,0,1,0
0,0,1,20,1,0,94.86,1862.04,1,1,0,1,1,0,0,0,0,1,0,1,0,1,0,1,0,1,0,0,1,0,0
0,1,0,37,1,0,21.22,731.96,0,1,0,0,0,1,1,0,1,0,1,0,1,0,1,0,1,0,0,0,0,0,1
0,1,0,9,1,1,22.66,196.94,0,1,0,0,0,1,1,0,1,0,1,0,1,0,1,0,1,0,0,0,0,0,1
0,0,1,45,1,0,18.46,796.71,0,1,0,1,0,1,1,0,1,0,1,0,1,0,1,0,1,0,0,0,1,0,0
0,0,0,9,1,1,76.1,699.08,1,1,0,0,1,0,0,0,0,1,0,0,0,0,0,1,0,0,0,0,0,1,0
0,1,0,72,1,1,73.24,5249.95,1,1,0,1,1,0,0,0,0,0,0,1,0,0,0,0,0,0,0,0,0,0,1
1,1,0,15,1,0,81.72,1253.22,0,1,0,0,1,0,0,0,0,1,0,1,0,0,0,1,0,0,1,0,0,0,1
0,0,0,72,1,1,65.78,4798.19,0,0,0,0,0,0,0,0,0,0,0,0,0,1,0,1,0,1,0,0,0,1,0
0,0,1,43,1,0,20.95,875.27,0,0,0,0,0,1,1,0,1,0,1,0,1,0,1,0,1,0,0,0,0,0,1
0,0,1,7,1,1,85.0,551.36,1,0,0,0,1,0,0,1,0,0,0,0,0,0,0,0,0,1,0,0,0,0,0
1,0,0,12,1,1,65.98,757.2,1,0,0,0,1,0,0,0,0,0,0,0,0,0,0,0,0,0,0,0,1,0,0
0,0,1,8,1,1,83.84,674.9,0,0,0,0,1,0,0,0,0,0,0,1,0,0,0,0,0,1,0,1,0,0,0
0,0,0,20,0,1,71.54,1388.89,1,0,1,0,1,0,0,0,0,0,0,0,0,0,0,0,0,1,0,1,0,1,0
1,0,0,49,1,0,77.15,3777.1,0,1,0,0,1,0,0,0,0,1,0,0,0,0,0,1,0,0,0,0,0,0,1
0,1,1,68,1,0,55.56,3744.31,0,0,0,1,0,0,0,0,0,0,0,0,0,0,0,1,0,0,1,0,0,1,0
0,0,1,10,1,1,86.71,860.94,0,1,0,1,1,0,0,0,0,0,0,0,0,1,0,1,0,1,0,1,0,0,1
0,0,0,9,1,1,21.61,186.6,1,0,0,0,0,1,1,0,1,0,1,0,1,0,1,0,1,0,0,0,1,0,0
1,0,0,34,0,0,70.74,2416.96,1,0,1,0,1,0,0,0,0,0,0,1,0,0,0,0,0,0,0,0,1,0,0
0,1,0,7,1,0,61.97,437.19,1,1,0,0,0,0,0,1,0,0,0,0,0,1,0,0,0,0,0,0,0,0,1
0,0,0,48,1,0,80.33,3838.91,1,0,0,0,1,0,0,0,0,1,0,1,0,0,0,0,0,0,0,0,1,0,0
0,0,1,40,1,1,83.37,3295.94,1,1,0,1,1,0,0,0,0,0,0,1,0,0,0,0,0,1,1,0,0,1,0
0,1,0,27,1,1,18.47,534.73,0,1,0,1,0,1,1,0,1,0,1,0,1,0,1,0,1,0,0,0,1,0,0
0,0,0,47,1,1,21.38,991.36,0,1,0,0,0,1,1,0,1,0,1,0,1,0,1,0,1,0,0,0,0,0,0
0,1,0,46,1,1,56.55,2561.29,0,1,0,0,0,0,0,0,0,1,0,1,0,0,0,0,0,0,1,0,1,0,0
0,1,0,12,1,1,58.71,752.66,0,1,0,0,0,0,0,0,0,0,0,0,0,1,0,1,0,0,0,0,0,0,1
0,1,0,9,1,1,56.75,546.04,1,0,0,1,0,0,0,0,0,1,0,0,0,1,0,0,0,0,0,0,0,0,0
0,0,0,25,1,1,58.07,1493.8,0,0,0,1,0,0,0,0,0,1,0,0,0,0,0,0,0,1,1,0,1,0,0
1,1,0,48,1,1,111.59,5365.73,0,1,0,1,1,0,0,1,0,0,0,1,0,0,0,1,0,1,0,0,0,0,0
0,0,0,11,1,1,75.14,845.14,0,0,0,0,1,0,0,0,0,0,0,0,0,0,0,0,0,1,0,0,0,1,0
0,0,0,9,1,1,22.28,216.58,0,1,0,0,0,1,1,0,1,0,1,0,1,0,1,0,1,0,0,1,0,0,0
0,0,0,10,1,1,59.06,614.39,0,1,0,0,0,0,0,1,0,0,0,0,0,1,0,0,0,0,0,0,0,1,0
0,0,0,18,1,1,67.31,1184.08,1,0,0,1,0,0,0,0,0,0,0,0,0,1,0,1,0,1,0,0,0,1,0
0,0,1,1,1,0,82.35,117.37,1,0,0,1,1,0,0,1,0,0,0,1,0,0,0,1,0,0,1,0,0,1,0
0,1,1,13,1,1,70.76,935.82,1,1,0,0,1,0,0,0,0,1,0,0,0,0,0,0,0,0,0,0,0,1,0
0,1,0,36,1,1,67.29,2419.14,0,1,0,1,0,0,0,0,0,1,0,0,0,0,0,1,0,1,1,0,0,0,1
0,1,0,48,1,1,49.27,2322.79,1,0,0,1,0,0,0,0,0,0,0,0,0,0,0,0,0,1,1,0,0,0,0
0,0,0,72,1,0,75.55,5438.24,0,0,0,0,1,0,0,0,0,0,0,0,0,1,0,1,0,0,0,0,0,0,0
0,1,1,24,1,1,50.95,1248.43,0,1,0,1,0,0,0,0,0,0,0,0,0,0,0,0,0,1,0,0,0,0,1
0,0,1,16,1,0,90.03,1478.25,0,1,0,0,1,0,0,0,0,0,0,1,0,1,0,1,0,0,0,1,1,0,0
0,0,0,72,1,0,19.32,1373.85,0,1,0,1,0,1,1,0,1,0,1,0,1,0,1,0,1,0,1,0,0,1,0
0,0,0,26,1,1,62.87,1603.61,0,0,0,1,0,0,0,0,0,0,0,1,0,0,0,1,0,1,0,1,0,1,0
0,1,0,27,1,1,79.61,2132.0,1,0,0,1,1,0,0,0,0,0,0,0,0,0,0,1,0,1,0,0,0,0,0
0,1,0,59,0,0,18.83,1122.42,0,0,1,0,0,1,1,0,1,0,1,0,1,0,1,0,1,0,1,0,0,0,0
0,1,0,5,1,0,90.72,460.65,1,1,0,1,1,0,0,1,0,0,0,0,0,1,0,1,0,0,0,0,0,1,0
0,0,0,28,1,0,52.59,1481.91,0,0,0,0,0,0,0,0,0,0,0,0,0,1,0,0,0,0,0,0,1,0,0
1,0,0,8,1,0,55.0,446.84,1,0,0,1,0,0,0,0,0,0,0,0,0,1,0,0,0,0,0,1,1,0,0
0,0,0,4,0,1,18.25,70.54,0,1,1,0,0,1,1,0,1,0,1,0,1,0,1,0,1,0,1,0,0,1,0
0,0,1,12,1,0,65.04,785.48,1,0,0,1,0,0,0,0,0,0,0,1,0,1,0,0,0,0,0,0,0,0,1
0,0,0,72,1,0,21.0,1514.59,0,1,0,1,0,1,1,0,1,0,1,0,1,0,1,0,1,0,1,0,0,1,0
0,1,1,5,1,0,23.12,128.56,0,1,0,0,0,1,1,0,1,0,1,0,1,0,1,0,1,0,0,1,0,1,0
0,1,0,18,0,1,18.25,317.91,0,0,1,0,0,1,1,0,1,0,1,0,1,0,1,0,1,0,1,0,1,0,0
1,1,0,45,1,1,18.25,798.84,0,1,0,1,0,1,1,0,1,0,1,0,1,0,1,0,1,0,1,0,0,0,0
0,1,0,13,1,1,20.81,242.5,0,0,0,1,0,1,1,0,1,0,1,0,1,0,1,0,1,0,1,0,0,1,0
0,1,0,72,1,0,23.56,1668.0,0,0,0,0,0,1,1,0,1,0,1,0,1,0,1,0,1,0,1,0,0,1,0
0,0,0,25,1,0,79.11,1991.88,1,1,0,1,1,0,0,0,0,1,0,0,0,0,0,0,0,1,0,1,0,0,1
0,1,1,5,1,1,71.54,372.49,0,1,0,0,0,0,0,0,0,0,0,1,0,1,0,1,0,0,0,0,0,0,1
1,1,0,12,1,1,66.92,811.38,0,0,0,1,0,0,0,0,0,1,0,0,0,1,0,0,0,1,0,0,1,0,0
1,1,0,5,1,0,72.85,396.07,1,1,0,0,1,0,0,0,0,0,0,1,0,0,0,0,0,0,1,0,1,0,0
0,1,0,13,1,1,74.8,1006.71,0,0,0,0,0,0,0,0,0,1,0,0,0,1,0,1,0,1,0,0,1,0,0
1,1,1,20,1,0,22.93,504.92,0,1,0,1,0,1,1,0,1,0,1,0,1,0,1,0,1,0,0,1,1,0,0
0,1,0,45,0,1,19.93,938.81,0,1,1,0,0,1,1,0,1,0,1,0,1,0,1,0,1,0,0,0,0,0,0
0,1,0,72,1,1,97.14,6984.33,0,0,0,0,1,0,0,0,0,1,0,0,0,0,0,1,0,1,0,1,0,0,0
0,0,0,21,1,1,18.67,386.07,0,1,0,1,0,1,1,0,1,0,1,0,1,0,1,0,1,0,0,1,0,0,1
0,1,0,40,1,0,73.02,2896.23,1,0,0,1,1,0,0,0,0,0,0,1,0,0,0,0,0,0,0,0,1,0,0
0,1,0,23,1,1,106.86,2425.17,1,1,0,1,1,0,0,1,0,1,0,1,0,0,0,1,0,1,0,1,0,1,0
0,0,0,11,1,0,24.04,235.98,0,1,0,1,0,1,1,0,1,0,1,0,1,0,1,0,1,0,0,0,1,0,0
0,1,0,15,1,1,24.09,387.02,0,0,0,0,0,1,1,0,1,0,1,0,1,0,1,0,1,0,0,0,0,0,1
0,0,1,67,0,1,19.0,1274.15,0,0,1,0,0,1,1,0,1,0,1,0,1,0,1,0,1,0,0,0,0,0,0
0,1,0,17,1,1,72.53,1232.06,1,0,0,0,1,0,0,0,0,0,0,0,0,0,0,0,0,1,0,0,0,0,1
1,0,1,72,1,1,65.88,4726.68,0,1,0,1,0,0,0,1,0,0,0,1,0,1,0,0,0,0,1,0,0,0,1
0,0,0,27,1,1,77.69,2118.2,0,1,0,0,1,0,0,0,0,0,0,0,0,1,0,0,0,1,0,0,1,0,0
0,0,0,29,0,1,76.26,2153.7,1,0,1,0,1,0,0,0,0,1,0,0,0,0,0,1,0,0,0,0,0,1,0
0,1,0,58,0,1,19.25,1099.57,0,0,1,0,0,1,1,0,1,0,1,0,1,0,1,0,1,0,0,1,0,1,0
0,1,0,30,1,1,85.62,2573.95,1,0,0,0,1,0,0,0,0,0,0,0,0,1,0,0,0,1,0,0,0,0,1
0,1,0,1,1,0,19.86,30.76,0,0,0,1,0,1,1,0,1,0,1,0,1,0,1,0,1,0,1,0,0,1,0
0,0,1,13,1,1,73.65,943.1,1,0,0,0,0,0,0,1,0,1,0,0,0,0,0,1,0,1,1,0,0,0,1
0,1,1,29,1,1,92.4,2670.68,1,1,0,1,1,0,0,1,0,0,0,0,0,0,0,1,0,1,0,0,0,1,0
0,0,1,31,1,0,92.51,2843.14,1,0,0,1,1,0,0,0,0,0,0,1,0,1,0,1,0,1,0,1,0,0,0
0,1,0,31,1,1,25.15,792.57,0,1,0,1,0,1,1,0,1,0,1,0,1,0,1,0,1,0,0,1,0,0,1
0,1,0,24,1,0,86.28,2077.28,1,1,0,1,1,0,0,0,0,0,0,0,0,1,0,0,0,1,0,0,0,1,0
0,1,0,28,1,0,58.44,1629.01,1,0,0,1,0,0,0,0,0,0,0,1,0,0,0,1,0,0,0,1,0,0,1
0,1,1,62,1,0,21.63,1336.69,0,1,0,0,0,1,1,0,1,0,1,0,1,0,1,0,1,0,0,0,0,1,0
0,0,1,19,1,1,64.22,1229.07,1,1,0,0,0,0,0,0,0,0,0,1,0,1,0,0,0,1,0,0,1,0,0
0,0,1,24,1,0,84.6,2009.69,1,0,0,0,1,0,0,1,0,0,0,1,0,0,0,0,0,1,1,0,0,0,1
1,1,0,49,1,1,90.11,4424.42,1,0,0,1,1,0,0,0,0,1,0,0,0,1,0,1,0,1,0,0,0,1,0
0,1,0,51,1,1,23.28,1214.24,1,0,0,0,0,1,1,0,1,0,1,0,1,0,1,0,1,0,0,1,0,1,0
0,0,1,9,1,1,51.19,458.64,1,0,0,0,0,0,0,0,0,1,0,0,0,0,0,0,0,0,0,0,1,0,0
0,0,0,3,1,0,81.18,259.4,1,1,0,0,1,0,0,0,0,0,0,1,0,1,0,0,0,0,1,0,0,1,0
0,0,1,43,1,0,48.91,2098.66,1,0,0,0,0,0,0,0,0,0,0,0,0,0,0,1,0,0,0,0,1,0,0
0,0,0,35,1,1,112.22,3963.34,1,1,0,1,1,0,0,0,0,1,0,1,0,1,0,1,0,1,0,0,0,0,1
0,0,0,26,1,1,81.94,2130.77,0,1,0,0,1,0,0,1,0,0,0,0,0,0,0,1,0,0,1,0,0,0,1
0,0,0,46,0,1,85.8,3980.58,1,1,1,0,1,0,0,1,0,1,0,0,0,0,0,1,0,1,0,0,0,0,0
1,1,1,22,1,0,21.3,460.47,0,1,0,0,0,1,1,0,1,0,1,0,1,0,1,0,1,0,0,1,0,1,0
0,0,1,34,0,1,77.05,2605.84,0,1,1,0,1,0,0,0,0,1,0,0,0,0,0,1,0,0,0,1,0,1,0
0,0,1,17,1,0,21.92,398.31,0,1,0,1,0,1,1,0,1,0,1,0,1,0,1,0,1,0,0,0,0,0,0
1,1,0,13,1,0,18.37,267.35,0,0,0,0,0,1,1,0,1,0,1,0,1,0,1,0,1,0,0,0,1,0,0
0,0,0,21,0,1,70.29,1496.49,1,1,1,0,1,0,0,0,0,1,0,0,0,0,0,0,0,0,0,0,0,0,0
0,1,0,6,1,1,60.38,395.65,1,1,0,0,0,0,0,0,0,1,0,0,0,0,0,1,0,0,0,0,0,1,0
0,1,0,12,1,1,67.92,768.93,0,0,0,1,0,0,0,0,0,0,0,1,0,0,0,0,0,1,0,0,1,0,0
0,0,1,25,1,0,98.03,2437.45,1,0,0,0,1,0,0,0,0,0,0,1,0,1,0,1,0,1,1,0,1,0,0
0,0,0,34,1,1,78.53,2658.33,0,0,0,1,0,0,0,0,0,1,0,1,0,0,0,1,0,1,0,0,1,0,0
0,1,0,57,1,1,65.14,3690.42,1,1,0,0,0,0,0,0,0,0,0,1,0,0,0,1,0,0,0,0,0,0,1
0,0,0,24,1,1,72.0,1729.91,0,1,0,0,0,0,0,0,0,0,0,0,0,1,0,1,0,1,1,0,0,0,1
0,1,0,13,1,0,82.64,1069.1,1,0,0,1,1,0,0,0,0,1,0,1,0,1,0,0,0,0,0,1,0,1,0
0,0,1,8,1,1,60.49,477.99,1,0,0,1,0,0,0,0,0,0,0,0,0,1,0,1,0,0,1,0,0,1,0
1,1,0,54,1,1,72.48,3903.17,0,1,0,1,0,0,0,0,0,1,0,0,0,1,0,1,0,1,1,0,0,0,0
0,0,1,29,1,0,94.55,2746.49,1,0,0,1,1,0,0,1,0,0,0,0,0,1,0,1,0,1,0,0,0,0,1
0,1,1,23,1,1,67.85,1543.95,0,0,0,0,0,0,0,1,0,0,0,0,0,1,0,1,0,1,0,1,0,1,0
1,1,1,29,1,1,51.67,1499.27,1,0,0,0,0,0,0,0,0,0,0,0,0,1,0,0,0,0,0,0,0,1,0
1,0,1,47,1,1,108.04,5101.64,1,1,0,1,1,0,0,0,0,0,0,1,0,1,0,1,0,1,1,0,0,0,0
0,1,1,69,0,0,18.25,1275.13,0,0,1,0,0,1,1,0,1,0,1,0,1,0,1,0,1,0,0,0,0,0,0
0,1,0,7,1,0,66.33,472.83,1,1,0,0,0,0,0,1,0,1,0,0,0,0,0,0,0,0,0,0,0,1,0
0,1,0,21,1,0,79.5,1716.9,0,0,0,1,1,0,0,0,0,1,0,0,0,0,0,1,0,0,0,1,1,0,0
0,0,0,44,0,1,68.16,2954.34,0,1,1,0,0,0,0,1,0,1,0,1,0,1,0,0,0,0,0,0,0,1,0
0,1,1,8,1,1,71.4,576.58,0,1,0,1,1,0,0,0,0,1,0,0,0,0,0,0,0,0,1,0,0,0,1
0,0,1,72,1,0,67.17,4800.72,0,1,0,0,0,0,0,1,0,0,0,1,0,0,0,0,0,1,0,1,1,0,0
0,1,1,21,1,0,90.62,1910.02,1,0,0,1,1,0,0,0,0,0,0,1,0,1,0,0,0,1,0,0,0,1,0
0,0,1,72,1,1,80.07,5785.0,1,0,0,1,1,0,0,0,0,1,0,0,0,0,0,1,0,1,0,0,0,1,0
0,0,0,6,1,0,51.49,312.91,1,0,0,1,0,0,0,0,0,1,0,0,0,0,0,0,0,0,0,0,1,0,0
0,1,1,53,1,0,19.57,997.63,1,0,0,0,0,1,1,0,1,0,1,0,1,0,1,0,1,0,1,0,1,0,0
0,0,1,15,0,0,100.66,1548.36,0,0,1,0,1,0,0,1,0,1,0,0,0,1,0,1,0,1,1,0,0,0,1
0,1,0,26,0,1,66.22,1683.97,0,0,1,0,0,0,0,0,0,0,0,1,0,0,0,1,0,1,0,0,1,0,0
1,1,0,40,1,1,81.59,3244.81,0,1,0,0,1,0,0,1,0,0,0,1,0,0,0,1,0,0,0,1,1,0,0
1,0,1,50,1,1,54.73,2766.1,0,0,0,1,0,0,0,1,0,0,0,0,0,0,0,1,0,0,0,0,0,1,0
0,0,0,36,1,0,77.94,2812.0,1,1,0,0,0,0,0,1,0,0,0,1,0,1,0,1,0,0,0,0,0,0,0
0,0,0,25,0,1,84.11,2047.7,0,1,1,0,1,0,0,1,0,0,0,0,0,1,0,0,0,1,0,1,0,0,0
1,0,0,29,1,0,21.94,638.27,0,1,0,1,0,1,1,0,1,0,1,0,1,0,1,0,1,0,0,0,1,0,0
1,1,0,72,1,0,18.89,1367.96,0,1,0,1,0,1,1,0,1,0,1,0,1,0,1,0,1,0,0,0,1,0,0
1,0,0,56,0,1,86.86,4888.44,0,0,1,0,1,0,0,1,0,0,0,1,0,0,0,0,0,1,1,0,0,1,0
0,1,0,11,1,0,18.25,228.26,0,0,0,0,0,1,1,0,1,0,1,0,1,0,1,0,1,0,0,1,0,1,0
0,0,1,29,1,1,80.16,2341.02,1,1,0,1,1,0,0,1,0,0,0,0,0,0,0,0,0,1,0,0,0,1,0
0,0,0,37,1,1,59.63,2209.24,0,0,0,0,0,0,0,1,0,0,0,1,0,0,0,0,0,1,1,0,0,0,0
0,1,0,2,1,1,86.19,159.13,0,1,0,1,1,0,0,0,0,0,0,1,0,0,0,1,0,1,0,1,1,0,0
0,0,0,60,1,1,74.98,4515.01,1,1,0,0,1,0,0,0,0,0,0,1,0,0,0,0,0,0,0,0,0,0,0
0,0,0,12,0,0,57.5,689.71,0,1,1,0,0,0,0,0,0,0,0,1,0,0,0,0,0,1,0,1,0,1,0
0,0,0,16,1,1,91.96,1499.51,0,1,0,1,1,0,0,0,0,0,0,1,0,1,0,0,0,1,1,0,1,0,0
0,0,0,9,1,0,47.82,452.39,0,1,0,1,0,0,0,0,0,0,0,0,0,0,0,0,0,1,0,1,1,0,0
0,0,0,53,0,1,69.96,3665.28,0,1,1,0,1,0,0,0,0,0,0,0,0,0,0,1,0,0,0,1,0,1,0
0,0,0,42,0,1,77.89,3337.93,0,1,1,0,1,0,0,0,0,0,0,0,0,0,0,1,0,1,0,0,0,0,1
0,0,0,55,1,0,78.05,4294.35,0,1,0,0,1,0,0,1,0,1,0,0,0,0,0,0,0,0,0,0,0,0,1
0,0,0,72,1,1,70.98,5126.03,1,0,0,0,1,0,0,0,0,0,0,0,0,0,0,1,0,0,0,0,0,1,0
1,1,0,32,1,1,79.0,2487.19,0,1,0,1,0,0,0,1,0,1,0,1,0,1,0,1,0,0,0,0,0,0,0
0,1,1,18,1,1,89.53,1612.37,1,1,0,0,1,0,0,1,0,0,0,0,0,1,0,0,0,1,0,0,0,1,0
0,0,0,32,1,0,63.58,2017.85,1,0,0,1,0,0,0,0,0,0,0,1,0,0,0,1,0,0,0,0,1,0,0
0,0,0,16,0,0,51.17,846.31,0,1,1,0,0,0,0,0,0,1,0,0,0,1,0,0,0,0,0,0,0,0,0
0,0,0,40,1,1,90.56,3611.33,1,0,0,0,1,0,0,0,0,0,0,0,0,1,0,1,0,1,0,0,0,0,1
0,1,1,62,1,1,88.59,5491.88,0,1,0,0,1,0,0,1,0,0,0,0,0,0,0,1,0,0,0,0,0,0,0
0,1,1,13,1,1,91.26,1130.5,0,0,0,1,1,0,0,1,0,1,0,1,0,0,0,0,0,1,0,1,0,1,0
1,0,1,32,1,1,64.79,2064.54,0,0,0,1,0,0,0,0,0,0,0,1,0,0,0,0,0,1,1,0,1,0,0
0,1,1,25,1,1,20.79,584.43,0,0,0,1,0,1,1,0,1,0,1,0,1,0,1,0,1,0,1,0,1,0,0
1,1,0,26,1,1,20.99,561.5,0,0,0,0,0,1,1,0,1,0,1,0,1,0,1,0,1,0,0,0,0,0,0
0,1,0,53,1,1,25.88,1362.87,0,1,0,0,0,1,1,0,1,0,1,0,1,0,1,0,1,0,0,0,0,1,0
0,0,0,38,1,1,52.2,2006.57,0,1,0,0,0,0,0,0,0,0,0,0,0,0,0,1,0,0,1,0,1,0,0
0,0,0,22,1,0,69.77,1520.4,1,1,0,0,0,0,0,1,0,1,0,0,0,0,0,1,0,0,0,0,0,0,0
0,1,0,24,1,1,76.81,1847.37,0,1,0,0,1,0,0,0,0,0,0,0,0,0,0,1,0,0,0,1,0,1,0
1,0,0,29,1,0,64.46,1890.17,0,1,0,1,0,0,0,0,0,0,0,1,0,0,0,1,0,1,0,1,0,0,0
0,1,0,28,1,1,55.31,1569.75,0,1,0,0,0,0,0,0,0,0,0,1,0,0,0,0,0,1,1,0,0,1,0
0,0,0,29,1,1,80.82,2418.35,1,0,0,1,1,0,0,0,0,0,0,1,0,1,0,0,0,0,0,0,0,1,0
0,0,0,46,1,0,18.25,799.66,0,1,0,1,0,1,1,0,1,0,1,0,1,0,1,0,1,0,0,0,0,0,1
1,0,0,9,1,1,77.35,698.02,1,1,0,1,1,0,0,1,0,0,0,0,0,1,0,0,0,0,0,0,1,0,0
0,1,1,38,1,1,70.95,2716.61,0,0,0,0,0,0,0,1,0,0,0,1,0,0,0,1,0,1,0,0,0,0,0
0,1,0,41,1,0,73.75,3044.97,0,1,0,1,0,0,0,1,0,1,0,1,0,0,0,1,0,0,0,1,0,1,0
0,1,0,72,1,0,79.97,5784.12,1,0,0,0,0,0,0,1,0,0,0,0,0,1,0,1,0,1,0,0,0,1,0
0,0,0,25,1,1,59.22,1459.89,0,0,0,0,0,0,0,0,0,0,0,1,0,0,0,0,0,1,0,1,0,0,1
0,1,0,38,1,1,63.15,2385.27,0,0,0,0,0,0,0,0,0,0,0,1,0,1,0,1,0,0,0,1,0,0,1
0,0,0,52,1,1,40.72,2143.83,0,1,0,1,0,0,0,0,0,0,0,0,0,0,0,0,0,0,0,1,1,0,0
1,1,0,37,0,1,51.14,1926.77,0,1,1,0,0,0,0,0,0,1,0,0,0,0,0,0,0,0,0,1,1,0,0
0,0,1,3,1,0,80.86,212.59,0,0,0,0,0,0,0,1,0,1,0,1,0,0,0,1,0,1,0,0,0,0,1
0,0,1,4,1,1,23.43,47.07,1,0,0,0,0,1,1,0,1,0,1,0,1,0,1,0,1,0,1,0,0,0,0
0,1,0,23,1,0,77.74,1802.75,1,0,0,1,1,0,0,0,0,0,0,0,0,0,0,1,0,1,0,0,1,0,0
0,0,0,27,1,1,19.5,535.8,0,1,0,0,0,1,1,0,1,0,1,0,1,0,1,0,1,0,0,0,0,0,1
0,0,0,34,1,1,84.83,2875.66,0,1,0,1,1,0,0,0,0,0,0,1,0,0,0,1,0,0,0,1,0,0,0
1,0,1,8,1,1,91.01,758.76,0,1,0,0,1,0,0,0,0,0,0,1,0,0,0,1,0,1,0,1,0,1,0
0,0,1,42,1,1,73.48,3104.34,0,1,0,1,1,0,0,1,0,0,0,0,0,0,0,0,0,0,0,0,0,1,0
0,0,1,8,1,0,98.13,824.84,1,1,0,0,1,0,0,1,0,1,0,1,0,1,0,0,0,0,0,1,0,0,0
1,0,0,37,1,0,62.63,2312.14,0,0,0,0,0,0,0,0,0,0,0,0,0,1,0,1,0,0,0,1,1,0,0
0,0,0,11,1,1,81.1,917.45,0,1,0,1,1,0,0,0,0,0,0,1,0,0,0,1,0,0,0,1,0,1,0
0,1,1,41,1,0,66.64,2726.22,0,0,0,1,0,0,0,1,0,1,0,0,0,0,0,0,0,1,0,0,0,0,0
0,0,0,52,1,1,18.77,1032.43,0,0,0,1,0,1,1,0,1,0,1,0,1,0,1,0,1,0,0,0,0,0,1
0,0,0,14,1,0,65.4,950.04,1,1,0,0,0,0,0,1,0,1,0,1,0,0,0,0,0,0,0,0,0,0,0
0,1,0,36,1,0,70.29,2485.62,0,0,0,1,0,0,0,0,0,0,0,1,0,1,0,1,0,1,0,0,0,1,0
0,0,1,31,1,1,73.39,2262.08,1,0,0,0,1,0,0,0,0,1,0,0,0,0,0,0,0,0,0,0,1,0,0
0,1,0,13,1,0,75.34,976.42,0,1,0,0,0,0,0,1,0,1,0,0,0,0,0,0,0,1,0,0,0,0,1
0,1,0,8,1,1,20.61,150.03,0,1,0,1,0,1,1,0,1,0,1,0,1,0,1,0,1,0,0,1,0,1,0
1,0,1,43,1,1,75.27,3233.94,0,0,0,1,1,0,0,0,0,0,0,1,0,0,0,0,0,0,0,0,0,1,0
0,1,1,72,1,0,66.37,4773.29,0,0,0,1,1,0,0,0,0,0,0,0,0,0,0,0,0,0,0,1,1,0,0
1,0,0,21,1,1,49.16,976.71,0,0,0,1,0,0,0,0,0,0,0,1,0,0,0,0,0,0,1,0,0,0,0
0,1,0,3,1,0,83.11,247.17,1,0,0,0,1,0,0,0,0,1,0,0,0,0,0,1,0,0,0,0,0,1,0
1,0,0,2,0,1,60.92,127.53,0,1,1,0,0,0,0,0,0,0,0,0,0,1,0,1,0,1,0,1,0,0,1
0,0,0,29,1,1,87.35,2499.6,1,0,0,0,0,0,0,1,0,1,0,0,0,1,0,1,0,1,0,0,1,0,0
1,0,1,6,1,1,80.08,479.48,1,0,0,1,1,0,0,0,0,0,0,0,0,0,0,1,0,1,1,0,0,0,1
0,0,0,4,1,1,53.5,228.73,0,0,0,1,0,0,0,1,0,0,0,0,0,0,0,0,0,0,0,1,0,0,1
0,1,0,13,0,0,91.07,1176.13,1,0,1,0,1,0,0,1,0,1,0,0,0,1,0,0,0,0,0,0,0,1,0
0,1,0,42,1,1,68.89,2909.92,0,0,0,0,1,0,0,0,0,0,0,1,0,0,0,0,0,0,0,1,1,0,0
0,0,1,40,1,1,18.25,744.26,0,0,0,0,0,1,1,0,1,0,1,0,1,0,1,0,1,0,0,1,0,0,1
0,0,0,44,1,0,90.8,3941.15,0,1,0,1,1,0,0,1,0,1,0,0,0,0,0,1,0,0,0,1,1,0,0
1,0,0,17,0,0,69.79,1168.25,0,0,1,0,0,0,0,0,0,1,0,1,0,1,0,0,0,1,0,1,0,1,0
0,0,1,18,1,1,18.25,350.05,0,1,0,1,0,1,1,0,1,0,1,0,1,0,1,0,1,0,0,0,0,1,0
1,1,0,55,1,1,76.62,4205.19,0,0,0,1,1,0,0,0,0,1,0,1,0,0,0,0,0,0,1,0,0,0,1
0,1,0,20,1,0,67.93,1394.51,1,0,0,1,0,0,0,0,0,1,0,0,0,0,0,1,0,1,0,0,0,1,0
1,0,0,8,1,1,92.54,699.31,0,0,0,1,1,0,0,0,0,1,0,0,0,1,0,1,0,0,1,0,0,0,0
1,0,1,13,1,0,80.21,1012.7,0,1,0,0,1,0,0,0,0,0,0,0,0,0,0,0,0,1,1,0,0,1,0
0,0,1,44,1,1,72.01,3204.22,0,0,0,0,0,0,0,0,0,0,0,1,0,1,0,0,0,1,1,0,0,1,0
0,0,0,36,1,1,22.42,827.0,0,1,0,0,0,1,1,0,1,0,1,0,1,0,1,0,1,0,0,1,0,0,0
0,0,0,23,1,1,18.45,411.96,0,1,0,0,0,1,1,0,1,0,1,0,1,0,1,0,1,0,0,0,0,1,0
0,0,1,5,1,1,90.27,437.51,1,1,0,1,1,0,0,0,0,0,0,1,0,1,0,0,0,1,0,0,0,1,0
0,1,1,36,0,1,75.1,2749.97,0,0,1,0,0,0,0,1,0,1,0,1,0,0,0,1,0,0,1,0,0,0,0
0,0,0,20,1,1,61.88,1230.41,0,1,0,0,0,0,0,0,0,1,0,0,0,1,0,0,0,0,0,0,0,0,1
0,1,0,7,1,0,77.18,500.27,0,0,0,1,1,0,0,0,0,0,0,0,0,1,0,0,0,1,0,0,0,1,0
0,1,1,44,1,0,66.73,2975.35,1,1,0,1,0,0,0,1,0,0,0,1,0,0,0,0,0,1,0,0,1,0,0
0,0,0,21,1,1,71.22,1448.5,0,0,0,0,0,0,0,1,0,0,0,1,0,1,0,0,0,0,0,0,0,0,1
0,1,0,28,1,1,93.44,2597.31,1,0,0,0,1,0,0,0,0,0,0,1,0,0,0,1,0,1,0,1,0,0,0
0,1,1,61,1,1,74.56,4508.75,0,0,0,0,1,0,0,0,0,1,0,0,0,0,0,0,0,0,1,0,0,1,0
1,0,1,33,1,1,49.65,1685.03,0,0,0,0,0,0,0,0,0,0,0,1,0,0,0,0,0,0,0,0,0,0,1
1,0,0,41,0,0,73.79,3019.55,0,0,1,0,1,0,0,0,0,0,0,0,0,0,0,0,0,1,0,1,1,0,0
1,1,0,26,1,1,54.27,1368.24,0,0,0,0,0,0,0,0,0,1,0,0,0,0,0,0,0,0,0,1,1,0,0
0,0,0,47,1,1,75.83,3586.07,0,0,0,0,1,0,0,0,0,0,0,0,0,0,0,1,0,0,1,0,0,1,0
0,0,0,9,1,0,81.53,755.68,0,1,0,0,1,0,0,0,0,0,0,0,0,0,0,1,0,1,0,1,0,1,0
0,1,0,5,1,1,58.03,261.06,0,1,0,0,0,0,0,0,0,1,0,0,0,0,0,0,0,0,0,0,0,0,0
0,0,0,8,1,1,25.96,253.12,0,0,0,0,0,1,1,0,1,0,1,0,1,0,1,0,1,0,0,0,0,0,0
1,0,0,18,1,1,18.25,282.11,1,1,0,1,0,1,1,0,1,0,1,0,1,0,1,0,1,0,0,0,0,1,0
0,0,0,41,1,0,19.64,818.23,0,0,0,0,0,1,1,0,1,0,1,0,1,0,1,0,1,0,1,0,1,0,0
0,0,0,17,1,0,76.37,1337.92,0,0,0,0,0,0,0,0,0,1,0,1,0,1,0,0,0,1,1,0,1,0,0
1,0,1,40,1,0,18.57,791.12,0,1,0,0,0,1,1,0,1,0,1,0,1,0,1,0,1,0,0,0,0,0,1
0,0,0,29,1,1,88.64,2594.54,0,0,0,0,1,0,0,1,0,0,0,0,0,1,0,1,0,0,0,0,1,0,0
0,1,0,72,1,1,50.27,3600.0,1,0,0,0,0,0,0,0,0,0,0,0,0,0,0,0,0,0,0,1,0,1,0
0,0,0,29,1,0,92.88,2703.85,1,0,0,0,1,0,0,0,0,0,0,1,0,1,0,1,0,1,0,0,0,0,0
0,0,1,15,1,1,23.17,324.21,0,0,0,1,0,1,1,0,1,0,1,0,1,0,1,0,1,0,0,0,0,0,1
0,1,0,38,1,1,20.08,795.18,0,0,0,1,0,1,1,0,1,0,1,0,1,0,1,0,1,0,1,0,1,0,0
0,0,0,27,1,0,81.28,2215.46,0,0,0,0,0,0,0,0,0,1,0,1,0,0,0,1,0,1,1,0,1,0,0
0,0,1,9,1,1,60.51,584.89,0,0,0,1,0,0,0,0,0,0,0,0,0,1,0,1,0,0,0,0,0,0,0
0,1,0,23,0,0,68.02,1570.66,0,1,1,0,1,0,0,0,0,0,0,0,0,0,0,0,0,1,0,1,0,1,0
0,1,0,22,1,1,19.47,420.7,0,0,0,0,0,1,1,0,1,0,1,0,1,0,1,0,1,0,0,0,0,1,0
0,0,0,23,0,1,18.25,456.27,0,0,1,0,0,1,1,0,1,0,1,0,1,0,1,0,1,0,0,0,1,0,0
0,1,0,10,0,1,52.69,506.13,1,1,1,0,0,0,0,0,0,0,0,1,0,0,0,0,0,0,0,0,0,0,1
0,0,0,72,1,1,81.56,5889.25,1,1,0,0,0,0,0,0,0,1,0,1,0,1,0,1,0,1,0,0,0,1,0
0,1,1,6,0,0,70.66,425.37,1,0,1,0,1,0,0,0,0,0,0,1,0,0,0,0,0,0,1,0,0,0,0
0,0,0,61,1,1,69.39,4260.96,1,1,0,0,0,0,0,0,0,1,0,1,0,0,0,1,0,0,0,0,1,0,0
0,0,0,25,1,1,52.49,1316.14,1,0,0,1,0,0,0,0,0,0,0,0,0,0,0,0,0,1,0,0,0,0,1
0,1,1,12,1,0,95.93,1163.42,0,1,0,0,1,0,0,0,0,1,0,1,0,1,0,0,0,1,0,0,1,0,0
0,0,0,72,1,1,68.91,4927.95,1,1,0,0,0,0,0,0,0,1,0,1,0,1,0,0,0,1,0,0,0,0,0
0,1,0,1,1,1,103.97,86.99,1,0,0,0,1,0,0,1,0,1,0,0,0,1,0,1,0,1,0,0,0,0,1
1,1,0,12,1,1,21.76,252.75,0,1,0,1,0,1,1,0,1,0,1,0,1,0,1,0,1,0,0,0,0,1,0
1,0,0,22,1,0,76.5,1701.08,0,1,0,0,0,0,0,0,0,0,0,1,0,1,0,1,0,1,1,0,0,0,1
1,1,0,13,1,1,85.97,1111.08,1,0,0,1,1,0,0,0,0,0,0,1,0,1,0,0,0,1,0,0,1,0,0
0,0,0,24,1,0,84.15,2012.66,1,0,0,1,1,0,0,0,0,0,0,1,0,0,0,1,0,1,0,0,0,0,1
1,0,0,39,1,1,94.3,3717.29,1,1,0,1,1,0,0,1,0,0,0,0,0,1,0,1,0,1,0,0,0,0,1
0,1,0,8,1,0,20.01,173.96,0,0,0,0,0,1,1,0,1,0,1,0,1,0,1,0,1,0,0,0,0,1,0
0,1,0,31,1,1,70.19,2167.7,1,0,0,0,0,0,0,1,0,1,0,0,0,1,0,0,0,0,0,0,0,1,0
1,0,0,42,1,0,24.11,1027.97,0,0,0,0,0,1,1,0,1,0,1,0,1,0,1,0,1,0,1,0,0,0,1
0,1,0,9,0,1,88.44,776.2,1,1,1,0,1,0,0,0,0,1,0,0,0,0,0,1,0,1,1,0,1,0,0
0,0,0,29,1,1,47.97,1417.71,0,1,0,1,0,0,0,0,0,1,0,0,0,0,0,0,0,0,0,0,0,1,0
0,1,0,22,1,1,91.93,2027.48,0,0,0,1,1,0,0,1,0,0,0,0,0,1,0,1,0,1,0,0,1,0,0
0,0,1,10,1,0,107.34,1094.63,0,0,0,1,1,0,0,1,0,1,0,0,0,1,0,1,0,1,1,0,0,0,0
0,1,1,11,1,1,59.48,622.88,0,1,0,0,0,0,0,0,0,1,0,0,0,0,0,0,0,1,0,1,0,1,0
0,0,1,11,1,0,24.47,263.26,0,0,0,1,0,1,1,0,1,0,1,0,1,0,1,0,1,0,0,0,0,0,0
0,0,0,17,1,1,57.92,944.23,0,1,0,0,0,0,0,0,0,1,0,0,0,0,0,0,0,0,0,0,1,0,0
0,1,0,17,1,1,66.52,1100.56,0,0,0,0,0,0,0,0,0,0,0,0,0,1,0,1,0,0,0,1,1,0,0
0,0,0,63,1,1,86.21,5395.35,0,0,0,1,1,0,0,0,0,1,0,0,0,0,0,1,0,0,1,0,0,0,0
0,1,0,32,1,1,72.56,2359.57,0,0,0,1,1,0,0,1,0,1,0,0,0,0,0,0,0,0,1,0,1,0,0
0,1,1,33,1,0,74.85,2506.83,0,0,0,1,1,0,0,0,0,0,0,0,0,0,0,0,0,1,1,0,0,0,1
0,1,0,28,1,1,83.79,2324.4,1,1,0,0,1,0,0,1,0,1,0,0,0,0,0,1,0,0,1,0,0,0,0
0,0,1,29,1,1,98.26,2866.5,1,0,0,0,1,0,0,1,0,1,0,1,0,0,0,0,0,1,0,0,0,0,1
0,0,0,35,1,0,85.63,2990.91,1,1,0,0,1,0,0,0,0,0,0,0,0,1,0,1,0,1,1,0,1,0,0
0,1,1,9,1,1,73.16,691.44,1,0,0,1,1,0,0,0,0,0,0,0,0,1,0,1,0,0,0,1,0,1,0
0,0,1,23,1,1,53.89,1287.89,0,0,0,1,0,0,0,1,0,0,0,0,0,0,0,0,0,0,0,0,0,1,0
0,0,1,12,1,1,70.09,814.52,0,1,0,0,1,0,0,0,0,0,0,1,0,0,0,0,0,0,1,0,0,0,1
0,1,0,49,1,1,23.53,1135.39,0,1,0,0,0,1,1,0,1,0,1,0,1,0,1,0,1,0,0,1,0,0,1
0,1,1,16,1,1,82.32,1277.6,0,1,0,0,1,0,0,0,0,0,0,0,0,0,0,1,0,1,0,0,1,0,0
0,1,0,35,1,0,100.52,3546.2,1,1,0,0,1,0,0,0,0,1,0,1,0,1,0,0,0,1,0,1,0,0,1
0,1,0,40,1,1,76.41,3061.87,1,1,0,1,1,0,0,0,0,0,0,0,0,0,0,1,0,0,0,0,0,1,0
0,0,0,31,1,1,45.87,1394.15,0,0,0,0,0,0,0,0,0,0,0,0,0,0,0,0,0,0,0,1,0,0,0
1,0,1,28,0,1,62.65,1789.24,0,0,1,0,0,0,0,1,0,1,0,0,0,1,0,0,0,0,1,0,0,1,0
0,1,0,25,1,1,58.64,1439.83,1,0,0,1,0,0,0,0,0,0,0,0,0,1,0,0,0,1,0,0,0,0,1
1,0,1,41,1,1,72.32,2942.02,0,0,0,1,1,0,0,0,0,0,0,0,0,0,0,1,0,0,0,1,0,1,0
0,1,0,13,0,1,64.08,843.29,1,0,1,0,0,0,0,1,0,0,0,0,0,0,0,1,0,1,0,0,0,0,1
0,0,0,33,1,1,58.97,1904.49,0,1,0,1,0,0,0,0,0,0,0,1,0,0,0,1,0,1,0,0,1,0,0
0,0,0,4,1,1,22.68,72.03,0,0,0,1,0,1,1,0,1,0,1,0,1,0,1,0,1,0,0,0,0,0,1
0,1,1,15,1,0,87.14,1327.43,0,0,0,0,1,0,0,0,0,0,0,0,0,1,0,1,0,1,0,1,0,1,0
1,0,0,17,1,0,62.91,1028.66,0,0,0,1,0,0,0,1,0,0,0,0,0,0,0,1,0,0,0,1,0,0,0
0,1,0,7,1,0,73.4,525.24,0,0,0,0,0,0,0,0,0,1,0,1,0,1,0,1,0,0,0,1,0,0,0
0,0,1,28,1,0,69.49,1987.23,0,0,0,0,1,0,0,0,0,1,0,0,0,0,0,0,0,0,0,1,1,0,0
1,1,0,13,1,0,62.1,818.24,0,0,0,1,0,0,0,0,0,0,0,0,0,1,0,0,0,1,0,0,0,1,0
1,0,0,56,1,1,79.57,4464.42,1,0,0,0,0,0,0,1,0,1,0,0,0,0,0,1,0,1,0,0,0,0,1
0,0,0,21,1,0,22.62,489.54,0,1,0,1,0,1,1,0,1,0,1,0,1,0,1,0,1,0,0,1,0,0,0
0,0,0,39,1,1,81.52,3171.0,0,0,0,1,1,0,0,0,0,1,0,1,0,1,0,0,0,0,0,0,0,0,0
0,0,1,50,1,1,21.8,1095.86,0,1,0,0,0,1,1,0,1,0,1,0,1,0,1,0,1,0,0,0,0,0,0
0,0,1,36,0,1,81.69,2958.61,1,1,1,0,1,0,0,1,0,0,0,1,0,0,0,1,0,0,0,0,0,0,0
1,1,0,18,1,0,50.89,919.14,0,0,0,1,0,0,0,1,0,0,0,0,0,0,0,0,0,0,1,0,0,0,1
0,0,0,25,1,0,110.58,2788.22,1,1,0,0,1,0,0,1,0,1,0,1,0,0,0,1,0,1,1,0,1,0,0
0,1,1,7,1,1,65.75,468.66,0,0,0,0,0,0,0,0,0,0,0,0,0,1,0,1,0,0,0,0,1,0,0
0,0,0,39,1,1,61.37,2365.5,0,1,0,0,0,0,0,1,0,0,0,0,0,0,0,1,0,0,0,1,0,0,0
0,0,0,72,1,0,67.4,4837.1,0,0,0,0,0,0,0,0,0,1,0,1,0,0,0,1,0,0,1,0,0,1,0
0,1,1,47,1,1,23.02,1066.23,0,1,0,0,0,1,1,0,1,0,1,0,1,0,1,0,1,0,0,1,1,0,0
0,1,1,18,1,0,77.13,1377.71,0,0,0,0,1,0,0,0,0,1,0,0,0,0,0,1,0,0,0,1,0,1,0
0,1,0,19,1,1,84.7,1608.79,0,1,0,0,1,0,0,1,0,1,0,0,0,0,0,1,0,0,0,1,1,0,0
0,1,0,49,1,1,87.16,4224.46,1,1,0,1,1,0,0,0,0,1,0,0,0,1,0,0,0,1,1,0,0,0,0
0,0,0,8,0,1,68.92,580.16,0,1,1,0,0,0,0,0,0,1,0,1,0,0,0,1,0,0,0,0,0,1,0
0,1,1,14,1,1,70.81,1002.22,1,0,0,1,1,0,0,0,0,0,0,0,0,0,0,1,0,0,0,0,0,1,0
0,0,0,15,1,1,62.81,939.65,1,0,0,1,0,0,0,0,0,0,0,0,0,1,0,0,0,1,0,0,1,0,0
0,1,0,4,1,1,92.46,383.05,1,0,0,0,0,0,0,1,0,1,0,1,0,0,0,1,0,1,0,0,0,0,1
0,0,0,34,1,1,66.31,2246.6,0,1,0,1,0,0,0,1,0,0,0,1,0,0,0,0,0,1,0,0,0,0,1
1,1,0,18,1,1,72.0,1307.07,1,1,0,1,0,0,0,1,0,1,0,1,0,0,0,0,0,0,0,0,0,1,0
0,1,1,18,1,1,88.54,1605.54,1,1,0,0,1,0,0,1,0,0,0,1,0,1,0,0,0,0,0,0,0,1,0
0,0,0,28,1,1,93.68,2620.49,0,0,0,0,1,0,0,0,0,0,0,1,0,1,0,0,0,1,0,1,0,1,0
0,1,0,6,1,0,78.68,465.93,1,0,0,0,1,0,0,1,0,0,0,0,0,0,0,0,0,0,1,0,0,1,0
0,0,1,23,1,0,19.11,458.88,0,1,0,0,0,1,1,0,1,0,1,0,1,0,1,0,1,0,0,1,0,0,0
0,0,0,5,1,1,76.73,405.42,0,0,0,1,1,0,0,0,0,0,0,0,0,0,0,0,0,1,0,0,0,0,0
0,1,0,34,1,1,92.12,3143.75,1,0,0,0,1,0,0,0,0,0,0,1,0,0,0,1,0,1,1,0,0,0,0
0,1,1,53,1,1,92.47,4909.43,1,1,0,0,1,0,0,0,0,1,0,1,0,0,0,1,0,0,0,0,0,0,0
0,1,1,39,1,1,51.16,2030.03,1,1,0,0,0,0,0,0,0,0,0,1,0,0,0,0,0,0,0,0,0,0,1
0,1,0,15,1,0,20.99,324.89,1,1,0,1,0,1,1,0,1,0,1,0,1,0,1,0,1,0,0,0,1,0,0
0,0,0,36,1,0,73.17,2604.56,0,1,0,0,1,0,0,0,0,0,0,1,0,0,0,0,0,1,0,1,0,1,0
0,1,0,20,1,1,77.78,1542.55,1,1,0,0,1,0,0,0,0,1,0,0,0,0,0,1,0,1,0,0,0,0,1
0,1,0,26,1,1,62.42,1641.83,1,0,0,0,0,0,0,1,0,1,0,0,0,0,0,0,0,0,1,0,1,0,0
0,0,1,35,1,1,18.45,630.81,0,1,0,0,0,1,1,0,1,0,1,0,1,0,1,0,1,0,0,0,0,0,1
0,1,0,0,1,0,84.16,0.0,1,0,0,0,1,0,0,0,0,0,0,0,0,0,0,1,0,1,0,0,0,0,1
0,0,0,4,1,0,64.89,285.98,0,0,0,0,0,0,0,0,0,0,0,1,0,1,0,0,0,1,0,1,0,0,0
0,0,1,21,1,0,71.05,1470.86,0,0,0,1,0,0,0,1,0,1,0,1,0,0,0,1,0,0,0,1,1,0,0
0,0,1,12,1,0,63.95,732.93,1,0,0,0,1,0,0,0,0,1,0,0,0,0,0,0,0,0,0,0,0,1,0
0,0,0,24,1,1,76.93,1852.62,1,1,0,1,0,0,0,1,0,0,0,0,0,1,0,1,0,1,0,1,0,1,0
0,1,0,27,1,1,63.16,1656.41,1,1,0,1,0,0,0,0,0,0,0,0,0,0,0,1,0,1,0,0,0,1,0
