SeniorCitizen,Partner,Dependents,tenure,PhoneService,PaperlessBilling,MonthlyCharges,TotalCharges,gender_Male,MultipleLines_No phone service,MultipleLines_Yes,InternetService_Fiber optic,InternetService_No,OnlineSecurity_No internet service,OnlineSecurity_Yes,OnlineBackup_No internet service,OnlineBackup_Yes,DeviceProtection_No internet service,DeviceProtection_Yes,TechSupport_No internet service,TechSupport_Yes,StreamingTV_No internet service,StreamingTV_Yes,StreamingMovies_No internet service,StreamingMovies_Yes,Contract_One year,Contract_Two year,PaymentMethod_Credit card (automatic),PaymentMethod_Electronic check,PaymentMethod_Mailed check,Churn
0,0,1,1.554250464714384,1,1,-1.7447938175063131,-0.5063984363257156,0,0,0,0,1,1,0,1,0,1,0,1,0,1,0,1,0,0,0,0,0,0,0
0,0,0,-0.2718475266847369,1,0,1.1994418243353449,0.30797239368066864,0,0,0,1,0,0,1,0,1,0,1,0,0,0,0,0,1,0,0,1,0,0,1
0,0,1,1.503525520508853,1,0,-1.7189061812853956,-0.4915609160460849,0,0,0,0,1,1,0,1,0,1,0,1,0,1,0,1,0,0,1,0,0,0,0
0,0,1,1.858600129947571,1,0,-1.6516756036370426,-0.33215696006007867,0,0,1,0,1,1,0,1,0,1,0,1,0,1,0,1,0,0,0,1,0,0,0
0,0,0,-0.1703976382736746,1,0,-1.7447938175063131,-0.9219387730766859,0,0,0,0,1,1,0,1,0,1,0,1,0,1,0,1,0,1,0,0,0,0,0
0,0,0,-1.0327216897677038,1,0,-1.5813539649473864,-1.0685378336441864,1,0,0,0,1,1,0,1,0,1,0,1,0,1,0,1,0,0,0,0,0,1,0
0,1,0,1.9600500183586334,1,1,0.34089962011327624,1.9642859366676861,1,0,1,0,0,0,0,0,1,0,0,0,1,0,1,0,1,0,0,0,0,1,0
0,1,0,1.0977259668646038,1,1,0.7520107386066521,1.5607425750434183,1,0,0,1,0,0,0,0,0,0,0,0,0,0,1,0,1,1,0,0,0,1,1
0,1,1,-1.2356214665898284,1,1,0.6318457406259755,-0.9007533076471701,0,0,1,0,0,0,1,0,1,0,0,0,0,0,1,0,1,0,0,0,0,1,0
0,0,0,-0.8805468571511105,1,1,0.9050182601511789,-0.5346884706704566,1,0,0,1,0,0,1,0,1,0,0,0,1,0,0,0,1,0,0,0,0,1,1
0,0,1,-0.7790969687400482,1,1,0.8231051425566339,-0.44085429963669887,1,0,0,1,0,0,0,0,0,0,1,0,0,0,1,0,1,0,1,0,1,0,0
0,1,0,-0.7283720245345171,1,1,-1.710019380791648,-1.048352650480713,0,0,1,0,1,1,0,1,0,1,0,1,0,1,0,1,0,1,0,0,0,1,0
0,1,1,0.793376301631417,1,1,0.4726560969988411,1.02840004753456,1,0,1,0,0,0,0,0,1,0,1,0,1,0,1,0,1,0,0,0,0,0,0
1,1,1,0.032502138548449945,1,1,0.1349576782364254,0.10034970281876684,0,0,0,1,0,0,0,0,0,0,0,0,0,0,0,0,1,1,0,0,0,0,0
0,0,1,-0.9819967455621728,1,0,0.4761335406703078,-0.7047236317660686,1,0,1,0,0,0,0,0,1,0,1,0,1,0,1,0,1,0,0,1,0,0,1
0,0,1,-0.7790969687400482,1,1,-0.6084425021970854,-0.7794626708237069,1,0,0,0,0,0,0,0,0,0,0,0,0,0,0,0,1,0,0,0,0,0,1
0,1,1,-0.5761971919179237,1,0,0.2728962772045973,-0.3781186477715708,1,0,1,1,0,0,1,0,0,0,0,0,0,0,0,0,0,0,0,1,0,0,1
0,0,1,-0.8805468571511105,1,0,0.3065115660287739,-0.650445494701646,0,0,0,1,0,0,0,0,0,0,0,0,0,0,0,0,1,1,0,0,0,1,0
0,0,0,0.9455511342480104,1,0,0.7091222666585649,1.3603526944129005,1,0,1,1,0,0,1,0,0,0,0,0,0,0,0,0,1,0,0,0,1,0,1
0,1,0,2.1122248509752266,1,0,0.4382680429143388,2.2606323821143977,1,0,1,0,0,0,0,0,1,0,1,0,1,0,1,0,0,0,0,0,1,0,1
0,1,0,-0.4240223593013303,1,1,0.12220705144104767,-0.26000839558885813,1,0,1,0,0,0,0,0,1,0,0,0,0,0,1,0,1,0,0,0,1,0,1
0,0,0,-1.0327216897677038,0,1,0.1376623566475658,-0.7970894397298023,1,1,0,0,0,0,0,0,1,0,0,0,1,0,1,0,0,0,0,0,1,0,0
0,1,0,0.23540191537057448,1,0,-0.675673079845438,-0.1903605367827438,1,0,1,0,0,0,0,0,0,0,0,0,0,0,0,0,0,0,1,0,0,1,0
0,0,0,-0.8805468571511105,0,1,0.3590596037309347,-0.6525999488131222,1,1,0,1,0,0,0,0,1,0,0,0,0,0,0,0,0,1,0,0,0,1,0
0,0,0,1.1484509110701349,1,1,-1.7447938175063131,-0.6070165729843001,0,0,0,0,1,1,0,1,0,1,0,1,0,1,0,1,0,0,1,0,1,0,0
0,1,1,0.7426513574258858,1,0,-0.0006626249507692623,0.5947328007444731,1,0,0,0,0,0,1,0,1,0,0,0,0,0,0,0,0,0,0,0,1,0,0
0,0,0,-1.0834466339732352,1,1,0.2937609392333967,-0.8123950408134143,1,0,0,0,0,0,0,0,0,0,1,0,0,0,0,0,1,0,1,0,1,0,0
0,0,0,-0.322572470890268,1,0,1.4648866912572893,0.31936022255561436,1,0,1,1,0,0,1,0,1,0,0,0,1,0,1,0,1,1,0,0,1,0,1
0,1,0,1.9600500183586334,1,1,1.2639677235725573,3.01892969663013,1,0,1,1,0,0,1,0,0,0,1,0,0,0,1,0,1,0,1,1,0,0,0
0,1,0,-1.1848965223842973,1,0,-0.05552895843390784,-0.9514727481881721,1,0,0,0,0,0,1,0,0,0,0,0,1,0,0,0,0,0,0,0,0,1,1
1,0,0,0.032502138548449945,1,1,-1.679881535638938,-0.8281302503061602,1,0,0,0,1,1,0,1,0,1,0,1,0,1,0,1,0,0,0,0,0,1,1
0,0,0,-0.1703976382736746,1,0,-1.7447938175063131,-0.9086593847883907,0,0,1,0,1,1,0,1,0,1,0,1,0,1,0,1,0,0,0,0,0,1,0
0,1,0,-1.2356214665898284,1,0,0.9424973752769849,-0.8845115449555951,1,0,0,1,0,0,0,0,1,0,0,0,1,0,1,0,1,0,0,0,0,0,0
0,0,0,-1.0834466339732352,1,1,0.9919543519378421,-0.7402336522105778,1,0,1,1,0,0,0,0,1,0,1,0,1,0,0,0,0,0,0,0,0,1,1
0,0,0,-0.4747473035068614,0,1,-0.9190941368480949,-0.7174644065264948,0,1,0,0,0,0,0,0,0,0,0,0,0,0,0,0,0,0,1,0,1,0,0
0,0,1,-1.2863464107953595,1,1,0.27907839928720435,-1.0106561155956877,1,0,1,1,0,0,0,0,0,0,1,0,0,0,0,0,0,0,0,1,0,0,1
0,0,0,1.4528005763033218,1,1,1.5862108371284547,2.744467631786002,0,0,0,1,0,0,0,0,0,0,1,0,1,0,1,0,1,0,1,0,1,0,0
0,0,0,-0.5254722477123925,1,0,-1.7285657470394693,-0.9805001701008289,1,0,0,0,1,1,0,1,0,1,0,1,0,1,0,1,0,0,0,0,0,0,1
0,1,1,1.3006257436867283,1,1,-0.2197415762531604,0.8613336729080356,1,0,1,0,0,0,1,0,0,0,0,0,0,0,0,0,0,0,0,0,1,0,1
1,0,0,1.3006257436867283,0,1,0.9061774080416678,1.9026980445821835,0,1,0,1,0,0,1,0,0,0,1,0,0,0,0,0,1,1,0,0,1,0,0
0,0,1,-1.3370713550008908,1,1,-1.7447938175063131,-1.19669579294798,0,0,0,0,1,1,0,1,0,1,0,1,0,1,0,1,0,0,0,1,0,0,1
0,1,0,-1.2356214665898284,0,0,0.1751414717733716,-0.9725684446963765,0,1,0,0,0,0,0,0,1,0,0,0,1,0,1,0,0,0,0,0,0,1,1
0,0,0,-0.322572470890268,1,0,-0.35613464470068085,-0.3572089011717973,0,0,1,0,0,0,0,0,0,0,1,0,1,0,0,0,0,0,0,0,0,1,1
0,0,1,-0.22112258247920574,1,0,0.3683327868548452,-0.003660416652231235,1,0,0,1,0,0,0,0,0,0,0,0,0,0,0,0,1,0,0,0,0,1,1
0,1,1,-0.1703976382736746,1,1,-0.21626413258169375,-0.22049083401437067,0,0,1,0,0,0,1,0,0,0,1,0,0,0,0,0,0,1,0,0,1,0,0
0,1,0,-0.5761971919179237,1,0,-0.106145082985254,-0.504667178557565,0,0,0,0,0,0,0,0,0,0,1,0,0,0,1,0,0,0,0,0,0,1,0
0,0,0,1.1484509110701349,1,1,0.7017809966854686,1.5326705509361478,1,0,0,1,0,0,1,0,1,0,0,0,0,0,0,0,1,0,0,0,0,1,0
0,0,0,0.5397515806037613,1,1,0.852083839818855,1.0214878405935737,0,0,0,1,0,0,0,0,1,0,1,0,0,0,1,0,0,0,0,0,0,1,1
0,0,0,-0.2718475266847369,1,0,-1.7362933996427283,-0.9518061756101862,1,0,1,0,1,1,0,1,0,1,0,1,0,1,0,1,0,0,0,0,0,1,1
0,1,0,0.032502138548449945,1,1,1.3458808411671017,0.7170108957023626,1,0,0,1,0,0,0,0,1,0,1,0,0,0,0,0,1,0,0,0,1,0,1
0,1,0,2.1122248509752266,1,1,0.12568449511251434,1.8584740267046505,1,0,0,0,0,0,0,0,1,0,1,0,0,0,0,0,1,0,1,0,1,0,0
1,1,1,-0.4240223593013303,1,1,1.3254025617684653,0.16141180550801615,1,0,1,1,0,0,1,0,0,0,0,0,1,0,1,0,1,0,0,0,0,0,1
0,0,0,0.33685180378163676,1,0,0.11795684250925527,0.3194948759375817,0,0,0,0,0,0,1,0,0,0,1,0,0,0,1,0,0,0,0,1,0,0,0
0,0,0,2.1122248509752266,1,1,-1.7447938175063131,-0.37729790334815116,1,0,1,0,1,1,0,1,0,1,0,1,0,1,0,1,0,0,1,0,0,1,0
0,0,0,-0.06894774986261233,1,1,-0.31054149434145306,-0.21897758648369103,1,0,0,0,0,0,0,0,0,0,1,0,0,0,1,0,0,0,0,0,0,1,0
0,0,1,-0.5254722477123925,0,1,0.6221861748719019,-0.21479691957689795,0,1,0,1,0,0,0,0,1,0,0,0,0,0,0,0,1,0,1,0,1,0,0
0,1,1,-0.5254722477123925,0,0,0.3107617749605663,-0.3089773421642857,0,1,0,1,0,0,0,0,0,0,0,0,1,0,0,0,0,0,0,0,1,0,1
0,0,1,-0.5254722477123925,1,1,0.9011544338495497,-0.11320414891550276,0,0,1,1,0,0,0,0,0,0,1,0,0,0,1,0,1,0,0,1,0,0,0
1,0,0,-1.1341715781787662,1,0,0.5765930245126738,-0.8269504301974947,1,0,1,1,0,0,0,0,1,0,0,0,0,0,1,0,0,1,0,0,0,0,0
0,0,0,-0.322572470890268,1,1,-0.06480214155781865,-0.28714425808816535,1,0,0,0,0,0,0,0,0,0,0,0,1,0,1,0,0,0,0,1,0,0,1
0,1,0,0.23540191537057448,1,0,-1.5392382582596251,-0.716137108904246,1,0,0,0,1,1,0,1,0,1,0,1,0,1,0,1,0,0,0,0,0,0,0
0,1,0,-0.4747473035068614,1,0,0.3022613570969815,-0.27823148661509417,1,0,0,0,0,0,0,0,1,0,1,0,0,0,1,0,0,1,0,1,0,0,0
0,0,1,2.1122248509752266,1,0,-0.6153973895400184,0.9640742033490565,0,0,1,0,0,0,0,0,0,0,1,0,0,0,0,0,0,1,0,0,1,0,0
0,0,0,-1.0834466339732352,1,1,-0.12005485767112009,-0.9378150480172069,1,0,0,0,0,0,1,0,0,0,0,0,0,0,1,0,0,1,0,1,0,0,0
0,1,1,0.23540191537057448,1,1,1.1963507632940413,0.8836797222487931,0,0,0,1,0,0,0,0,1,0,0,0,0,0,1,0,1,0,0,0,1,0,1
0,1,0,0.9455511342480104,1,1,-1.6563121951989983,-0.5642032095845188,0,0,1,0,1,1,0,1,0,1,0,1,0,1,0,1,0,0,1,1,0,0,0
0,0,0,0.5904765248092925,1,1,-1.6621079346514422,-0.6700728281398265,1,0,0,0,1,1,0,1,0,1,0,1,0,1,0,1,0,1,0,0,0,0,0
1,0,1,-0.018222805657081193,1,1,-1.715815120244092,-0.873425083173624,0,0,0,0,1,1,0,1,0,1,0,1,0,1,0,1,0,0,0,1,0,0,0
0,1,1,0.23540191537057448,1,0,-1.6451070989242729,-0.7262553487492146,0,0,0,0,1,1,0,1,0,1,0,1,0,1,0,1,0,0,0,0,0,1,1
0,1,1,-1.438521243411953,0,1,0.23232610103748796,-1.1267914515095472,0,1,0,1,0,0,1,0,0,0,0,0,0,0,0,0,0,0,0,0,1,0,1
0,0,1,0.6919264132203548,1,0,0.054590091162531905,0.6147063857362833,1,0,0,0,0,0,1,0,0,0,0,0,1,0,0,0,0,0,0,1,0,0,0
0,0,0,0.4890266363982302,1,0,0.8509246919283667,0.9721085218064366,1,0,1,1,0,0,1,0,1,0,0,0,1,0,0,0,0,1,0,0,0,0,0
0,0,0,1.858600129947571,1,1,0.30496603550812185,1.8299788062540543,0,0,0,0,0,0,0,0,1,0,0,0,1,0,0,0,1,0,0,0,0,1,0
0,1,0,0.8948261900424792,1,0,0.40040254515836976,1.0228087261500145,0,0,0,0,0,0,0,0,1,0,0,0,1,0,0,0,1,1,0,0,0,0,0
0,1,1,-1.2863464107953595,1,0,-0.5041191920530895,-1.0584580661940657,1,0,1,0,0,0,0,0,0,0,0,0,1,0,0,0,0,0,0,0,0,1,1
0,1,1,1.4020756320977905,1,1,1.0139781618571304,2.082415425047823,1,0,0,1,0,0,1,0,0,0,0,0,1,0,0,0,1,0,1,1,0,0,0
0,0,0,-0.06894774986261233,1,1,0.8030132457881609,0.3316200923804431,0,0,0,1,0,0,0,0,0,0,0,0,0,0,1,0,1,0,0,0,1,0,1
0,1,1,2.1122248509752266,0,0,-1.7447938175063131,-0.4023754927231018,0,1,0,0,1,1,0,1,0,1,0,1,0,1,0,1,0,0,0,0,0,1,0
0,1,0,-1.0327216897677038,1,1,0.0951602673296418,-0.7963584642276943,0,0,0,0,0,0,0,0,0,0,1,0,0,0,1,0,0,0,1,0,0,0,0
1,0,1,-0.5761971919179237,0,1,1.0533891901337509,-0.16256423150521623,1,1,0,1,0,0,0,0,0,0,1,0,1,0,1,0,0,0,0,1,0,0,1
0,1,1,0.7426513574258858,1,1,-1.6393113594718287,-0.6170322197763412,0,0,1,0,1,1,0,1,0,1,0,1,0,1,0,1,0,0,0,0,1,0,0
0,0,0,0.8948261900424792,1,0,0.7520107386066521,1.341873120754346,0,0,0,1,0,0,0,0,1,0,0,0,0,0,1,0,1,1,0,0,1,0,1
0,0,0,-0.22112258247920574,1,0,-0.2869721539015133,-0.3149854478263488,1,0,0,0,0,0,0,0,0,0,0,0,0,0,1,0,1,1,0,1,0,0,0
0,1,1,-0.677647080328986,1,1,0.18402827226711957,-0.5228197368599136,1,0,0,0,0,0,0,0,0,0,0,0,1,0,1,0,1,0,1,0,0,0,0
0,0,0,-0.7283720245345171,1,1,-0.37390824568817643,-0.6822685773065756,0,0,0,0,0,0,0,0,1,0,0,0,0,0,0,0,0,0,0,0,1,0,1
1,1,0,-0.7283720245345171,1,1,-0.31285979012243054,-0.6745740983370179,0,0,1,0,0,0,1,0,0,0,0,0,0,0,1,0,0,0,0,0,1,0,1
0,0,0,-1.1341715781787662,0,1,0.4997028811102475,-0.8194675493995996,1,1,0,1,0,0,1,0,0,0,1,0,0,0,0,0,0,0,1,0,1,0,1
0,1,0,1.7571502415365088,1,1,-0.17801225219556216,1.2227177018449347,0,0,0,0,0,0,0,0,0,0,1,0,0,0,0,0,1,0,0,0,1,0,0
0,1,1,-1.0834466339732352,1,1,1.3594042332228051,-0.6640454862803394,0,0,1,1,0,0,1,0,1,0,1,0,0,0,1,0,0,0,0,1,0,0,1
0,1,0,-1.1341715781787662,1,0,0.8281281167487526,-0.8025332836007644,1,0,0,1,0,0,0,0,0,0,1,0,0,0,0,0,1,0,0,1,0,0,1
0,0,0,-1.0327216897677038,1,1,-1.73127042545061,-1.151080356790118,1,0,0,0,1,1,0,1,0,1,0,1,0,1,0,1,0,1,0,0,1,0,0
1,0,0,-0.9312718013566417,1,1,-1.7447938175063131,-1.098373175848647,0,0,0,0,1,1,0,1,0,1,0,1,0,1,0,1,0,0,0,0,0,0,0
1,1,1,0.13395202695951222,1,0,1.5147300505483097,0.9361111843605217,1,0,1,1,0,0,0,0,1,0,1,0,0,0,1,0,1,0,0,0,1,0,1
0,0,1,-1.1341715781787662,1,1,-0.29895001543656446,-0.901869007097756,0,0,1,0,0,0,0,0,1,0,0,0,1,0,0,0,0,0,0,1,0,0,0
0,0,0,0.9455511342480104,1,1,-0.3155644685335712,0.49676284726457803,1,0,0,0,0,0,0,0,1,0,0,0,0,0,0,0,0,0,1,0,1,0,0
0,1,0,-1.0834466339732352,1,0,-1.6304245589780806,-1.1081323400083696,1,0,0,0,1,1,0,1,0,1,0,1,0,1,0,1,0,0,0,0,0,1,0
0,0,1,0.43830169219269904,1,0,0.04338499488780674,0.4048971804338656,1,0,1,0,0,0,0,0,0,0,0,0,1,0,1,0,0,0,0,1,0,0,0
0,0,0,-0.4747473035068614,1,0,-1.5759446081251052,-0.9179055836834761,1,0,1,0,1,1,0,1,0,1,0,1,0,1,0,1,0,0,1,0,0,0,0
0,0,0,-0.06894774986261233,1,1,-1.7131104418329515,-0.8670643138921228,0,0,0,0,1,1,0,1,0,1,0,1,0,1,0,1,0,0,1,1,0,0,0
0,0,0,-0.8805468571511105,1,1,-0.32136020798601533,-0.770139527138926,0,0,1,0,0,0,0,0,0,0,1,0,0,0,0,0,1,0,0,0,0,0,1
1,1,0,-0.4240223593013303,0,1,0.4475412260382493,-0.16530859567102515,0,1,0,1,0,0,1,0,0,0,0,0,0,0,1,0,0,0,1,0,0,0,1
0,0,0,-0.2718475266847369,0,1,1.330425535960584,0.31802010080174964,1,1,0,1,0,0,1,0,1,0,1,0,0,0,1,0,0,1,0,0,0,0,0
0,1,0,0.8948261900424792,1,1,-0.09030339514857304,0.6322113253920275,1,0,0,0,0,0,0,0,0,0,0,0,1,0,0,0,1,1,0,1,0,0,0
0,0,0,-0.8298219129455794,1,1,0.2929881739730704,-0.5763091898299564,0,0,1,1,0,0,0,0,0,0,1,0,0,0,0,0,0,0,0,0,0,0,1
0,1,0,0.13395202695951222,1,1,-0.2008088273751759,-0.006404780818040175,1,0,1,0,0,0,0,0,0,0,1,0,0,0,1,0,0,1,0,0,0,1,0
0,0,1,0.032502138548449945,1,1,-0.21896881099283438,-0.0790919588171297,1,0,1,0,0,0,0,0,0,0,0,0,1,0,0,0,1,0,0,0,0,1,0
0,0,1,2.1122248509752266,1,1,0.7612839217305626,2.6357125836171096,0,0,0,1,0,0,1,0,0,0,1,0,0,0,0,0,0,0,1,1,0,0,1
0,0,0,-0.677647080328986,1,1,0.8714029713270024,-0.26748486432094504,1,0,0,1,0,0,1,0,0,0,0,0,1,0,0,0,0,0,0,0,0,0,0
1,1,0,2.1122248509752266,1,1,0.05845391746416171,1.8053372373540457,0,0,0,0,0,0,1,0,1,0,1,0,0,0,0,0,0,0,0,0,0,0,0
0,1,0,0.33685180378163676,1,1,0.13998065242854354,0.35106788797600047,1,0,0,0,0,0,1,0,0,0,0,0,1,0,1,0,0,0,0,0,0,1,0
0,1,0,-1.3370713550008908,1,1,0.5155445689469282,-1.0275134366048273,0,0,0,1,0,0,0,0,1,0,0,0,0,0,0,0,0,0,1,0,0,0,0
0,0,0,-1.0327216897677038,1,0,0.795671975815065,-0.7125014675911299,1,0,1,0,0,0,1,0,1,0,0,0,1,0,1,0,1,0,0,0,0,1,0
0,0,0,-1.2356214665898284,1,1,0.5785249376634884,-0.9235097291996374,1,0,1,1,0,0,0,0,0,0,1,0,0,0,0,0,1,0,0,1,0,0,1
0,1,0,-1.1848965223842973,1,0,0.5321590220439352,-0.9110254370715298,0,0,1,1,0,0,0,0,0,0,0,0,1,0,0,0,1,0,0,0,1,0,0
0,0,1,1.554250464714384,1,1,0.9042454948908533,2.1639384297302877,1,0,0,1,0,0,0,0,0,0,1,0,0,0,0,0,1,0,0,0,0,0,1
0,0,0,-0.322572470890268,1,0,0.8014677152675094,0.05872898365926692,0,0,1,1,0,0,0,0,0,0,1,0,0,0,1,0,1,0,0,0,0,1,1
1,0,0,-0.8298219129455794,0,0,-1.7447938175063131,-1.0612280786231065,1,1,0,0,1,1,0,1,0,1,0,1,0,1,0,1,0,0,1,0,0,1,0
0,0,1,-1.0834466339732352,1,1,0.8965178422875941,-0.7337189933496856,0,0,1,1,0,0,0,0,0,0,1,0,0,0,1,0,0,0,0,0,1,0,1
0,0,1,1.1991758552756662,1,1,-1.7447938175063131,-0.6050480687812548,1,0,0,0,1,1,0,1,0,1,0,1,0,1,0,1,0,0,0,0,0,0,1
0,1,0,-0.677647080328986,1,1,1.0700036432307574,-0.25936718900806166,1,0,0,1,0,0,1,0,0,0,0,0,0,0,1,0,1,0,1,0,1,0,0
0,0,0,-0.1703976382736746,1,0,0.2087567605975482,-0.04687774019791427,1,0,0,1,0,0,0,0,0,0,0,0,0,0,1,0,0,0,1,0,1,0,0
0,0,0,0.33685180378163676,1,0,-1.7447938175063131,-0.7833483827033336,1,0,0,0,1,1,0,1,0,1,0,1,0,1,0,1,0,0,1,0,0,1,0
0,0,0,0.08322708275398108,1,0,-0.010708573335005814,0.06705825714381326,0,0,0,0,0,0,1,0,1,0,0,0,0,0,0,0,1,0,1,0,0,0,0
0,1,1,1.0470010226590727,1,1,0.3428315332640908,1.10681961236597,0,0,0,0,0,0,1,0,1,0,1,0,1,0,0,0,0,1,0,1,0,0,0
0,0,0,1.1991758552756662,0,1,0.16007254919701666,1.1051652993875152,0,1,0,0,0,0,1,0,0,0,0,0,1,0,1,0,1,0,0,1,0,0,0
0,0,1,1.4020756320977905,1,1,0.1844146548972827,1.295815252055734,0,0,1,0,0,0,1,0,0,0,0,0,0,0,1,0,1,1,0,0,1,0,0
0,1,1,-1.438521243411953,1,1,0.9193144174672082,-1.1163461963083725,1,0,0,1,0,0,1,0,1,0,0,0,0,0,1,0,1,0,1,0,0,0,0
0,0,0,-1.5399711318230154,1,1,0.11872960776958157,-1.2318018532465875,1,0,0,0,0,0,0,0,0,0,1,0,1,0,1,0,0,0,0,0,0,1,0
1,0,1,0.032502138548449945,1,1,0.6813027172868328,0.3625198375090258,0,0,0,1,0,0,0,0,1,0,0,0,0,0,1,0,0,0,1,0,0,0,0
1,0,0,0.13395202695951222,1,1,0.8091953678707678,0.5774394592603916,0,0,1,1,0,0,1,0,0,0,1,0,0,0,1,0,0,0,0,1,0,0,1
0,1,0,0.23540191537057448,1,1,1.1600307960587244,0.8607565869853188,0,0,0,1,0,0,1,0,1,0,0,0,1,0,0,0,0,0,1,0,0,0,0
0,0,0,0.5397515806037613,1,1,0.2215073873929254,0.5946237956257376,0,0,1,0,0,0,0,0,1,0,1,0,0,0,1,0,0,0,0,0,1,0,0
0,0,0,-0.11967269406814346,1,1,0.882608067601728,0.35251701484860065,1,0,0,1,0,0,1,0,1,0,0,0,0,0,0,0,1,0,0,0,0,1,1
0,1,1,-0.7790969687400482,1,0,0.49081608061649956,-0.5059495917191581,0,0,1,1,0,0,0,0,0,0,0,0,0,0,0,0,1,0,0,1,0,0,0
0,0,1,-1.1341715781787662,1,0,0.8308327951598931,-0.8018984890857759,0,0,1,1,0,0,0,0,0,0,0,0,0,0,1,0,1,0,1,0,0,1,1
0,0,0,0.793376301631417,1,0,-1.7447938175063131,-0.7190545988468701,1,0,1,0,1,1,0,1,0,1,0,1,0,1,0,1,0,0,0,0,0,1,0
1,1,0,-1.1341715781787662,1,1,1.0993687231231415,-0.7575398178262751,1,0,1,1,0,0,1,0,0,0,1,0,1,0,1,0,0,0,1,0,0,1,1
0,1,0,1.503525520508853,1,0,-0.23635602935016714,0.9951791345834942,0,0,1,0,0,0,0,0,1,0,1,0,0,0,0,0,0,0,0,1,0,0,0
1,0,0,1.0977259668646038,1,1,0.7547154170177924,1.5254698010338035,1,0,1,1,0,0,0,0,0,0,0,0,0,0,1,0,1,1,0,0,1,0,1
0,0,0,-0.06894774986261233,1,1,-1.5952637396332525,-0.8254115344035831,0,0,0,0,1,1,0,1,0,1,0,1,0,1,0,1,0,0,0,0,1,0,0
0,1,0,-0.7283720245345171,1,1,0.3223532538654546,-0.4975177251816842,0,0,1,0,0,0,0,0,0,0,1,0,0,0,1,0,1,0,1,0,0,0,0
1,0,1,-1.2863464107953595,1,0,0.5294543436327943,-0.9710487850998887,1,0,0,0,0,0,0,0,1,0,1,0,0,0,1,0,1,0,0,0,0,0,1
0,0,0,-1.3370713550008908,1,0,1.313811082863577,-0.9671181887596063,0,0,0,1,0,0,1,0,0,0,1,0,0,0,1,0,1,0,0,0,0,1,1
0,1,0,2.1122248509752266,1,1,0.5746611113618592,2.378864463547462,1,0,1,1,0,0,1,0,0,0,1,0,0,0,0,0,0,0,1,1,0,0,0
0,1,1,1.1991758552756662,0,1,0.1511857487032687,1.0758942189741556,0,1,0,0,0,0,0,0,1,0,0,0,0,0,1,0,1,1,0,0,1,0,1
0,0,0,-0.4747473035068614,1,1,-1.6362202984305252,-0.940373462274585,1,0,0,0,1,1,0,1,0,1,0,1,0,1,0,1,0,0,0,0,1,0,0
0,0,1,0.8441012458369481,1,1,0.8462881003664111,1.3258429562344338,0,0,1,1,0,0,0,0,1,0,0,0,0,0,0,0,1,0,1,0,1,0,0
0,1,0,0.18467697116504336,1,1,-0.4438435017476697,-0.11893012368201542,0,0,0,0,0,0,0,0,0,0,0,0,0,0,1,0,0,1,0,0,0,0,0
1,0,0,0.4890266363982302,1,1,0.36215066477223823,0.6482479019777477,0,0,0,0,0,0,1,0,1,0,1,0,0,0,0,0,0,0,0,0,1,0,1
0,1,0,-0.4747473035068614,1,0,0.6415053063800492,-0.20037618357478498,0,0,1,1,0,0,1,0,0,0,1,0,0,0,0,0,0,1,0,1,0,0,0
1,1,1,0.7426513574258858,0,0,1.644168231652897,1.8303250578076844,0,1,0,1,0,0,1,0,1,0,1,0,0,0,1,0,1,0,0,1,0,0,1
0,1,1,0.13395202695951222,1,1,1.2554673057089725,0.7664928075424275,0,0,0,1,0,0,0,0,1,0,1,0,0,0,1,0,1,0,1,0,0,1,0
0,1,1,-0.6269221361234548,1,0,-0.0937808388200397,-0.5266477401472686,0,0,1,0,0,0,0,0,0,0,0,0,1,0,1,0,0,0,1,0,0,1,0
0,0,0,1.0470010226590727,1,0,0.7570337127987702,1.4766355078403433,0,0,0,1,0,0,1,0,1,0,1,0,0,0,0,0,0,0,0,0,0,1,0
0,1,0,-0.4240223593013303,1,0,0.4432910171064569,-0.1924957546967962,1,0,0,0,0,0,1,0,0,0,1,0,1,0,0,0,1,0,1,0,1,0,0
0,0,0,2.1122248509752266,1,1,0.9707033072788801,2.8482661530853366,1,0,0,1,0,0,1,0,1,0,1,0,0,0,0,0,0,0,1,0,0,1,0
0,1,0,-0.8805468571511105,1,0,-1.5991275659348818,-1.043255058163381,0,0,0,0,1,1,0,1,0,1,0,1,0,1,0,1,0,0,1,0,1,0,0
0,1,0,0.33685180378163676,1,1,1.0568666338052175,0.9379963317080634,1,0,1,1,0,0,0,0,0,0,0,0,1,0,1,0,1,0,1,1,0,0,0
1,0,0,0.6412014690148236,1,1,1.505070484794236,1.60705051430854,0,0,0,1,0,0,1,0,1,0,1,0,0,0,1,0,0,0,0,0,0,1,1
0,0,1,0.793376301631417,1,1,-1.7447938175063131,-0.7097058068988572,0,0,0,0,1,1,0,1,0,1,0,1,0,1,0,1,0,0,1,1,0,0,0
1,0,0,-0.018222805657081193,1,1,0.7933536800340872,0.36636066492799657,1,0,0,1,0,0,0,0,0,0,1,0,1,0,1,0,0,0,0,0,1,0,1
0,1,1,0.3875767479871679,1,0,0.17668700229402365,0.4380475606610438,1,0,0,0,0,0,1,0,1,0,0,0,0,0,1,0,0,0,0,0,1,0,1
0,1,1,2.1122248509752266,1,1,0.757806478059096,2.633231114149428,1,0,0,1,0,0,1,0,0,0,0,0,0,0,1,0,1,0,0,1,0,0,0
0,1,0,-0.37329741509579917,0,1,0.40310722356951073,-0.09526318878481708,1,1,0,0,0,0,0,0,0,0,1,0,1,0,1,0,1,0,1,0,0,1,0
0,0,1,-0.37329741509579917,1,0,0.8771987107794468,0.04011475661874496,0,0,0,1,0,0,0,0,0,0,0,0,1,0,1,0,1,0,1,0,1,0,0
0,0,1,0.793376301631417,1,0,0.9610437415248064,1.3455279982648858,1,0,0,1,0,0,0,0,1,0,1,0,0,0,1,0,1,0,0,0,0,1,1
0,1,0,0.23540191537057448,1,0,-1.716974268134581,-0.8281430744377761,1,0,0,0,1,1,0,1,0,1,0,1,0,1,0,1,0,0,1,0,0,0,0
0,1,1,-0.018222805657081193,1,1,-0.5014145136419489,-0.26828637254694065,0,0,0,0,0,0,1,0,0,0,0,0,0,0,0,0,0,0,0,0,0,1,1
0,1,1,0.793376301631417,1,1,0.9050182601511789,1.316660877997428,1,0,1,1,0,0,0,0,1,0,1,0,1,0,0,0,0,0,0,0,1,0,1
0,0,0,1.503525520508853,1,1,0.8903357202049872,2.0880772791562556,1,0,0,1,0,0,0,0,1,0,1,0,0,0,0,0,1,0,0,0,0,1,0
0,1,0,-0.6269221361234548,1,1,0.9034727296305275,-0.2254473608839275,1,0,1,1,0,0,0,0,1,0,1,0,0,0,1,0,0,0,0,0,1,0,1
0,0,1,0.23540191537057448,1,0,0.3358766459211575,0.3717211519434553,1,0,1,0,0,0,0,0,1,0,1,0,0,0,1,0,1,0,0,1,0,0,0
0,0,0,-0.677647080328986,1,0,-1.6829725966802416,-1.0039939792212123,1,0,0,0,1,1,0,1,0,1,0,1,0,1,0,1,0,0,0,0,0,0,0
1,1,0,-0.5761971919179237,1,1,0.2539635283266131,-0.36574977282800647,1,0,0,0,0,0,0,0,1,0,0,0,1,0,1,0,0,0,0,0,0,1,0
0,0,1,-0.06894774986261233,1,1,0.5410458225376826,0.20269909724550178,0,0,1,1,0,0,0,0,0,0,0,0,1,0,0,0,0,0,1,1,0,0,0
0,0,0,1.1991758552756662,1,1,-0.4044324734710492,0.6516911813166248,1,0,0,0,0,0,0,0,0,0,0,0,0,0,0,0,1,0,0,0,0,1,0
0,0,0,-0.1703976382736746,1,0,0.7516243559764889,0.1954598749483095,1,0,1,1,0,0,0,0,0,0,0,0,1,0,1,0,0,0,1,0,0,0,0
0,0,0,-1.3370713550008908,1,1,-0.13010080605535665,-1.050545576987037,0,0,0,0,0,0,1,0,0,0,0,0,1,0,0,0,1,0,1,1,0,0,0
1,0,0,-1.0834466339732352,1,0,0.9108139996036234,-0.7351360598932459,1,0,0,1,0,0,1,0,0,0,0,0,0,0,1,0,1,0,1,1,0,0,0
0,0,1,-0.677647080328986,1,0,0.5804568508143036,-0.3709884305931138,1,0,0,1,0,0,0,0,0,0,0,0,0,0,0,0,1,0,1,1,0,0,0
0,0,0,-1.1341715781787662,1,0,-0.1799441653463768,-0.9460866129094817,1,0,1,0,0,0,0,0,1,0,0,0,1,0,1,0,0,0,0,0,0,0,0
0,0,0,0.2861268595761056,1,0,0.3772195873485932,0.43825915883270655,1,0,0,1,0,0,0,0,0,0,1,0,0,0,0,0,1,0,1,0,1,0,0
0,1,0,-0.9312718013566417,1,0,-0.37777207198980567,-0.7997696832375316,0,0,0,0,0,0,0,0,0,0,0,0,0,0,1,0,1,0,0,1,0,0,1
0,0,0,-1.3370713550008908,1,0,-1.673313030926168,-1.177389062800198,0,0,0,0,1,1,0,1,0,1,0,1,0,1,0,1,0,1,0,0,1,0,0
0,1,0,0.7426513574258858,1,1,0.7581928606892592,1.1338400576807341,1,0,0,0,0,0,1,0,1,0,1,0,0,0,1,0,1,1,0,1,0,0,0
0,1,0,-0.018222805657081193,1,0,-0.3457023136862811,-0.19516317407290948,1,0,0,0,0,0,0,0,0,0,1,0,0,0,0,0,0,1,0,0,0,0,0
0,1,0,-0.322572470890268,1,0,0.13263938245544765,-0.19783700551483088,1,0,1,0,0,0,1,0,0,0,0,0,1,0,1,0,0,1,0,0,0,0,1
1,1,0,1.604975408919915,1,1,0.33046728909887624,1.6204645559788027,1,0,1,0,0,0,1,0,1,0,0,0,1,0,0,0,0,0,0,0,0,1,0
1,1,0,-0.5254722477123925,0,1,0.5259768999613277,-0.24490156854529282,1,1,0,1,0,0,1,0,0,0,0,0,0,0,1,0,0,0,0,0,1,0,1
0,0,0,-0.5254722477123925,1,1,1.0491389812019585,-0.0720643346916002,1,0,1,1,0,0,1,0,1,0,0,0,1,0,0,0,1,0,1,1,0,0,0
0,1,1,1.3006257436867283,1,1,-0.10846337876623151,0.9251401397630941,1,0,0,0,0,0,0,0,0,0,0,0,1,0,1,0,0,1,0,0,1,0,0
0,0,1,-1.0834466339732352,1,0,-1.4283464434028592,-1.0625425521137393,1,0,0,0,1,1,0,1,0,1,0,1,0,1,0,1,0,0,0,0,0,0,0
0,0,0,-0.5761971919179237,1,1,0.5800704681841404,-0.286842890995191,0,0,0,1,0,0,1,0,0,0,0,0,0,0,1,0,0,0,0,1,0,0,1
0,1,0,-1.0327216897677038,1,0,0.1040470678233892,-0.8041811845134114,0,0,0,0,0,0,1,0,1,0,0,0,0,0,1,0,0,1,0,0,0,0,0
0,0,0,0.8441012458369481,1,0,0.7891034711022948,1.2778550557276247,1,0,1,1,0,0,0,0,0,0,0,0,0,0,1,0,1,1,0,0,0,1,0
0,1,0,-0.22112258247920574,1,1,0.20721123007689618,-0.06042643525014407,0,0,0,0,0,0,0,0,0,0,1,0,0,0,1,0,1,0,0,0,0,1,1
0,0,1,-1.2356214665898284,1,0,0.6963716398631877,-0.948221830823534,1,0,0,1,0,0,0,0,0,0,1,0,1,0,0,0,1,0,1,0,0,0,0
1,0,0,0.793376301631417,1,1,-1.6211513758541702,-0.5950773064498696,0,0,1,0,1,1,0,1,0,1,0,1,0,1,0,1,0,0,0,0,0,1,1
0,0,0,-0.4747473035068614,1,1,0.6094355480765247,-0.1701625294876545,0,0,0,1,0,0,0,0,1,0,0,0,0,0,1,0,1,0,0,0,1,0,1
0,0,0,-0.4747473035068614,0,1,-0.2166505152118569,-0.4728633321500595,0,1,0,0,0,0,1,0,0,0,0,0,0,0,1,0,0,0,0,0,1,0,1
0,1,0,-0.11967269406814346,1,1,0.7952855931849018,0.2611001926244456,1,0,0,1,0,0,1,0,0,0,0,0,1,0,1,0,0,0,0,0,1,0,1
0,0,0,0.5904765248092925,1,1,0.16934573232092773,0.5866279495632053,1,0,1,0,0,0,1,0,0,0,0,0,1,0,0,0,0,0,0,0,0,0,1
0,1,0,-0.06894774986261233,1,1,0.9239510090291632,0.39168191280364995,0,0,1,1,0,0,1,0,1,0,0,0,0,0,0,0,1,1,0,0,1,0,1
0,0,0,-1.0834466339732352,1,1,0.9764990467313245,-0.6849424087484969,1,0,1,1,0,0,1,0,1,0,0,0,0,0,0,0,1,0,1,0,0,1,0
0,1,1,-0.6269221361234548,0,1,1.0862317136976012,-0.19395770570101217,0,1,0,1,0,0,0,0,1,0,1,0,0,0,0,0,1,0,0,0,0,1,1
0,0,0,-0.7790969687400482,0,1,-1.7447938175063131,-1.039606592718649,1,1,0,0,1,1,0,1,0,1,0,1,0,1,0,1,0,0,1,0,0,0,0
1,0,1,0.4890266363982302,1,0,-1.7324295733410988,-0.724530503046872,1,0,0,0,1,1,0,1,0,1,0,1,0,1,0,1,0,0,0,0,0,1,0
0,0,0,-0.9312718013566417,0,1,-1.7447938175063131,-1.1305168617439747,0,1,0,0,1,1,0,1,0,1,0,1,0,1,0,1,0,0,0,0,0,0,0
0,0,1,0.793376301631417,1,0,0.6673929426009667,1.1152001823769802,1,0,1,0,0,0,1,0,1,0,0,0,0,0,1,0,1,0,0,1,0,0,1
0,0,1,-0.7790969687400482,1,1,0.0468624385592734,-0.6122552307494074,1,0,1,0,0,0,0,0,0,0,0,0,1,0,0,0,1,1,0,0,0,1,0
0,1,0,0.9962760784535415,1,1,1.0302062323239736,1.6623032853757733,1,0,1,1,0,0,0,0,1,0,0,0,1,0,1,0,0,0,0,0,0,0,0
0,1,1,-0.37329741509579917,1,1,0.14577639188098798,-0.2546222603101676,1,0,1,0,0,0,0,0,0,0,1,0,1,0,0,0,1,0,0,1,0,0,0
0,0,0,0.8948261900424792,1,1,-0.14014675443959318,0.6099293967093496,0,0,0,0,0,0,1,0,0,0,0,0,0,0,0,0,0,1,0,0,0,1,0
0,0,1,2.1122248509752266,0,0,-1.67099473514519,-0.3020587231574916,0,1,0,0,1,1,0,1,0,1,0,1,0,1,0,1,0,0,1,0,1,0,0
0,0,0,0.032502138548449945,1,0,0.4127667893235844,0.22414104530733628,1,0,0,0,0,0,1,0,1,0,0,0,0,0,1,0,1,1,0,0,0,1,0
0,0,1,-0.7790969687400482,1,0,-0.5767591265237237,-0.7848808664314372,0,0,0,0,0,0,0,0,0,0,0,0,0,0,1,0,0,0,1,1,0,0,0
1,0,1,-0.2718475266847369,0,0,-1.7131104418329515,-0.9450991547750549,1,1,0,0,1,1,0,1,0,1,0,1,0,1,0,1,0,0,0,0,0,0,0
0,0,0,0.7426513574258858,1,0,0.6279819143243457,1.0379668497200436,0,0,1,1,0,0,1,0,0,0,0,0,0,0,0,0,1,1,0,1,0,0,1
0,1,0,0.13395202695951222,1,1,0.18711933330842306,0.23091218680054715,0,0,1,1,0,0,0,0,1,0,0,0,0,0,0,0,0,0,0,1,0,0,1
0,0,1,-0.9312718013566417,1,1,0.5874117381572364,-0.626009111907492,1,0,0,1,0,0,0,0,1,0,0,0,1,0,0,0,0,0,1,0,0,1,0
0,0,0,-1.438521243411953,1,0,1.0850725658071123,-1.1121719414673874,1,0,0,1,0,0,1,0,0,0,1,0,0,0,0,0,1,0,0,0,0,0,1
0,1,0,0.8441012458369481,0,1,1.0920274531500456,1.5261366558778318,0,1,0,1,0,0,1,0,0,0,1,0,1,0,1,0,1,0,0,0,0,0,0
0,1,0,-0.8298219129455794,1,0,-1.679881535638938,-1.0212680845078697,0,0,0,0,1,1,0,1,0,1,0,1,0,1,0,1,0,0,0,0,0,0,0
0,0,0,-1.0327216897677038,1,0,0.21146143900868858,-0.8046364411857768,0,0,1,0,0,0,0,0,1,0,1,0,0,0,0,0,1,1,0,0,1,0,0
0,1,0,0.8948261900424792,1,0,1.2438758268040835,1.698634050243702,0,0,1,1,0,0,1,0,1,0,0,0,0,0,1,0,1,0,1,0,0,1,0
0,1,0,-0.5761971919179237,0,1,1.2369209394611507,-0.06955080489487807,1,1,0,1,0,0,0,0,1,0,1,0,1,0,0,0,1,0,1,0,0,0,0
0,0,0,-0.677647080328986,0,0,0.7929672974039246,-0.31785805330831707,1,1,0,1,0,0,1,0,1,0,0,0,1,0,0,0,0,1,0,1,0,0,0
0,1,0,0.032502138548449945,1,1,-1.65785772571965,-0.8158319080864835,1,0,1,0,1,1,0,1,0,1,0,1,0,1,0,1,0,1,0,0,1,0,0
0,1,0,2.1122248509752266,1,1,0.5483870925107786,2.372670407976968,0,0,1,1,0,0,0,0,0,0,0,0,0,0,1,0,1,0,1,0,0,0,0
0,0,0,0.18467697116504336,1,0,0.9807492556631169,0.7101179249588004,0,0,0,1,0,0,1,0,0,0,1,0,0,0,1,0,0,0,0,1,0,0,0
1,0,0,2.1122248509752266,1,1,0.8451289524759222,2.717716493235173,1,0,0,1,0,0,0,0,1,0,1,0,1,0,0,0,0,0,0,0,0,1,1
0,0,1,0.43830169219269904,1,0,-1.5825131128378753,-0.6764592456845594,0,0,0,0,1,1,0,1,0,1,0,1,0,1,0,1,0,0,1,0,0,1,0
0,0,0,0.33685180378163676,0,1,-0.5640084997283462,-0.05768848315014309,1,1,0,0,0,0,0,0,0,0,0,0,1,0,0,0,0,0,0,1,0,0,1
0,1,0,0.9962760784535415,1,0,0.07506837056116815,0.870752997579936,1,0,1,0,0,0,0,0,0,0,0,0,1,0,1,0,1,1,0,1,0,0,0
0,0,0,-1.0327216897677038,1,1,1.5386857736184127,-0.589524457460172,0,0,1,1,0,0,0,0,0,0,1,0,1,0,1,0,1,0,1,1,0,0,0
0,1,1,-0.4240223593013303,0,0,0.8126728115422346,-0.014734054302586527,0,1,0,1,0,0,1,0,1,0,0,0,0,0,1,0,0,0,1,0,0,0,0
1,1,0,1.2499007994811973,1,0,0.6658474120803147,1.6306982130083145,0,0,0,1,0,0,0,0,0,0,1,0,1,0,0,0,1,0,0,0,0,0,0
0,1,0,1.554250464714384,1,0,0.9803628730329538,2.2382670965762164,0,0,1,1,0,0,1,0,0,0,0,0,1,0,1,0,0,0,0,0,0,0,0
0,0,0,-1.2863464107953595,1,1,-1.7447938175063131,-1.1858914620615593,1,0,1,0,1,1,0,1,0,1,0,1,0,1,0,1,0,0,0,0,1,0,1
0,0,0,0.18467697116504336,1,1,0.12297981670137396,0.23536216047127478,0,0,0,0,0,0,0,0,0,0,0,0,1,0,1,0,1,0,1,0,0,1,0
1,1,0,-0.6269221361234548,0,0,-0.2927678933539575,-0.58694680700537,1,1,0,0,0,0,0,0,1,0,0,0,1,0,0,0,0,0,0,0,0,1,0
0,1,0,-1.387796299206422,1,1,0.12220705144104767,-1.1074270127694932,1,0,0,0,0,0,0,0,0,0,1,0,1,0,1,0,0,1,0,0,0,0,0
0,0,1,-0.9819967455621728,1,0,1.5711419145520997,-0.4830777529821474,0,0,1,1,0,0,1,0,0,0,1,0,1,0,1,0,1,0,0,0,1,0,1
0,1,0,1.3513506878922594,1,0,0.06772710058807224,1.1199322869432584,1,0,1,1,0,0,0,0,0,0,0,0,0,0,0,0,0,0,0,0,0,0,0
0,0,0,-0.22112258247920574,1,0,0.4058119019806511,0.00855456871194193,1,0,1,0,0,0,0,0,1,0,1,0,0,0,0,0,1,0,0,0,0,1,1
0,0,0,2.1122248509752266,1,1,1.3717684773880192,3.3540114316227574,1,0,1,1,0,0,1,0,0,0,1,0,1,0,1,0,1,1,0,0,1,0,0
0,0,0,0.13395202695951222,1,1,-0.4929140957783641,-0.1429625463302677,1,0,1,0,0,0,0,0,0,0,0,0,0,0,1,0,0,1,0,0,1,0,1
0,0,1,0.5904765248092925,1,0,0.7686251917036585,0.9953907327551569,0,0,1,1,0,0,0,0,1,0,0,0,1,0,0,0,1,0,0,0,0,1,1
0,1,1,-1.0327216897677038,1,0,-0.26456196135206217,-0.8667950071281882,0,0,0,0,0,0,0,0,0,0,0,0,0,0,0,0,1,0,1,0,0,0,0
0,1,0,0.793376301631417,1,0,0.6032534259939171,1.0780807334146718,0,0,1,1,0,0,0,0,0,0,0,0,0,0,0,0,1,0,0,0,1,0,0
0,0,0,-0.5761971919179237,1,1,0.38417447469152594,-0.33402287121019636,1,0,1,1,0,0,1,0,0,0,0,0,0,0,0,0,1,0,1,0,0,1,0
0,0,0,-0.4747473035068614,1,1,0.18016444596548975,-0.3357797772415787,0,0,1,0,0,0,1,0,0,0,0,0,0,0,1,0,1,0,0,0,0,0,0
0,0,0,-0.4240223593013303,1,1,0.8254234383376118,-0.03877930108245473,1,0,1,1,0,0,1,0,0,0,0,0,1,0,1,0,0,0,1,1,0,0,1
0,1,0,1.3006257436867283,1,1,0.8308327951598931,1.819873390540702,1,0,0,1,0,0,1,0,0,0,0,0,1,0,0,0,0,0,0,0,1,0,0
0,0,1,-0.1703976382736746,1,0,-1.4774170374335536,-0.8289830550586195,1,0,0,0,1,1,0,1,0,1,0,1,0,1,0,1,0,0,0,0,0,0,0
0,0,0,1.1484509110701349,1,1,-1.6829725966802416,-0.5681530421222251,1,0,1,0,1,1,0,1,0,1,0,1,0,1,0,1,0,0,0,0,0,0,0
0,1,0,-1.2356214665898284,1,1,-1.643561568403621,-1.1330111553432731,1,0,0,0,1,1,0,1,0,1,0,1,0,1,0,1,0,0,0,0,1,0,1
0,1,0,-0.5761971919179237,1,1,0.007837792912815533,-0.4567690469720676,0,0,1,1,0,0,0,0,0,0,0,0,0,0,0,0,0,0,1,0,1,0,0
0,0,0,-1.0834466339732352,1,0,0.4119940240632581,-0.800423713949944,1,0,0,1,0,0,0,0,0,0,0,0,0,0,1,0,0,0,0,0,0,0,1
0,0,0,-0.4747473035068614,1,1,-1.6145828711413999,-0.9398604970099478,1,0,0,0,1,1,0,1,0,1,0,1,0,1,0,1,0,0,1,0,1,0,0
0,1,0,1.4528005763033218,1,1,1.506616015314888,2.6377452084782345,0,0,1,1,0,0,0,0,1,0,1,0,0,0,1,0,1,1,0,0,1,0,1
1,1,1,-1.1341715781787662,1,1,0.35712769058012006,-0.8606330118867339,0,0,0,0,0,0,1,0,1,0,0,0,0,0,1,0,0,0,1,0,0,0,0
1,1,1,-1.2863464107953595,1,1,-0.4674128421876094,-1.073141696894305,0,0,1,0,0,0,0,0,0,0,0,0,1,0,0,0,0,0,0,1,0,0,0
0,0,1,-0.4747473035068614,1,1,0.6024806607335913,-0.1457133225618846,0,0,1,1,0,0,0,0,0,0,0,0,1,0,0,0,1,0,0,0,0,1,0
0,0,1,-0.7790969687400482,0,0,1.439385437666535,-0.2389832318045414,0,1,0,1,0,0,1,0,1,0,0,0,1,0,1,0,1,1,0,0,0,1,0
1,0,0,2.1122248509752266,0,1,1.2995149255475484,3.2597091797850175,1,1,0,1,0,0,1,0,0,0,0,0,1,0,1,0,1,0,0,0,0,1,0
0,1,0,0.8441012458369481,1,0,0.31771666230349904,0.9410741232958866,1,0,0,1,0,0,0,0,0,0,0,0,0,0,0,0,0,1,0,1,0,0,1
1,0,0,-0.677647080328986,1,1,0.1689593496907646,-0.5164846158416444,1,0,1,1,0,0,0,0,1,0,0,0,0,0,0,0,0,0,0,1,0,0,1
0,0,0,-0.37329741509579917,1,0,0.8215596120359825,0.007714588091098423,1,0,0,0,0,0,1,0,1,0,0,0,0,0,1,0,1,1,0,1,0,0,0
1,0,1,-0.8298219129455794,1,1,0.9417246100166591,-0.42482413511678674,0,0,1,1,0,0,0,0,0,0,0,0,0,0,1,0,1,1,0,0,1,0,1
0,0,0,-0.7283720245345171,1,1,0.5769794071428369,-0.4512995548378736,0,0,1,0,0,0,0,0,1,0,1,0,1,0,0,0,1,0,1,0,1,0,0
0,0,0,0.6919264132203548,1,1,-1.67099473514519,-0.6713808895646514,0,0,1,0,1,1,0,1,0,1,0,1,0,1,0,1,0,0,1,0,0,1,0
0,0,0,-0.8298219129455794,1,0,-0.04818768846081192,-0.6720477444086796,0,0,0,1,0,0,0,0,0,0,0,0,0,0,0,0,0,1,0,0,0,1,0
0,1,1,0.5904765248092925,1,0,0.3876519183629926,0.731213621467005,1,0,0,1,0,0,0,0,0,0,0,0,0,0,1,0,0,0,0,0,0,0,0
1,1,0,-0.22112258247920574,0,1,1.7063758351091314,0.5902187064156658,1,1,0,1,0,0,1,0,1,0,0,0,1,0,1,0,1,0,0,0,1,0,0
1,0,1,-0.5761971919179237,1,1,0.15775425341603888,-0.408915799847226,1,0,0,1,0,0,0,0,0,0,0,0,0,0,0,0,0,0,0,0,0,0,0
0,0,0,-0.5761971919179237,1,0,-1.5929454438522748,-0.9413480962773956,1,0,0,0,1,1,0,1,0,1,0,1,0,1,0,1,0,0,1,0,0,0,0
0,0,0,0.8948261900424792,1,1,0.8316055604202193,1.4070197093632684,0,0,0,1,0,0,1,0,0,0,1,0,1,0,0,0,0,0,0,0,0,1,0
0,1,0,-0.06894774986261233,1,0,-0.084121273065966,-0.09772542205507553,0,0,1,0,0,0,1,0,0,0,1,0,0,0,0,0,0,0,1,0,0,1,0
0,1,1,0.8441012458369481,1,1,0.7952855931849018,1.297123313480559,0,0,0,1,0,0,0,0,1,0,0,0,0,0,1,0,0,1,0,0,1,0,1
0,0,0,2.1122248509752266,1,0,0.7060312056172615,2.5560106056241065,1,0,1,1,0,0,0,0,0,0,1,0,0,0,0,0,1,0,0,0,1,0,1
0,0,0,-1.3370713550008908,1,1,1.3509038153592203,-0.9646367192919238,0,0,1,1,0,0,0,0,1,0,1,0,1,0,1,0,0,0,0,0,0,0,1
1,0,0,0.9962760784535415,1,1,-1.5863769391395046,-0.526942695174435,1,0,0,0,1,1,0,1,0,1,0,1,0,1,0,1,0,0,0,0,0,1,0
0,0,0,-0.9819967455621728,1,1,-0.20776371471810895,-0.8083874996834363,0,0,1,0,0,0,0,0,0,0,0,0,1,0,1,0,0,1,0,0,0,1,0
0,0,0,0.793376301631417,1,1,0.6144585222686428,1.092770776180719,0,0,0,0,0,0,1,0,1,0,0,0,0,0,1,0,1,0,0,0,0,0,0
1,1,0,-0.7790969687400482,1,1,1.277104732998097,-0.2910876785600638,1,0,1,1,0,0,1,0,1,0,1,0,0,0,0,0,1,0,0,0,0,0,0
0,0,1,-1.1341715781787662,1,1,-0.1308735713156824,-0.9406299449069035,0,0,0,0,0,0,1,0,1,0,0,0,0,0,0,0,0,0,0,0,0,1,0
0,0,0,-0.5254722477123925,1,1,0.7346235202493193,-0.1717847821370696,0,0,1,1,0,0,0,0,0,0,1,0,0,0,1,0,1,0,1,0,0,0,1
0,0,0,-0.5254722477123925,1,0,0.1469355397714763,-0.38282510407461695,1,0,0,0,0,0,1,0,1,0,0,0,0,0,0,0,1,0,0,0,0,1,1
0,0,0,-0.9819967455621728,1,1,-1.7447938175063131,-1.1049647794992348,1,0,0,0,1,1,0,1,0,1,0,1,0,1,0,1,0,0,0,1,0,0,0
0,1,0,-0.6269221361234548,1,1,0.4316995382015686,-0.3600302101273019,0,0,1,1,0,0,0,0,1,0,0,0,0,0,1,0,0,0,0,0,1,0,1
0,1,0,-1.489246187617484,1,0,-0.5103013141356966,-1.2318018532465875,0,0,0,0,0,0,1,0,0,0,0,0,0,0,0,0,0,0,1,1,0,0,0
0,1,0,-0.8298219129455794,1,0,0.3949931883360885,-0.5501351372018439,0,0,0,0,0,0,1,0,1,0,0,0,1,0,0,0,1,0,1,0,0,0,0
0,1,0,-1.0834466339732352,1,1,-0.31595085116373434,-0.9470740710439082,0,0,1,0,0,0,0,0,0,0,0,0,1,0,0,0,0,0,0,1,0,0,0
1,1,1,0.2861268595761056,1,0,-1.505236586805286,-0.6359862863046852,0,0,0,0,1,1,0,1,0,1,0,1,0,1,0,1,0,0,1,1,0,0,0
0,0,0,-0.677647080328986,1,0,1.1206197677821035,-0.20087632470780623,1,0,0,1,0,0,1,0,0,0,1,0,1,0,0,0,1,0,0,0,1,0,0
0,0,0,-0.9819967455621728,0,0,0.7709434874846363,-0.6359285777124136,0,1,0,1,0,0,0,0,1,0,0,0,0,0,1,0,1,0,0,0,0,1,1
0,0,0,-0.9819967455621728,1,1,0.1426853308396839,-0.7842140115874089,0,0,1,0,0,0,1,0,0,0,0,0,0,0,1,0,1,0,0,1,0,0,1
0,1,0,-1.1848965223842973,1,1,0.7632158348813772,-0.85954296069938,0,0,0,1,0,0,0,0,0,0,0,0,1,0,1,0,0,0,1,1,0,0,0
0,0,0,-0.7283720245345171,0,1,0.9965909434997976,-0.3031103019499979,1,1,0,1,0,0,0,0,1,0,0,0,0,0,1,0,1,0,1,0,0,1,0
0,1,1,-0.322572470890268,1,1,0.46222376598444165,-0.07307102902345079,1,0,0,0,0,0,1,0,0,0,1,0,0,0,0,0,1,0,0,0,0,1,1
0,1,1,-1.2356214665898284,1,1,-1.648584542595739,-1.1334856482130624,1,0,1,0,1,1,0,1,0,1,0,1,0,1,0,1,0,0,0,0,1,0,0
0,0,0,-0.322572470890268,1,0,-0.33256530426074105,-0.38295334539077625,0,0,0,0,0,0,1,0,1,0,0,0,0,0,0,0,0,1,0,0,0,1,0
0,1,0,0.2861268595761056,1,1,0.24507672783286516,0.3680470382354914,1,0,0,0,0,0,0,0,0,0,1,0,0,0,1,0,1,0,0,0,1,0,1
0,0,0,-0.22112258247920574,1,0,0.8057179241993018,0.15726319893026275,1,0,0,1,0,0,1,0,1,0,0,0,0,0,0,0,1,0,0,0,0,1,1
0,1,1,1.1484509110701349,1,1,1.2094877727195812,1.995179269730461,0,0,0,1,0,0,1,0,1,0,1,0,0,0,1,0,0,0,0,0,1,0,1
0,1,0,1.8078751857420399,1,1,0.18518742015760845,1.645580617748601,0,0,0,0,0,0,1,0,0,0,0,0,0,0,1,0,1,1,0,0,1,0,0
0,0,0,-0.4240223593013303,1,1,-1.6002867138253707,-0.917366970155607,0,0,0,0,1,1,0,1,0,1,0,1,0,1,0,1,0,0,0,0,0,1,0
0,0,0,-0.5254722477123925,1,1,0.4262901813792873,-0.2808796697937837,1,0,1,1,0,0,1,0,0,0,0,0,0,0,0,0,0,0,0,0,0,1,1
0,1,0,-0.5761971919179237,1,0,1.4780237006828296,0.020808026470962703,1,0,0,1,0,0,1,0,1,0,1,0,0,0,1,0,0,0,1,0,1,0,0
1,1,0,-0.2718475266847369,1,1,-1.4866902205574644,-0.8505019479101497,1,0,0,0,1,1,0,1,0,1,0,1,0,1,0,1,0,1,0,0,0,0,0
0,1,0,-1.0327216897677038,1,1,0.13998065242854354,-0.8030847212602493,0,0,0,0,0,0,0,0,1,0,1,0,1,0,1,0,0,0,1,1,0,0,0
1,1,0,1.3513506878922594,1,0,-1.7447938175063131,-0.5991746165011591,1,0,1,0,1,1,0,1,0,1,0,1,0,1,0,1,0,0,0,0,1,0,0
0,1,1,-1.3370713550008908,0,0,-1.687609188242197,-1.1837754803449307,0,1,0,0,1,1,0,1,0,1,0,1,0,1,0,1,0,1,0,0,0,0,0
0,0,1,0.23540191537057448,1,1,-1.5809675823172233,-0.7039798321323446,1,0,0,0,1,1,0,1,0,1,0,1,0,1,0,1,0,0,0,0,0,0,0
0,1,0,-0.7790969687400482,1,0,0.9969773261299603,-0.34139674688935595,1,0,1,1,0,0,1,0,0,0,1,0,0,0,1,0,0,0,1,0,1,0,1
1,1,0,-1.489246187617484,1,0,-1.5369199624786474,-1.2242740879880367,0,0,0,0,1,1,0,1,0,1,0,1,0,1,0,1,0,0,1,0,1,0,0
0,0,0,-1.2356214665898284,1,1,0.07931857949296055,-0.9694521807137054,0,0,0,0,0,0,0,0,1,0,1,0,0,0,1,0,0,0,1,1,0,0,0
0,1,1,-0.322572470890268,1,0,-1.6254015847859626,-0.9167514118380424,0,0,0,0,1,1,0,1,0,1,0,1,0,1,0,1,0,0,0,0,1,0,0
0,1,0,-0.018222805657081193,0,0,-0.3047457548890086,-0.19007199382138537,1,1,0,0,0,0,0,0,0,0,1,0,0,0,1,0,0,0,1,0,1,0,0
0,1,0,-0.06894774986261233,1,0,1.1229380635630812,0.48330392113365966,0,0,0,1,0,0,1,0,0,0,0,0,0,0,1,0,1,0,0,1,0,0,1
0,0,0,-0.6269221361234548,1,1,0.7083495013982387,-0.2615216431195378,0,0,0,0,0,0,1,0,1,0,1,0,1,0,1,0,1,1,0,1,0,0,0
0,0,1,0.032502138548449945,1,1,0.07815943160247221,0.06809701180470351,0,0,1,1,0,0,0,0,0,0,1,0,0,0,0,0,0,0,0,1,0,0,0
0,0,0,0.6919264132203548,1,1,-1.7444074348761502,-0.7330777867688891,1,0,0,0,1,1,0,1,0,1,0,1,0,1,0,1,0,0,1,1,0,0,0
0,1,0,0.793376301631417,1,0,-0.2811764144490689,0.4237037694486265,1,0,1,0,0,0,0,0,0,0,0,0,0,0,1,0,0,0,1,1,0,0,0
0,0,0,2.1122248509752266,1,1,-0.22283263729446393,1.446575743332604,1,0,0,0,0,0,0,0,0,0,1,0,0,0,1,0,0,0,1,0,1,0,0
0,1,0,0.18467697116504336,1,1,0.06077221324513948,0.18768203912324805,0,0,1,0,0,0,0,0,0,0,1,0,0,0,1,0,1,0,0,0,1,0,1
0,0,0,0.032502138548449945,1,1,1.563027879318678,0.8239962137082563,0,0,1,1,0,0,1,0,1,0,1,0,1,0,1,0,1,0,1,1,0,0,0
0,1,1,-1.1848965223842973,1,0,1.023251344981041,-0.8148059775572092,1,0,0,1,0,0,1,0,0,0,0,0,0,0,1,0,1,1,0,0,0,0,1
0,0,0,0.9455511342480104,1,1,0.9200871827275339,1.5008410562654106,1,0,0,1,0,0,1,0,1,0,0,0,0,0,0,0,0,0,0,0,1,0,1
0,0,0,-1.3370713550008908,1,0,0.7979902715960427,-1.0260899579954592,0,0,0,1,0,0,0,0,1,0,1,0,0,0,0,0,1,0,0,0,0,1,1
0,0,0,-0.8298219129455794,1,1,0.31964857545431424,-0.5982384548931962,0,0,0,1,0,0,0,0,0,0,0,0,0,0,0,0,1,0,0,1,0,0,0
0,0,1,0.08322708275398108,1,1,0.1446172439904991,0.15845584317054429,0,0,1,0,0,0,0,0,1,0,1,0,0,0,0,0,1,0,0,1,0,0,0
0,0,0,-0.322572470890268,1,1,-0.09764466512166894,-0.2999491535066712,0,0,0,0,0,0,0,0,1,0,0,0,0,0,1,0,0,0,0,0,1,0,1
1,1,0,2.1122248509752266,1,1,0.27676010350622654,2.032952749405182,0,0,1,0,0,0,0,0,0,0,1,0,0,0,1,0,1,0,0,1,0,0,1
0,0,0,0.43830169219269904,1,0,0.8420378914346187,0.8980363375928266,1,0,0,1,0,0,1,0,1,0,1,0,0,0,1,0,0,0,0,0,0,0,1
0,1,0,-0.4747473035068614,0,1,1.065753434298965,0.0070605573786860195,0,1,0,1,0,0,0,0,1,0,0,0,0,0,1,0,1,1,0,0,1,0,1
0,0,1,1.6557003531254464,0,0,0.32505793227659496,1.690618967983746,0,1,0,1,0,0,0,0,0,0,1,0,0,0,0,0,0,0,0,0,0,0,1
0,1,1,2.0614999067696957,1,0,-0.4832545300242904,1.0931747363266209,1,0,0,0,0,0,0,0,0,0,1,0,0,0,0,0,0,1,0,0,0,1,0
0,1,0,2.1122248509752266,1,0,0.457200791792323,2.2280142033492805,0,0,0,1,0,0,0,0,0,0,0,0,0,0,1,0,1,0,1,0,0,1,0
0,0,1,-0.5254722477123925,1,1,-0.14169228496024494,-0.4809938315945588,1,0,0,0,0,0,0,0,0,0,0,0,0,0,1,0,1,1,0,1,0,0,0
0,0,1,2.1122248509752266,1,1,0.6511648721341229,2.5029571731290057,0,0,0,1,0,0,0,0,0,0,0,0,0,0,1,0,1,1,0,0,1,0,0
1,0,0,-0.8805468571511105,1,1,0.1419125655793582,-0.68729563690002,0,0,0,0,0,0,1,0,0,0,0,0,0,0,1,0,0,1,0,0,0,0,0
0,1,1,1.858600129947571,1,0,-0.5423710724392214,0.8909253566117935,0,0,1,0,0,0,0,0,0,0,0,0,0,0,0,0,1,1,0,0,1,0,0
0,0,1,0.43830169219269904,1,1,-0.15482929438578527,0.23765126796471805,1,0,1,0,0,0,0,0,0,0,1,0,0,0,0,0,1,0,0,1,0,0,0
0,1,1,-1.1848965223842973,1,0,-1.7447938175063131,-1.1559342906067473,0,0,0,0,1,1,0,1,0,1,0,1,0,1,0,1,0,0,0,1,0,0,0
0,1,0,0.33685180378163676,1,0,0.48231566275291476,0.5544265550756059,0,0,0,1,0,0,0,0,1,0,0,0,0,0,0,0,1,0,0,0,1,0,1
0,0,0,-0.9312718013566417,1,1,0.45333696549069374,-0.6573961740374799,0,0,0,1,0,0,0,0,0,0,0,0,0,0,1,0,0,0,0,0,1,0,1
1,0,0,-1.387796299206422,1,0,-1.62771988056694,-1.1606215107123696,0,0,0,0,1,1,0,1,0,1,0,1,0,1,0,1,0,1,0,1,0,0,0
0,1,1,-0.8805468571511105,1,1,0.12259343407121082,-0.6482846285243619,0,0,0,0,0,0,0,0,0,0,1,0,1,0,1,0,0,0,1,0,0,1,0
1,1,0,1.3513506878922594,1,0,-0.15521567701594816,0.9378616783260961,0,0,1,0,0,0,0,0,1,0,0,0,0,0,0,0,1,1,0,0,0,1,0
0,1,0,-0.7283720245345171,1,0,-1.6605624041307907,-1.028500894739254,0,0,0,0,1,1,0,1,0,1,0,1,0,1,0,1,0,1,0,0,0,1,0
0,1,0,-0.37329741509579917,1,0,0.43672251239368676,-0.1436037529110642,0,0,0,1,0,0,1,0,0,0,0,0,0,0,0,0,0,1,0,0,1,0,0
1,0,1,-0.4747473035068614,1,0,0.3930612751852739,-0.24165065118065468,0,0,0,1,0,0,0,0,0,0,0,0,0,0,1,0,0,0,1,1,0,0,0
0,1,1,0.5397515806037613,1,1,-1.7447938175063131,-0.7353412459991008,1,0,1,0,1,1,0,1,0,1,0,1,0,1,0,1,0,0,1,0,1,0,0
0,0,0,-0.677647080328986,1,1,1.1940324675130636,-0.18656459382442872,1,0,0,1,0,0,0,0,1,0,1,0,1,0,0,0,1,1,0,1,0,0,1
1,1,0,-0.8805468571511105,1,0,-1.701905345558226,-1.0755718698355239,0,0,0,0,1,1,0,1,0,1,0,1,0,1,0,1,0,0,1,0,1,0,0
1,0,1,-0.11967269406814346,1,0,-0.412932891334634,-0.2827071085490536,1,0,0,0,0,0,1,0,0,0,0,0,0,0,0,0,0,0,0,1,0,0,0
0,0,0,0.43830169219269904,1,1,1.0275015539128334,1.0322793473483787,1,0,0,1,0,0,0,0,0,0,1,0,1,0,1,0,0,0,0,0,0,1,1
0,1,0,-1.2356214665898284,1,1,-0.17955778271621392,-0.9875406183579744,0,0,0,0,0,0,0,0,1,0,0,0,0,0,0,0,1,0,0,0,1,0,1
0,1,0,-1.0834466339732352,1,0,-0.7811555378799228,-0.9862902655254213,0,0,1,0,0,0,0,0,0,0,0,0,0,0,0,0,0,0,0,0,0,0,1
1,1,1,0.43830169219269904,1,1,0.7686251917036585,0.8309404809782821,1,0,0,1,0,0,0,0,0,0,0,0,1,0,0,0,1,0,0,1,0,0,1
0,0,0,-1.1341715781787662,1,0,0.29646561764453705,-0.8646149047534801,0,0,0,0,0,0,1,0,0,0,0,0,1,0,1,0,0,0,1,0,1,0,0
0,0,0,-0.22112258247920574,0,0,0.47497439277981884,0.07082213977308857,1,1,0,1,0,0,0,0,0,0,1,0,0,0,1,0,0,0,0,1,0,0,0
1,0,0,0.08322708275398108,1,1,0.921632713248186,0.5525029353332165,0,0,1,1,0,0,1,0,0,0,1,0,0,0,1,0,0,1,0,0,0,1,0
0,0,0,-1.0327216897677038,0,1,0.4629965312447674,-0.7934537984166862,1,1,0,1,0,0,0,0,0,0,0,0,1,0,1,0,0,1,0,0,0,1,1
0,0,1,0.9455511342480104,1,0,0.44483654762710895,1.1499599911219576,0,0,0,0,0,0,0,0,0,0,1,0,1,0,1,0,1,0,0,0,1,0,1
1,1,0,-1.1341715781787662,1,1,0.2160980305706441,-0.8767850056569974,0,0,1,0,0,0,0,0,0,0,0,0,0,0,1,0,1,0,1,1,0,0,1
0,1,0,-0.22112258247920574,1,0,0.05265817801171728,-0.13668513390426998,1,0,0,0,0,0,0,0,1,0,0,0,0,0,0,0,1,0,0,0,1,0,1
0,1,1,0.43830169219269904,1,1,-0.47320858164005386,0.0698667419677018,1,0,0,0,0,0,0,0,0,0,1,0,0,0,0,0,0,0,0,0,0,1,1
0,0,0,0.9455511342480104,0,1,0.7373281986604597,1.3533891909454507,0,1,0,1,0,0,1,0,1,0,0,0,0,0,0,0,0,0,0,0,1,0,1
0,0,0,-0.9819967455621728,1,1,0.4923616111371516,-0.6958044482271893,1,0,0,1,0,0,0,0,0,0,0,0,0,0,1,0,1,0,1,0,0,1,1
0,0,0,-0.6269221361234548,1,0,-0.2637891960917364,-0.6042722088184912,0,0,0,0,0,0,0,0,0,0,0,0,0,0,1,0,0,1,0,1,0,0,1
0,1,1,-1.0834466339732352,1,1,-1.7447938175063131,-1.1654497962657673,1,0,0,0,1,1,0,1,0,1,0,1,0,1,0,1,0,0,0,1,0,0,0
0,1,0,-1.1341715781787662,1,0,0.6217997922417388,-0.8089325252771133,1,0,0,1,0,0,0,0,1,0,0,0,0,0,0,0,0,0,0,1,0,0,0
0,0,0,2.1122248509752266,1,1,-1.7447938175063131,-0.3849218495938214,1,0,0,0,1,1,0,1,0,1,0,1,0,1,0,1,0,0,1,0,0,1,0
1,0,0,-0.4240223593013303,1,1,-0.1127135876980239,-0.35572771397015746,0,0,1,0,0,0,0,0,0,0,1,0,0,0,0,0,0,0,0,0,0,0,0
1,1,1,-0.7790969687400482,1,0,-1.64085688999248,-1.0315338018664213,1,0,1,0,1,1,0,1,0,1,0,1,0,1,0,1,0,1,0,0,0,1,0
1,1,0,2.1122248509752266,0,0,0.14925383555245408,1.8863023923112177,0,1,0,0,0,0,1,0,0,0,0,0,1,0,1,0,0,0,0,0,1,0,1
0,1,0,-0.018222805657081193,1,1,0.8582659619014625,0.4186318253945261,0,0,0,1,0,0,0,0,0,0,0,0,1,0,0,0,1,0,0,0,0,1,1
0,0,0,0.18467697116504336,1,1,0.8903357202049872,0.6539161681519885,0,0,0,1,0,0,1,0,1,0,1,0,0,0,0,0,0,0,0,0,0,1,1
0,1,0,1.6557003531254464,1,1,-1.7293385122997953,-0.43849465941936777,1,0,1,0,1,1,0,1,0,1,0,1,0,1,0,1,0,0,0,1,0,0,1
0,0,0,-0.9312718013566417,1,1,0.5630696324569708,-0.6248036435355946,1,0,0,1,0,0,1,0,0,0,0,0,0,0,0,0,1,0,1,0,0,0,0
1,1,0,-0.22112258247920574,1,1,1.419679923528225,0.42520419284769007,0,0,1,1,0,0,0,0,1,0,1,0,1,0,1,0,1,0,0,0,1,0,1
1,1,1,0.5397515806037613,1,1,1.6889886167517991,1.5854610887331224,1,0,0,1,0,0,1,0,1,0,0,0,1,0,1,0,1,0,1,0,0,1,0
1,1,1,-0.22112258247920574,1,1,-0.24021985565179665,-0.2836881546176722,0,0,1,0,0,0,1,0,0,0,0,0,0,0,0,0,1,1,0,0,0,0,0
0,0,0,-0.322572470890268,1,1,0.5224994562898615,-0.043889717531402736,1,0,1,0,0,0,1,0,0,0,0,0,1,0,1,0,1,0,1,0,1,0,1
0,0,0,2.1122248509752266,1,0,0.47111056647818905,2.235381666962632,1,0,0,0,0,0,1,0,0,0,1,0,1,0,1,0,0,0,0,0,0,1,0
0,1,0,0.18467697116504336,1,0,1.1082555236168894,0.8069208824616461,1,0,0,1,0,0,1,0,1,0,0,0,0,0,0,0,1,1,0,1,0,0,0
0,1,0,2.1122248509752266,0,1,0.5858662076365844,2.3914962331891525,1,1,0,1,0,0,1,0,0,0,0,0,1,0,0,0,0,1,0,0,0,0,0
0,1,1,-0.7790969687400482,1,1,0.9463612015786146,-0.40597266164137,0,0,1,1,0,0,0,0,0,0,1,0,0,0,1,0,1,0,0,1,0,0,1
1,1,0,-0.4747473035068614,1,0,0.6129129917479907,-0.1599609327871825,1,0,0,0,0,0,0,0,0,0,1,0,1,0,1,0,1,0,0,0,1,0,1
0,1,1,-0.2718475266847369,1,0,0.9204735653576971,0.1372639656752203,0,0,1,1,0,0,1,0,0,0,0,0,1,0,1,0,0,0,0,0,1,0,0
1,1,0,-0.7283720245345171,1,0,0.29492008712388557,-0.5184980045053452,1,0,0,1,0,0,1,0,0,0,0,0,0,0,0,0,0,0,0,0,0,0,0
0,0,1,0.13395202695951222,1,1,-1.6080143664286297,-0.7725504638827208,1,0,0,0,1,1,0,1,0,1,0,1,0,1,0,1,0,0,0,0,1,0,0
0,0,1,2.1122248509752266,1,1,-0.28194917970939487,1.3414050399503645,1,0,1,0,0,0,0,0,0,0,1,0,0,0,1,0,0,0,0,0,0,0,0
0,1,1,-1.0834466339732352,1,0,-0.055142575803744966,-0.8963225701738663,1,0,1,0,0,0,0,0,0,0,0,0,1,0,0,0,1,0,0,1,0,0,0
0,1,0,-0.4747473035068614,1,1,0.6936669614520469,-0.13114510904618842,1,0,1,1,0,0,0,0,1,0,0,0,0,0,1,0,0,0,0,0,1,0,1
0,0,1,-1.3370713550008908,1,0,-1.7447938175063131,-1.1977409596746784,1,0,1,0,1,1,0,1,0,1,0,1,0,1,0,1,0,0,0,0,0,1,0
0,1,1,1.503525520508853,1,1,-0.24601559510424081,0.94449816643734,0,0,0,0,0,0,0,0,1,0,0,0,0,0,1,0,0,1,0,0,1,0,0
0,0,1,-0.7790969687400482,1,1,-1.7447938175063131,-1.054392816471816,1,0,0,0,1,1,0,1,0,1,0,1,0,1,0,1,0,1,0,1,0,0,0
0,0,0,-0.5254722477123925,1,1,0.20721123007689618,-0.33854978967061966,0,0,1,1,0,0,0,0,0,0,1,0,0,0,0,0,0,0,0,0,1,0,1
0,0,0,1.7571502415365088,1,1,0.8173094031041901,2.285838212805508,0,0,1,1,0,0,0,0,0,0,1,0,0,0,1,0,1,0,0,1,0,0,1
0,1,1,-0.8805468571511105,1,1,-0.27499429236646183,-0.7476331761529692,0,0,1,0,0,0,1,0,0,0,0,0,0,0,0,0,0,1,0,1,0,0,1
0,0,1,-0.4240223593013303,1,1,-1.730884042820447,-0.977204368275535,1,0,0,0,1,1,0,1,0,1,0,1,0,1,0,1,0,0,0,0,0,0,0
0,1,0,2.1122248509752266,1,1,0.5352500830852387,2.323553983887957,1,0,1,1,0,0,0,0,0,0,0,0,1,0,0,0,1,0,1,0,1,0,0
0,1,0,-1.2356214665898284,1,1,0.3930612751852739,-0.9377381032275113,0,0,0,1,0,0,0,0,0,0,1,0,0,0,0,0,1,0,0,0,0,1,1
0,0,0,0.6919264132203548,1,1,-0.23596964672000426,0.3775881921577432,1,0,0,0,0,0,0,0,0,0,1,0,0,0,1,0,0,0,0,0,1,0,0
1,1,0,1.0977259668646038,1,0,0.1419125655793582,0.998474936408788,0,0,1,0,0,0,0,0,0,0,0,0,1,0,1,0,1,1,0,0,0,0,0
0,0,1,2.1122248509752266,1,1,-0.3650214451944285,1.2966808809398096,0,0,1,0,0,0,1,0,0,0,0,0,0,0,0,0,0,1,0,0,0,1,0
0,0,0,-0.6269221361234548,1,0,1.39417866993747,-0.10029666044406943,1,0,1,1,0,0,0,0,1,0,1,0,1,0,1,0,0,1,0,0,1,0,1
0,1,0,-0.677647080328986,1,1,-1.6385385942115025,-1.0068409364399487,1,0,1,0,1,1,0,1,0,1,0,1,0,1,0,1,0,0,0,0,0,0,0
0,0,0,-0.8805468571511105,1,1,-0.4125465087044711,-0.7999620452117705,1,0,1,0,0,0,0,0,1,0,0,0,0,0,0,0,0,1,0,0,1,0,1
0,0,0,-1.2356214665898284,1,0,-1.6238560542653104,-1.1639621969983194,1,0,0,0,1,1,0,1,0,1,0,1,0,1,0,1,0,0,1,0,0,1,0
0,1,0,2.1122248509752266,1,1,1.0746402347927129,2.9979301811090453,1,0,1,1,0,0,0,0,1,0,1,0,1,0,1,0,0,0,1,0,1,0,0
0,0,1,-0.4747473035068614,0,1,-1.590627148071297,-0.9486193789036278,1,1,0,0,1,1,0,1,0,1,0,1,0,1,0,1,0,0,0,0,1,0,1
1,1,1,-0.018222805657081193,1,1,-0.2506521866661961,-0.14420648709701278,0,0,1,0,0,0,0,0,0,0,0,0,1,0,0,0,1,0,1,0,1,0,0
0,1,0,-0.9312718013566417,1,1,-1.5999003311952078,-1.0380228124640816,1,0,1,0,1,1,0,1,0,1,0,1,0,1,0,1,0,0,1,0,0,0,0
0,0,0,-0.9819967455621728,1,0,-1.5210782746419667,-1.0804899243102328,1,0,1,0,1,1,0,1,0,1,0,1,0,1,0,1,0,0,0,1,0,0,0
0,0,0,0.13395202695951222,1,0,-0.5953054927715451,-0.20419777479633205,1,0,1,0,0,0,0,0,0,0,0,0,0,0,0,0,1,0,0,1,0,0,0
1,0,0,0.33685180378163676,1,0,0.13263938245544765,0.36957952196359495,0,0,0,0,0,0,0,0,1,0,1,0,1,0,0,0,0,0,0,0,1,0,1
0,0,0,-1.1848965223842973,1,0,-0.33681551319253344,-0.9689905119755321,0,0,1,0,0,0,0,0,0,0,0,0,0,0,1,0,0,0,0,0,1,0,1
0,1,1,-0.8298219129455794,1,0,-1.7053827892296924,-1.0383241795570561,0,0,1,0,1,1,0,1,0,1,0,1,0,1,0,1,0,0,1,1,0,0,0
0,0,0,1.0470010226590727,1,1,-0.0729161767912403,0.7718468824920781,0,0,0,0,0,0,0,0,0,0,1,0,1,0,1,0,0,0,0,1,0,0,0
0,0,1,0.4890266363982302,1,1,0.3018749744668184,0.5570811503201033,1,0,0,1,0,0,1,0,0,0,0,0,0,0,0,0,0,0,0,0,0,1,1
0,0,0,0.18467697116504336,1,0,-1.659789638870465,-0.7561996960724103,0,0,0,0,1,1,0,1,0,1,0,1,0,1,0,1,0,1,0,0,1,0,0
0,0,0,-0.8298219129455794,1,1,1.4583181865445196,-0.3422110792469676,0,0,0,1,0,0,1,0,1,0,1,0,0,0,1,0,1,1,0,1,0,0,1
1,0,0,-0.9312718013566417,1,1,0.0994104762614342,-0.7462802302674887,0,0,0,1,0,0,0,0,0,0,0,0,0,0,0,0,0,0,0,1,0,0,1
0,1,0,-1.387796299206422,0,1,1.438226289776046,-1.040542754326612,1,1,0,1,0,0,1,0,0,0,1,0,0,0,1,0,1,0,0,0,1,0,1
0,1,0,-0.37329741509579917,1,1,0.8428106566949445,0.015511660113583738,0,0,0,1,0,0,0,0,1,0,1,0,0,0,1,0,0,0,1,0,1,0,0
1,1,1,0.793376301631417,1,0,0.282555842958671,0.8514206191689219,1,0,1,0,0,0,1,0,1,0,0,0,0,0,1,0,0,0,1,1,0,0,0
0,0,0,-0.9819967455621728,1,1,0.34940003797686103,-0.7278647772670137,0,0,1,1,0,0,0,0,0,0,0,0,0,0,0,0,1,0,1,0,0,0,0
0,0,0,0.2861268595761056,1,1,0.2698052161632938,0.4061475332664186,1,0,0,0,0,0,0,0,1,0,0,0,1,0,1,0,1,0,0,0,0,0,1
0,0,0,0.9455511342480104,1,1,0.3335583501401803,1.029855586472968,0,0,1,1,0,0,0,0,0,0,0,0,0,0,0,0,1,0,0,0,1,0,1
1,1,0,2.1122248509752266,1,1,0.6855529262186252,2.5263868615913094,0,0,0,1,0,0,0,0,1,0,0,0,0,0,1,0,0,0,0,0,0,1,0
1,1,0,2.1122248509752266,1,0,1.183213753868501,3.083999340449357,1,0,1,1,0,0,1,0,1,0,1,0,1,0,0,0,0,0,0,0,1,0,1
0,1,0,-1.5399711318230154,1,0,0.6314593579958124,-1.2318018532465875,0,0,1,1,0,0,1,0,0,0,0,0,0,0,1,0,0,0,1,0,0,0,0
0,1,0,-0.8298219129455794,1,0,-0.6463079999530541,-0.8114781154028754,1,0,0,0,0,0,0,0,0,0,0,0,0,0,0,0,0,0,0,0,1,0,1
0,0,1,-1.2863464107953595,1,1,-1.7447938175063131,-1.1774467713924694,0,0,1,0,1,1,0,1,0,1,0,1,0,1,0,1,0,0,0,1,0,0,0
0,1,0,1.0977259668646038,1,1,1.734195384480864,2.3699773403376225,0,0,1,1,0,0,0,0,1,0,1,0,1,0,1,0,1,1,0,0,1,0,0
0,0,0,1.2499007994811973,1,1,-1.6717675004055161,-0.5067831602741935,0,0,1,0,1,1,0,1,0,1,0,1,0,1,0,1,0,1,0,0,0,1,0
0,0,0,2.0107749625641644,1,1,0.2412129015312359,1.9100334478664958,1,0,1,1,0,0,0,0,0,0,1,0,0,0,0,0,0,0,1,0,0,0,0
0,1,1,0.3875767479871679,1,0,1.308788108671459,1.1340773041156287,0,0,0,1,0,0,1,0,0,0,1,0,1,0,1,0,1,1,0,0,0,1,1
0,1,0,0.5397515806037613,1,0,0.39962977989804405,0.7206529490812866,1,0,1,0,0,0,1,0,1,0,1,0,0,0,1,0,0,0,1,0,1,0,0
0,0,1,0.9455511342480104,1,0,1.017069222898434,1.598477582323291,1,0,1,1,0,0,1,0,0,0,0,0,0,0,1,0,1,0,0,0,0,0,1
0,0,0,-1.0834466339732352,0,1,-1.7285657470394693,-1.1124412482313217,0,1,0,0,1,1,0,1,0,1,0,1,0,1,0,1,0,0,1,0,0,1,0
0,1,1,-0.11967269406814346,1,1,-0.18496713953849522,-0.14491822640169696,0,0,1,0,0,0,0,0,0,0,0,0,1,0,0,0,0,0,0,0,0,1,0
1,1,0,0.43830169219269904,1,1,-0.18689905268930984,0.23012991477197525,0,0,0,0,0,0,0,0,0,0,1,0,0,0,1,0,0,0,0,0,0,0,1
0,1,0,1.0470010226590727,1,1,-0.015345164896961356,0.8249516115136432,0,0,1,0,0,0,0,0,0,0,0,0,0,0,1,0,1,1,0,1,0,0,1
0,1,1,0.3875767479871679,1,0,-1.540011023519951,-0.6565882537456763,1,0,0,0,1,1,0,1,0,1,0,1,0,1,0,1,0,1,0,1,0,0,0
0,0,0,1.3513506878922594,1,1,-0.4670264595574466,0.6644127198796271,1,0,1,0,0,0,0,0,0,0,0,0,1,0,0,0,0,0,0,0,1,0,0
0,0,0,-1.2863464107953595,1,0,0.8594251097919515,-0.9701318596893499,1,0,0,1,0,0,1,0,1,0,1,0,0,0,0,0,0,0,1,1,0,0,0
0,1,0,0.2861268595761056,1,0,0.590889181828703,0.6054986592360461,0,0,1,0,0,0,1,0,0,0,1,0,0,0,1,0,1,1,0,0,1,0,1
0,1,0,-0.7790969687400482,1,0,0.5228858389200242,-0.495914708729693,0,0,1,1,0,0,0,0,0,0,0,0,0,0,1,0,1,0,1,0,0,0,0
0,0,1,-0.6269221361234548,1,0,0.4440637823667832,-0.33130415530761925,0,0,1,0,0,0,1,0,0,0,0,0,1,0,1,0,0,0,1,0,0,1,0
0,0,0,-1.5399711318230154,1,1,0.6268227664338568,-1.2318018532465875,0,0,0,0,0,0,1,0,0,0,1,0,1,0,0,0,1,0,0,0,1,0,1
0,0,0,-0.322572470890268,1,1,1.1781907796763829,0.23151492098649587,1,0,0,1,0,0,0,0,0,0,1,0,1,0,1,0,0,0,1,0,1,0,1
0,0,0,1.3006257436867283,1,0,1.2488988009962023,2.203853539384869,1,0,0,1,0,0,1,0,1,0,1,0,0,0,1,0,1,1,0,0,1,0,0
0,0,0,0.7426513574258858,1,1,0.11061557253615936,0.6949213289939239,1,0,1,0,0,0,0,0,0,0,1,0,1,0,0,0,0,1,0,0,1,0,0
1,1,0,-0.7283720245345171,1,0,-0.048574071090974794,-0.5985847064468264,0,0,1,0,0,0,0,0,0,0,1,0,1,0,1,0,0,0,0,0,0,1,1
0,0,0,2.1122248509752266,1,1,-1.4731668285017612,-0.047942143122036485,0,0,1,0,1,1,0,1,0,1,0,1,0,1,0,1,0,0,1,0,0,1,0
1,0,0,1.4020756320977905,1,0,-0.4647081637764688,0.6558333758285702,0,0,0,0,0,0,0,0,0,0,0,0,0,0,0,0,1,0,0,0,0,0,0
0,1,1,0.18467697116504336,1,1,1.1032325494247708,0.7953022192176136,0,0,0,1,0,0,1,0,0,0,0,0,0,0,1,0,1,0,0,0,0,1,0
0,0,0,0.032502138548449945,1,1,0.6917350483012322,0.3838912528469726,1,0,1,1,0,0,1,0,1,0,0,0,0,0,0,0,0,1,0,0,0,1,1
0,0,0,1.7064252973309777,1,0,0.49081608061649956,1.9076609835175489,1,0,1,0,0,0,0,0,1,0,1,0,0,0,1,0,1,0,1,0,0,0,0
0,1,0,1.9093250741531023,1,0,-1.7216108596965363,-0.40100331064019723,1,0,0,0,1,1,0,1,0,1,0,1,0,1,0,1,0,1,0,0,0,0,0
1,0,0,1.7571502415365088,1,0,-0.2124003062800645,1.184585146484968,1,0,1,0,0,0,1,0,0,0,0,0,0,0,0,0,1,0,1,0,1,0,0
1,0,0,0.33685180378163676,1,1,-0.8507044113092531,-0.23655947092913054,0,0,0,0,0,0,0,0,0,0,0,0,0,0,0,0,0,0,0,0,1,0,1
1,0,0,-0.8805468571511105,1,1,-1.6690628219943755,-1.0732891744078883,0,0,0,0,1,1,0,1,0,1,0,1,0,1,0,1,0,0,0,0,1,0,1
0,0,1,0.33685180378163676,1,1,1.3311983012209099,1.0697065754694697,0,0,0,1,0,0,1,0,1,0,1,0,0,0,0,0,1,0,1,0,0,1,0
1,1,1,-0.37329741509579917,1,0,-1.7447938175063131,-0.9609626055839602,1,0,0,0,1,1,0,1,0,1,0,1,0,1,0,1,0,0,0,0,1,0,1
1,0,0,-0.4240223593013303,1,0,0.9846130819647462,0.027931831583611736,0,0,0,1,0,0,1,0,1,0,1,0,0,0,0,0,0,0,1,0,1,0,0
0,1,0,-1.438521243411953,1,1,-1.7447938175063131,-1.203967075574212,1,0,0,0,1,1,0,1,0,1,0,1,0,1,0,1,0,0,1,0,1,0,0
0,0,1,-0.8805468571511105,1,1,0.12220705144104767,-0.6949067590140743,0,0,1,0,0,0,0,0,0,0,0,0,1,0,1,0,1,0,0,0,1,0,1
0,0,1,1.554250464714384,1,0,-0.4218196918283817,0.7963602100759278,1,0,0,0,0,0,0,0,0,0,0,0,0,0,1,0,0,0,0,0,1,0,1
0,0,0,-0.4240223593013303,1,0,1.5846653066078034,0.24235131220195652,1,0,1,1,0,0,0,0,1,0,1,0,0,0,1,0,1,0,1,0,1,0,1
0,0,0,2.1122248509752266,1,0,-1.6462662468147613,-0.26093814513101304,0,0,0,0,1,1,0,1,0,1,0,1,0,1,0,1,0,1,0,1,0,0,0
0,0,0,-0.9312718013566417,0,0,-0.2282419941167452,-0.7895552624054435,1,1,0,0,0,0,0,0,0,0,1,0,0,0,0,0,1,0,1,0,1,0,0
0,1,1,-0.5761971919179237,0,0,0.6221861748719019,-0.27155011404319485,0,1,0,1,0,0,1,0,1,0,1,0,0,0,0,0,0,0,0,1,0,0,0
0,1,0,0.4890266363982302,1,1,1.0417977112288626,1.0846851611968753,1,0,1,1,0,0,1,0,1,0,1,0,0,0,0,0,0,0,0,0,0,0,1
0,0,0,-0.4747473035068614,1,1,-1.6910866319136635,-0.967919696985602,0,0,1,0,1,1,0,1,0,1,0,1,0,1,0,1,0,0,0,1,0,0,0
0,1,1,1.9093250741531023,1,1,0.2473950236138429,1.8055488355257086,0,0,0,0,0,0,1,0,1,0,0,0,0,0,1,0,0,0,1,1,0,0,0
0,1,0,0.13395202695951222,1,1,-1.6358339158003619,-0.7482166741414943,0,0,0,0,1,1,0,1,0,1,0,1,0,1,0,1,0,0,1,0,1,0,0
1,0,1,-0.677647080328986,1,0,-0.012640486485820715,-0.5367210955315814,0,0,0,0,0,0,0,0,1,0,1,0,1,0,0,0,0,0,0,0,0,0,1
0,0,0,-0.11967269406814346,1,0,1.0958912794516749,0.4057756334495567,0,0,0,1,0,0,1,0,1,0,0,0,1,0,0,0,1,0,0,1,0,0,1
0,0,1,1.604975408919915,1,1,-0.12585059712356425,1.1716904821451506,0,0,1,0,0,0,0,0,1,0,0,0,0,0,0,0,1,0,0,0,0,0,0
0,1,0,-1.3370713550008908,1,1,-1.7231563902171882,-1.2031912156114484,0,0,1,0,1,1,0,1,0,1,0,1,0,1,0,1,0,0,0,0,0,0,1
1,1,1,1.604975408919915,1,1,-1.7104057634218108,-0.46686805061961223,0,0,1,0,1,1,0,1,0,1,0,1,0,1,0,1,0,0,0,0,0,0,0
0,1,0,1.3006257436867283,1,1,0.8799033891905877,1.858211132006524,0,0,0,1,0,0,0,0,0,0,0,0,1,0,1,0,1,0,1,0,1,0,0
0,1,0,-0.4747473035068614,1,1,0.3138528360018698,-0.26322084055864853,0,0,1,0,0,0,1,0,0,0,0,0,0,0,0,0,1,0,1,0,0,1,0
0,1,0,-0.5761971919179237,1,0,0.8138319594327235,-0.1906106073492545,1,0,1,1,0,0,1,0,1,0,0,0,0,0,0,0,0,0,1,0,1,0,0
1,0,0,-1.0834466339732352,1,0,0.9054046427813421,-0.747517758968426,1,0,0,1,0,0,1,0,0,0,0,0,0,0,1,0,1,1,0,0,1,0,1
0,0,0,2.0614999067696957,1,0,-1.5728535470838017,-0.24039388628229355,0,0,1,0,1,1,0,1,0,1,0,1,0,1,0,1,0,0,1,0,0,0,0
0,0,0,-1.1848965223842973,1,1,-1.7447938175063131,-1.163506940325954,0,0,0,0,1,1,0,1,0,1,0,1,0,1,0,1,0,0,1,0,1,0,0
0,1,0,0.18467697116504336,1,1,0.9370880184547035,0.6954855907850246,1,0,1,1,0,0,1,0,1,0,1,0,0,0,0,0,0,0,0,0,1,0,1
0,1,1,-0.8298219129455794,1,1,-0.26224366557108464,-0.7216899578939436,1,0,0,0,0,0,0,0,0,0,0,0,1,0,0,0,1,0,1,1,0,0,0
0,0,0,0.13395202695951222,1,0,0.1036606851932266,0.20339160035276194,1,0,0,0,0,0,1,0,1,0,0,0,1,0,0,0,0,0,1,0,1,0,0
0,0,0,2.0107749625641644,1,1,0.7547154170177924,2.4767446481060453,0,0,0,1,0,0,0,0,1,0,0,0,1,0,0,0,1,1,0,0,0,1,1
0,0,1,-0.5761971919179237,1,0,0.5224994562898615,-0.29768569427645963,1,0,1,1,0,0,1,0,0,0,0,0,0,0,1,0,0,0,0,0,0,1,1
1,1,0,0.8948261900424792,1,1,1.1820546059780122,1.677506293406458,1,0,1,1,0,0,1,0,0,0,0,0,0,0,1,0,1,0,1,0,0,0,0
1,1,1,-0.322572470890268,1,1,0.604412573884406,0.0014820601257567124,0,0,0,0,0,0,1,0,1,0,1,0,0,0,0,0,1,0,0,0,1,0,1
0,1,1,0.33685180378163676,1,1,0.23928098838042072,0.43496335700741273,0,0,0,0,0,0,1,0,0,0,0,0,0,0,1,0,1,1,0,0,1,0,0
0,1,0,-0.11967269406814346,1,1,-1.5508297371645134,-0.8348308590754835,1,0,1,0,1,1,0,1,0,1,0,1,0,1,0,1,0,0,0,0,1,0,1
0,1,1,-0.9312718013566417,1,1,0.22189377002308855,-0.6947400453030673,0,0,0,0,0,0,1,0,0,0,0,0,1,0,0,0,1,0,1,0,0,1,0
0,0,1,-0.11967269406814346,1,0,0.14539000925082485,-0.03613752996957314,1,0,0,0,0,0,1,0,1,0,0,0,0,0,1,0,0,0,1,1,0,0,0
0,0,1,0.8948261900424792,1,1,0.8358557693520117,1.3929644611122098,0,0,1,1,0,0,0,0,1,0,1,0,0,0,0,0,1,0,1,0,1,0,0
0,0,0,-0.1703976382736746,1,0,-0.11503188347900167,-0.18515393934667643,1,0,0,0,0,0,0,0,1,0,1,0,0,0,0,0,0,0,0,1,0,0,0
0,1,1,-0.5254722477123925,1,0,0.8107408983914199,-0.1425970585792136,1,0,0,1,0,0,0,0,0,0,1,0,0,0,0,0,1,0,0,0,0,0,0
1,1,0,1.4020756320977905,1,0,0.09593303258996755,1.2428131160870968,1,0,1,0,0,0,0,0,0,0,0,0,1,0,0,0,1,1,0,0,1,0,0
0,0,0,0.5904765248092925,1,1,0.32080772334480256,0.7191589377480309,1,0,0,0,0,0,0,0,1,0,1,0,1,0,0,0,1,1,0,1,0,0,0
0,0,1,-1.489246187617484,1,1,-1.6103326622096075,-1.194874766258518,0,0,0,0,1,1,0,1,0,1,0,1,0,1,0,1,0,0,0,0,0,1,1
0,0,0,1.3513506878922594,1,0,1.0858453310674385,2.109743649521369,0,0,1,1,0,0,0,0,1,0,0,0,1,0,1,0,0,0,0,0,1,0,1
0,0,0,0.18467697116504336,1,1,0.24855417150433182,0.30325311324600673,0,0,1,0,0,0,0,0,1,0,1,0,0,0,1,0,0,0,0,1,0,0,0
0,0,0,1.3006257436867283,1,1,0.4274493292697762,1.4454664559478259,0,0,0,1,0,0,0,0,0,0,0,0,1,0,0,0,0,0,1,1,0,0,0
0,1,0,1.0977259668646038,1,1,1.2087150074592554,1.8980685330688334,0,0,1,1,0,0,0,0,1,0,0,0,1,0,1,0,1,0,0,0,0,0,1
0,0,0,-0.11967269406814346,1,1,-1.4727804458715983,-0.7789817658881095,0,0,0,0,1,1,0,1,0,1,0,1,0,1,0,1,0,0,1,0,0,1,0
0,1,1,-0.4240223593013303,1,1,0.12993470404430674,-0.2814888160455404,0,0,0,0,0,0,0,0,0,0,1,0,0,0,1,0,1,0,1,0,1,0,0
0,0,1,-1.387796299206422,1,1,0.9282012179609561,-1.0743343411345867,1,0,1,1,0,0,0,0,1,0,1,0,0,0,0,0,0,1,0,0,1,0,1
1,1,0,1.4528005763033218,1,1,-0.019595373828753752,1.1530698430388207,1,0,1,0,0,0,0,0,0,0,1,0,0,0,1,0,0,0,0,0,1,0,0
0,0,1,-1.1848965223842973,1,1,-0.16796630381132535,-0.977768630066636,1,0,1,0,0,0,0,0,0,0,1,0,1,0,0,0,0,0,0,0,0,0,0
0,0,0,-0.6269221361234548,1,1,-0.009163042814354058,-0.49434375260674174,1,0,0,0,0,0,0,0,0,0,0,0,0,0,1,0,1,0,1,1,0,0,1
0,0,0,-0.5254722477123925,1,0,0.7500788254558369,-0.18637864391599762,1,0,1,0,0,0,1,0,1,0,1,0,0,0,1,0,0,0,0,0,0,0,1
0,0,0,-0.11967269406814346,1,0,-0.4179558655267522,-0.28159140909846775,0,0,0,0,0,0,0,0,0,0,0,0,1,0,0,0,0,0,0,1,0,0,0
0,0,1,0.4890266363982302,1,0,-1.6323564721288952,-0.7083913334082245,1,0,0,0,1,1,0,1,0,1,0,1,0,1,0,1,0,0,0,0,1,0,0
0,1,0,-1.3370713550008908,1,1,-1.659789638870465,-1.202684662412619,0,0,0,0,1,1,0,1,0,1,0,1,0,1,0,1,0,0,1,0,0,1,0
0,1,0,2.1122248509752266,1,0,-0.493300478408527,1.0967847293765052,1,0,1,0,0,0,0,0,0,0,0,0,1,0,0,0,0,0,1,0,0,0,0
1,1,0,-0.9312718013566417,1,1,-0.3669533583452434,-0.8238469903464396,1,0,1,0,0,0,0,0,0,0,0,0,0,0,0,0,1,0,1,0,1,0,0
0,1,0,-0.322572470890268,1,1,0.37451490893745226,-0.11326826957358235,0,0,1,0,0,0,0,0,1,0,0,0,1,0,1,0,1,0,0,0,0,0,1
0,1,1,-0.4747473035068614,1,0,0.5537964493330598,-0.20331290971483285,0,0,1,1,0,0,0,0,0,0,1,0,0,0,0,0,1,0,0,1,0,0,1
0,1,0,0.6412014690148236,1,1,0.15891340130652776,0.6076274650842901,1,0,0,0,0,0,1,0,0,0,1,0,1,0,0,0,0,1,0,0,1,0,0
0,0,0,-0.7790969687400482,1,1,0.8856991286430316,-0.397412553787737,1,0,1,1,0,0,0,0,1,0,1,0,0,0,1,0,1,1,0,0,0,0,0
0,0,0,0.18467697116504336,1,0,-0.39477290771697554,-0.0545401588384323,0,0,0,0,0,0,0,0,0,0,0,0,0,0,1,0,1,0,0,0,0,0,1
0,1,0,-0.7283720245345171,1,1,0.032952663873407326,-0.5672104684484542,0,0,0,0,0,0,0,0,1,0,0,0,1,0,0,0,1,1,0,0,0,1,1
1,0,0,-0.7790969687400482,1,1,-0.149419937563504,-0.6638915967009483,0,0,1,0,0,0,0,0,0,0,1,0,1,0,0,0,0,1,0,0,1,0,0
0,0,0,0.18467697116504336,1,0,0.11525216409811491,0.21361243325065796,0,0,0,1,0,0,0,0,0,0,0,0,0,0,0,0,0,0,0,0,0,0,0
0,0,0,-0.5761971919179237,1,1,0.15891340130652776,-0.4334098912336516,1,0,0,1,0,0,0,0,1,0,0,0,0,0,0,0,0,0,0,0,1,0,1
0,1,1,-0.5254722477123925,1,1,-0.07137064627058853,-0.46245013727792456,1,0,1,0,0,0,0,0,1,0,0,0,0,0,1,0,0,0,0,0,1,0,0
0,1,0,-0.7283720245345171,0,0,0.8084226026104422,-0.38612090589991077,0,1,0,1,0,0,1,0,1,0,0,0,0,0,0,0,1,0,0,0,0,1,0
0,1,1,-0.677647080328986,1,0,-1.5686033381520093,-0.9736584958837305,0,0,1,0,1,1,0,1,0,1,0,1,0,1,0,1,0,1,0,0,1,0,0
1,1,1,-0.22112258247920574,1,1,-1.7332023386014246,-0.9160973811256299,1,0,1,0,1,1,0,1,0,1,0,1,0,1,0,1,0,0,1,0,1,0,0
1,1,1,-0.06894774986261233,1,1,0.29607923501437394,0.09352726479909203,0,0,0,1,0,0,0,0,0,0,0,0,0,0,0,0,1,0,0,0,1,0,1
0,0,0,-0.4747473035068614,1,1,-1.7447938175063131,-1.0059175989636018,0,0,1,0,1,1,0,1,0,1,0,1,0,1,0,1,0,0,0,0,0,1,1
0,0,0,-1.1341715781787662,0,0,-1.7138832070932772,-1.1202896167802707,1,1,0,0,1,1,0,1,0,1,0,1,0,1,0,1,0,1,0,0,1,0,0
1,1,0,0.8441012458369481,1,0,0.8779714760397725,1.3537995631571604,1,0,0,1,0,0,1,0,1,0,0,0,0,0,1,0,0,0,0,0,1,0,1
0,0,0,0.08322708275398108,1,1,-0.3263831821781338,-0.11487769809138153,1,0,1,0,0,0,0,0,0,0,0,0,0,0,1,0,0,1,0,0,0,1,0
0,0,0,-1.1341715781787662,1,1,1.2570128362296238,-0.7381946152836452,1,0,1,1,0,0,0,0,0,0,1,0,0,0,1,0,1,1,0,0,1,0,1
0,0,1,0.18467697116504336,1,1,-0.19501308792273175,0.038524564298369667,1,0,0,0,0,0,0,0,0,0,1,0,0,0,1,0,0,0,0,0,1,0,1
0,1,1,-0.018222805657081193,1,1,-1.6941776929549672,-0.8517971852033585,0,0,1,0,1,1,0,1,0,1,0,1,0,1,0,1,0,0,0,0,0,1,0
0,0,0,-0.677647080328986,1,1,-0.15482929438578527,-0.5618756296962275,0,0,0,0,0,0,1,0,0,0,1,0,0,0,0,0,0,1,0,0,0,0,1
0,1,0,-1.438521243411953,1,1,0.19600613380217102,-1.1445977582582656,1,0,0,0,0,0,1,0,1,0,1,0,0,0,0,0,0,1,0,0,0,1,1
0,1,1,2.1122248509752266,1,0,-1.7447938175063131,-0.38652486604581265,1,0,1,0,1,1,0,1,0,1,0,1,0,1,0,1,0,1,0,0,0,1,0
1,0,1,0.9962760784535415,1,0,-1.5968092701539043,-0.5294305767079253,1,0,0,0,1,1,0,1,0,1,0,1,0,1,0,1,0,1,0,0,0,0,0
0,0,0,-0.018222805657081193,1,1,0.48772501957519604,0.22919375316401266,0,0,0,1,0,0,0,0,0,0,0,0,0,0,1,0,0,1,0,1,0,0,0
0,1,0,0.3875767479871679,1,1,0.009383323433467289,0.3095305256720043,0,0,0,1,0,0,0,0,0,0,0,0,0,0,0,0,0,0,0,0,0,0,0
0,1,0,0.5904765248092925,1,1,0.8996089033288976,1.111436299747705,0,0,0,0,0,0,1,0,1,0,1,0,1,0,1,0,0,0,0,1,0,0,1
1,1,0,-0.8805468571511105,1,1,0.9135186780147637,-0.5208961171175241,0,0,0,0,0,0,0,0,1,0,1,0,1,0,1,0,1,0,1,0,0,1,0
1,1,0,-0.8298219129455794,0,1,-0.24215176880261127,-0.7204524291930063,1,1,0,0,0,0,0,0,0,0,0,0,0,0,1,0,1,1,0,0,0,1,0
0,1,0,-0.06894774986261233,1,0,-0.16371609487953295,-0.13472945383284074,1,0,1,0,0,0,1,0,0,0,0,0,0,0,0,0,1,0,1,0,0,1,0
0,0,1,-0.018222805657081193,0,0,-1.7447938175063131,-0.8736110330820549,0,1,0,0,1,1,0,1,0,1,0,1,0,1,0,1,0,0,1,0,1,0,0
0,1,1,-0.1703976382736746,1,0,0.29569285238421134,0.00023811935901149568,0,0,0,1,0,0,0,0,0,0,0,0,0,0,0,0,1,0,1,1,0,0,0
0,0,1,-1.1848965223842973,1,0,-1.708860232901159,-1.1248742438329657,1,0,0,0,1,1,0,1,0,1,0,1,0,1,0,1,0,0,1,0,0,0,0
0,1,0,0.3875767479871679,1,1,-0.28156279707923204,0.13085831193306358,1,0,0,0,0,0,1,0,0,0,0,0,0,0,1,0,0,0,0,0,1,0,0
0,0,0,-0.37329741509579917,1,1,0.554569214593386,-0.09017842059910092,0,0,1,0,0,0,1,0,1,0,0,0,0,0,0,0,1,0,0,0,1,0,1
0,1,1,-0.7283720245345171,1,0,1.0128190139666415,-0.2998273242563198,1,0,0,1,0,0,0,0,1,0,1,0,0,0,1,0,1,0,0,0,1,0,1
0,1,0,0.3875767479871679,1,1,-1.5589437723979356,-0.6891166635894821,0,0,0,0,1,1,0,1,0,1,0,1,0,1,0,1,0,1,0,1,0,0,0
0,0,0,0.032502138548449945,1,0,0.12297981670137396,0.12937712473142374,0,0,0,0,0,0,1,0,0,0,0,0,1,0,1,0,0,0,1,0,1,0,0
0,1,1,-0.37329741509579917,1,1,0.7381009639207861,-0.008649003850827874,0,0,0,1,0,0,1,0,0,0,0,0,0,0,1,0,0,0,1,0,1,0,0
0,1,1,0.33685180378163676,1,1,-1.7061555544900184,-0.7546095037520351,0,0,0,0,1,1,0,1,0,1,0,1,0,1,0,1,0,0,0,0,1,0,0
0,0,0,-0.5761971919179237,0,1,-0.25335686507733673,-0.539901480172332,1,1,0,0,0,0,1,0,0,0,0,0,0,0,0,0,1,1,0,0,0,1,1
0,0,0,-0.06894774986261233,1,1,0.9150642085354158,0.3854942692989638,1,0,1,1,0,0,0,0,0,0,0,0,1,0,1,0,1,0,0,0,0,1,0
1,0,1,2.0614999067696957,1,0,0.6615972031485223,2.415227288744431,1,0,0,1,0,0,1,0,0,0,1,0,0,0,0,0,0,0,0,0,0,0,1
0,1,0,-0.018222805657081193,1,1,-1.6165147842922145,-0.8175311055255943,1,0,0,0,1,1,0,1,0,1,0,1,0,1,0,1,0,1,0,0,0,0,0
0,0,0,-0.5254722477123925,1,1,-0.2977908675460756,-0.5200497244308728,0,0,1,0,0,0,0,0,0,0,0,0,0,0,1,0,0,1,0,0,0,0,1
0,0,0,-0.8298219129455794,1,1,-0.12275953608226073,-0.6837497645082155,1,0,0,0,0,0,0,0,1,0,1,0,0,0,0,0,0,0,0,0,0,1,1
0,1,0,-0.8298219129455794,1,1,0.1488674529222915,-0.6293497981934417,0,0,0,0,0,0,1,0,1,0,0,0,1,0,0,0,0,0,0,0,0,1,0
0,1,0,1.4528005763033218,0,1,0.9664530983470877,2.122663962124418,0,1,0,1,0,0,1,0,1,0,0,0,0,0,1,0,0,0,0,0,0,1,0
0,0,1,0.2861268595761056,1,1,0.5456824140996381,0.5884169159236274,0,0,0,1,0,0,0,0,0,0,1,0,0,0,0,0,1,0,1,0,0,0,0
1,1,0,0.23540191537057448,1,1,0.2898971129317669,0.3439504949291595,1,0,1,1,0,0,0,0,0,0,0,0,0,0,1,0,0,0,0,0,0,1,0
0,0,1,2.1122248509752266,1,1,-1.6536075167878577,-0.2666769440291415,0,0,0,0,1,1,0,1,0,1,0,1,0,1,0,1,0,0,1,1,0,0,0
1,0,1,0.3875767479871679,1,1,0.05343094327204357,0.3578454415350194,0,0,1,0,0,0,0,0,1,0,1,0,1,0,0,0,0,0,0,1,0,0,0
0,1,0,2.1122248509752266,1,0,-0.7583589627003088,0.7927822773550834,0,0,0,0,0,0,0,0,0,0,0,0,0,0,0,0,0,0,1,1,0,0,0
0,0,0,0.5397515806037613,1,1,1.3872237825945373,1.3824614973187632,0,0,0,1,0,0,1,0,1,0,1,0,1,0,0,0,1,0,0,0,1,0,0
0,0,0,-0.5254722477123925,1,0,-1.7447938175063131,-0.9913557975137135,1,0,1,0,1,1,0,1,0,1,0,1,0,1,0,1,0,0,0,0,0,0,0
0,0,1,-1.1848965223842973,1,0,0.9958181782394719,-0.8371263786347348,0,0,0,1,0,0,1,0,0,0,0,0,0,0,1,0,1,0,0,0,0,1,1
0,0,1,-1.1848965223842973,1,1,-1.701905345558226,-1.143206339977937,0,0,1,0,1,1,0,1,0,1,0,1,0,1,0,1,0,0,0,1,0,0,0
0,0,0,-0.37329741509579917,1,0,0.7786711400878954,-0.016478136202352986,1,0,0,1,0,0,0,0,1,0,0,0,0,0,1,0,0,0,1,0,0,1,0
0,0,1,-0.7790969687400482,1,1,-1.6026050096063484,-1.0195881232661828,1,0,0,0,1,1,0,1,0,1,0,1,0,1,0,1,0,1,0,0,0,0,0
0,0,0,0.6919264132203548,1,1,0.6372550974482568,1.0293746815373706,1,0,1,1,0,0,0,0,0,0,1,0,0,0,0,0,1,0,0,0,1,0,1
0,0,0,-0.9312718013566417,1,0,-0.19849053159419813,-0.761201107402623,0,0,1,0,0,0,0,0,0,0,0,0,0,0,1,0,1,0,0,0,0,0,1
0,0,0,-0.5761971919179237,1,0,0.09863771100110791,-0.4387254937884546,0,0,1,1,0,0,0,0,0,0,0,0,0,0,0,0,0,0,0,0,1,0,1
1,0,1,0.2861268595761056,1,0,-1.6651989956927462,-0.7847526251152779,0,0,0,0,1,1,0,1,0,1,0,1,0,1,0,1,0,0,0,0,1,0,0
1,0,0,-0.322572470890268,1,1,-0.38974993352485715,-0.425138326341377,1,0,0,0,0,0,0,0,0,0,0,0,0,0,1,0,0,0,0,0,0,1,1
0,0,0,0.793376301631417,1,1,0.10752451149485585,0.72659693408527,0,0,0,0,0,0,0,0,1,0,0,0,1,0,1,0,0,0,0,0,1,0,1
0,1,0,0.6919264132203548,1,0,-0.4144784218552858,0.2622415403382635,0,0,0,0,0,0,0,0,0,0,0,0,0,0,1,0,0,0,1,1,0,0,0
0,0,0,-1.3370713550008908,1,1,0.1446172439904991,-1.0636197791694775,1,0,1,0,0,0,0,0,1,0,1,0,0,0,1,0,0,0,0,0,1,0,0
0,0,0,-0.322572470890268,1,0,0.4892705500958475,-0.05985576139323514,0,0,0,1,0,0,1,0,0,0,0,0,0,0,0,0,1,0,1,0,1,0,0
0,1,1,-0.322572470890268,1,1,0.3664008737040306,-0.13035642495180874,1,0,0,1,0,0,0,0,0,0,0,0,0,0,1,0,0,0,0,0,0,1,0
0,0,0,-1.387796299206422,1,1,-1.6794951530087747,-1.203813185994821,0,0,0,0,1,1,0,1,0,1,0,1,0,1,0,1,0,0,0,0,0,0,0
0,1,1,0.13395202695951222,0,0,0.29917029605567796,0.27091065331063197,0,1,0,1,0,0,0,0,0,0,0,0,0,0,1,0,0,0,1,1,0,0,0
0,0,0,-0.018222805657081193,1,0,0.6643018815596626,0.3173532459577213,1,0,1,1,0,0,0,0,0,0,0,0,0,0,1,0,1,0,1,0,1,0,0
0,0,0,1.1991758552756662,1,1,-1.7015189629280632,-0.5742958011662553,0,0,1,0,1,1,0,1,0,1,0,1,0,1,0,1,0,0,0,0,1,0,0
0,0,0,-0.8805468571511105,1,1,0.9877041430060497,-0.48279562208659704,0,0,0,1,0,0,0,0,1,0,1,0,1,0,0,0,0,1,0,0,1,0,1
1,1,0,-0.22112258247920574,1,0,0.6252772359132054,0.09544447247567367,0,0,1,1,0,0,1,0,0,0,0,0,0,0,1,0,0,0,0,0,0,0,1
0,1,1,-1.0834466339732352,0,0,-0.02539111328119791,-0.8499376861190486,0,1,0,1,0,0,0,0,0,0,0,0,0,0,0,0,0,1,0,1,0,0,1
0,1,0,2.1122248509752266,1,1,-1.6841317445707304,-0.32614244233220757,0,0,1,0,1,1,0,1,0,1,0,1,0,1,0,1,0,0,0,1,0,0,0
0,0,0,-0.322572470890268,1,1,-0.4237516049791966,-0.41823894353200686,0,0,0,0,0,0,0,0,0,0,0,0,0,0,1,0,0,0,0,1,0,0,1
1,1,0,2.1122248509752266,1,0,-1.5230101877927813,-0.15023382895649978,0,0,1,0,1,1,0,1,0,1,0,1,0,1,0,1,0,1,0,0,1,0,0
0,1,0,-0.677647080328986,1,1,-1.6621079346514422,-1.0142212241849162,0,0,0,0,1,1,0,1,0,1,0,1,0,1,0,1,0,0,0,0,1,0,0
1,0,0,-0.7283720245345171,1,1,0.4935207590276405,-0.46074452777300584,1,0,0,1,0,0,0,0,0,0,0,0,0,0,1,0,0,0,0,0,0,1,1
0,0,0,-0.8298219129455794,1,1,0.7937400626642503,-0.48406521111657397,0,0,1,1,0,0,0,0,0,0,0,0,1,0,1,0,0,0,0,0,1,0,1
0,0,0,0.2861268595761056,1,0,0.5939802428700065,0.5722841583507879,0,0,1,1,0,0,0,0,1,0,0,0,0,0,1,0,0,1,0,0,1,0,1
0,0,0,-0.37329741509579917,1,1,0.35867322110077154,-0.16727709987407033,0,0,1,1,0,0,0,0,0,0,1,0,0,0,0,0,1,0,1,0,1,0,0
0,1,0,-0.4240223593013303,1,1,0.5066577684531802,-0.13937820154361524,1,0,0,1,0,0,0,0,0,0,0,0,0,0,0,0,1,0,0,0,0,1,1
1,1,1,-0.5761971919179237,1,0,-0.05050598424178942,-0.47036903855076106,1,0,1,0,0,0,1,0,0,0,0,0,0,0,1,0,0,0,0,0,1,0,0
0,1,1,-0.9819967455621728,1,1,-1.5871497043998306,-1.061131897635987,1,0,0,0,1,1,0,1,0,1,0,1,0,1,0,1,0,0,0,1,0,0,0
0,0,1,1.2499007994811973,0,1,0.08665984946605701,1.0545099795045927,0,1,0,0,0,0,0,0,0,0,0,0,1,0,1,0,1,1,0,0,0,0,0
0,0,1,0.2861268595761056,1,1,1.0831406526562977,0.8929964538677662,0,0,1,1,0,0,1,0,1,0,0,0,1,0,1,0,0,0,0,0,0,0,1
0,0,0,-0.06894774986261233,1,0,-1.546579528232721,-0.7910556858045075,1,0,0,0,1,1,0,1,0,1,0,1,0,1,0,1,0,0,0,0,1,0,0
0,0,0,-0.11967269406814346,1,1,-0.3039729896286829,-0.2307244910438826,1,0,0,0,0,0,0,0,0,0,0,0,0,0,1,0,0,0,0,0,0,0,0
0,1,0,2.1122248509752266,1,1,-1.7447938175063131,-0.40044546091490435,1,0,1,0,1,1,0,1,0,1,0,1,0,1,0,1,0,0,0,0,0,1,0
0,1,0,-1.3370713550008908,1,0,0.9846130819647462,-1.0002749810525926,1,0,0,1,0,0,0,0,0,0,0,0,1,0,1,0,1,0,0,1,0,0,1
0,0,1,0.3875767479871679,1,0,0.502793942151551,0.6218558391121642,0,0,1,0,0,0,0,0,1,0,0,0,1,0,1,0,1,0,1,0,1,0,0
0,0,0,-0.6269221361234548,1,1,-1.6393113594718287,-0.9537746798132315,1,0,0,0,1,1,0,1,0,1,0,1,0,1,0,1,0,0,0,0,0,1,0
0,1,1,-0.22112258247920574,1,0,0.47497439277981884,0.006047450981027619,1,0,1,1,0,0,0,0,0,0,0,0,1,0,0,0,0,0,0,1,0,0,1
0,0,1,1.0977259668646038,1,1,0.06849986584839854,0.9429592706434283,1,0,1,0,0,0,0,0,1,0,1,0,0,0,0,0,1,0,0,0,0,1,0
0,1,0,-0.5761971919179237,1,1,0.8227187599264714,-0.20023511812700975,1,0,0,1,0,0,1,0,1,0,0,0,0,0,1,0,0,0,1,1,0,0,0
0,0,0,-0.1703976382736746,1,0,0.6905759004107433,0.18876567824479415,0,0,0,0,0,0,0,0,1,0,1,0,0,0,1,0,1,1,0,1,0,0,0
0,0,1,0.032502138548449945,1,1,0.2941473218635593,0.15859049655251156,0,0,0,1,0,0,0,0,0,0,0,0,0,0,0,0,1,0,1,0,0,0,0
1,0,0,-0.8805468571511105,1,0,0.6040261912542434,-0.598623178841674,1,0,0,1,0,0,0,0,0,0,1,0,0,0,1,0,0,0,1,1,0,0,0
0,0,0,0.032502138548449945,1,0,0.07584113582149445,0.07364986079440113,0,0,1,0,0,0,0,0,1,0,1,0,0,0,1,0,0,0,0,0,0,1,0
0,1,1,-0.4240223593013303,1,1,0.502793942151551,-0.1650392889070906,0,0,0,0,0,0,1,0,1,0,1,0,1,0,1,0,0,0,1,0,0,0,0
0,0,0,-1.438521243411953,1,0,0.72419118923492,-1.1315171440100171,0,0,1,1,0,0,0,0,0,0,0,0,1,0,1,0,0,0,1,0,0,0,1
0,1,0,-0.4747473035068614,1,1,-1.5709216339329868,-0.9220990747218851,1,0,0,0,1,1,0,1,0,1,0,1,0,1,0,1,0,0,0,0,0,1,0
0,0,1,-1.489246187617484,1,1,0.7330779897286673,-1.1796974064910652,1,0,0,1,0,0,0,0,1,0,0,0,0,0,0,0,1,0,0,0,1,0,0
0,1,0,-0.6269221361234548,1,0,-0.544302985590036,-0.657184575865817,0,0,0,0,0,0,0,0,1,0,0,0,0,0,0,0,0,0,1,0,1,0,0
0,0,0,0.08322708275398108,1,0,-0.012640486485820715,0.07012963666582842,1,0,0,0,0,0,0,0,0,0,1,0,1,0,0,0,1,0,1,0,0,1,0
1,1,0,-0.1703976382736746,0,0,-1.6265607326764515,-0.8770222520918922,0,1,0,0,1,1,0,1,0,1,0,1,0,1,0,1,0,0,0,0,1,0,0
0,1,1,-1.1341715781787662,1,0,-1.4577115232952433,-1.1048814226437311,1,0,0,0,1,1,0,1,0,1,0,1,0,1,0,1,0,0,0,0,0,1,0
0,1,0,-0.322572470890268,1,0,-0.3433840179053034,-0.3928535749982739,0,0,0,0,0,0,1,0,1,0,0,0,0,0,0,0,0,0,0,1,0,0,1
0,1,1,-0.018222805657081193,1,1,0.3509455684975125,0.13791799638763272,1,0,0,0,0,0,1,0,0,0,1,0,1,0,1,0,0,0,1,0,0,1,0
0,1,0,-1.0834466339732352,1,1,0.48347481064340364,-0.7870417326087212,0,0,0,0,0,0,1,0,0,0,1,0,0,0,1,0,1,0,0,0,0,1,0
0,1,1,-1.1341715781787662,1,1,0.795671975815065,-0.8099712799380038,1,0,0,1,0,0,0,0,1,0,0,0,0,0,0,0,1,0,0,0,0,1,1
0,1,1,-0.11967269406814346,1,1,0.7400328770716006,0.2523284865991498,0,0,0,1,0,0,0,0,0,0,1,0,0,0,0,0,1,0,0,0,0,1,1
1,0,1,-0.11967269406814346,1,1,0.5070441510833434,0.148478668773351,0,0,0,1,0,0,1,0,0,0,0,0,0,0,0,0,0,1,0,0,0,1,0
0,1,0,-1.3370713550008908,1,1,-0.42877457917131473,-1.0921983564755766,0,0,0,0,0,0,1,0,0,0,1,0,0,0,0,0,0,0,0,1,0,0,0
1,1,0,0.08322708275398108,1,1,0.6024806607335913,0.36300074244462316,1,0,1,0,0,0,1,0,1,0,1,0,1,0,1,0,0,0,0,0,0,0,0
0,0,0,0.13395202695951222,1,1,1.0580257816957064,0.7066105249618438,0,0,0,1,0,0,0,0,1,0,1,0,0,0,0,0,1,0,0,0,0,1,1
0,1,0,-0.5254722477123925,1,0,0.6148449048988054,-0.2021459137377833,1,0,0,0,0,0,1,0,0,0,0,0,1,0,1,0,1,0,0,0,0,1,1
0,0,1,0.032502138548449945,0,0,-0.28967683231265395,-0.09860387507076679,1,1,0,0,0,0,1,0,0,0,1,0,0,0,0,0,0,0,0,0,1,0,1
0,0,1,-1.1848965223842973,1,1,-1.7424755217253356,-1.1701883128978534,1,0,0,0,1,1,0,1,0,1,0,1,0,1,0,1,0,0,0,1,0,0,0
0,0,1,0.5904765248092925,1,0,0.9320650442625854,1.150626845965986,0,0,0,1,0,0,0,0,1,0,1,0,0,0,0,0,1,0,1,0,1,0,0
0,0,0,-0.7283720245345171,1,0,0.2856469039999745,-0.47178610509432134,1,0,0,1,0,0,0,0,0,0,0,0,1,0,0,0,0,0,1,0,0,0,0
1,1,0,-0.37329741509579917,0,1,1.1530759087157911,0.14961360442136076,0,1,0,1,0,0,1,0,0,0,1,0,0,0,1,0,0,0,0,0,0,0,1
0,1,0,2.1122248509752266,0,0,-0.5180289667389556,1.0937646463809538,0,1,0,0,0,0,0,0,0,0,0,0,0,0,1,0,0,0,1,0,1,0,0
0,1,1,-0.06894774986261233,1,1,-0.31170064223194166,-0.19565690314012277,0,0,0,0,0,0,0,0,0,0,0,0,0,0,1,0,0,0,0,0,1,0,1
0,0,1,-0.1703976382736746,1,0,0.39267489255511073,0.015716846219438575,0,0,0,1,0,0,0,0,1,0,0,0,0,0,1,0,0,0,1,1,0,0,0
0,1,0,0.793376301631417,0,1,-0.02539111328119791,0.6399506888222412,0,1,0,0,0,0,0,0,0,0,1,0,1,0,0,0,1,0,0,0,0,1,0
1,1,0,-1.438521243411953,1,1,1.2295796694880547,-1.1267658032463153,1,0,1,1,0,0,0,0,1,0,1,0,0,0,0,0,1,0,1,0,0,1,0
1,1,1,-0.9312718013566417,0,1,0.35442301216897915,-0.691142876384799,1,1,0,1,0,0,0,0,0,0,0,0,0,0,0,0,1,0,0,1,0,0,1
0,0,0,0.9455511342480104,1,0,1.3335165970018876,1.820424828200187,1,0,1,1,0,0,1,0,1,0,1,0,0,0,1,0,1,1,0,0,0,0,1
0,0,0,2.1122248509752266,1,1,0.3633098126627271,2.125292909105684,1,0,1,1,0,0,0,0,1,0,0,0,0,0,0,0,0,0,0,1,0,0,1
0,0,0,0.13395202695951222,1,0,0.7423511728525785,0.5127865997186821,1,0,1,1,0,0,1,0,0,0,0,0,0,0,1,0,1,0,0,0,1,0,1
0,0,0,1.3513506878922594,0,0,-1.7447938175063131,-0.5784572318756247,1,1,0,0,1,1,0,1,0,1,0,1,0,1,0,1,0,0,1,0,0,1,0
0,0,1,1.1484509110701349,1,1,-1.6103326622096075,-0.5378111467189355,0,0,1,0,1,1,0,1,0,1,0,1,0,1,0,1,0,1,0,0,1,0,0
0,1,1,0.8441012458369481,1,1,-1.5604893029185871,-0.5481281606039509,1,0,0,0,1,1,0,1,0,1,0,1,0,1,0,1,0,0,1,1,0,0,0
1,1,0,-0.5254722477123925,1,1,-1.7447938175063131,-0.9801603306130068,0,0,0,0,1,1,0,1,0,1,0,1,0,1,0,1,0,0,0,0,1,0,1
0,0,0,-0.37329741509579917,1,0,0.7898762363626205,0.004931751530441729,0,0,0,1,0,0,0,0,1,0,0,0,0,0,0,0,1,1,0,0,1,0,1
0,0,1,-1.3370713550008908,1,1,0.8269689688582638,-1.001807464780696,1,0,0,1,0,0,1,0,0,0,0,0,1,0,0,0,0,0,1,0,0,1,0
0,1,0,2.1122248509752266,1,1,-0.022300052239894393,1.680481491941354,1,0,0,0,0,0,0,0,1,0,0,0,0,0,1,0,1,0,1,0,0,1,0
0,0,0,-1.1848965223842973,0,1,-0.32676956480829666,-0.9767106392083218,0,1,0,0,0,0,0,0,0,0,1,0,1,0,1,0,0,1,0,0,0,1,1
0,0,0,1.3513506878922594,1,1,1.1233244461932443,2.1515567306551078,1,0,0,1,0,0,0,0,1,0,0,0,1,0,0,0,1,0,1,1,0,0,0
0,1,0,-0.2718475266847369,0,0,-1.732043190710936,-0.961129319294967,0,1,0,0,1,1,0,1,0,1,0,1,0,1,0,1,0,0,0,0,1,0,0
0,1,1,-0.11967269406814346,0,0,0.26632777249182715,0.0011486327037424058,1,1,0,0,0,0,0,0,0,0,0,0,1,0,1,0,1,0,0,0,0,1,1
0,0,1,-0.7790969687400482,1,0,1.1735541881144274,-0.35018768911207576,1,0,1,1,0,0,0,0,0,0,1,0,1,0,1,0,1,0,1,0,1,0,0
0,0,0,-1.3370713550008908,1,0,-1.73127042545061,-1.1835189977126122,1,0,1,0,1,1,0,1,0,1,0,1,0,1,0,1,0,0,0,0,0,0,1
0,0,0,-0.9312718013566417,1,1,0.6751205952042253,-0.6206037404313776,0,0,1,1,0,0,1,0,0,0,0,0,1,0,1,0,0,0,0,1,0,0,1
1,1,1,1.3006257436867283,1,1,1.9281594648226634,2.8599809973164887,1,0,0,1,0,0,0,0,1,0,1,0,1,0,1,0,1,0,0,0,0,1,1
1,0,0,-0.5761971919179237,1,0,-1.5075548825862635,-0.9269594206043223,0,0,0,0,1,1,0,1,0,1,0,1,0,1,0,1,0,0,1,0,0,1,0
0,1,0,-0.8298219129455794,1,0,0.9950454129791456,-0.414026216296174,1,0,1,1,0,0,0,0,1,0,0,0,1,0,1,0,0,1,0,0,0,0,1
1,0,1,-0.5254722477123925,1,0,0.8223323772963083,-0.11369787798271604,1,0,1,1,0,0,0,0,1,0,1,0,0,0,1,0,0,0,0,1,0,0,0
0,0,0,-0.37329741509579917,1,1,0.5916619470890288,-0.05263577529346672,1,0,1,1,0,0,0,0,0,0,0,0,0,0,1,0,1,0,0,0,1,0,1
1,1,1,1.0977259668646038,1,1,-1.6628806999117685,-0.5253845631830995,0,0,1,0,1,1,0,1,0,1,0,1,0,1,0,1,0,1,0,0,0,1,0
0,0,0,-0.22112258247920574,0,1,0.2269167442152067,-0.06899295516958506,1,1,0,1,0,0,0,0,0,0,0,0,1,0,0,0,0,1,0,0,0,0,0
0,0,0,-1.1848965223842973,1,1,-1.6899274840231746,-1.1356336902587307,0,0,1,0,1,1,0,1,0,1,0,1,0,1,0,1,0,0,1,1,0,0,0
1,0,0,-0.677647080328986,1,1,-0.4716630511194018,-0.6583259235796349,0,0,1,0,0,0,0,0,0,0,0,0,0,0,1,0,0,0,0,0,1,0,0
0,0,0,-0.22112258247920574,1,0,-0.05127874950211544,-0.22978191737011175,1,0,0,0,0,0,0,0,0,0,1,0,0,0,1,0,0,0,0,0,0,1,1
0,1,0,0.08322708275398108,1,0,-0.2842674754903727,-0.0999439968246314,1,0,1,0,0,0,0,0,1,0,1,0,0,0,0,0,0,0,0,1,0,0,0
1,1,1,-1.438521243411953,1,0,-1.5952637396332525,-1.2008123391966934,0,0,1,0,1,1,0,1,0,1,0,1,0,1,0,1,0,0,0,0,0,1,1
0,0,0,0.4890266363982302,1,1,0.2721235119442716,0.5768880216009069,0,0,1,1,0,0,0,0,0,0,0,0,0,0,1,0,0,0,1,0,1,0,1
0,0,0,-0.1703976382736746,1,1,0.4761335406703078,0.08278705457075089,0,0,0,1,0,0,0,0,0,0,1,0,0,0,0,0,1,1,0,0,0,0,1
0,0,0,2.1122248509752266,1,1,1.1136648804391707,3.0309074355594077,1,0,1,1,0,0,0,0,0,0,1,0,1,0,1,0,1,0,0,0,0,0,0
0,1,1,-1.1848965223842973,1,1,0.8146047246930491,-0.8780417705553586,1,0,0,0,0,0,0,0,1,0,1,0,0,0,1,0,1,0,0,0,1,0,1
0,0,0,0.032502138548449945,1,1,0.2330988662978137,0.12867179749254737,1,0,0,1,0,0,0,0,0,0,0,0,0,0,1,0,0,1,0,0,0,1,0
1,1,1,-0.5761971919179237,1,0,-1.4801217158446942,-0.9088838070916694,1,0,1,0,1,1,0,1,0,1,0,1,0,1,0,1,0,0,1,0,0,1,0
1,0,1,-0.11967269406814346,1,0,1.18437290175899,0.4229343215516705,1,0,1,1,0,0,1,0,0,0,0,0,1,0,1,0,1,0,0,0,1,0,1
0,1,0,-0.37329741509579917,1,0,0.42513103348879844,-0.13808296425040636,1,0,1,1,0,0,1,0,0,0,0,0,0,0,1,0,0,0,0,1,0,0,1
0,0,0,-0.322572470890268,1,1,1.2191473384736549,0.24524956594715663,1,0,1,1,0,0,1,0,1,0,1,0,1,0,0,0,0,0,1,0,1,0,0
0,0,1,1.9600500183586334,1,1,-1.6655853783229086,-0.3469560079448615,1,0,1,0,1,1,0,1,0,1,0,1,0,1,0,1,0,0,0,0,0,1,1
0,1,0,0.4890266363982302,1,1,-1.702678110818552,-0.7422406288084709,0,0,0,0,1,1,0,1,0,1,0,1,0,1,0,1,0,0,0,1,0,0,0
0,0,0,0.7426513574258858,1,1,-1.6744721788166568,-0.6739200676246054,1,0,0,0,1,1,0,1,0,1,0,1,0,1,0,1,0,1,0,1,0,0,0
0,1,0,-0.7283720245345171,1,1,0.7829213490196878,-0.3662883863558756,0,0,1,1,0,0,1,0,0,0,0,0,0,0,0,0,1,0,0,0,1,0,1
0,1,0,0.9455511342480104,1,1,-1.7447938175063131,-0.6430652069566786,1,0,1,0,1,1,0,1,0,1,0,1,0,1,0,1,0,0,1,0,0,1,0
0,0,0,-0.4747473035068614,1,1,0.3806970310200598,-0.25301924385817637,0,0,0,0,0,0,1,0,1,0,0,0,1,0,0,0,0,0,1,0,1,0,0
0,0,0,-0.8805468571511105,1,0,0.09245558891850089,-0.6691879630583274,1,0,1,1,0,0,0,0,0,0,0,0,0,0,0,0,0,1,0,0,1,0,0
0,0,0,-0.22112258247920574,1,1,-0.8051112609500254,-0.5271991778067536,1,0,1,0,0,0,0,0,0,0,0,0,0,0,0,0,0,0,0,1,0,0,0
0,0,0,0.18467697116504336,1,1,1.0862317136976012,0.727911407575903,1,0,1,1,0,0,1,0,1,0,0,0,0,0,1,0,0,0,1,0,1,0,0
0,1,0,-0.37329741509579917,1,0,0.6573469942167299,-0.06045849557918387,1,0,1,1,0,0,0,0,1,0,0,0,1,0,0,0,0,0,0,0,1,0,0
0,1,0,-0.9819967455621728,1,0,0.3845608573216891,-0.725793680011041,0,0,0,1,0,0,0,0,0,0,0,0,0,0,1,0,0,1,0,0,0,1,1
0,1,0,2.1122248509752266,1,1,1.3033787518491777,3.24659650520773,0,0,0,1,0,0,0,0,1,0,0,0,0,0,1,0,1,0,1,0,0,0,0
0,1,0,0.43830169219269904,1,0,-0.1146455008488388,0.23162392610523133,0,0,0,0,0,0,0,0,0,0,1,0,0,0,1,0,0,0,0,0,0,1,0
0,0,0,-0.677647080328986,1,0,-0.15521567701594816,-0.6010597638487007,1,0,0,0,0,0,0,0,0,0,0,0,1,0,1,0,0,1,0,0,0,0,0
0,1,0,2.1122248509752266,1,0,0.34940003797686103,2.138386347485548,0,0,1,1,0,0,0,0,1,0,0,0,0,0,0,0,0,1,0,1,0,0,0
0,0,0,-0.7283720245345171,1,0,-1.7447938175063131,-1.0360863685900763,1,0,0,0,1,1,0,1,0,1,0,1,0,1,0,1,0,0,0,0,0,1,0
0,1,0,1.4528005763033218,1,0,1.0077960397745227,2.1471901138398835,1,0,0,1,0,0,1,0,1,0,1,0,0,0,0,0,0,1,0,1,0,0,0
0,1,1,-0.06894774986261233,1,1,-0.09223530829938766,-0.07269271714078077,0,0,0,0,0,0,1,0,0,0,1,0,0,0,0,0,0,1,0,0,0,0,0
0,0,1,0.2861268595761056,1,0,1.0329109107351147,0.8642639869822757,1,0,0,1,0,0,0,0,0,0,0,0,1,0,1,0,1,1,0,0,0,0,0
0,1,0,-1.0327216897677038,1,1,-1.7355206343824023,-1.1148265367118846,0,0,0,0,1,1,0,1,0,1,0,1,0,1,0,1,0,0,0,0,1,0,0
0,0,0,-0.22112258247920574,1,1,-1.6794951530087747,-0.9039272802221128,1,0,0,0,1,1,0,1,0,1,0,1,0,1,0,1,0,0,0,0,1,0,0
1,1,0,1.1991758552756662,1,1,0.3505591858673499,1.2709364367208307,1,0,1,0,0,0,0,0,1,0,0,0,1,0,1,0,1,1,0,0,0,0,0
0,0,1,1.503525520508853,1,1,-0.1328054844664973,1.0764520686994488,0,0,0,0,0,0,1,0,0,0,0,0,0,0,0,0,0,0,0,0,0,0,0
0,1,1,-1.2356214665898284,0,1,-1.6458798641845989,-1.1485860631908198,1,1,0,0,1,1,0,1,0,1,0,1,0,1,0,1,0,0,0,0,1,0,0
0,0,1,0.7426513574258858,1,1,-0.4844136779147793,0.22099272099562534,1,0,1,0,0,0,1,0,0,0,0,0,0,0,0,0,0,0,1,1,0,0,0
0,0,0,1.9093250741531023,1,0,0.6878712219996025,2.2901150606994207,0,0,0,1,0,0,0,0,0,0,0,0,0,0,1,0,1,0,1,1,0,0,0
0,0,1,-1.0834466339732352,1,0,-1.6169011669223778,-1.123155810196431,1,0,1,0,1,1,0,1,0,1,0,1,0,1,0,1,0,0,0,0,0,0,0
0,0,1,-1.1848965223842973,1,1,0.575820259252348,-0.8816132912103951,0,0,1,1,0,0,0,0,1,0,0,0,0,0,1,0,0,0,0,1,0,0,1
0,1,0,-0.11967269406814346,1,0,0.9026999643702012,0.328741074832667,1,0,1,1,0,0,0,0,0,0,0,0,1,0,1,0,1,0,0,0,0,1,1
0,0,0,-0.37329741509579917,1,1,0.0344981943940588,-0.27500621751368787,0,0,0,0,0,0,1,0,0,0,0,0,0,0,1,0,0,1,0,0,1,0,0
0,0,0,-0.1703976382736746,1,1,1.1171423241106369,0.37374095267296426,0,0,0,1,0,0,0,0,1,0,1,0,1,0,0,0,1,0,0,0,0,0,0
0,0,0,0.8441012458369481,1,1,1.4204526887885507,1.7974055119495926,1,0,1,1,0,0,1,0,0,0,1,0,1,0,1,0,1,0,1,1,0,0,0
1,0,0,1.7571502415365088,0,1,0.6867120741091141,2.1749543587883715,1,1,0,1,0,0,1,0,0,0,1,0,1,0,0,0,0,1,0,0,0,1,0
0,0,0,0.6919264132203548,1,0,1.058412164325869,1.295289462659481,1,0,1,1,0,0,1,0,1,0,0,0,0,0,1,0,0,0,1,1,0,0,0
0,0,1,2.1122248509752266,1,0,-1.6675172914737237,-0.3223400873080845,1,0,1,0,1,1,0,1,0,1,0,1,0,1,0,1,0,0,1,0,0,1,0
0,0,0,-1.1341715781787662,1,1,0.9830675514440942,-0.8062073973087283,0,0,0,1,0,0,0,0,0,0,1,0,1,0,1,0,1,0,0,0,0,1,1
0,0,1,2.1122248509752266,1,0,-1.6033777748666742,-0.24501698572983624,1,0,0,0,1,1,0,1,0,1,0,1,0,1,0,1,0,0,0,0,0,1,0
1,1,0,-0.9312718013566417,1,0,0.7755800790465919,-0.5893128592885091,0,0,0,1,0,0,0,0,1,0,0,0,0,0,1,0,0,1,0,0,0,0,1
0,0,0,-0.6269221361234548,1,1,0.32158048860512883,-0.40401698156994076,1,0,1,0,0,0,0,0,1,0,1,0,0,0,0,0,1,0,1,0,0,0,0
0,0,0,-0.11967269406814346,1,1,0.9594982110041543,0.3481760462966085,1,0,1,1,0,0,0,0,1,0,0,0,0,0,1,0,0,0,1,0,0,0,0
0,1,1,-0.4240223593013303,1,1,-1.7447938175063131,-0.9642391712118301,0,0,0,0,1,1,0,1,0,1,0,1,0,1,0,1,0,0,1,0,1,0,0
0,0,0,-0.11967269406814346,0,0,0.8180821683645159,0.2952059706570107,0,1,0,1,0,0,0,0,1,0,1,0,0,0,1,0,0,0,0,0,1,0,0
0,0,1,0.032502138548449945,1,1,0.4502459044493902,0.2731805246066515,0,0,1,1,0,0,0,0,1,0,0,0,0,0,1,0,0,1,0,0,1,0,0
0,1,1,-0.22112258247920574,1,1,0.326603462797247,-0.024929238937250558,1,0,0,1,0,0,0,0,0,0,1,0,0,0,0,0,0,0,0,1,0,0,1
0,0,1,-0.11967269406814346,1,1,0.8200140815153305,0.2814328533015022,1,0,0,1,0,0,0,0,0,0,1,0,0,0,1,0,1,0,0,0,0,1,1
0,1,0,-0.018222805657081193,1,0,-0.22708284622625632,-0.11260141472955403,1,0,0,0,0,0,1,0,0,0,0,0,0,0,1,0,0,0,0,0,0,0,0
0,1,0,-0.5254722477123925,1,1,0.08240964053426461,-0.3956684718879705,0,0,0,0,0,0,0,0,1,0,0,0,1,0,0,0,1,1,0,0,1,0,1
0,0,1,-0.4747473035068614,1,1,0.7334643723588304,-0.12505364652862183,0,0,1,1,0,0,0,0,1,0,0,0,0,0,1,0,0,0,0,0,1,0,1
0,0,0,0.032502138548449945,1,0,1.0186147534190853,0.5395056779404717,0,0,0,1,0,0,1,0,0,0,1,0,1,0,0,0,1,1,0,0,1,0,0
0,1,0,-1.438521243411953,1,1,-1.7111785286821368,-1.207480887636977,0,0,0,0,1,1,0,1,0,1,0,1,0,1,0,1,0,0,1,1,0,0,0
0,0,0,-0.11967269406814346,1,0,-0.017277078047775982,-0.11228722350496374,0,0,0,0,0,0,0,0,1,0,1,0,0,0,0,0,1,1,0,0,0,0,0
1,1,1,1.9600500183586334,1,0,1.4876832664369033,3.2701929073810403,1,0,1,1,0,0,1,0,1,0,1,0,0,0,1,0,1,1,0,0,0,1,0
0,0,0,0.5904765248092925,1,0,1.1310520987965034,1.2474298034688316,0,0,0,1,0,0,0,0,1,0,1,0,0,0,1,0,0,0,1,0,1,0,0
1,1,0,1.1484509110701349,1,1,0.1929150727608675,1.0856918555287258,1,0,1,0,0,0,0,0,1,0,0,0,1,0,0,0,0,1,0,1,0,0,0
0,1,0,0.793376301631417,1,0,0.9606573588946433,1.3744271788613835,1,0,0,1,0,0,0,0,1,0,1,0,1,0,0,0,0,1,0,0,0,0,1
0,0,1,0.5397515806037613,1,0,0.5518645361822452,0.7957125914293235,0,0,0,0,0,0,0,0,0,0,1,0,1,0,1,0,1,0,0,0,0,0,1
0,1,1,2.1122248509752266,1,0,0.6418916890102118,2.4694669534140057,1,0,0,1,0,0,1,0,0,0,1,0,0,0,1,0,0,0,0,0,0,1,0
1,0,1,0.032502138548449945,1,1,1.5668917056203073,0.8253619837253529,0,0,0,1,0,0,1,0,0,0,0,0,1,0,1,0,1,0,0,0,1,0,1
0,1,1,-0.37329741509579917,1,0,-0.06827958522928503,-0.33218902038911846,1,0,1,0,0,0,0,0,1,0,1,0,0,0,0,0,0,0,1,0,0,1,0
0,1,0,-1.0834466339732352,0,1,0.08936452787719738,-0.8477960561391883,0,1,0,0,0,0,0,0,1,0,0,0,1,0,1,0,0,0,1,0,0,0,1
0,1,0,1.604975408919915,1,1,-0.06750681996895928,1.2153245899683514,0,0,0,0,0,0,1,0,0,0,1,0,0,0,0,0,0,0,0,0,0,0,1
0,1,0,0.08322708275398108,1,1,0.02445224600982253,0.0960472066616224,1,0,1,0,0,0,1,0,0,0,0,0,1,0,0,0,1,0,1,1,0,0,0
0,1,0,-1.438521243411953,1,0,0.9591118283739918,-1.1176478456673893,1,0,0,1,0,0,0,0,1,0,1,0,0,0,0,0,1,0,0,0,1,0,1
0,1,1,-0.322572470890268,0,1,0.592048329719192,-0.01999836033092555,0,1,0,1,0,0,0,0,1,0,0,0,0,0,1,0,0,1,0,0,1,0,0
0,1,0,0.8441012458369481,1,0,0.28603328663013766,0.9139254366649633,0,0,0,1,0,0,0,0,0,0,0,0,0,0,0,0,1,0,1,0,0,1,0
0,1,0,1.2499007994811973,1,1,0.0951602673296418,1.0932645052479324,1,0,1,0,0,0,0,0,1,0,0,0,0,0,1,0,1,0,0,0,0,0,1
0,0,0,0.5904765248092925,1,0,0.8061043068294644,1.0494829199111486,1,0,0,1,0,0,1,0,1,0,0,0,0,0,0,0,0,0,1,0,0,0,0
0,0,0,-1.0327216897677038,1,0,0.2852605213698119,-0.7603611267817796,0,0,1,1,0,0,1,0,0,0,0,0,0,0,0,0,0,0,0,1,0,0,0
0,0,0,-1.489246187617484,1,0,0.9467475842087771,-1.2056790971449387,0,0,0,1,0,0,0,0,1,0,1,0,0,0,0,0,1,0,0,0,0,0,1
0,1,0,0.13395202695951222,1,0,0.28178307769834526,0.25155903870219387,1,0,1,0,0,0,0,0,0,0,1,0,0,0,1,0,1,1,0,1,0,0,1
0,0,1,0.9962760784535415,0,1,0.2415992841613985,0.9950701294647587,1,1,0,1,0,0,0,0,0,0,0,0,0,0,0,0,1,0,1,0,0,0,1
0,1,0,0.032502138548449945,1,1,0.8652208492443954,0.4572068132952428,0,0,0,1,0,0,1,0,0,0,1,0,0,0,0,0,1,1,0,0,1,0,1
0,0,0,-0.9312718013566417,1,1,0.5387275267567049,-0.644065489222721,1,0,0,1,0,0,1,0,0,0,0,0,0,0,1,0,0,0,0,0,1,0,1
0,1,0,-0.7283720245345171,1,0,-1.658630490979976,-1.002743626388659,1,0,0,0,1,1,0,1,0,1,0,1,0,1,0,1,0,0,1,0,1,0,0
0,1,0,-1.489246187617484,1,0,-0.5562808471250875,-1.183884485463666,1,0,1,0,0,0,0,0,0,0,0,0,0,0,0,0,0,0,1,1,0,0,0
0,1,0,-0.677647080328986,1,1,0.12027513829023305,-0.5261155386852076,0,0,0,0,0,0,0,0,0,0,0,0,1,0,1,0,0,0,1,1,0,0,0
0,1,0,0.18467697116504336,1,1,1.3192204396858584,0.9067375108942347,1,0,0,1,0,0,1,0,0,0,1,0,1,0,1,0,0,0,0,1,0,0,1
0,0,0,-0.8805468571511105,1,1,1.241171148392943,-0.43351889635238705,1,0,1,1,0,0,0,0,0,0,1,0,1,0,1,0,1,0,1,0,0,1,0
0,0,0,2.1122248509752266,0,1,0.9722488377995315,2.8661429925579434,0,1,0,1,0,0,0,0,0,0,1,0,1,0,1,0,0,0,0,0,0,0,0
0,0,0,-0.8805468571511105,1,1,0.45642802653199727,-0.6032847506840645,0,0,1,1,0,0,0,0,1,0,0,0,0,0,0,0,1,0,1,0,1,0,0
0,0,0,-0.8805468571511105,1,1,0.7037129098362837,-0.5614267850896699,0,0,0,1,0,0,1,0,0,0,1,0,0,0,0,0,0,1,0,0,0,0,0
0,1,0,-0.37329741509579917,1,0,-0.10923614402655753,-0.3495080101364315,0,0,0,0,0,0,0,0,0,0,0,0,0,0,1,0,1,0,1,0,0,0,0
0,0,0,2.1122248509752266,1,0,-1.7104057634218108,-0.36533298855048885,1,0,0,0,1,1,0,1,0,1,0,1,0,1,0,1,0,0,0,0,1,0,0
0,1,0,-0.9819967455621728,1,0,-0.6656271314612014,-0.9109100198869864,1,0,1,0,0,0,0,0,0,0,0,0,0,0,0,0,0,0,1,0,1,0,0
0,0,0,-1.1341715781787662,1,0,-1.670608352515027,-1.1374611290140006,1,0,0,0,1,1,0,1,0,1,0,1,0,1,0,1,0,0,1,0,0,1,0
0,1,1,0.6412014690148236,1,1,-1.7447938175063131,-0.7295896229693563,1,0,0,0,1,1,0,1,0,1,0,1,0,1,0,1,0,0,1,1,0,0,0
0,0,0,0.032502138548449945,1,1,-1.606082453277815,-0.8086696305789868,1,0,0,0,1,1,0,1,0,1,0,1,0,1,0,1,0,0,0,0,1,0,0
0,0,0,1.3513506878922594,1,0,-0.21278668891022737,0.8936953690408344,0,0,0,0,0,0,1,0,0,0,0,0,0,0,0,0,1,0,0,1,0,0,1
1,1,0,-0.9819967455621728,1,1,0.8528566050791813,-0.6737277056503665,1,0,0,1,0,0,1,0,0,0,1,0,1,0,0,0,0,0,0,1,0,0,0
1,0,1,-0.5254722477123925,0,1,-1.7447938175063131,-0.9912275561975541,0,1,0,0,1,1,0,1,0,1,0,1,0,1,0,1,0,1,0,1,0,0,0
0,0,1,-0.8805468571511105,1,0,0.6442099847911896,-0.5644404560194135,0,0,0,1,0,0,0,0,1,0,1,0,0,0,0,0,0,0,1,0,0,1,0
0,0,1,0.7426513574258858,1,1,1.4544543602428899,1.6947675745614994,1,0,1,1,0,0,0,0,1,0,1,0,0,0,1,0,1,1,0,0,0,0,0
0,1,0,-0.9312718013566417,1,0,-1.6671309088435609,-1.05875943328704,1,0,0,0,1,1,0,1,0,1,0,1,0,1,0,1,0,0,0,0,1,0,0
0,0,0,1.2499007994811973,1,0,0.3633098126627271,1.3207838363119493,1,0,0,1,0,0,0,0,0,0,1,0,0,0,0,0,0,0,0,0,1,0,1
0,0,1,-0.11967269406814346,0,0,0.6874848393694398,0.25105889756917277,0,1,0,1,0,0,0,0,0,0,0,0,1,0,1,0,1,0,1,0,1,0,0
1,1,0,-0.6269221361234548,1,1,-0.2069909494577832,-0.5658190501681258,0,0,0,0,0,0,0,0,0,0,1,0,0,0,0,0,1,0,0,0,0,0,0
0,0,0,-0.9312718013566417,0,1,0.8771987107794468,-0.5679414439505623,1,1,0,1,0,0,0,0,0,0,1,0,0,0,1,0,1,0,0,0,1,0,1
0,0,1,-0.322572470890268,1,0,0.5823887639651183,-0.008860602022490668,1,0,1,0,0,0,1,0,1,0,0,0,0,0,1,0,1,0,1,1,0,0,0
0,0,1,-0.7790969687400482,1,0,-1.6582441083498127,-1.036881464750264,0,0,1,0,1,1,0,1,0,1,0,1,0,1,0,1,0,0,0,0,0,0,0
0,1,0,-1.387796299206422,1,0,1.0379338849272328,-1.0447618936282528,1,0,0,1,0,0,1,0,0,0,1,0,0,0,0,0,1,0,0,0,0,1,1
1,1,1,-0.1703976382736746,1,0,0.6511648721341229,0.1662272669297976,1,0,0,1,0,0,1,0,1,0,0,0,0,0,0,0,0,0,1,0,0,1,0
0,1,0,-1.0327216897677038,1,0,0.9479067320992661,-0.6750998877332709,1,0,0,1,0,0,0,0,0,0,1,0,0,0,1,0,1,0,0,1,0,0,1
0,0,0,-0.6269221361234548,1,1,-1.7189061812853956,-1.0255000479411263,1,0,1,0,1,1,0,1,0,1,0,1,0,1,0,1,0,0,1,1,0,0,0
0,1,0,2.1122248509752266,1,0,1.1913277891019227,3.106871179186368,1,0,1,1,0,0,0,0,1,0,0,0,0,0,1,0,1,0,1,0,0,1,0
0,1,0,-1.3370713550008908,1,1,0.4765199233004703,-1.0200049075437005,0,0,0,1,0,0,0,0,1,0,0,0,0,0,0,0,1,1,0,0,0,0,1
0,0,0,1.0977259668646038,0,1,-1.6663581435832346,-0.565075250534402,1,1,0,0,1,1,0,1,0,1,0,1,0,1,0,1,0,0,0,1,0,0,0
0,0,0,-0.5761971919179237,1,0,0.21030229111819967,-0.40040698852005663,1,0,0,0,0,0,0,0,1,0,0,0,1,0,0,0,0,0,1,0,0,0,0
0,1,0,-0.11967269406814346,1,1,0.12143428618072193,-0.02517289743795329,0,0,1,1,0,0,0,0,0,0,0,0,0,0,0,0,0,0,0,0,0,0,1
0,1,1,-0.4747473035068614,1,0,1.2581719841201127,0.044449313104929195,0,0,1,1,0,0,1,0,1,0,0,0,1,0,1,0,0,0,0,0,1,0,1
0,0,1,-0.677647080328986,0,0,-1.7447938175063131,-1.0157537079130197,1,1,0,0,1,1,0,1,0,1,0,1,0,1,0,1,0,0,1,0,0,1,0
0,0,0,-1.0327216897677038,0,0,0.7473741470446965,-0.7194200865979239,1,1,0,1,0,0,0,0,0,0,0,0,1,0,0,0,1,0,0,1,0,0,1
0,1,0,2.1122248509752266,1,1,0.584707059746096,2.408206076684709,1,0,0,1,0,0,1,0,0,0,0,0,0,0,0,0,0,0,0,0,1,0,1
1,0,0,2.1122248509752266,1,1,-0.3302470084797633,1.3054397628334895,1,0,1,0,0,0,0,0,1,0,0,0,0,0,0,0,0,0,0,0,1,0,1
1,1,0,-1.3370713550008908,1,0,0.10056962415192308,-1.0617987524800152,1,0,0,0,0,0,0,0,1,0,0,0,0,0,0,0,1,0,1,0,0,0,1
0,0,0,-0.9819967455621728,1,1,-1.633515620019384,-1.0969561093050868,0,0,1,0,1,1,0,1,0,1,0,1,0,1,0,1,0,1,0,0,1,0,0
0,0,0,0.8441012458369481,0,1,0.5275224304819797,1.0920398006786112,1,1,0,0,0,0,0,0,1,0,1,0,1,0,1,0,1,0,0,1,0,0,1
0,0,0,1.0470010226590727,1,1,-1.6682900567340497,-0.580207725841199,0,0,0,0,1,1,0,1,0,1,0,1,0,1,0,1,0,1,0,0,0,1,0
0,1,0,0.23540191537057448,1,0,0.07893219686279795,0.23963259629937927,0,0,0,0,0,0,0,0,0,0,0,0,1,0,1,0,0,0,0,0,1,0,1
0,0,0,-0.2718475266847369,1,1,-0.757586197439983,-0.5559701170870919,1,0,0,0,0,0,0,0,0,0,0,0,0,0,0,0,0,0,0,0,1,0,0
0,0,0,-0.37329741509579917,1,1,-1.7370661649030543,-0.9676503902216674,1,0,0,0,1,1,0,1,0,1,0,1,0,1,0,1,0,0,0,0,1,0,0
0,0,0,-0.5254722477123925,1,0,0.9819084035536053,-0.11482640156491784,0,0,0,1,0,0,0,0,0,0,1,0,0,0,1,0,1,0,1,0,0,0,1
0,0,1,-0.677647080328986,1,1,0.06424965691660559,-0.5184146476498418,1,0,0,0,0,0,0,0,1,0,1,0,0,0,1,0,0,0,1,1,0,0,0
0,1,0,0.23540191537057448,1,0,-0.7541087537685164,-0.2577641725560704,1,0,0,0,0,0,0,0,0,0,0,0,0,0,0,0,0,0,0,1,0,0,0
0,0,0,-0.4747473035068614,1,0,-0.01689069541761311,-0.39877191173902543,1,0,0,0,0,0,1,0,0,0,1,0,0,0,0,0,0,1,0,0,0,1,0
0,0,1,-0.1703976382736746,1,1,-1.5369199624786474,-0.8159601494026428,0,0,1,0,1,1,0,1,0,1,0,1,0,1,0,1,0,0,1,0,0,0,0
0,0,1,-1.1341715781787662,1,1,-0.1127135876980239,-0.9253115196916755,0,0,1,0,0,0,0,0,0,0,0,0,1,0,1,0,0,1,0,0,1,0,1
0,0,1,0.13395202695951222,1,0,-0.26185728294092153,-0.03516930803257045,1,0,0,0,0,0,0,0,0,0,1,0,0,0,0,0,1,0,1,0,0,0,0
1,1,0,0.032502138548449945,1,1,1.1886231106907823,0.6385464464102969,0,0,0,1,0,0,1,0,0,0,0,0,1,0,1,0,1,1,0,0,0,1,0
0,1,0,0.43830169219269904,1,0,1.1059372278359116,1.0524388822486201,1,0,0,1,0,0,0,0,1,0,0,0,0,0,1,0,1,1,0,0,0,1,0
0,0,0,-0.6269221361234548,1,1,0.9664530983470877,-0.19779853311998313,1,0,0,1,0,0,1,0,1,0,0,0,0,0,1,0,0,0,0,0,0,0,0
1,1,1,-0.7283720245345171,1,0,-0.20969562786892385,-0.651561194152232,1,0,0,0,0,0,0,0,0,0,1,0,0,0,0,0,1,0,0,0,1,0,1
0,0,0,-0.37329741509579917,1,1,-1.5720807818234757,-0.8914109277649652,0,0,1,0,1,1,0,1,0,1,0,1,0,1,0,1,0,0,1,0,0,0,0
0,0,0,1.7571502415365088,1,1,-1.633515620019384,-0.3394923633443905,0,0,0,0,1,1,0,1,0,1,0,1,0,1,0,1,0,1,0,0,1,0,0
0,0,0,-1.1848965223842973,1,1,-1.7343614864919135,-1.1357362833116582,1,0,1,0,1,1,0,1,0,1,0,1,0,1,0,1,0,0,1,0,0,1,0
0,1,0,1.9093250741531023,1,1,1.219920103733981,2.9535202133230807,0,0,1,1,0,0,1,0,1,0,0,0,1,0,0,0,1,0,0,0,0,1,0
0,1,0,-1.2356214665898284,1,1,-0.17762586956539902,-1.0007494739223821,1,0,1,0,0,0,1,0,1,0,0,0,0,0,0,0,0,0,1,1,0,0,0
0,0,0,1.9093250741531023,1,0,0.3153983665225213,1.891733412050564,1,0,0,1,0,0,0,0,0,0,0,0,0,0,1,0,0,0,1,0,1,0,0
0,1,0,-0.8805468571511105,0,0,1.0688444953402685,-0.47765955737441707,0,1,0,1,0,0,1,0,1,0,0,0,1,0,0,0,0,0,0,0,1,0,1
0,1,0,-0.5761971919179237,1,0,-1.7447938175063131,-1.0228454526966289,1,0,1,0,1,1,0,1,0,1,0,1,0,1,0,1,0,1,0,0,0,0,0
0,0,0,0.5397515806037613,1,0,0.7438967033732299,0.9310905368328852,1,0,1,1,0,0,0,0,1,0,1,0,1,0,0,0,0,0,1,0,0,0,0
1,1,0,1.554250464714384,1,1,0.42822209453010196,1.6757942718357313,0,0,0,1,0,0,1,0,0,0,0,0,0,0,0,0,0,1,0,0,1,0,0
0,0,0,-0.677647080328986,1,0,-0.36193038415312495,-0.634588455958549,0,0,0,0,0,0,0,0,0,0,0,0,1,0,0,0,0,0,1,0,0,1,1
0,0,0,0.23540191537057448,1,1,0.5000892637404101,0.47576333174349317,1,0,1,1,0,0,0,0,0,0,1,0,0,0,1,0,0,0,0,0,0,0,1
0,0,1,-0.9819967455621728,1,0,0.3428315332640908,-0.6973112836920611,0,0,0,1,0,0,1,0,0,0,0,0,0,0,0,0,0,0,0,0,1,0,1
0,1,0,-1.0327216897677038,0,0,-1.7196789465457216,-1.0796627678210056,0,1,0,0,1,1,0,1,0,1,0,1,0,1,0,1,0,0,0,0,1,0,0
0,0,1,-0.22112258247920574,1,1,-1.7447938175063131,-0.9595968355668636,1,0,1,0,1,1,0,1,0,1,0,1,0,1,0,1,0,0,0,0,1,0,0
0,0,0,-0.5761971919179237,1,1,-0.38743163774387934,-0.5766554413835865,1,0,1,0,0,0,0,0,1,0,0,0,0,0,0,0,0,0,0,0,1,0,1
0,1,1,-0.7283720245345171,1,0,0.11177472042664825,-0.5456787514653083,1,0,0,0,0,0,1,0,1,0,0,0,0,0,1,0,0,0,1,0,0,1,0
0,0,0,0.032502138548449945,0,1,0.05613562168318394,0.042179441808909514,0,1,0,0,0,0,0,0,1,0,0,0,1,0,0,0,0,0,0,0,0,0,0
1,0,0,-0.2718475266847369,1,1,-1.7447938175063131,-0.9222144919064285,1,0,0,0,1,1,0,1,0,1,0,1,0,1,0,1,0,0,0,0,1,0,1
0,0,1,0.8441012458369481,1,1,0.10675174623453011,0.7543868272969898,1,0,1,0,0,0,0,0,1,0,0,0,0,0,1,0,0,1,0,1,0,0,1
0,1,0,-0.4240223593013303,1,0,-0.060165549995863106,-0.3307911900429821,1,0,1,0,0,0,0,0,0,0,0,0,0,0,1,0,1,0,0,0,0,1,0
0,0,0,-0.7790969687400482,1,1,1.8450871993376294,-0.1457453828909244,0,0,0,1,0,0,1,0,1,0,0,0,1,0,1,0,1,0,0,0,0,1,1
0,0,0,0.032502138548449945,1,1,1.0870044789579274,0.5884682124500914,1,0,1,1,0,0,1,0,0,0,1,0,1,0,0,0,0,1,0,0,1,0,1
0,0,0,-0.9312718013566417,1,0,-1.5376927277389734,-1.0389140896113889,1,0,1,0,1,1,0,1,0,1,0,1,0,1,0,1,0,0,0,0,0,1,0
0,0,1,0.4890266363982302,1,0,0.12413896459186284,0.4798606417947826,0,0,1,0,0,0,1,0,0,0,1,0,0,0,0,0,1,1,0,0,1,0,1
0,1,0,-0.8298219129455794,1,1,0.22730312684536982,-0.6091517908983525,1,0,1,0,0,0,0,0,0,0,1,0,1,0,0,0,1,0,0,0,1,0,1
0,1,0,0.08322708275398108,1,1,0.6542559331754264,0.39535602651161383,1,0,0,1,0,0,0,0,1,0,0,0,0,0,1,0,0,0,0,0,0,0,1
0,0,0,-0.9819967455621728,1,1,0.5881845034175621,-0.6748626412983763,0,0,1,1,0,0,1,0,0,0,0,0,1,0,0,0,0,0,0,0,0,1,1
0,0,1,-0.7283720245345171,1,0,-1.7196789465457216,-1.022646678656582,1,0,1,0,1,1,0,1,0,1,0,1,0,1,0,1,0,0,1,0,0,0,0
0,1,0,2.1122248509752266,0,0,0.03836202069568861,1.7353751873233407,0,1,0,0,0,0,0,0,0,0,0,0,1,0,1,0,1,1,0,0,1,0,0
1,1,0,1.4020756320977905,0,1,1.1380069861394362,2.2143372669808916,0,1,0,1,0,0,1,0,1,0,0,0,0,0,1,0,1,0,1,0,0,0,0
0,1,1,0.43830169219269904,1,1,-1.5021455257639822,-0.6053622600058451,0,0,0,0,1,1,0,1,0,1,0,1,0,1,0,1,0,1,0,0,0,1,0
0,1,0,0.33685180378163676,1,1,-1.6145828711413999,-0.7112767630218086,1,0,1,0,1,1,0,1,0,1,0,1,0,1,0,1,0,0,0,1,0,0,1
0,1,0,-0.22112258247920574,1,0,0.45526887864150833,0.011638772365572989,1,0,0,1,0,0,0,0,0,0,0,0,0,0,1,0,0,0,0,0,0,1,1
1,0,0,-0.8805468571511105,1,0,1.1318248640568291,-0.44318187952499005,1,0,0,1,0,0,1,0,0,0,0,0,1,0,1,0,1,1,0,0,0,1,0
0,1,0,-1.0834466339732352,1,0,-0.00027624232060639186,-0.859171060882518,1,0,0,0,0,0,0,0,1,0,1,0,0,0,0,0,0,1,0,0,0,1,0
0,1,1,1.0977259668646038,1,1,1.3369940406733543,2.052624967304018,1,0,1,1,0,0,1,0,0,0,0,0,1,0,1,0,1,0,0,1,0,0,0
0,0,1,-1.3370713550008908,1,1,-1.6451070989242729,-1.1667257973615521,1,0,1,0,1,1,0,1,0,1,0,1,0,1,0,1,0,1,0,0,1,0,0
0,1,1,0.18467697116504336,1,0,0.7968311237055539,0.5617106618334541,0,0,0,0,0,0,1,0,1,0,1,0,1,0,1,0,1,0,0,0,1,0,0
0,0,0,-1.0834466339732352,1,1,-1.5890816175506453,-1.0929293319776847,1,0,0,0,1,1,0,1,0,1,0,1,0,1,0,1,0,0,1,0,0,0,0
0,0,0,0.5397515806037613,1,0,-1.6551530473085092,-0.6806270884597365,0,0,1,0,1,1,0,1,0,1,0,1,0,1,0,1,0,0,0,0,1,0,0
0,0,0,0.5397515806037613,1,0,0.2783056340268786,0.6445930244672076,0,0,0,1,0,0,0,0,1,0,0,0,0,0,0,0,0,0,0,0,0,1,1
0,0,0,-0.06894774986261233,1,1,1.2732409066964676,0.558594397850783,0,0,0,1,0,0,1,0,0,0,1,0,1,0,1,0,0,0,1,0,0,1,0
0,1,1,2.1122248509752266,1,1,0.8914948680954761,2.7802533710602533,0,0,1,1,0,0,0,0,1,0,1,0,0,0,1,0,0,0,0,0,1,0,0
0,1,0,-0.7283720245345171,1,0,0.9177688869465561,-0.3523357311577441,1,0,0,1,0,0,1,0,1,0,0,0,0,0,0,0,1,0,0,0,0,1,1
0,0,0,0.08322708275398108,1,0,-1.6532211341576948,-0.821403993273605,0,0,1,0,1,1,0,1,0,1,0,1,0,1,0,1,0,1,0,0,0,0,0
1,1,1,-0.1703976382736746,1,0,0.3211941059749657,-0.02218487477144162,0,0,0,0,0,0,1,0,0,0,0,0,1,0,0,0,1,0,0,0,0,0,1
0,1,1,-0.2718475266847369,1,0,-1.723542772847351,-0.9122950261015068,1,0,0,0,1,1,0,1,0,1,0,1,0,1,0,1,0,0,0,0,0,1,0
1,0,0,-0.8298219129455794,1,1,-1.6717675004055161,-1.0421265345811792,1,0,0,0,1,1,0,1,0,1,0,1,0,1,0,1,0,0,0,0,1,0,1
0,0,0,-1.1341715781787662,1,1,1.2230111647752846,-0.7612716401265105,1,0,0,1,0,0,1,0,1,0,0,0,1,0,0,0,1,0,0,0,1,0,1
1,1,1,-1.2356214665898284,1,1,0.3772195873485932,-0.9440411639167409,0,0,1,0,0,0,0,0,0,0,1,0,1,0,1,0,0,0,1,0,0,1,0
0,1,0,-0.7790969687400482,0,1,-1.7447938175063131,-1.0599456654615136,0,1,0,0,1,1,0,1,0,1,0,1,0,1,0,1,0,1,0,0,0,1,0
0,0,1,-0.322572470890268,1,1,0.3973114841170663,-0.09017200853329295,1,0,0,1,0,0,0,0,0,0,0,0,1,0,0,0,0,0,0,0,0,1,1
0,1,1,1.2499007994811973,1,0,0.364468960553216,1.3237205624519972,1,0,0,1,0,0,0,0,0,0,1,0,0,0,0,0,0,0,0,0,0,1,1
1,0,1,0.08322708275398108,1,0,-0.09996296090264671,0.03141999538314451,0,0,0,0,0,0,1,0,0,0,0,0,1,0,0,0,1,1,0,0,1,0,0
0,0,1,-1.387796299206422,1,1,0.1310938519347956,-1.112389951704858,0,0,0,1,0,0,0,0,0,0,0,0,0,0,0,0,0,0,0,1,0,0,1
1,0,0,-1.2356214665898284,1,1,1.1959643806638782,-0.8513804009258408,1,0,1,1,0,0,0,0,0,0,1,0,1,0,1,0,0,0,1,1,0,0,1
0,1,0,-1.2356214665898284,1,1,0.44676846077792354,-0.9462789748837206,1,0,1,1,0,0,0,0,0,0,0,0,0,0,1,0,0,1,0,0,0,1,0
0,0,0,-0.8298219129455794,1,0,-0.5269157672327033,-0.7575141695630433,1,0,0,0,0,0,0,0,0,0,0,0,0,0,0,0,1,0,0,1,0,0,0
0,0,0,-1.489246187617484,1,1,-1.6161284016620516,-1.2318018532465875,1,0,0,0,1,1,0,1,0,1,0,1,0,1,0,1,0,1,0,1,0,0,0
0,1,0,0.08322708275398108,1,0,1.0124326313364784,0.607294037662276,0,0,0,1,0,0,1,0,0,0,0,0,1,0,1,0,0,0,0,0,1,0,1
0,1,1,0.13395202695951222,0,0,0.2184163263516219,0.2182098844349688,0,1,0,1,0,0,0,0,0,0,0,0,0,0,0,0,1,0,1,0,1,0,0
0,1,0,-0.11967269406814346,1,1,-1.532669753546855,-0.8242509504923414,0,0,1,0,1,1,0,1,0,1,0,1,0,1,0,1,0,0,1,0,0,0,0
0,0,0,0.43830169219269904,1,0,-0.11657741399965343,0.2941159194696568,0,0,0,0,0,0,0,0,1,0,0,0,1,0,1,0,0,1,0,0,0,0,0
0,1,0,-0.322572470890268,1,0,1.0634351385179877,0.14960078028974486,1,0,1,1,0,0,1,0,0,0,1,0,1,0,0,0,0,0,1,1,0,0,1
0,1,1,-1.3370713550008908,1,0,-0.03852812270673824,-1.0756039301645637,1,0,0,0,0,0,0,0,1,0,0,0,1,0,0,0,0,0,0,1,0,0,0
0,1,0,-0.8805468571511105,1,1,-1.5670578076313573,-1.0327777426331666,0,0,0,0,1,1,0,1,0,1,0,1,0,1,0,1,0,0,0,1,0,0,1
0,0,0,-1.0327216897677038,0,0,0.5704109024300668,-0.7351296478274378,1,1,0,1,0,0,0,0,0,0,1,0,0,0,1,0,1,1,0,0,0,0,0
0,0,0,-0.4747473035068614,0,1,0.22846227473585817,-0.28672106174483963,1,1,0,1,0,0,0,0,0,0,0,0,0,0,0,0,1,1,0,0,1,0,1
0,1,0,-0.5761971919179237,1,1,0.6117538438575019,-0.26634351660712735,0,0,0,1,0,0,0,0,0,0,1,0,0,0,0,0,0,0,0,0,1,0,1
1,0,0,1.6557003531254464,1,1,-1.5268740140944108,-0.27193483799167273,0,0,1,0,1,1,0,1,0,1,0,1,0,1,0,1,0,0,1,1,0,0,0
0,1,1,1.1991758552756662,0,0,-1.7447938175063131,-0.5893064472227012,0,1,0,0,1,1,0,1,0,1,0,1,0,1,0,1,0,0,0,0,1,0,0
0,1,1,1.9093250741531023,1,0,-0.30320022436835686,1.1690743592955009,0,0,1,0,0,0,0,0,0,0,0,0,0,0,1,0,0,1,0,0,1,0,0
0,1,1,-0.8298219129455794,1,0,-1.6930185450644784,-1.0339126782811763,0,0,1,0,1,1,0,1,0,1,0,1,0,1,0,1,0,0,0,0,1,0,1
0,1,1,-0.7283720245345171,1,1,0.6024806607335913,-0.4277672733226425,1,0,0,1,0,0,1,0,0,0,0,0,0,0,1,0,0,0,1,0,1,0,0
0,1,1,-0.06894774986261233,1,1,0.31771666230349904,0.10231820702181187,0,0,0,0,0,0,0,0,1,0,0,0,0,0,1,0,1,0,0,0,1,0,1
0,1,1,1.1484509110701349,1,0,0.789489853732458,1.653057086480688,1,0,1,1,0,0,0,0,0,0,0,0,0,0,1,0,1,0,0,1,0,0,1
0,0,1,-1.3370713550008908,1,0,1.1395525166600882,-0.9704204026507083,1,0,0,1,0,0,1,0,1,0,0,0,0,0,1,0,1,1,0,1,0,0,1
1,1,0,-0.4747473035068614,1,1,-0.6486262957340319,-0.6116396724318428,1,0,1,0,0,0,0,0,0,0,0,0,0,0,1,0,0,0,0,1,0,0,1
0,1,0,0.5397515806037613,0,1,0.3687191694850084,0.6488249879004644,1,1,0,0,0,0,1,0,0,0,1,0,1,0,0,0,0,0,0,0,0,0,1
0,0,0,1.0470010226590727,1,1,1.4733871091208746,2.092257946063049,1,0,1,1,0,0,1,0,1,0,1,0,1,0,0,0,0,1,0,0,0,1,0
1,0,0,-1.1848965223842973,0,1,0.7160771540014977,-0.8611395650855631,1,1,0,1,0,0,0,0,0,0,1,0,1,0,0,0,0,0,1,0,1,0,1
0,0,0,2.1122248509752266,1,1,-0.20467265367680545,1.4566426866511086,0,0,0,0,0,0,0,0,1,0,0,0,1,0,0,0,0,1,0,0,0,1,0
0,1,1,-0.5761971919179237,1,0,0.11100195516632251,-0.4212654385933663,0,0,0,0,0,0,1,0,1,0,1,0,0,0,1,0,0,0,0,0,1,0,1
0,1,1,0.9455511342480104,1,1,-0.08682595147710664,0.6963127472742523,0,0,1,0,0,0,1,0,0,0,0,0,0,0,0,0,1,0,0,0,1,0,1
0,0,1,2.1122248509752266,1,1,1.2203064863641437,3.1678306888226895,1,0,1,1,0,0,0,0,1,0,1,0,1,0,0,0,0,0,0,0,0,1,0
0,0,0,-0.7790969687400482,1,1,0.2810103124380195,-0.5766618534493945,0,0,0,0,0,0,0,0,0,0,1,0,0,0,1,0,1,0,1,1,0,0,1
0,1,1,-0.9819967455621728,1,1,1.1005278710136304,-0.572019517804428,1,0,0,1,0,0,0,0,1,0,0,0,1,0,1,0,0,0,0,0,0,0,1
1,1,0,2.1122248509752266,0,1,-0.11541826610916454,1.5617364452436524,1,1,0,0,0,0,1,0,0,0,0,0,0,0,0,0,1,0,1,0,1,0,0
0,0,1,-1.489246187617484,0,0,-0.16603439066051073,-1.1974908891081677,0,1,0,0,0,0,0,0,0,0,0,0,0,0,1,0,1,0,0,0,0,1,1
0,1,0,1.4528005763033218,1,0,0.6874848393694398,1.832665461827592,1,0,1,1,0,0,1,0,1,0,0,0,0,0,0,0,1,1,0,0,0,1,0
0,0,0,-0.9819967455621728,0,0,0.33742217644180955,-0.7122513970246193,0,1,0,1,0,0,0,0,0,0,0,0,0,0,0,0,1,0,0,1,0,0,1
0,1,1,-1.2356214665898284,1,1,-0.06634767207847041,-1.0006661170668785,1,0,1,0,0,0,1,0,0,0,0,0,0,0,1,0,0,0,0,0,0,0,0
0,1,0,-0.6269221361234548,1,0,-1.7073147023805073,-0.9887140264008318,0,0,0,0,1,1,0,1,0,1,0,1,0,1,0,1,0,1,0,0,1,0,0
0,0,1,-0.7283720245345171,1,1,-1.5856041738791788,-1.011861583967585,1,0,1,0,1,1,0,1,0,1,0,1,0,1,0,1,0,0,1,0,0,1,0
0,0,0,1.8078751857420399,1,1,-1.7196789465457216,-0.460539341667151,0,0,1,0,1,1,0,1,0,1,0,1,0,1,0,1,0,0,0,0,0,1,0
0,0,1,1.9093250741531023,1,1,0.546841561990127,2.156083649115531,1,0,1,1,0,0,0,0,0,0,0,0,0,0,0,0,1,0,0,1,0,0,1
0,0,0,-1.3370713550008908,1,0,0.41585785036488787,-1.0626194969034348,1,0,0,1,0,0,0,0,0,0,1,0,0,0,0,0,0,1,0,0,0,1,0
0,0,0,-0.9312718013566417,0,0,0.1523448965937576,-0.7289868887834076,0,1,0,0,0,0,1,0,1,0,1,0,0,0,1,0,0,0,1,1,0,0,1
0,0,0,-1.0327216897677038,1,0,-1.5941045917427636,-1.097456250438108,0,0,0,0,1,1,0,1,0,1,0,1,0,1,0,1,0,0,0,0,1,0,0
0,0,0,-1.1341715781787662,1,0,-1.732043190710936,-1.1267016825882357,0,0,0,0,1,1,0,1,0,1,0,1,0,1,0,1,0,0,0,0,0,1,0
0,0,1,1.6557003531254464,1,1,0.0186565065573781,1.3411613814496617,1,0,1,0,0,0,0,0,1,0,0,0,0,0,0,0,1,0,0,1,0,0,0
0,0,0,-0.9312718013566417,1,1,0.3636961952928897,-0.6580309685524686,0,0,0,1,0,0,1,0,0,0,0,0,0,0,0,0,0,0,0,0,0,0,1
0,1,0,0.33685180378163676,1,0,-1.7355206343824023,-0.8329841841227895,1,0,1,0,1,1,0,1,0,1,0,1,0,1,0,1,0,0,1,0,1,0,0
0,0,0,-0.9819967455621728,1,1,1.0398657980780472,-0.6101328369669711,0,0,0,1,0,0,1,0,1,0,0,0,0,0,0,0,1,0,0,0,1,0,0
0,0,0,-0.9819967455621728,1,0,0.0008829055698824938,-0.792229093847365,1,0,0,0,0,0,1,0,0,0,0,0,0,0,1,0,0,0,0,0,0,0,1
0,1,0,0.3875767479871679,1,0,0.7288277807968749,0.788101469315269,1,0,1,1,0,0,0,0,0,0,1,0,0,0,1,0,0,1,0,1,0,0,0
1,1,0,-0.7790969687400482,1,0,0.8493791614077146,-0.41963677387814324,0,0,0,1,0,0,1,0,0,0,0,0,0,0,0,0,1,0,0,1,0,0,1
0,0,0,-1.0327216897677038,1,1,1.3269480922891175,-0.5868185656892108,1,0,1,1,0,0,0,0,1,0,1,0,0,0,1,0,1,1,0,0,0,1,0
1,0,0,0.2861268595761056,1,1,0.7353962855096451,0.6845530185824447,1,0,0,1,0,0,0,0,0,0,0,0,0,0,0,0,1,0,0,1,0,0,1
0,0,0,-1.1341715781787662,0,1,1.0000683871712643,-0.781636361132607,1,1,0,1,0,0,0,0,1,0,1,0,0,0,1,0,1,1,0,0,0,0,1
0,1,1,0.23540191537057448,1,1,0.09786494574078217,0.25443805624997023,0,0,1,0,0,0,1,0,1,0,0,0,1,0,0,0,0,0,1,0,0,1,0
0,1,0,-0.06894774986261233,1,0,0.6156176701591317,0.24827606100851593,0,0,0,0,0,0,0,0,1,0,1,0,1,0,0,0,1,1,0,1,0,0,0
0,1,0,0.33685180378163676,1,0,-1.6300381763479177,-0.762464284366792,1,0,0,0,1,1,0,1,0,1,0,1,0,1,0,1,0,0,0,0,0,1,0
0,0,1,-1.0834466339732352,1,1,0.7871715579514802,-0.7440103589714692,0,0,1,1,0,0,1,0,1,0,0,0,0,0,1,0,0,1,0,0,0,0,1
0,1,0,-0.06894774986261233,1,1,-1.6470390120750873,-0.8106060744529922,0,0,0,0,1,1,0,1,0,1,0,1,0,1,0,1,0,0,0,0,0,1,0
0,0,0,-1.1848965223842973,1,1,0.6720295341629218,-0.8686865665415379,1,0,0,1,0,0,0,0,1,0,0,0,0,0,0,0,1,0,0,0,0,1,1
0,0,0,-0.2718475266847369,1,1,-0.06518852418798152,-0.21401464754832622,0,0,0,0,0,0,0,0,1,0,0,0,0,0,1,0,0,0,0,1,0,0,0
0,0,0,-1.1341715781787662,1,1,-0.10575870035509087,-0.9428036352158036,1,0,0,0,0,0,1,0,0,0,0,0,0,0,0,0,1,0,1,0,1,0,1
0,1,0,-1.2356214665898284,1,1,0.11872960776958157,-0.9827828655284644,1,0,1,1,0,0,0,0,0,0,0,0,1,0,0,0,0,0,1,0,1,0,0
0,0,0,1.0470010226590727,1,1,0.3466953595657201,1.1459139775971319,0,0,1,0,0,0,0,0,1,0,1,0,0,0,0,0,1,0,0,0,1,0,1
0,0,0,-0.2718475266847369,1,1,-0.4218196918283817,-0.3878842239971011,0,0,1,0,0,0,0,0,0,0,0,0,0,0,0,0,1,0,0,0,0,1,1
1,0,0,-1.0834466339732352,1,0,-0.3132461727525937,-0.9448170238795046,1,0,0,0,0,0,0,0,1,0,0,0,0,0,0,0,1,0,0,0,1,0,1
0,1,0,-0.7790969687400482,1,1,0.39035659677413354,-0.4852514432910475,0,0,0,1,0,0,1,0,0,0,0,0,0,0,0,0,0,0,0,0,1,0,1
0,0,1,2.1122248509752266,1,1,0.020974802338355872,1.7681344315362333,0,0,1,0,0,0,1,0,1,0,0,0,0,0,1,0,1,0,0,0,1,0,0
0,0,1,-0.8805468571511105,1,1,-1.7447938175063131,-1.0551815005661955,0,0,0,0,1,1,0,1,0,1,0,1,0,1,0,1,0,0,0,0,1,0,1
0,0,0,-0.9819967455621728,1,1,0.6836210130678101,-0.6435268756948519,1,0,1,1,0,0,0,0,0,0,1,0,0,0,1,0,0,0,1,0,1,0,0
0,0,0,0.6919264132203548,1,1,1.1608035613190502,1.4284295970960632,1,0,1,1,0,0,1,0,1,0,0,0,1,0,0,0,1,0,0,0,0,0,0
0,1,0,-1.2356214665898284,1,0,-0.6841734977090228,-1.0295909459266077,0,0,0,0,0,0,0,0,0,0,0,0,0,0,0,0,0,0,0,0,0,0,0
0,0,0,0.33685180378163676,1,0,-1.7208380944362105,-0.790029755275233,1,0,0,0,1,1,0,1,0,1,0,1,0,1,0,1,0,0,0,0,0,1,0
0,0,0,1.8078751857420399,1,1,0.03488457702422195,1.509452460645507,0,0,0,0,0,0,0,0,0,0,0,0,1,0,1,0,0,0,0,0,0,0,0
0,0,0,0.33685180378163676,1,0,1.038320267557396,0.9207671108820619,0,0,0,1,0,0,0,0,0,0,1,0,1,0,0,0,1,0,0,0,1,0,1
0,1,1,0.43830169219269904,1,0,-1.6400841247321543,-0.7187339955564719,1,0,0,0,1,1,0,1,0,1,0,1,0,1,0,1,0,0,1,0,1,0,0
0,0,0,0.08322708275398108,1,1,-0.10189487405346134,0.03432466119415257,0,0,1,0,0,0,0,0,0,0,1,0,0,0,1,0,0,0,0,0,0,1,1
0,0,0,0.8441012458369481,1,0,1.3675182684562268,1.7810098596786268,0,0,1,1,0,0,0,0,1,0,0,0,1,0,1,0,1,0,0,0,0,0,1
1,0,0,0.2861268595761056,1,0,1.2732409066964676,0.9977054885118323,1,0,0,1,0,0,1,0,1,0,0,0,0,0,1,0,1,0,1,0,0,0,1
0,1,1,0.2861268595761056,1,1,0.595525773390658,0.6086149232187167,0,0,1,1,0,0,0,0,0,0,1,0,0,0,0,0,0,0,0,0,0,1,1
0,1,0,-1.0834466339732352,1,0,-1.7204517118060474,-1.1327867330399943,1,0,0,0,1,1,0,1,0,1,0,1,0,1,0,1,0,1,0,0,0,0,0
0,1,0,-0.11967269406814346,1,0,-0.19192202688142826,-0.18726992106330478,0,0,1,0,0,0,0,0,0,0,1,0,0,0,1,0,0,0,1,0,0,1,1
0,0,0,-0.2718475266847369,1,1,-0.5052783399435784,-0.43080659251561787,0,0,0,0,0,0,0,0,0,0,0,0,0,0,1,0,0,0,0,0,0,0,1
1,0,0,1.604975408919915,1,1,0.9262693048101409,2.2609337492073722,1,0,1,1,0,0,0,0,0,0,1,0,1,0,1,0,0,0,1,0,0,0,0
0,0,0,-0.1703976382736746,1,0,-0.053597045283092934,-0.17497157884362816,0,0,1,0,0,0,0,0,0,0,1,0,0,0,1,0,0,0,0,0,0,0,1
0,0,0,-0.8805468571511105,1,0,0.2539635283266131,-0.6484192819063291,0,0,0,0,0,0,0,0,0,0,1,0,1,0,1,0,1,0,1,0,1,0,0
0,1,1,-0.7790969687400482,1,0,0.2500997020249833,-0.5755974505252723,1,0,0,0,0,0,1,0,0,0,1,0,0,0,1,0,0,0,0,0,1,0,1
0,0,1,-0.6269221361234548,1,1,-1.6617215520212796,-1.0151958581877267,1,0,0,0,1,1,0,1,0,1,0,1,0,1,0,1,0,1,0,1,0,0,0
0,0,1,0.032502138548449945,1,1,0.8064906894596275,0.44360040965074127,0,0,0,1,0,0,0,0,0,0,1,0,1,0,1,0,0,0,1,0,1,0,0
0,0,0,0.793376301631417,1,1,1.0553211032845655,1.439791777707777,0,0,0,1,0,0,1,0,1,0,0,0,1,0,0,0,1,0,1,0,1,0,0
1,0,0,-1.0327216897677038,0,1,-0.690742002421793,-0.9351732769043254,0,1,0,0,0,0,0,0,0,0,0,0,0,0,1,0,0,0,1,1,0,0,0
0,1,0,0.2861268595761056,1,0,-1.5709216339329868,-0.7088209418173581,0,0,0,0,1,1,0,1,0,1,0,1,0,1,0,1,0,0,1,0,1,0,0
0,1,1,1.7064252973309777,1,1,-0.06943873311977392,1.2917948867941402,1,0,1,0,0,0,0,0,1,0,0,0,0,0,1,0,0,1,0,0,0,0,0
0,0,1,2.1122248509752266,1,1,-1.738225312793543,-0.356721584170392,1,0,0,0,1,1,0,1,0,1,0,1,0,1,0,1,0,0,1,0,1,0,0
0,0,0,0.2861268595761056,1,1,-0.24601559510424081,0.045122580014765476,1,0,1,0,0,0,0,0,1,0,0,0,0,0,0,0,0,0,1,0,1,0,0
0,0,1,0.793376301631417,1,1,-0.16101141646839232,0.5254953141500686,0,0,1,0,0,0,0,0,0,0,0,0,0,0,1,0,1,0,0,1,0,0,0
0,1,1,-0.9312718013566417,1,0,-1.5523752676851654,-1.0660435400448882,0,0,1,0,1,1,0,1,0,1,0,1,0,1,0,1,0,0,1,0,1,0,0
0,0,0,0.3875767479871679,1,0,0.20527931692608153,0.469197376356137,1,0,1,1,0,0,0,0,0,0,0,0,0,0,1,0,0,0,1,0,0,1,0
0,0,0,-0.4240223593013303,1,1,0.047248821189436,-0.3164281626331409,1,0,0,1,0,0,0,0,0,0,0,0,0,0,0,0,0,0,0,0,0,1,1
0,1,0,-1.1341715781787662,1,1,-1.6466526294449244,-1.1194175758303875,0,0,0,0,1,1,0,1,0,1,0,1,0,1,0,1,0,1,0,0,1,0,0
0,0,1,-0.4747473035068614,1,1,-0.07755276835319584,-0.4039464488460532,1,0,1,0,0,0,0,0,0,0,1,0,1,0,1,0,0,0,0,0,0,0,0
0,1,1,-1.2356214665898284,1,0,0.8849263633827058,-0.9224517383413231,1,0,0,1,0,0,0,0,1,0,0,0,0,0,0,0,1,0,1,0,0,1,1
0,0,1,-1.0327216897677038,1,0,0.7636022175115404,-0.7007545630309383,0,0,1,1,0,0,1,0,0,0,0,0,0,0,0,0,1,0,0,0,1,0,1
0,0,0,0.8948261900424792,1,0,0.7802166706085468,1.348009467732568,0,0,0,1,0,0,0,0,0,0,1,0,1,0,0,0,1,0,0,0,0,1,0
1,0,0,0.33685180378163676,1,1,-0.28156279707923204,0.10703107539066598,1,0,0,0,0,0,0,0,1,0,0,0,0,0,0,0,0,0,0,0,0,0,1
1,0,0,-1.3370713550008908,1,0,-1.6937913103248041,-1.1856542156266645,1,0,0,0,1,1,0,1,0,1,0,1,0,1,0,1,0,0,1,0,0,0,0
1,1,1,1.0470010226590727,1,0,1.4413173508173496,2.0775999636260414,0,0,0,1,0,0,1,0,1,0,1,0,1,0,0,0,1,0,1,0,0,0,0
0,1,1,0.793376301631417,0,1,0.47922460171161124,1.0141780855724938,1,1,0,1,0,0,0,0,0,0,1,0,0,0,0,0,1,0,0,0,0,1,0
0,1,0,-1.0327216897677038,1,0,-1.7247019207378398,-1.1031309286781568,0,0,1,0,1,1,0,1,0,1,0,1,0,1,0,1,0,0,0,0,0,1,0
0,1,0,-0.7283720245345171,1,1,-1.673699413556331,-1.0084567770235557,0,0,1,0,1,1,0,1,0,1,0,1,0,1,0,1,0,0,0,0,0,0,0
0,0,1,0.9455511342480104,1,1,-1.628492645827266,-0.5766810896468183,0,0,0,0,1,1,0,1,0,1,0,1,0,1,0,1,0,0,0,1,0,0,1
1,0,0,-1.0834466339732352,1,1,0.5387275267567049,-0.7842268357190247,1,0,1,1,0,0,1,0,0,0,0,0,1,0,0,0,0,0,0,1,0,0,1
0,1,0,-0.06894774986261233,1,1,1.0348428238859293,0.45063444584207885,1,0,0,1,0,0,0,0,0,0,1,0,1,0,0,0,1,0,0,0,0,1,1
1,1,0,0.3875767479871679,1,0,1.1789635449367086,1.0527979579338662,1,0,1,1,0,0,1,0,0,0,1,0,0,0,0,0,1,0,0,0,0,1,1
0,1,1,-0.5254722477123925,1,1,1.0928002184103713,-0.09127488385226293,0,0,1,1,0,0,1,0,0,0,1,0,1,0,0,0,0,0,0,0,0,1,0
0,0,0,0.08322708275398108,1,0,0.6017078954732656,0.3619235153888852,0,0,1,1,0,0,0,0,1,0,0,0,0,0,1,0,0,0,0,0,1,0,0
0,0,1,-0.677647080328986,1,1,0.24816778887416865,-0.46717582977839456,1,0,0,0,0,0,0,0,1,0,0,0,1,0,0,0,1,1,0,0,0,0,1
1,1,0,-0.37329741509579917,1,1,-0.42413798760935945,-0.45759620346129504,1,0,1,0,0,0,0,0,0,0,0,0,0,0,0,0,1,0,0,0,1,0,1
0,0,1,-0.4747473035068614,0,1,0.1322529998252845,-0.3383638397621887,1,1,0,0,0,0,1,0,0,0,0,0,0,0,1,0,1,0,0,0,0,0,0
0,0,0,-1.1341715781787662,1,0,-1.7447938175063131,-1.1400900759952663,0,0,1,0,1,1,0,1,0,1,0,1,0,1,0,1,0,1,0,0,0,1,1
0,1,0,-0.7790969687400482,1,0,0.06811348321823539,-0.6057982804807868,0,0,0,0,0,0,0,0,0,0,1,0,0,0,0,0,1,0,0,0,0,1,1
0,1,0,-0.7283720245345171,0,1,-1.7146559723536032,-1.0555662245146735,1,1,0,0,1,1,0,1,0,1,0,1,0,1,0,1,0,0,0,0,1,0,0
1,1,1,0.08322708275398108,1,1,1.2573992188597871,0.765883661290671,1,0,0,1,0,0,0,0,0,0,1,0,1,0,1,0,1,0,0,0,0,0,1
0,0,0,0.3875767479871679,1,0,1.2500579488866912,1.0841144873399666,1,0,0,1,0,0,0,0,0,0,1,0,0,0,1,0,1,0,0,0,0,1,1
0,1,0,0.08322708275398108,1,1,-0.44075244070636616,-0.16448785124760568,1,0,0,0,0,0,1,0,0,0,0,0,0,0,0,0,0,0,1,0,0,0,0
0,1,0,-0.1703976382736746,1,1,0.5715700503205556,0.11988726733563562,1,0,0,1,0,0,0,0,1,0,1,0,0,0,0,0,0,0,0,0,0,1,1
0,0,0,-1.1848965223842973,1,0,0.7995358021166942,-0.8679363548420059,0,0,1,1,0,0,0,0,0,0,0,0,1,0,1,0,0,0,0,0,0,0,1
0,1,1,-1.1341715781787662,1,1,-0.06673405470863328,-0.9008238403710578,1,0,0,0,0,0,1,0,0,0,1,0,0,0,0,0,0,1,0,0,1,0,1
0,0,0,-0.9312718013566417,1,1,-0.05282428002276719,-0.736373588594183,1,0,1,0,0,0,0,0,0,0,1,0,0,0,1,0,1,0,1,0,1,0,0
0,1,1,0.032502138548449945,0,0,0.6098219307066872,0.36587975999239924,1,1,0,0,0,0,0,0,1,0,1,0,1,0,1,0,1,0,0,0,1,0,0
0,1,0,2.1122248509752266,1,1,0.32080772334480256,2.0718419285304885,0,0,1,0,0,0,1,0,0,0,0,0,1,0,0,0,1,0,0,0,1,0,1
0,0,0,2.1122248509752266,1,1,0.46917865332737446,2.2690450124544475,0,0,0,0,0,0,0,0,1,0,1,0,1,0,1,0,1,0,0,0,1,0,1
0,1,1,0.4890266363982302,1,0,-0.8452950544869718,-0.1586143989675098,0,0,0,0,0,0,0,0,0,0,0,0,0,0,0,0,0,0,0,0,1,0,1
0,0,0,0.3875767479871679,1,1,0.46492844439558206,0.6194320782367536,0,0,1,0,0,0,1,0,1,0,0,0,0,0,1,0,1,0,0,0,1,0,1
0,1,0,-1.2863464107953595,1,1,-0.3464750789466071,-1.0574641959938311,1,0,0,0,0,0,1,0,0,0,0,0,0,0,0,0,0,0,0,0,0,0,1
0,0,0,-1.3370713550008908,1,0,1.065753434298965,-0.9811542008132413,0,0,0,1,0,0,1,0,0,0,1,0,0,0,1,0,1,0,1,1,0,0,0
0,0,0,1.4528005763033218,1,1,0.6948261093425357,1.8493047725992604,1,0,0,1,0,0,1,0,0,0,0,0,0,0,1,0,1,0,0,0,0,1,1
0,1,0,1.0977259668646038,1,1,-1.6667445262133975,-0.542639432272333,0,0,0,0,1,1,0,1,0,1,0,1,0,1,0,1,0,1,0,1,0,0,0
0,1,1,0.3875767479871679,0,1,-1.7447938175063131,-0.7917353647801516,1,1,0,0,1,1,0,1,0,1,0,1,0,1,0,1,0,0,0,0,1,0,0
1,1,0,-1.2356214665898284,1,1,-1.5933318264824377,-1.1530488609931633,1,0,1,0,1,1,0,1,0,1,0,1,0,1,0,1,0,0,0,0,1,0,0
0,0,0,-0.6269221361234548,1,1,-1.582899495468038,-0.9767939960638252,0,0,0,0,1,1,0,1,0,1,0,1,0,1,0,1,0,0,0,0,0,1,0
0,0,0,0.43830169219269904,1,0,-0.045483010049671285,0.3404495069980107,1,0,0,0,0,0,0,0,1,0,0,0,1,0,0,0,0,0,1,0,0,1,0
1,0,0,-0.9819967455621728,1,0,0.06424965691660559,-0.7408748587913744,0,0,0,0,0,0,1,0,1,0,1,0,0,0,0,0,0,0,1,0,0,1,0
0,1,1,0.5904765248092925,1,1,0.012860767104933946,0.4940505434278089,1,0,0,0,0,0,0,0,1,0,0,0,1,0,0,0,1,1,0,0,0,0,0
1,0,0,0.032502138548449945,0,0,-1.7447938175063131,-0.881267039656765,1,1,0,0,1,1,0,1,0,1,0,1,0,1,0,1,0,1,0,0,1,0,0
0,1,0,-1.2863464107953595,1,1,-0.02848217432250142,-1.0557201140940646,0,0,1,0,0,0,1,0,0,0,0,0,1,0,0,0,1,0,1,0,1,0,0
0,0,0,0.13395202695951222,1,0,0.2099159084880371,0.23860666577010498,1,0,0,0,0,0,0,0,1,0,0,0,0,0,1,0,1,0,0,0,1,0,0
0,1,1,-0.322572470890268,1,0,-0.4036597082107232,-0.386467157453541,1,0,0,0,0,0,0,0,0,0,0,0,1,0,0,0,0,0,0,1,0,0,0
0,1,0,2.1122248509752266,1,1,-1.6339020026495474,-0.24980038682257805,1,0,0,0,1,1,0,1,0,1,0,1,0,1,0,1,0,0,1,1,0,0,0
0,0,0,1.4020756320977905,1,0,-1.626947115306614,-0.4522613647090683,0,0,1,0,1,1,0,1,0,1,0,1,0,1,0,1,0,1,0,0,1,0,0
1,1,0,-0.6269221361234548,1,1,-0.006844747033376561,-0.5351052549479742,1,0,1,0,0,0,1,0,0,0,1,0,0,0,0,0,1,0,1,0,0,1,1
0,0,0,-0.9819967455621728,1,0,0.10481983308371548,-0.7399899937098753,0,0,0,0,0,0,0,0,1,0,0,0,1,0,0,0,0,1,0,1,0,0,0
1,0,0,-0.06894774986261233,1,1,0.9081093211924824,0.38255113109310784,0,0,1,0,0,0,1,0,1,0,1,0,0,0,1,0,1,1,0,0,1,0,0
0,0,1,-0.8805468571511105,1,0,0.14152618294919503,-0.6921559827824574,1,0,0,0,0,0,0,0,1,0,0,0,1,0,1,0,0,0,1,0,0,0,1
0,0,1,1.9600500183586334,1,1,0.1480946876619652,1.7147732198823495,1,0,0,0,0,0,0,0,1,0,1,0,1,0,0,0,0,0,0,0,0,1,1
0,0,0,-0.11967269406814346,1,1,0.44985952181922706,0.10323513243235102,1,0,1,0,0,0,0,0,0,0,1,0,1,0,1,0,1,1,0,0,1,0,0
1,0,1,-0.37329741509579917,1,1,0.21107505637852597,-0.21566254846097316,0,0,0,0,0,0,1,0,0,0,0,0,1,0,1,0,0,0,0,0,1,0,0
0,0,0,1.9600500183586334,1,0,-0.08605318621678064,1.4876834972274664,0,0,0,0,0,0,0,0,0,0,0,0,0,0,1,0,1,0,1,0,1,0,0
0,1,0,-0.2718475266847369,1,1,-1.7304976601902842,-0.9143853595549034,1,0,0,0,1,1,0,1,0,1,0,1,0,1,0,1,0,0,1,1,0,0,0
0,0,1,-1.3370713550008908,1,1,-1.5446476150819064,-1.201620259488497,0,0,0,0,1,1,0,1,0,1,0,1,0,1,0,1,0,1,0,0,0,0,1
0,1,0,-1.1341715781787662,0,1,-0.5033464267927635,-0.9809810750364263,1,1,0,0,0,0,0,0,0,0,0,0,0,0,0,0,1,1,0,0,0,1,0
0,0,0,1.0470010226590727,1,1,-1.7447938175063131,-0.6149354742571367,0,0,0,0,1,1,0,1,0,1,0,1,0,1,0,1,0,0,0,0,0,0,0
0,1,0,-0.677647080328986,0,0,0.5333181699344235,-0.38294052125916034,0,1,0,1,0,0,1,0,0,0,0,0,0,0,0,0,1,0,1,0,0,1,0
0,1,0,1.604975408919915,1,1,0.45797355705264925,1.7685832761427907,1,0,0,1,0,0,0,0,0,0,0,0,0,0,0,0,1,0,0,0,0,1,0
0,1,0,0.18467697116504336,1,1,-1.6339020026495474,-0.7774172218309662,1,0,0,0,1,1,0,1,0,1,0,1,0,1,0,1,0,0,1,0,1,0,0
0,0,1,0.6919264132203548,0,0,0.7323052244683416,1.124754160430848,0,1,0,1,0,0,0,0,0,0,1,0,0,0,0,0,1,1,0,0,1,0,1
0,0,0,0.4890266363982302,1,1,-0.0423919490083675,0.3772483526699209,1,0,0,1,0,0,0,0,0,0,0,0,0,0,0,0,0,0,1,0,0,1,1
0,0,0,0.793376301631417,1,0,1.125256359344059,1.501296312937776,0,0,1,1,0,0,1,0,0,0,1,0,1,0,0,0,1,0,0,0,0,0,0
0,0,0,-0.018222805657081193,0,0,0.5016347942610622,0.22576971002255933,1,1,0,1,0,0,1,0,1,0,0,0,0,0,1,0,0,0,1,1,0,0,0
0,0,1,0.23540191537057448,1,1,0.3188758101939879,0.37596593950832796,1,0,0,1,0,0,0,0,1,0,0,0,0,0,0,0,0,0,0,0,0,1,1
0,0,1,-0.4747473035068614,1,1,-1.7447938175063131,-0.9964469777652376,1,0,0,0,1,1,0,1,0,1,0,1,0,1,0,1,0,0,1,1,0,0,0
1,1,0,0.6919264132203548,1,1,-1.7192925639155585,-0.6841857849831572,1,0,0,0,1,1,0,1,0,1,0,1,0,1,0,1,0,1,0,0,1,0,0
0,1,1,-0.018222805657081193,1,0,0.41933529403635456,0.18016068593050524,1,0,1,1,0,0,0,0,0,0,0,0,0,0,1,0,0,0,1,1,0,0,1
0,1,0,0.2861268595761056,1,1,0.9587254457438287,0.808203295623239,1,0,0,1,0,0,0,0,1,0,1,0,0,0,1,0,0,1,0,0,0,0,0
0,1,0,0.793376301631417,1,1,-1.583285878098201,-0.5758924055524387,0,0,1,0,1,1,0,1,0,1,0,1,0,1,0,1,0,0,0,1,0,0,0
0,0,0,-0.4240223593013303,1,1,0.5568875103743633,-0.13032436462276895,0,0,1,1,0,0,0,0,0,0,0,0,0,0,1,0,1,0,1,0,1,0,1
0,0,0,0.18467697116504336,1,1,0.34901365534669787,0.3315303234591317,0,0,1,0,0,0,1,0,1,0,1,0,0,0,0,0,0,0,1,0,1,0,0
0,1,0,-0.7790969687400482,1,0,0.4401999560651534,-0.5129900399763034,0,0,0,1,0,0,0,0,1,0,0,0,0,0,0,0,0,1,0,0,0,1,1
0,0,0,-1.2863464107953595,1,1,1.222238399514959,-0.9475998604401613,1,0,0,1,0,0,1,0,1,0,0,0,0,0,0,0,1,0,0,1,0,0,0
1,0,0,1.503525520508853,1,0,0.18982401171956342,1.395208684144997,0,0,1,0,0,0,0,0,1,0,0,0,0,0,1,0,1,1,0,1,0,0,0
0,1,1,-0.7790969687400482,0,0,0.7357826681398082,-0.4527550937762816,1,1,0,1,0,0,0,0,1,0,0,0,0,0,1,0,0,0,1,1,0,0,1
0,1,1,-0.4747473035068614,1,0,0.9521569410310585,-0.04220975628971587,0,0,0,1,0,0,1,0,0,0,1,0,0,0,1,0,1,0,1,0,0,0,0
0,0,1,0.43830169219269904,1,1,0.3103753923304031,0.5598832230781838,1,0,0,1,0,0,0,0,0,0,0,0,0,0,1,0,0,1,0,0,0,0,0
0,0,0,-0.7283720245345171,1,1,0.8856991286430316,-0.35710630811886984,0,0,1,1,0,0,0,0,1,0,0,0,0,0,0,0,1,1,0,0,1,0,1
0,0,1,-1.1848965223842973,1,1,0.02445224600982253,-0.9579425225884087,1,0,0,0,0,0,0,0,1,0,0,0,0,0,1,0,0,0,0,0,0,0,1
0,1,0,-0.4240223593013303,1,0,-1.6624943172816051,-0.9627900443392301,1,0,0,0,1,1,0,1,0,1,0,1,0,1,0,1,0,0,1,0,1,0,0
0,0,0,-0.018222805657081193,1,0,0.6851665435884621,0.32077087703336654,1,0,1,0,0,0,0,0,1,0,1,0,1,0,0,0,1,0,1,0,1,0,0
0,0,0,1.554250464714384,1,1,-0.26456196135206217,0.9656772198010477,0,0,1,0,0,0,0,0,1,0,0,0,1,0,0,0,0,1,0,0,0,0,0
0,0,1,-0.5761971919179237,1,1,1.3566995548116643,-0.029443333266057792,0,0,1,1,0,0,1,0,1,0,1,0,0,0,1,0,1,1,0,0,0,1,1
0,1,1,1.1991758552756662,0,1,0.33124005435920256,1.2680381829756304,1,1,0,0,0,0,1,0,0,0,1,0,1,0,1,0,0,1,0,0,0,1,0
0,1,0,0.9962760784535415,1,1,-0.251811334556685,0.5808250300069973,1,0,0,0,0,0,0,0,0,0,0,0,1,0,0,0,1,1,0,0,0,0,0
0,1,1,1.1991758552756662,1,1,0.21493888268015524,1.1497932774109505,1,0,0,0,0,0,0,0,0,0,1,0,1,0,0,0,1,0,0,0,0,0,0
0,0,0,1.0470010226590727,1,0,0.03913478595601435,0.8873025394302932,0,0,0,0,0,0,0,0,0,0,1,0,0,0,0,0,1,0,0,0,1,0,1
0,1,0,-0.5761971919179237,1,0,0.9409518447563333,-0.16119846148811964,1,0,0,1,0,0,1,0,1,0,1,0,0,0,0,0,1,0,0,0,0,1,1
0,0,0,-1.1341715781787662,1,1,0.9479067320992661,-0.7943707238272252,1,0,0,1,0,0,1,0,0,0,1,0,0,0,0,0,1,0,0,1,0,0,0
0,0,1,-0.1703976382736746,1,1,0.08163687527393833,-0.10902989407451764,1,0,1,0,0,0,0,0,1,0,0,0,0,0,0,0,1,0,1,0,1,0,0
0,1,0,-0.8805468571511105,1,0,1.4150433319662694,-0.4011572002195884,1,0,0,1,0,0,1,0,1,0,0,0,1,0,1,0,0,0,1,1,0,0,0
1,0,0,2.1122248509752266,1,0,-1.7447938175063131,-0.3998491387947636,0,0,1,0,1,1,0,1,0,1,0,1,0,1,0,1,0,0,0,0,0,0,0
0,1,0,0.18467697116504336,0,1,0.1028879199329003,0.22541063433731334,0,1,0,0,0,0,0,0,1,0,1,0,0,0,1,0,0,1,0,0,1,0,0
0,1,0,-0.1703976382736746,1,1,0.5901164165683773,0.1626685704063773,0,0,0,1,0,0,0,0,1,0,0,0,0,0,1,0,0,0,1,0,0,1,0
0,0,1,2.0107749625641644,1,1,1.1036189320549339,2.9048718700380505,0,0,1,1,0,0,1,0,0,0,1,0,0,0,0,0,1,0,1,0,0,1,0
0,0,0,0.13395202695951222,1,1,-0.171443747482792,-0.010630332185488962,1,0,1,0,0,0,0,0,0,0,1,0,0,0,1,0,1,0,0,1,0,0,0
0,0,1,-1.1848965223842973,1,1,-1.656698577829161,-1.1521447597142402,1,0,1,0,1,1,0,1,0,1,0,1,0,1,0,1,0,1,0,0,0,0,0
0,0,1,0.5397515806037613,1,1,0.2643958593410125,0.6136355707463534,1,0,0,1,0,0,0,0,1,0,0,0,0,0,0,0,0,0,0,0,1,0,1
0,0,1,0.8441012458369481,1,0,0.6898031351504176,1.2152925296393116,1,0,0,1,0,0,1,0,0,0,0,0,0,0,1,0,0,0,0,0,0,0,1
0,1,1,-0.6269221361234548,1,1,-1.6675172914737237,-1.0092646973153594,0,0,1,0,1,1,0,1,0,1,0,1,0,1,0,1,0,1,0,0,1,0,0
0,1,0,1.4020756320977905,0,1,0.5746611113618592,1.6635023416818626,0,1,0,1,0,0,1,0,1,0,0,0,0,0,0,0,0,0,0,0,0,0,1
0,1,1,-0.5761971919179237,1,1,-0.7069700728886369,-0.6492977349220204,0,0,0,0,0,0,0,0,0,0,0,0,0,0,0,0,0,0,0,0,0,1,0
0,0,0,0.3875767479871679,1,0,0.3957659535964148,0.586320170404423,1,0,1,1,0,0,1,0,0,0,0,0,0,0,0,0,0,0,1,0,0,0,0
0,0,1,-1.1341715781787662,1,1,-1.6818134487897525,-1.1336715981214935,0,0,0,0,1,1,0,1,0,1,0,1,0,1,0,1,0,0,0,0,1,0,1
0,0,1,-1.0327216897677038,1,1,0.5939802428700065,-0.7442027209457082,0,0,0,1,0,0,0,0,1,0,0,0,1,0,0,0,0,1,0,0,1,0,1
0,0,0,-0.8298219129455794,1,1,-1.7347478691220766,-1.0984629447699583,0,0,0,0,1,1,0,1,0,1,0,1,0,1,0,1,0,0,1,0,0,1,0
1,1,0,-0.322572470890268,1,1,-1.510259560997404,-0.8572217928768968,1,0,0,0,1,1,0,1,0,1,0,1,0,1,0,1,0,0,0,0,0,1,0
0,0,1,1.0977259668646038,1,0,-0.11619103136949056,0.7808814832155007,0,0,1,0,0,0,0,0,1,0,1,0,0,0,0,0,0,1,0,1,0,0,0
0,1,0,-1.438521243411953,1,1,0.4854067237942183,-1.1140570888149288,1,0,1,1,0,0,1,0,0,0,0,0,0,0,0,0,0,0,0,1,0,0,1
0,1,0,-0.8805468571511105,1,1,-1.5724671644536385,-1.0474100768069423,0,0,0,0,1,1,0,1,0,1,0,1,0,1,0,1,0,1,0,1,0,0,0
0,1,1,-0.7283720245345171,1,1,0.9958181782394719,-0.30904787488817337,1,0,0,1,0,0,1,0,1,0,0,0,0,0,1,0,1,0,0,0,1,0,1
0,0,0,2.1122248509752266,1,0,-1.6385385942115025,-0.2606367780380387,1,0,1,0,1,1,0,1,0,1,0,1,0,1,0,1,0,1,0,0,1,0,0
0,0,1,-1.0834466339732352,1,1,-1.7359070170125654,-1.1520614028587366,0,0,0,0,1,1,0,1,0,1,0,1,0,1,0,1,0,0,0,0,1,0,0
0,1,0,-0.4747473035068614,1,1,-1.7447938175063131,-0.9860658432221424,1,0,0,0,1,1,0,1,0,1,0,1,0,1,0,1,0,0,0,0,1,0,0
0,0,0,-1.438521243411953,0,1,-0.2104683931292496,-1.1530232127299314,1,1,0,0,0,0,0,0,0,0,1,0,0,0,0,0,1,0,0,0,0,0,0
0,1,0,1.0470010226590727,1,0,0.7466013817843709,1.4765842113138796,0,0,1,1,0,0,0,0,0,0,0,0,1,0,1,0,0,1,0,0,1,0,1
0,1,0,-1.489246187617484,1,0,0.10984280727583362,-1.1919059797894302,1,0,0,0,0,0,0,0,0,0,1,0,0,0,1,0,1,0,0,0,0,0,1
0,0,0,-1.2863464107953595,1,0,0.7937400626642503,-0.9774095543813899,1,0,1,1,0,0,0,0,0,0,0,0,1,0,1,0,0,1,0,0,0,0,0
0,1,0,-0.5254722477123925,1,1,-1.6018322443460227,-0.977768630066636,0,0,0,0,1,1,0,1,0,1,0,1,0,1,0,1,0,0,0,0,1,0,0
0,1,0,-0.9819967455621728,1,0,0.34167238537360195,-0.6979332540754338,0,0,0,1,0,0,1,0,0,0,0,0,0,0,0,0,0,1,0,0,1,0,0
1,1,0,0.032502138548449945,1,1,0.5097488294944837,0.2748412496509142,0,0,0,0,0,0,1,0,1,0,0,0,1,0,0,0,1,0,0,1,0,0,1
1,0,0,2.1122248509752266,1,1,-1.4264145302520446,-0.0249228268714426,1,0,0,0,1,1,0,1,0,1,0,1,0,1,0,1,0,0,1,0,1,0,0
0,0,0,-0.8805468571511105,1,1,1.8079944668419867,-0.3204357037631189,1,0,1,1,0,0,1,0,1,0,1,0,1,0,1,0,1,0,1,0,0,0,1
0,0,0,-0.5254722477123925,1,1,0.7728754006354509,-0.14832944541153423,0,0,1,0,0,0,0,0,1,0,1,0,1,0,1,0,1,0,0,0,1,0,0
1,0,0,-1.0327216897677038,1,1,0.5109079773849726,-0.7811618682628176,0,0,0,0,0,0,1,0,1,0,1,0,0,0,1,0,1,0,1,0,1,0,1
1,0,0,-0.37329741509579917,1,1,-0.16680715592083648,-0.35905557612449124,1,0,1,0,0,0,0,0,1,0,0,0,0,0,0,0,1,0,1,0,1,0,0
0,1,0,-0.37329741509579917,1,1,-0.3294742432194373,-0.41839924517720595,0,0,0,0,0,0,1,0,0,0,0,0,0,0,0,0,0,0,1,0,0,1,0
0,1,1,-1.1341715781787662,1,0,0.1434580961000102,-0.8897566147865104,0,0,1,0,0,0,0,0,0,0,1,0,1,0,1,0,0,1,0,1,0,0,0
0,1,1,1.3006257436867283,1,1,0.566547076128437,1.5427887907811166,0,0,0,1,0,0,1,0,0,0,0,0,0,0,0,0,1,0,0,0,0,0,0
0,0,0,0.7426513574258858,1,1,1.1951916154035525,1.4570979433234743,0,0,1,1,0,0,1,0,0,0,1,0,0,0,1,0,1,1,0,0,1,0,0
1,0,0,0.43830169219269904,1,1,-0.5056647225737413,-0.0020894605292798166,1,0,0,0,0,0,0,0,0,0,0,0,0,0,0,0,1,1,0,0,1,0,0
0,1,1,-1.0834466339732352,1,0,0.4270629466396131,-0.803341203892568,0,0,1,0,0,0,1,0,1,0,0,0,1,0,1,0,1,0,0,0,0,0,1
0,0,0,-1.438521243411953,1,1,0.391902127294785,-1.166777093888016,1,0,0,0,0,0,0,0,1,0,0,0,0,0,1,0,1,1,0,0,1,0,1
0,1,0,-1.1341715781787662,1,0,0.46647397491623405,-0.8386332140996066,1,0,1,0,0,0,0,0,1,0,1,0,0,0,0,0,1,0,0,0,0,0,1
1,0,0,-1.5399711318230154,1,1,0.9873177603758866,-1.2318018532465875,1,0,1,1,0,0,0,0,1,0,0,0,1,0,0,0,1,0,0,0,0,0,1
0,0,0,-0.677647080328986,1,1,-0.18458075690833206,-0.6030859766440176,1,0,0,0,0,0,0,0,1,0,0,0,0,0,0,0,1,1,0,0,1,0,1
0,0,0,0.33685180378163676,1,1,-0.5802365701951901,-0.06998682536981958,1,0,0,0,0,0,0,0,0,0,0,0,0,0,0,0,1,0,0,1,0,0,1
0,0,0,-0.7790969687400482,1,0,-1.732815955971262,-1.0790985060299045,1,0,0,0,1,1,0,1,0,1,0,1,0,1,0,1,0,0,0,0,0,0,0
0,1,0,0.6412014690148236,1,0,-1.673313030926168,-0.6299974168400462,1,0,1,0,1,1,0,1,0,1,0,1,0,1,0,1,0,0,0,1,0,0,0
1,1,1,2.1122248509752266,1,0,-1.549284206643862,-0.14032718728319407,0,0,0,0,1,1,0,1,0,1,0,1,0,1,0,1,0,0,1,1,0,0,0
1,0,0,-1.489246187617484,1,1,-1.7447938175063131,-1.2318018532465875,0,0,0,0,1,1,0,1,0,1,0,1,0,1,0,1,0,0,0,1,0,0,0
0,0,0,0.18467697116504336,1,1,0.8277417341185895,0.6120902628866337,1,0,1,1,0,0,0,0,0,0,1,0,0,0,1,0,0,0,1,0,0,0,0
0,0,0,0.33685180378163676,1,1,-0.4005686471694197,0.013825286806089057,1,0,1,0,0,0,0,0,0,0,0,0,0,0,1,0,0,0,0,0,0,1,0
0,0,0,0.08322708275398108,1,1,0.45063228707955283,0.2845683534815969,0,0,1,1,0,0,0,0,0,0,0,0,0,0,0,0,1,0,1,1,0,0,0
0,0,1,-1.2356214665898284,1,0,1.8516557040503996,-0.7980191892719571,0,0,0,1,0,0,1,0,1,0,1,0,1,0,1,0,1,0,0,1,0,0,1
0,0,0,-0.7790969687400482,1,1,0.4116076414330955,-0.5211782480130746,0,0,0,0,0,0,1,0,1,0,1,0,0,0,1,0,1,1,0,0,1,0,0
0,0,1,0.6919264132203548,1,0,0.868698292915862,1.190176467869513,0,0,0,1,0,0,1,0,0,0,1,0,0,0,0,0,1,0,0,0,0,0,1
0,0,0,1.3513506878922594,1,1,0.5719564329507183,1.612808549404093,0,0,1,1,0,0,0,0,0,0,0,0,0,0,1,0,1,1,0,1,0,0,1
0,0,0,-0.7790969687400482,1,1,-0.023072817500220135,-0.62929208960117,0,0,1,0,0,0,0,0,0,0,0,0,1,0,0,0,1,0,0,1,0,0,1
1,0,1,0.032502138548449945,1,0,1.1055508452057485,0.5787282844877928,0,0,1,1,0,0,0,0,0,0,1,0,1,0,0,0,1,0,0,0,0,1,1
0,0,0,-0.5254722477123925,1,1,0.31964857545431424,-0.2952042248087771,1,0,0,0,0,0,1,0,1,0,0,0,1,0,0,0,0,0,0,0,1,0,0
0,0,0,-0.677647080328986,1,1,-1.7447938175063131,-1.0473716044120944,0,0,0,0,1,1,0,1,0,1,0,1,0,1,0,1,0,0,1,0,0,0,0
0,1,1,0.43830169219269904,1,1,-1.7447938175063131,-0.7961981625824952,1,0,0,0,1,1,0,1,0,1,0,1,0,1,0,1,0,0,0,0,1,0,0
0,0,1,-0.4240223593013303,1,1,1.1225516809329181,0.08707031453047161,1,0,0,1,0,0,1,0,1,0,0,0,0,0,1,0,0,0,0,1,0,0,1
0,0,1,1.858600129947571,1,1,0.5275224304819797,2.0842749241321323,1,0,1,0,0,0,0,0,1,0,0,0,1,0,1,0,1,0,1,0,1,0,0
1,0,0,-0.6269221361234548,1,1,0.3803106483898967,-0.37003944485353496,1,0,0,0,0,0,1,0,1,0,1,0,1,0,0,0,0,0,0,0,1,0,0
0,0,0,-0.9312718013566417,1,0,0.02213395022884448,-0.742945956047347,1,0,0,0,0,0,0,0,0,0,1,0,1,0,1,0,0,0,0,0,1,0,1
1,0,0,0.18467697116504336,1,1,0.9853858472250719,0.6909971447194492,1,0,1,1,0,0,0,0,1,0,1,0,0,0,0,0,1,0,0,0,1,0,1
0,0,1,1.1484509110701349,1,0,-1.6474253947052502,-0.5460570633479782,0,0,0,0,1,1,0,1,0,1,0,1,0,1,0,1,0,0,0,0,1,0,0
0,0,0,-1.3370713550008908,0,1,-1.7447938175063131,-1.1865711410372035,1,1,0,0,1,1,0,1,0,1,0,1,0,1,0,1,0,1,0,0,1,0,0
0,1,0,-0.9312718013566417,1,1,-0.6014876148541521,-0.8374854543199808,1,0,0,0,0,0,0,0,1,0,0,0,0,0,0,0,0,0,0,0,1,0,1
0,0,0,-1.0327216897677038,1,1,0.2354171620787915,-0.7837395187176195,1,0,0,0,0,0,1,0,1,0,0,0,1,0,0,0,0,0,0,0,0,1,0
1,0,1,0.5397515806037613,1,1,0.3443770637847423,0.6546407315882886,0,0,1,1,0,0,0,0,0,0,0,0,0,0,1,0,0,0,1,0,1,0,0
0,0,0,2.1122248509752266,1,0,-1.7447938175063131,-0.37631685727953257,0,0,0,0,1,1,0,1,0,1,0,1,0,1,0,1,0,0,0,0,0,1,0
0,0,0,-0.9312718013566417,1,0,1.2956510992459185,-0.4666308041847176,1,0,0,1,0,0,1,0,1,0,0,0,0,0,1,0,0,0,0,1,0,0,0
0,0,1,-0.9819967455621728,1,0,-1.504077438914797,-1.0702947396755687,0,0,1,0,1,1,0,1,0,1,0,1,0,1,0,1,0,0,1,1,0,0,0
0,1,1,-0.4747473035068614,1,1,0.4116076414330955,-0.24529270455957877,0,0,0,0,0,0,1,0,1,0,1,0,1,0,0,0,1,0,1,0,0,0,0
0,1,1,2.1122248509752266,1,0,-1.6493573078560653,-0.2825981034303183,0,0,1,0,1,1,0,1,0,1,0,1,0,1,0,1,0,1,0,0,0,1,0
0,0,0,-0.4747473035068614,1,0,0.9911815866775163,-0.03884983380634228,1,0,0,1,0,0,0,0,1,0,1,0,1,0,0,0,1,0,0,1,0,0,0
0,1,0,-0.22112258247920574,1,1,1.02711517128267,0.27038486391437877,0,0,0,1,0,0,1,0,0,0,0,0,0,0,1,0,1,0,1,0,0,1,1
0,1,0,-1.3370713550008908,1,1,1.2817413245600524,-0.9824879105012981,1,0,0,1,0,0,1,0,1,0,0,0,0,0,0,0,1,0,0,1,0,0,1
0,0,1,-0.4747473035068614,1,1,0.31771666230349904,-0.257834705279958,1,0,0,1,0,0,0,0,0,0,0,0,1,0,0,0,0,0,1,0,0,0,0
0,0,0,1.503525520508853,1,1,0.44097272132547916,1.6462795329216693,1,0,0,1,0,0,1,0,0,0,0,0,0,0,0,0,0,1,0,0,0,0,0
0,0,0,-1.1341715781787662,1,1,0.8053315415691387,-0.8032642591028725,1,0,1,1,0,0,0,0,0,0,0,0,0,0,1,0,1,0,0,0,0,0,0
0,0,1,1.2499007994811973,0,1,0.7945128279245761,1.7131894396277827,0,1,0,1,0,0,1,0,1,0,1,0,0,0,0,0,0,0,0,0,1,0,0
0,0,1,-0.677647080328986,0,0,0.2539635283266131,-0.48105154018683055,1,1,0,0,0,0,1,0,0,0,0,0,1,0,0,0,1,0,1,1,0,0,1
0,0,0,1.6557003531254464,1,1,0.16741381917011255,1.5297274127302924,1,0,1,0,0,0,0,0,1,0,1,0,1,0,0,0,0,0,0,1,0,0,0
0,0,0,2.1122248509752266,1,1,1.5510500177836266,3.560556895428921,1,0,1,1,0,0,0,0,1,0,1,0,1,0,1,0,0,0,1,1,0,0,0
1,1,0,-0.8805468571511105,1,1,0.8717893539571655,-0.5193700454552286,0,0,1,1,0,0,0,0,0,0,1,0,1,0,0,0,1,0,0,1,0,0,1
0,0,0,0.7426513574258858,1,1,1.492706240629022,1.7148052802113896,1,0,1,1,0,0,1,0,1,0,1,0,1,0,0,0,1,0,0,0,0,1,0
0,0,0,-0.4747473035068614,1,0,0.6067308696653837,-0.149637506836359,0,0,1,1,0,0,0,0,0,0,1,0,1,0,0,0,0,1,0,1,0,0,0
0,0,0,2.1122248509752266,1,1,0.918928034837045,2.7895636906134187,0,0,0,1,0,0,0,0,1,0,0,0,1,0,1,0,1,0,1,0,0,0,0
0,1,1,-0.677647080328986,0,1,-0.02345920013038328,-0.5411261847416532,0,1,0,0,0,0,0,0,1,0,1,0,0,0,1,0,0,0,0,0,1,0,1
0,1,0,1.4528005763033218,0,0,-1.7223836249568623,-0.5120987628289964,0,1,0,0,1,1,0,1,0,1,0,1,0,1,0,1,0,1,0,0,0,0,0
0,0,0,-0.2718475266847369,1,1,0.8702438234365141,0.13698824684547795,0,0,0,1,0,0,0,0,1,0,0,0,1,0,0,0,0,0,0,0,0,0,1
0,1,0,-0.7790969687400482,1,1,-1.519146361491152,-0.9836420823467318,0,0,0,0,1,1,0,1,0,1,0,1,0,1,0,1,0,0,0,0,0,1,0
0,1,1,-0.2718475266847369,1,1,0.5862525902667475,0.05173983192858517,0,0,0,1,0,0,0,0,0,0,0,0,0,0,1,0,0,0,1,0,0,0,0
1,1,0,-0.22112258247920574,1,1,0.3405132374831131,0.004829158477514238,0,0,0,1,0,0,1,0,0,0,0,0,0,0,0,0,0,0,0,0,1,0,1
1,1,1,2.1122248509752266,1,0,-1.6493573078560653,-0.2695623736427257,1,0,0,0,1,1,0,1,0,1,0,1,0,1,0,1,0,1,0,1,0,0,0
0,0,0,0.18467697116504336,1,1,0.1805508285956529,0.27783568438323386,0,0,0,0,0,0,1,0,1,0,0,0,0,0,1,0,0,0,0,0,0,0,1
0,0,1,0.23540191537057448,1,0,0.18750571593858623,0.2804646313644994,1,0,0,0,0,0,0,0,1,0,1,0,0,0,0,0,0,0,0,1,0,0,0
0,1,0,0.23540191537057448,1,1,0.326603462797247,0.38940562944182233,0,0,0,0,0,0,0,0,1,0,0,0,1,0,1,0,0,0,0,0,0,0,0
0,0,0,0.7426513574258858,1,0,0.7369418160302972,1.1248311052205433,0,0,0,1,0,0,1,0,0,0,0,0,1,0,0,0,1,1,0,0,0,1,0
1,1,0,-0.7790969687400482,1,1,-0.4102282129234934,-0.7134761015939405,0,0,1,0,0,0,0,0,0,0,0,0,0,0,0,0,1,0,0,0,0,0,1
0,0,1,-0.5254722477123925,1,1,-0.46084433747483955,-0.575488445406537,1,0,0,0,0,0,0,0,1,0,0,0,0,0,0,0,0,0,0,0,0,1,1
0,1,1,-0.018222805657081193,1,1,-1.6149692537715628,-0.8293934272703293,1,0,0,0,1,1,0,1,0,1,0,1,0,1,0,1,0,0,1,1,0,0,0
0,1,1,1.4528005763033218,0,1,0.16200446234783128,1.3148334392421581,1,1,0,0,0,0,0,0,1,0,1,0,1,0,0,0,1,1,0,1,0,0,0
0,0,0,1.6557003531254464,1,0,1.095118514191349,2.4855227661971493,1,0,0,1,0,0,0,0,1,0,1,0,0,0,1,0,1,0,0,0,0,0,0
0,0,0,-0.11967269406814346,1,1,0.5437505009488235,0.16116173494150532,1,0,1,0,0,0,0,0,0,0,0,0,1,0,1,0,1,0,0,0,1,0,1
0,1,0,-0.5761971919179237,1,1,0.26323671145052363,-0.3739187446673537,1,0,0,0,0,0,1,0,0,0,1,0,1,0,0,0,1,0,1,0,1,0,1
1,0,0,1.503525520508853,1,1,-1.627333497936777,-0.40403621776736465,1,0,1,0,1,1,0,1,0,1,0,1,0,1,0,1,0,0,1,0,1,0,0
0,1,0,0.032502138548449945,1,0,-0.009549425444517203,0.03284988605832068,0,0,0,0,0,0,0,0,0,0,0,0,0,0,1,0,1,1,0,0,1,0,0
0,1,0,-0.7283720245345171,1,0,-0.11348635295834993,-0.6160447616419147,0,0,0,0,0,0,1,0,0,0,0,0,1,0,0,0,0,0,0,0,1,0,1
0,0,0,-1.1341715781787662,1,0,0.9482931147294292,-0.7768016635134015,0,0,1,1,0,0,0,0,0,0,1,0,1,0,1,0,0,0,1,1,0,0,0
0,0,0,-1.1341715781787662,1,1,-1.4665983237889912,-1.1082862295877605,0,0,1,0,1,1,0,1,0,1,0,1,0,1,0,1,0,0,1,0,1,0,0
0,0,0,2.1122248509752266,1,1,-0.09803104775183208,1.5870897534483455,1,0,0,0,0,0,0,0,0,0,0,0,1,0,1,0,0,0,0,0,0,0,0
0,0,0,-0.22112258247920574,1,1,0.29066987819209317,-0.06504953469768676,1,0,1,0,0,0,0,0,1,0,1,0,0,0,0,0,1,1,0,0,0,0,0
0,0,0,-1.2863464107953595,0,1,-0.2510385692963592,-1.0654600420563634,1,1,0,0,0,0,0,0,1,0,0,0,0,0,1,0,0,1,0,0,0,0,0
0,0,0,-0.06894774986261233,1,1,0.6728022994232474,0.318860081422593,0,0,1,1,0,0,0,0,0,0,1,0,1,0,0,0,0,0,0,0,1,0,1
1,0,1,0.6412014690148236,1,1,0.45835993968281186,0.8418217566543986,0,0,1,1,0,0,0,0,0,0,1,0,0,0,0,0,0,0,0,0,1,0,0
0,1,1,1.503525520508853,1,1,0.8721757365873286,2.0736693672857585,1,0,1,1,0,0,0,0,0,0,1,0,0,0,1,0,0,0,0,0,0,1,0
0,1,0,-0.37329741509579917,1,0,-1.5458067629723953,-0.9034399632207074,0,0,0,0,1,1,0,1,0,1,0,1,0,1,0,1,0,0,0,1,0,0,1
1,1,0,-0.7283720245345171,1,1,0.5221130736596984,-0.4532039383828392,0,0,1,1,0,0,0,0,1,0,0,0,1,0,0,0,0,0,0,0,0,0,1
0,1,0,-0.8805468571511105,1,0,0.049567116970413765,-0.7042106665014314,0,0,0,0,0,0,0,0,1,0,0,0,0,0,0,0,1,0,0,0,0,1,0
0,0,1,1.503525520508853,1,1,0.11370663357746287,1.3204375847583192,0,0,0,0,0,0,1,0,1,0,0,0,0,0,0,0,1,0,1,0,0,1,0
0,1,0,-0.11967269406814346,1,1,0.3447634464149055,0.0638906966346786,0,0,1,0,0,0,1,0,0,0,0,0,1,0,1,0,1,0,1,0,1,0,0
0,0,0,-0.22112258247920574,1,0,-0.029254939582827433,-0.1572742772136452,0,0,0,0,0,0,0,0,0,0,1,0,0,0,1,0,1,0,1,0,0,1,0
1,1,1,-0.22112258247920574,1,0,1.3787233647309525,0.41143748755798965,0,0,0,1,0,0,0,0,1,0,1,0,1,0,1,0,1,0,0,0,1,0,1
0,1,0,-1.1341715781787662,1,1,0.08511431894540498,-0.8883844327036059,1,0,1,0,0,0,1,0,0,0,0,0,0,0,0,0,1,1,0,0,1,0,1
0,1,0,-0.8298219129455794,1,0,0.3235124017559435,-0.5877162549023258,0,0,0,0,0,0,0,0,1,0,0,0,1,0,1,0,0,0,0,0,0,0,1
1,1,0,-0.2718475266847369,1,1,0.43208592083173175,-0.04326774714803013,0,0,0,1,0,0,0,0,0,0,0,0,1,0,0,0,1,1,0,0,0,1,0
0,1,1,0.33685180378163676,1,1,0.5804568508143036,0.6500561045355936,1,0,0,0,0,0,1,0,1,0,1,0,1,0,1,0,0,0,0,0,0,0,0
0,0,1,1.1484509110701349,1,1,0.5275224304819797,1.3693616468730911,1,0,0,1,0,0,1,0,0,0,1,0,0,0,0,0,0,0,0,0,0,1,0
0,0,0,-0.7283720245345171,1,1,-1.604536922757163,-0.9945105338912322,1,0,0,0,1,1,0,1,0,1,0,1,0,1,0,1,0,0,0,0,1,0,0
0,0,0,-1.0327216897677038,1,0,1.1611899439492128,-0.6040862589100602,1,0,1,1,0,0,0,0,0,0,1,0,1,0,0,0,1,0,1,0,1,0,1
0,1,0,-0.7790969687400482,1,0,0.7535562691273036,-0.4425470850100015,0,0,0,1,0,0,0,0,0,0,1,0,0,0,1,0,0,0,1,0,0,0,0
0,0,0,-0.677647080328986,1,0,0.8567204313808106,-0.303995167031497,0,0,0,1,0,0,0,0,0,0,1,0,1,0,1,0,0,0,0,0,0,0,1
0,1,0,-0.322572470890268,1,1,-1.7096329981614848,-0.9296845485727074,1,0,1,0,1,1,0,1,0,1,0,1,0,1,0,1,0,1,0,0,1,0,0
0,0,0,-1.0834466339732352,0,1,0.6519376373944487,-0.7716271264063738,0,1,0,1,0,0,0,0,0,0,1,0,1,0,0,0,0,0,1,0,0,1,0
0,0,0,-0.06894774986261233,1,0,0.4969982026991066,0.19661404679374297,0,0,0,1,0,0,0,0,0,0,0,0,0,0,0,0,1,0,0,0,1,0,1
0,0,0,-0.677647080328986,1,1,0.39112936203445925,-0.43537839543669693,1,0,1,0,0,0,1,0,0,0,0,0,1,0,0,0,1,1,0,0,1,0,1
0,0,0,-0.9312718013566417,1,1,-0.07909829887384759,-0.7490630668281454,1,0,0,0,0,0,0,0,0,0,0,0,0,0,1,0,1,0,0,0,0,1,1
0,1,1,-0.8298219129455794,0,0,0.4838611932735668,-0.5527063755908378,1,1,0,1,0,0,0,0,0,0,0,0,0,0,1,0,1,0,1,0,1,0,1
0,1,1,0.032502138548449945,1,1,-1.5647395118503795,-0.7801167015361195,0,0,0,0,1,1,0,1,0,1,0,1,0,1,0,1,0,0,0,0,0,0,0
0,1,1,-0.8805468571511105,1,0,-0.06557490681814439,-0.733994712179428,1,0,1,0,0,0,1,0,1,0,0,0,0,0,0,0,1,1,0,0,0,0,0
1,0,0,-1.0327216897677038,1,1,0.8555612834903217,-0.6888152964965076,0,0,0,1,0,0,1,0,0,0,0,0,0,0,1,0,1,0,0,0,0,0,1
1,1,0,-0.8805468571511105,1,1,0.8667663797650473,-0.5295331697608527,1,0,1,1,0,0,1,0,0,0,0,0,1,0,1,0,0,0,0,0,1,0,1
0,0,0,-1.2356214665898284,1,1,0.01170161921444506,-0.9955685247495464,1,0,1,0,0,0,1,0,0,0,1,0,1,0,0,0,0,0,0,0,1,0,1
0,1,0,1.0470010226590727,1,0,1.0804359742451572,1.7563041701205382,0,0,0,1,0,0,0,0,0,0,1,0,1,0,1,0,1,1,0,1,0,0,0
0,1,1,0.8441012458369481,1,1,0.4170169982553768,0.9921269912589027,1,0,0,1,0,0,0,0,0,0,1,0,0,0,0,0,1,0,0,0,1,0,0
0,0,0,2.1122248509752266,1,1,-0.049346836351300535,1.628806653594965,0,0,0,0,0,0,0,0,1,0,0,0,1,0,1,0,0,0,0,0,1,0,0
1,0,1,1.4528005763033218,1,0,-0.11541826610916454,1.0600564164284825,1,0,0,0,0,0,1,0,1,0,0,0,0,0,0,0,0,0,0,1,0,0,0
0,0,0,-0.4240223593013303,1,0,0.898836138068572,-0.01488794388197769,0,0,0,1,0,0,1,0,0,0,1,0,0,0,1,0,0,0,0,1,0,0,1
1,1,1,0.5397515806037613,1,0,1.0491389812019585,1.1508705044666887,1,0,0,1,0,0,0,0,1,0,0,0,1,0,0,0,1,0,1,0,0,0,1
0,1,1,2.1122248509752266,1,1,1.2291932868578916,3.1610467231978627,1,0,0,1,0,0,0,0,1,0,0,0,1,0,0,0,1,1,0,0,1,0,0
0,1,1,-0.37329741509579917,1,1,-1.6068552185381408,-0.9081656557211775,0,0,1,0,1,1,0,1,0,1,0,1,0,1,0,1,0,0,1,0,0,0,0
1,0,0,0.2861268595761056,1,0,0.5248177520708388,0.5578698344144829,1,0,0,0,0,0,1,0,1,0,1,0,1,0,0,0,0,0,0,0,0,0,0
0,1,0,-0.6269221361234548,1,1,0.32042134071463996,-0.4097621925338773,0,0,0,1,0,0,0,0,0,0,0,0,0,0,0,0,1,0,0,0,0,1,1
0,1,1,-0.1703976382736746,1,0,-0.13010080605535665,-0.1719707320455007,0,0,0,0,0,0,0,0,0,0,0,0,1,0,1,0,0,0,0,0,0,1,1
1,0,0,-0.6269221361234548,1,0,0.2497133193948207,-0.39243679072075627,1,0,1,0,0,0,0,0,1,0,0,0,1,0,0,0,0,1,0,0,1,0,0
0,0,0,-0.677647080328986,1,1,-0.21201392364990135,-0.6263553634611221,1,0,0,0,0,0,0,0,1,0,0,0,0,0,0,0,0,0,0,1,0,0,0
0,1,1,1.7064252973309777,1,1,0.12993470404430674,1.5171084672202173,0,0,0,1,0,0,0,0,0,0,0,0,0,0,0,0,0,1,0,0,1,0,0
0,1,1,-1.387796299206422,1,1,1.7851978916623727,-1.0287830256348045,1,0,1,1,0,0,1,0,1,0,1,0,0,0,1,0,1,0,0,1,0,0,1
0,1,1,0.6412014690148236,1,1,-1.6242424368954735,-0.655184011333732,0,0,0,0,1,1,0,1,0,1,0,1,0,1,0,1,0,0,0,0,1,0,1
1,0,1,-0.4240223593013303,1,1,-1.7447938175063131,-0.95951347871136,1,0,0,0,1,1,0,1,0,1,0,1,0,1,0,1,0,0,1,0,0,0,0
0,0,0,0.032502138548449945,1,1,0.6357095669276048,0.36175680167787794,1,0,1,1,0,0,0,0,0,0,1,0,1,0,0,0,0,0,0,0,1,0,0
0,0,0,0.3875767479871679,1,1,0.9115867648639491,0.8927207350380237,0,0,1,1,0,0,1,0,0,0,1,0,1,0,0,0,0,1,0,0,1,0,1
0,0,0,-0.8805468571511105,1,1,-0.015345164896961356,-0.7032616807618526,0,0,0,0,0,0,1,0,0,0,0,0,1,0,1,0,0,0,0,0,1,0,1
0,1,0,2.1122248509752266,1,1,0.7133724755903573,2.5381337661515007,0,0,0,1,0,0,0,0,1,0,0,0,1,0,0,0,1,1,0,0,0,0,0
0,1,0,-0.5254722477123925,1,0,1.9242956385210335,0.2123428442206809,1,0,1,1,0,0,1,0,1,0,1,0,1,0,1,0,1,0,1,0,1,0,0
0,0,0,-1.0327216897677038,1,1,0.34824089008637216,-0.7772184477909192,0,0,0,1,0,0,1,0,0,0,0,0,0,0,0,0,0,1,0,0,1,0,0
0,1,0,-1.0834466339732352,1,1,0.022520332859007626,-0.8478024682049964,0,0,0,0,0,0,1,0,1,0,0,0,0,0,0,0,0,1,0,1,0,0,1
0,0,0,0.23540191537057448,1,0,1.1171423241106369,0.8466692784052201,0,0,0,1,0,0,0,0,0,0,1,0,0,0,1,0,1,0,0,0,1,0,1
0,0,1,2.1122248509752266,1,1,0.15852701867636518,1.871670058137442,1,0,1,0,0,0,0,0,1,0,0,0,1,0,0,0,1,0,1,0,1,0,0
0,1,0,-0.8805468571511105,1,1,0.38726553573283,-0.5956608044383943,0,0,1,0,0,0,0,0,1,0,0,0,1,0,1,0,1,0,0,0,0,1,0
0,0,0,1.3006257436867283,0,1,0.017497358666889215,1.044795699805526,0,1,0,1,0,0,0,0,0,0,1,0,0,0,0,0,0,0,0,0,0,0,0
0,0,0,2.1122248509752266,1,1,0.46106461809395277,2.2740015393240047,0,0,0,0,0,0,0,0,1,0,1,0,1,0,1,0,0,1,0,0,0,0,0
0,1,0,0.33685180378163676,1,0,0.355582160059468,0.48193173905075526,1,0,0,0,0,0,0,0,1,0,0,0,0,0,1,0,1,0,0,0,0,1,0
0,0,1,-1.387796299206422,1,0,0.6743478299438995,-1.0954877462350627,0,0,0,0,0,0,1,0,1,0,1,0,0,0,1,0,1,0,0,0,0,1,0
0,1,0,-1.1341715781787662,1,1,-1.6536075167878577,-1.135601629929691,1,0,1,0,1,1,0,1,0,1,0,1,0,1,0,1,0,0,1,0,1,0,0
1,0,0,1.1484509110701349,1,1,1.08739086158809,1.895548591206303,0,0,1,1,0,0,1,0,0,0,1,0,0,0,0,0,1,0,1,1,0,0,0
1,0,0,-1.3370713550008908,1,1,-1.73127042545061,-1.1746831710292367,0,0,1,0,1,1,0,1,0,1,0,1,0,1,0,1,0,0,0,0,1,0,1
0,1,0,-0.677647080328986,1,0,0.4904296979863364,-0.4361542553994607,1,0,1,1,0,0,0,0,1,0,0,0,0,0,0,0,0,1,0,0,1,0,1
0,1,1,0.6412014690148236,1,1,0.6129129917479907,0.9758980526989437,1,0,0,0,0,0,1,0,1,0,1,0,0,0,1,0,1,1,0,0,1,0,0
0,1,1,-0.5254722477123925,1,0,0.6704840036422702,-0.18495516530662953,1,0,0,1,0,0,0,0,0,0,1,0,0,0,1,0,1,0,0,0,0,0,0
1,0,0,0.33685180378163676,1,1,0.1264572603728406,0.3344414013359477,0,0,1,0,0,0,0,0,0,0,0,0,1,0,1,0,1,0,0,0,0,1,1
0,1,1,-0.8805468571511105,1,1,0.284101373479323,-0.6317479108056205,1,0,0,1,0,0,0,0,1,0,0,0,0,0,0,0,0,0,0,0,1,0,1
0,0,0,-0.9819967455621728,1,1,0.6666201773406405,-0.6613203583119545,0,0,0,1,0,0,0,0,0,0,0,0,0,0,1,0,1,0,0,0,0,1,1
0,1,0,0.43830169219269904,1,0,-0.37390824568817643,0.09630368929394105,0,0,0,0,0,0,0,0,0,0,1,0,0,0,0,0,0,1,0,0,1,0,1
1,0,0,-0.1703976382736746,1,0,1.0928002184103713,0.3197385344382841,0,0,0,1,0,0,0,0,1,0,0,0,0,0,1,0,1,0,0,0,0,1,1
0,1,0,-0.11967269406814346,1,0,0.3694919347453341,0.0784845584136066,0,0,0,1,0,0,0,0,0,0,0,0,1,0,1,0,0,0,0,0,0,0,1
0,0,1,-0.06894774986261233,1,1,1.346653606427428,0.606216810606538,0,0,0,1,0,0,1,0,1,0,1,0,0,0,0,0,1,0,0,0,0,1,1
1,0,0,-1.1848965223842973,1,1,0.2717371293141084,-0.9306142981148624,1,0,0,0,0,0,0,0,1,0,1,0,0,0,1,0,1,0,1,0,1,0,0
0,1,0,0.18467697116504336,1,1,1.6240763348844238,1.070174656273451,1,0,1,1,0,0,1,0,1,0,1,0,1,0,0,0,1,0,0,0,1,0,1
1,0,1,0.23540191537057448,1,1,0.5143854210564394,0.5035724611526367,1,0,0,1,0,0,0,0,0,0,1,0,0,0,0,0,1,0,1,0,0,1,0
0,1,0,-1.2356214665898284,1,1,-0.1169637966298163,-0.9781084695544581,1,0,0,0,0,0,0,0,1,0,0,0,0,0,1,0,0,0,0,0,1,0,1
0,1,0,-0.677647080328986,1,0,0.7319188418381785,-0.34140957102097197,1,0,0,0,0,0,0,0,0,0,1,0,1,0,1,0,1,0,1,0,1,0,0
0,1,0,-1.1341715781787662,1,1,0.5704109024300668,-0.8616589424160084,1,0,0,1,0,0,0,0,0,0,0,0,1,0,1,0,0,1,0,1,0,0,0
0,1,1,-0.9819967455621728,1,1,1.3474263716877537,-0.5344512242355619,1,0,1,1,0,0,0,0,1,0,1,0,1,0,0,0,1,0,0,0,1,0,1
0,1,0,0.13395202695951222,1,0,1.1210061504122666,0.710419292051775,0,0,0,1,0,0,0,0,1,0,0,0,1,0,1,0,0,1,0,0,0,0,0
0,1,0,2.1122248509752266,1,1,-1.5427157019310918,-0.1415967763131711,1,0,0,0,1,1,0,1,0,1,0,1,0,1,0,1,0,0,1,1,0,0,0
0,0,0,-0.677647080328986,1,0,0.3393540895926242,-0.4164307409741608,0,0,0,0,0,0,0,0,1,0,1,0,1,0,0,0,0,0,0,0,1,0,1
0,0,1,2.1122248509752266,1,1,0.37103746526598613,2.1574943035932836,1,0,1,0,0,0,1,0,1,0,0,0,0,0,1,0,0,0,0,0,1,0,0
0,1,1,-0.322572470890268,1,0,0.42049444192684343,-0.10705497780566452,1,0,0,1,0,0,0,0,1,0,0,0,1,0,0,0,0,0,0,0,1,0,1
0,0,0,-0.37329741509579917,1,0,-1.6188330800731923,-0.9041196421963517,1,0,0,0,1,1,0,1,0,1,0,1,0,1,0,1,0,0,0,0,0,0,0
0,1,0,-0.018222805657081193,1,1,1.015910075007945,0.5048612863800375,0,0,1,1,0,0,1,0,1,0,0,0,0,0,1,0,0,0,0,0,0,1,1
0,1,1,-0.8805468571511105,1,0,0.07584113582149445,-0.6836856438501357,1,0,1,0,0,0,1,0,0,0,0,0,0,0,1,0,1,0,0,0,1,0,0
1,0,0,-0.322572470890268,0,1,-0.21896881099283438,-0.3402489871097302,1,1,0,0,0,0,1,0,0,0,0,0,0,0,0,0,1,0,0,0,0,0,0
0,1,0,-0.11967269406814346,0,1,-0.5064374878340673,-0.3090671110855972,0,1,0,0,0,0,0,0,0,0,0,0,0,0,1,0,0,0,0,0,0,0,1
0,1,0,0.5397515806037613,1,1,0.9652939504565988,1.0742399059957006,0,0,0,1,0,0,0,0,0,0,1,0,1,0,0,0,1,0,1,0,1,0,0
0,1,0,-0.7283720245345171,1,1,-0.24794750825505543,-0.6299717685768143,1,0,1,0,0,0,0,0,1,0,1,0,0,0,0,0,0,1,0,0,0,1,1
0,1,0,-1.1341715781787662,1,1,0.4309267729412429,-0.8361966290925799,1,0,0,1,0,0,0,0,0,0,1,0,0,0,0,0,0,0,0,1,0,0,1
0,0,0,-1.1848965223842973,1,0,0.6067308696653837,-0.8864864612244483,0,0,1,1,0,0,0,0,0,0,1,0,0,0,0,0,1,0,0,1,0,0,1
1,1,0,-0.2718475266847369,1,1,-1.563193981329728,-0.8975536868089956,1,0,1,0,1,1,0,1,0,1,0,1,0,1,0,1,0,0,1,0,1,0,0
1,1,0,-0.018222805657081193,0,1,-0.10266763931378735,-0.0721348674154879,1,1,0,0,0,0,1,0,0,0,0,0,0,0,1,0,0,1,0,1,0,0,0
0,0,0,-1.2863464107953595,1,0,-1.7447938175063131,-1.200357082524328,0,0,0,0,1,1,0,1,0,1,0,1,0,1,0,1,0,0,1,1,0,0,0
0,0,1,-0.1703976382736746,1,0,1.6240763348844238,0.6290694131461246,1,0,1,1,0,0,1,0,1,0,1,0,1,0,1,0,0,0,1,0,1,0,0
0,0,0,-0.5761971919179237,1,0,-0.23712879461049285,-0.5326045492828679,0,0,0,0,0,0,0,0,1,0,0,0,0,0,1,0,0,0,1,0,0,1,1
0,0,1,0.08322708275398108,1,1,0.612140226487665,0.40724399651958065,0,0,1,1,0,0,0,0,0,0,0,0,0,0,1,0,0,0,1,0,0,0,0
0,0,0,-1.0834466339732352,1,1,-0.7170160212728734,-0.9706063525591393,1,0,0,0,0,0,0,0,0,0,0,0,0,0,0,0,0,0,0,0,1,0,1
0,1,0,0.43830169219269904,1,0,0.1774597675543494,0.4867023160118812,1,0,0,1,0,0,0,0,0,0,0,0,1,0,0,0,0,1,0,0,1,0,0
0,1,0,0.9962760784535415,1,0,-1.6725402656658421,-0.5912108307676668,1,0,1,0,1,1,0,1,0,1,0,1,0,1,0,1,0,0,0,0,1,0,0
0,0,0,-0.322572470890268,1,0,1.0773449132038537,0.16443188850356763,1,0,0,1,0,0,1,0,1,0,1,0,0,0,0,0,0,0,1,0,0,0,1
1,0,1,-1.0834466339732352,1,0,0.22962142262634705,-0.8169155472080296,1,0,0,0,0,0,1,0,0,0,0,0,0,0,1,0,1,0,0,0,0,0,0
0,1,1,-1.387796299206422,1,1,1.6213716564732834,-1.060400922133879,1,0,0,1,0,0,1,0,1,0,1,0,1,0,1,0,0,0,0,0,1,0,1
0,1,0,2.1122248509752266,1,1,0.6453691326816785,2.459425658358732,0,0,0,1,0,0,0,0,0,0,0,0,1,0,1,0,0,0,0,0,1,0,1
0,0,1,-1.0834466339732352,1,0,0.21030229111819967,-0.8146456759120101,1,0,0,0,0,0,0,0,1,0,1,0,0,0,0,0,1,0,0,1,0,0,0
0,1,0,-0.8805468571511105,0,1,0.343217915894254,-0.6286316468229497,0,1,0,1,0,0,0,0,0,0,1,0,1,0,0,0,0,1,0,0,1,0,0
0,0,1,1.4528005763033218,0,1,0.2524179978059611,1.4560463645309678,1,1,0,0,0,0,1,0,0,0,1,0,0,0,0,0,1,0,0,0,0,1,0
0,1,0,-0.06894774986261233,1,1,0.9614301241549695,0.40348011389030536,0,0,1,1,0,0,0,0,0,0,1,0,1,0,1,0,0,0,1,0,1,0,0
0,1,0,-0.7283720245345171,0,0,-0.18458075690833206,-0.6363774223189711,1,1,0,0,0,0,0,0,0,0,0,0,1,0,1,0,0,0,0,0,1,0,1
0,0,0,-0.1703976382736746,1,0,0.10018324152175995,-0.11194097195133366,1,0,1,0,0,0,0,0,0,0,1,0,0,0,0,0,1,0,0,0,0,1,1
0,1,0,0.4890266363982302,1,1,-0.2881313017920019,0.18613673126352862,0,0,0,0,0,0,0,0,0,0,0,0,0,0,1,0,1,0,1,0,0,1,0
1,1,0,0.6919264132203548,1,0,1.4227709845695284,1.5837170068333564,1,0,0,1,0,0,1,0,0,0,0,0,1,0,1,0,1,0,0,1,0,0,0
0,1,1,0.9962760784535415,1,1,0.8590387271617883,1.5329206215026585,1,0,1,1,0,0,1,0,0,0,1,0,0,0,0,0,1,0,0,1,0,0,1
0,1,0,-0.8805468571511105,1,1,0.48656587168470716,-0.6237969492037441,0,0,1,1,0,0,0,0,0,0,1,0,1,0,0,0,0,0,0,0,1,0,1
0,1,1,0.6412014690148236,1,1,-0.14246505022057096,0.4281793913825859,0,0,0,0,0,0,0,0,0,0,0,0,1,0,0,0,0,0,0,0,0,0,0
0,1,0,1.1991758552756662,0,1,1.1495984650443245,2.0045729461391293,0,1,0,1,0,0,1,0,1,0,0,0,0,0,1,0,1,0,1,1,0,0,0
0,0,0,-0.37329741509579917,1,0,-1.6574713430894872,-0.9218938886160303,0,0,1,0,1,1,0,1,0,1,0,1,0,1,0,1,0,0,0,0,1,0,1
0,0,1,0.08322708275398108,1,1,0.2953064697540482,0.2282768277534735,1,0,0,1,0,0,0,0,0,0,1,0,0,0,0,0,0,0,1,0,0,0,0
0,0,1,-0.11967269406814346,1,0,0.23503077944862832,0.04242310030961225,0,0,0,1,0,0,0,0,1,0,0,0,0,0,0,0,0,0,1,1,0,0,0
0,1,1,0.793376301631417,1,1,0.8849263633827058,1.314262765385249,1,0,1,1,0,0,1,0,1,0,0,0,0,0,0,0,0,0,0,0,0,1,0
0,1,0,2.1122248509752266,0,1,-0.13357824972682303,1.5366460317370865,0,1,0,0,0,0,1,0,0,0,0,0,0,0,0,0,1,0,1,1,0,0,0
1,1,0,0.43830169219269904,1,1,0.11486578146795176,0.45142954200226637,0,0,0,0,0,0,0,0,1,0,0,0,1,0,1,0,1,0,1,1,0,0,0
0,0,0,-1.2356214665898284,1,1,0.1036606851932266,-0.9904388721031745,0,0,1,0,0,0,0,0,1,0,0,0,0,0,1,0,0,0,1,0,0,0,0
0,1,0,-0.37329741509579917,1,1,0.6445963674213527,-0.06082398333023783,1,0,1,1,0,0,0,0,1,0,0,0,0,0,1,0,0,0,0,0,0,0,1
0,1,1,-0.677647080328986,1,1,-1.540397406150114,-0.965149684556561,0,0,1,0,1,1,0,1,0,1,0,1,0,1,0,1,0,0,0,0,0,0,0
0,1,0,-0.7283720245345171,1,1,0.7315324592080158,-0.39848336877766716,1,0,0,1,0,0,0,0,1,0,0,0,0,0,0,0,1,1,0,0,1,0,0
0,0,0,-0.018222805657081193,1,1,0.8590387271617883,0.40810321333784805,0,0,0,1,0,0,0,0,0,0,0,0,0,0,1,0,1,1,0,0,0,0,1
0,1,0,-0.6269221361234548,0,0,0.5850934423762586,-0.3329135838254186,1,1,0,1,0,0,0,0,0,0,0,0,0,0,1,0,1,0,0,1,0,0,1
0,1,1,-1.3370713550008908,1,1,0.8683119102856989,-0.9961712589354951,1,0,0,1,0,0,1,0,0,0,1,0,0,0,0,0,1,0,0,0,1,0,1
1,0,0,0.9455511342480104,1,1,0.47922460171161124,1.185091699683797,1,0,1,1,0,0,0,0,0,0,1,0,1,0,0,0,0,1,0,0,0,0,1
0,0,0,-0.677647080328986,1,1,0.8161502552137012,-0.28282252573359706,0,0,1,1,0,0,1,0,0,0,0,0,0,0,0,0,1,0,0,1,0,0,1
0,0,0,-0.06894774986261233,1,1,0.595525773390658,0.18944535722043837,1,0,0,1,0,0,0,0,1,0,0,0,0,0,0,0,1,0,0,1,0,0,1
0,1,0,1.9600500183586334,1,1,-1.7447938175063131,-0.3703151636832775,0,0,1,0,1,1,0,1,0,1,0,1,0,1,0,1,0,0,0,1,0,0,0
0,1,0,1.503525520508853,0,1,0.47845183645128553,1.675159477320743,0,1,0,1,0,0,0,0,1,0,1,0,0,0,0,0,0,0,0,1,0,0,0
0,0,1,0.793376301631417,1,1,1.1078691409867263,1.4751286723754713,0,0,0,1,0,0,0,0,1,0,1,0,1,0,0,0,1,0,0,0,1,0,1
0,1,1,1.503525520508853,1,1,-0.09223530829938766,1.1160722233268634,0,0,0,0,0,0,0,0,0,0,0,0,1,0,0,0,1,1,0,0,0,1,0
0,0,1,0.5904765248092925,1,0,0.7786711400878954,1.0131585671090275,0,0,1,1,0,0,1,0,1,0,1,0,0,0,0,0,0,1,0,0,0,0,0
0,1,1,0.33685180378163676,0,1,-1.7096329981614848,-0.7963199918328466,0,1,0,0,1,1,0,1,0,1,0,1,0,1,0,1,0,0,0,0,1,0,0
0,0,0,-1.0834466339732352,1,1,0.860970640312603,-0.7463507629913763,0,0,0,1,0,0,0,0,1,0,1,0,0,0,0,0,1,1,0,0,0,0,1
0,1,1,2.0614999067696957,1,1,-0.5446893682201989,1.019429567469217,1,0,1,0,0,0,0,0,0,0,0,0,1,0,0,0,0,1,0,0,0,1,0
0,0,0,-0.8805468571511105,1,0,-1.5203055093816409,-1.019517590542295,0,0,1,0,1,1,0,1,0,1,0,1,0,1,0,1,0,0,0,0,1,0,0
1,1,0,-0.5254722477123925,1,0,-1.6536075167878577,-0.9722478414059782,0,0,0,0,1,1,0,1,0,1,0,1,0,1,0,1,0,1,0,0,0,0,0
0,0,1,-1.2863464107953595,1,1,0.46261014861460426,-1.022056768602249,1,0,0,0,0,0,0,0,1,0,1,0,1,0,1,0,0,1,0,1,0,0,0
0,1,1,-1.3370713550008908,1,1,0.0020420534603713793,-1.0803809191914975,0,0,1,0,0,0,1,0,1,0,0,0,0,0,1,0,0,0,1,1,0,0,0
0,1,1,-1.438521243411953,1,0,-0.18148969586702857,-1.1776070730376687,0,0,1,0,0,0,0,0,0,0,0,0,1,0,0,0,1,0,1,1,0,0,0
0,1,0,-0.8805468571511105,1,0,0.4927479937673142,-0.604099083041676,0,0,0,1,0,0,0,0,0,0,1,0,0,0,0,0,0,0,1,0,1,0,0
1,0,0,0.7426513574258858,1,1,0.6399597758593972,1.08161378167486,0,0,1,1,0,0,0,0,0,0,1,0,1,0,0,0,0,0,0,1,0,0,1
0,0,0,0.08322708275398108,1,0,0.47072418384802645,0.31251854833851583,0,0,0,1,0,0,1,0,0,0,0,0,0,0,1,0,0,0,0,0,0,0,0
0,1,0,-0.677647080328986,0,1,1.3864510173342115,-0.14231492768366324,0,1,0,1,0,0,1,0,0,0,1,0,1,0,1,0,1,0,0,0,0,1,0
0,1,0,0.8948261900424792,1,1,0.04454414277829563,0.7650565048014433,0,0,1,0,0,0,0,0,0,0,1,0,1,0,0,0,1,0,0,0,0,1,0
0,0,1,0.032502138548449945,1,1,-1.6076279837984666,-0.7949413976841341,0,0,1,0,1,1,0,1,0,1,0,1,0,1,0,1,0,0,1,0,0,0,0
0,1,1,-0.4747473035068614,1,0,-1.4198460255392744,-0.8580938338267798,1,0,1,0,1,1,0,1,0,1,0,1,0,1,0,1,0,0,1,1,0,0,0
0,0,1,1.4528005763033218,1,0,-0.6571267135976167,0.512049212150766,1,0,0,0,0,0,0,0,0,0,0,0,0,0,0,0,0,0,0,0,0,1,1
0,1,0,-1.3370713550008908,1,1,-0.08759871673743239,-1.073160933091729,0,0,0,0,0,0,0,0,0,0,0,0,1,0,1,0,0,0,1,0,0,0,0
0,0,0,-1.0834466339732352,1,0,-0.3615440015229621,-0.9223747935516277,0,0,0,0,0,0,0,0,1,0,0,0,0,0,0,0,0,0,0,0,0,0,0
0,1,1,-0.322572470890268,1,1,1.117915089370963,0.19834530456189367,0,0,1,1,0,0,1,0,1,0,1,0,0,0,0,0,1,0,0,0,1,0,1
0,0,0,0.18467697116504336,1,0,0.15968616656685405,0.2503663944619126,1,0,0,1,0,0,0,0,0,0,0,0,0,0,0,0,0,0,0,0,0,1,0
1,1,0,-0.7790969687400482,1,1,0.9239510090291632,-0.38830742034042687,1,0,1,1,0,0,0,0,1,0,0,0,0,0,1,0,1,0,1,0,1,0,0
0,1,0,-1.3370713550008908,1,0,0.9034727296305275,-1.019889490359157,0,0,1,1,0,0,1,0,0,0,0,0,1,0,0,0,0,1,0,0,1,0,1
0,0,1,-1.2356214665898284,0,1,-0.44732094541913636,-1.0460443067898457,1,1,0,0,0,0,0,0,0,0,0,0,1,0,0,0,0,0,0,0,0,1,1
0,1,0,-0.677647080328986,1,1,0.8744940323683065,-0.3100353330225999,0,0,0,1,0,0,0,0,0,0,1,0,0,0,1,0,1,0,0,0,0,1,1
0,1,0,-0.11967269406814346,1,0,-1.6655853783229086,-0.8570935515607373,1,0,1,0,1,1,0,1,0,1,0,1,0,1,0,1,0,0,1,0,1,0,0
1,1,1,-0.1703976382736746,0,1,1.1928733196225747,0.3933169895846808,1,1,0,1,0,0,0,0,1,0,1,0,1,0,0,0,1,0,0,1,0,0,1
0,1,0,0.4890266363982302,1,0,-0.14439696337138558,0.2727380920659019,1,0,0,0,0,0,1,0,0,0,0,0,0,0,0,0,0,0,0,0,0,1,0
0,0,0,-0.8805468571511105,1,0,0.7516243559764889,-0.5452683792535985,0,0,0,1,0,0,0,0,1,0,1,0,1,0,0,0,0,0,0,1,0,0,1
0,1,0,0.08322708275398108,1,1,0.35365024690865343,0.28116995860337574,0,0,1,1,0,0,1,0,1,0,0,0,0,0,0,0,0,1,0,1,0,0,0
1,0,1,-0.1703976382736746,1,0,0.09400111943915292,-0.09349345862181879,0,0,1,1,0,0,0,0,0,0,0,0,0,0,0,0,0,0,0,1,0,0,1
1,0,0,-1.3370713550008908,1,1,1.0213194318302263,-1.0097391901851487,0,0,1,1,0,0,0,0,0,0,1,0,1,0,0,0,1,1,0,0,0,1,1
0,1,1,0.9962760784535415,1,1,-0.27769897077760247,0.5640446537875532,0,0,1,0,0,0,0,0,0,0,0,0,0,0,1,0,1,0,0,1,0,0,0
0,1,0,-1.0834466339732352,1,0,0.6032534259939171,-0.7924214558216038,0,0,0,1,0,0,1,0,0,0,0,0,0,0,1,0,0,0,0,0,0,0,0
0,0,0,0.5397515806037613,1,0,-1.6910866319136635,-0.7071473926414793,0,0,0,0,1,1,0,1,0,1,0,1,0,1,0,1,0,1,0,1,0,0,0
0,0,0,1.9600500183586334,1,0,-0.3870452551137165,1.1311598141730046,1,0,1,0,0,0,0,0,0,0,0,0,0,0,1,0,0,1,0,1,0,0,0
0,0,1,0.13395202695951222,1,1,1.5622551140583525,0.9814701378860652,1,0,1,1,0,0,1,0,0,0,1,0,1,0,1,0,0,0,0,0,0,0,1
0,0,0,0.08322708275398108,1,0,-1.6362202984305252,-0.8007956137668061,1,0,0,0,1,1,0,1,0,1,0,1,0,1,0,1,0,0,0,0,1,0,0
0,0,0,0.9962760784535415,1,1,0.8563340487506474,1.50279673633684,1,0,0,1,0,0,0,0,0,0,1,0,0,0,1,0,0,0,0,0,1,0,1
0,0,0,-1.0327216897677038,1,0,-0.3545891141800291,-0.8926035720052468,0,0,1,0,0,0,0,0,0,0,1,0,0,0,1,0,0,0,0,0,0,0,1
0,0,0,-0.9819967455621728,1,0,0.7361690507699709,-0.6461622347419255,1,0,1,1,0,0,1,0,0,0,0,0,0,0,1,0,0,0,1,1,0,0,0
0,0,0,-1.489246187617484,1,1,-0.19733138370370953,-1.202325586727373,1,0,0,0,0,0,1,0,0,0,0,0,0,0,0,0,1,0,1,0,0,1,0
0,0,1,1.1484509110701349,1,0,-1.5956501222634154,-0.48700193725662194,1,0,0,0,1,1,0,1,0,1,0,1,0,1,0,1,0,0,0,0,0,1,0
0,1,1,0.8441012458369481,1,1,0.5661606934982744,1.1410921041095423,0,0,1,1,0,0,0,0,1,0,0,0,0,0,0,0,0,1,0,0,0,1,1
0,0,1,-0.9819967455621728,1,0,-1.6369930636908507,-1.0182800618413579,1,0,0,0,1,1,0,1,0,1,0,1,0,1,0,1,0,0,0,0,1,0,0
0,0,0,0.5397515806037613,1,1,0.020202037078029856,0.4292053219118603,0,0,0,0,0,0,0,0,1,0,1,0,0,0,1,0,0,0,0,1,0,0,1
0,1,1,0.43830169219269904,1,1,1.0190011360492486,1.0299645915917035,0,0,0,1,0,0,0,0,1,0,1,0,0,0,1,0,1,0,0,0,0,0,1
0,1,0,-0.5254722477123925,1,0,-1.6957232234756188,-0.990355515247671,0,0,1,0,1,1,0,1,0,1,0,1,0,1,0,1,0,0,1,0,1,0,0
0,0,0,-1.1341715781787662,1,1,0.385720005212178,-0.8211795709703263,1,0,0,0,0,0,0,0,1,0,1,0,1,0,0,0,1,1,0,0,0,0,0
0,0,0,-1.1848965223842973,1,1,-0.12082762293144583,-0.9661948512832593,0,0,0,0,0,0,1,0,0,0,0,0,0,0,0,0,1,1,0,0,0,1,0
0,1,0,-0.2718475266847369,1,1,-0.1841943742781692,-0.30857338201838397,0,0,1,0,0,0,0,0,0,0,0,0,1,0,0,0,1,0,0,0,0,1,1
0,1,1,0.9455511342480104,1,0,1.4865241185464144,1.9883953041056341,0,0,0,1,0,0,1,0,1,0,1,0,1,0,0,0,1,0,0,0,0,0,1
1,1,1,1.0977259668646038,0,0,1.389542078375515,2.081107363622998,1,1,0,1,0,0,1,0,1,0,1,0,0,0,1,0,1,0,1,1,0,0,0
0,1,0,1.1991758552756662,1,0,0.3065115660287739,1.214452549018468,1,0,0,1,0,0,0,0,0,0,1,0,0,0,0,0,0,0,1,0,1,0,0
0,1,0,2.1122248509752266,1,1,0.31230730548121777,2.0671226480958267,1,0,1,0,0,0,0,0,1,0,0,0,0,0,1,0,1,0,0,0,1,0,1
0,0,1,0.33685180378163676,1,0,0.3497864206070236,0.45786084400765525,0,0,0,1,0,0,0,0,0,0,0,0,0,0,0,0,1,0,0,0,1,0,1
0,0,1,-0.8298219129455794,1,0,-1.7447938175063131,-1.0444092300088146,0,0,0,0,1,1,0,1,0,1,0,1,0,1,0,1,0,1,0,1,0,0,0
1,1,0,1.0977259668646038,1,1,0.7948992105547392,1.567526540668245,0,0,0,1,0,0,0,0,1,0,0,0,0,0,1,0,0,0,1,1,0,0,0
1,1,1,0.13395202695951222,1,0,-1.7366797822728912,-0.8290343515850832,1,0,1,0,1,1,0,1,0,1,0,1,0,1,0,1,0,0,0,0,0,1,1
0,0,0,-0.8298219129455794,1,0,-0.0137996343763096,-0.674509977678938,0,0,0,0,0,0,1,0,0,0,0,0,1,0,0,0,0,0,1,1,0,0,0
0,0,0,-0.9819967455621728,1,1,0.11370663357746287,-0.7511213399525022,1,0,0,0,0,0,1,0,1,0,0,0,0,0,0,0,1,0,0,1,0,0,0
0,1,0,2.1122248509752266,1,1,1.2357617915706618,3.1867206346929535,0,0,0,1,0,0,1,0,1,0,1,0,0,0,0,0,1,1,0,0,0,1,0
0,1,0,0.032502138548449945,1,1,1.3311983012209099,0.7069696006470898,0,0,1,1,0,0,1,0,1,0,1,0,1,0,0,0,0,0,1,0,0,0,0
0,0,1,-1.2356214665898284,1,1,-1.6087871316889555,-1.14266131438426,1,0,0,0,1,1,0,1,0,1,0,1,0,1,0,1,0,0,0,0,1,0,0
0,0,0,2.1122248509752266,0,1,-0.6853326455995117,0.8599807270225552,1,1,0,0,0,0,0,0,0,0,0,0,0,0,0,0,0,0,0,1,0,0,0
0,1,0,-0.018222805657081193,1,1,0.01401991499542283,0.0019244926665061767,1,0,1,0,0,0,1,0,0,0,0,0,1,0,1,0,0,1,0,1,0,0,1
0,1,0,-1.3370713550008908,1,0,0.4390408081746645,-1.0072641327832743,1,0,0,0,0,0,1,0,1,0,1,0,0,0,1,0,0,0,0,0,0,0,0
0,0,0,0.23540191537057448,1,1,-1.6582441083498127,-0.7965123538070854,1,0,0,0,1,1,0,1,0,1,0,1,0,1,0,1,0,1,0,0,1,0,0
0,0,0,1.1991758552756662,1,0,0.7176226845221497,1.6046652258279777,1,0,0,1,0,0,0,0,1,0,0,0,0,0,1,0,0,0,0,0,1,0,1
0,1,1,-0.1703976382736746,1,1,-0.10575870035509087,-0.15079167868179266,1,0,0,0,0,0,0,0,0,0,1,0,0,0,1,0,1,0,0,1,0,0,0
0,0,0,2.1122248509752266,1,0,-0.5516442555631319,1.047559300168759,0,0,0,0,0,0,0,0,0,0,1,0,0,0,0,0,0,0,1,1,0,0,0
0,0,0,0.08322708275398108,1,1,-1.620378610593844,-0.7837908152440831,0,0,0,0,1,1,0,1,0,1,0,1,0,1,0,1,0,0,0,0,1,0,1
0,0,0,-1.387796299206422,0,1,-0.29856363280640164,-1.107670671270196,0,1,0,0,0,0,0,0,0,0,1,0,0,0,1,0,0,0,0,1,0,0,0
0,0,0,-0.7283720245345171,1,1,-1.6628806999117685,-1.0298153682298867,1,0,1,0,1,1,0,1,0,1,0,1,0,1,0,1,0,0,0,0,0,0,1
0,0,0,-1.2863464107953595,1,1,0.18402827226711957,-1.0123617251006063,0,0,0,0,0,0,0,0,1,0,0,0,0,0,1,0,1,0,0,0,0,1,0
0,1,1,-1.387796299206422,1,1,-0.4658673116669577,-1.1691687944343867,1,0,1,0,0,0,0,0,0,0,0,0,0,0,1,0,0,0,1,0,0,0,0
0,0,0,-0.4240223593013303,1,0,0.8756531802587948,-0.039144788833508685,1,0,0,1,0,0,1,0,1,0,0,0,1,0,0,0,0,0,1,1,0,0,0
0,1,1,1.2499007994811973,1,1,0.668552090491455,1.5947970565495195,1,0,0,1,0,0,0,0,1,0,0,0,0,0,1,0,0,1,0,0,0,1,0
0,0,0,0.793376301631417,1,1,1.0278879365429965,1.4266919272621048,1,0,1,1,0,0,0,0,1,0,1,0,0,0,1,0,1,0,0,1,0,0,1
0,0,0,0.6412014690148236,1,1,0.001269288200045364,0.519185841395031,1,0,0,0,0,0,0,0,1,0,1,0,0,0,0,0,0,0,0,0,0,0,0
0,1,1,2.1122248509752266,0,0,0.09091005839784941,1.8155837185151733,1,1,0,0,0,0,0,0,1,0,1,0,1,0,0,0,0,0,0,0,1,0,1
0,0,1,-0.7790969687400482,0,1,0.9834539340742573,-0.3844152963949922,0,1,0,1,0,0,0,0,1,0,0,0,0,0,1,0,1,0,1,0,0,1,1
0,0,0,-0.8298219129455794,0,1,-0.0137996343763096,-0.6677516603173431,1,1,0,0,0,0,0,0,1,0,0,0,0,0,0,0,1,0,0,0,0,0,1
0,1,0,0.7426513574258858,1,1,-1.7447938175063131,-0.726749077816428,1,0,1,0,1,1,0,1,0,1,0,1,0,1,0,1,0,0,0,0,1,0,0
0,0,0,-0.018222805657081193,1,0,0.11022918990599677,0.04702696355973106,1,0,0,1,0,0,0,0,0,0,0,0,0,0,0,0,0,0,0,0,0,0,1
0,0,0,0.43830169219269904,1,0,0.4274493292697762,0.6296272628714178,0,0,0,1,0,0,1,0,0,0,0,0,0,0,0,0,0,0,0,0,0,1,1
0,0,0,0.18467697116504336,1,1,-1.648584542595739,-0.7643045472536779,1,0,1,0,1,1,0,1,0,1,0,1,0,1,0,1,0,0,1,1,0,0,0
0,0,0,-0.322572470890268,1,1,0.5105215947548101,-0.07187197271736129,0,0,0,1,0,0,0,0,1,0,0,0,1,0,0,0,0,0,1,0,1,0,0
0,0,0,0.33685180378163676,1,0,1.2786502635187489,1.0599602354413629,1,0,0,1,0,0,0,0,0,0,1,0,1,0,1,0,1,0,0,0,0,1,1
0,0,0,-0.2718475266847369,1,1,1.3717684773880192,0.36032691100270176,1,0,0,1,0,0,0,0,1,0,1,0,1,0,1,0,0,0,0,0,0,1,1
0,0,0,-0.322572470890268,0,1,0.16316361023832016,-0.183044369695856,0,1,0,0,0,0,1,0,0,0,1,0,0,0,1,0,0,0,0,0,1,0,1
0,0,1,-0.677647080328986,1,0,0.15775425341603888,-0.5144199306514796,1,0,0,0,0,0,1,0,1,0,0,0,0,0,0,0,1,0,1,0,1,0,0
0,0,1,0.5397515806037613,1,0,0.7852396448006655,0.9628046143190794,0,0,0,1,0,0,0,0,1,0,0,0,1,0,0,0,1,0,0,0,1,0,1
0,0,0,1.2499007994811973,0,1,0.8296736472694042,1.7803558289662147,0,1,0,1,0,0,0,0,0,0,1,0,0,0,1,0,0,0,0,0,0,1,1
0,0,0,0.08322708275398108,1,1,0.35017280323718675,0.24337724273123085,1,0,1,0,0,0,1,0,1,0,0,0,0,0,1,0,0,0,1,0,1,0,0
1,0,0,-0.018222805657081193,1,0,0.3273762280575727,0.14267574921714268,1,0,0,0,0,0,1,0,0,0,1,0,0,0,0,0,1,0,0,0,1,0,1
0,0,1,-0.37329741509579917,1,1,-0.3677261236055691,-0.40599830990460184,0,0,1,0,0,0,1,0,0,0,0,0,0,0,0,0,0,0,0,0,1,0,0
0,1,1,-0.5254722477123925,1,1,1.4996611279719547,0.08056206773538721,0,0,1,1,0,0,1,0,1,0,1,0,0,0,1,0,1,0,0,0,0,0,1
0,1,0,-0.4747473035068614,1,0,0.18286912437663067,-0.30126362699730397,0,0,0,1,0,0,0,0,0,0,0,0,0,0,0,0,1,0,1,1,0,0,0
1,1,0,2.1122248509752266,0,1,-1.7447938175063131,-0.3841267534336338,0,1,0,0,1,1,0,1,0,1,0,1,0,1,0,1,0,0,0,0,1,0,0
0,1,0,-0.4747473035068614,1,1,-0.011867721225494699,-0.3753037508818741,1,0,0,0,0,0,0,0,1,0,1,0,0,0,0,0,0,0,0,0,1,0,0
0,1,0,-0.6269221361234548,1,1,1.046047920160655,-0.1815182980335603,1,0,1,1,0,0,0,0,0,0,1,0,1,0,1,0,1,0,0,0,0,0,0
1,1,0,-0.2718475266847369,1,1,-0.46200348536532815,-0.4217399314631557,1,0,0,0,0,0,0,0,0,0,0,0,0,0,0,0,1,0,0,0,1,0,1
0,1,0,-0.4240223593013303,1,1,-1.562034833439239,-0.9140583441986971,1,0,1,0,1,1,0,1,0,1,0,1,0,1,0,1,0,0,1,1,0,0,0
0,0,0,0.8441012458369481,1,1,0.510135212124647,1.0649552347057676,1,0,0,1,0,0,1,0,0,0,0,0,0,0,0,0,0,0,0,0,0,1,0
0,1,0,0.8441012458369481,0,0,1.0850725658071123,1.5349275981005517,1,1,0,1,0,0,1,0,0,0,1,0,0,0,1,0,1,0,1,1,0,0,0
0,0,0,-0.06894774986261233,1,1,0.9749535162106725,0.4318342688931258,0,0,0,1,0,0,1,0,0,0,0,0,1,0,1,0,0,0,0,1,0,0,0
0,0,0,0.43830169219269904,1,1,0.7450558512637188,0.8503818645080317,1,0,1,1,0,0,0,0,1,0,1,0,0,0,0,0,1,0,0,1,0,0,1
1,1,1,-1.0834466339732352,1,1,0.8814489197112392,-0.7219079681314143,1,0,1,1,0,0,0,0,0,0,1,0,1,0,0,0,0,1,0,0,1,0,1
0,0,0,-1.1341715781787662,1,1,-0.6710364882834827,-1.008604254537139,0,0,0,0,0,0,0,0,0,0,0,0,0,0,1,0,0,0,0,1,0,0,0
1,0,0,0.23540191537057448,1,1,0.1361168261269143,0.2846901827319483,1,0,1,1,0,0,0,0,0,0,0,0,0,0,0,0,0,0,1,1,0,0,0
0,1,0,-0.2718475266847369,1,1,0.8242642904471229,0.13350649511175314,1,0,0,1,0,0,0,0,0,0,0,0,1,0,1,0,0,0,1,0,1,0,0
0,0,0,0.8441012458369481,0,0,-1.7447938175063131,-0.6917520226365557,1,1,0,0,1,1,0,1,0,1,0,1,0,1,0,1,0,1,0,0,0,1,0
0,0,0,-1.387796299206422,1,0,-0.1366693107681268,-1.101117540014456,1,0,1,0,0,0,0,0,0,0,0,0,0,0,1,0,1,1,0,0,0,1,1
0,0,1,0.23540191537057448,1,0,-0.08489403832629175,0.13215996129208027,1,0,0,0,0,0,0,0,1,0,1,0,0,0,0,0,0,0,0,0,1,0,0
0,0,0,0.23540191537057448,1,1,0.7520107386066521,0.5945981473625057,1,0,0,1,0,0,1,0,0,0,0,0,0,0,1,0,0,1,0,0,0,1,0
1,0,0,-0.8298219129455794,1,0,0.6975307877536762,-0.4788970860753543,1,0,0,1,0,0,0,0,1,0,0,0,0,0,0,0,1,0,0,1,0,0,1
0,0,0,0.2861268595761056,1,0,-1.511418708887893,-0.6825635323337419,1,0,0,0,1,1,0,1,0,1,0,1,0,1,0,1,0,0,0,0,1,0,0
0,1,0,0.8948261900424792,1,1,-0.5462348987408506,0.25758638056168087,0,0,1,0,0,0,0,0,0,0,0,0,0,0,0,0,1,1,0,0,0,0,1
0,0,0,-0.06894774986261233,1,0,-1.7447938175063131,-0.8952517551839363,1,0,0,0,1,1,0,1,0,1,0,1,0,1,0,1,0,0,1,0,0,0,0
0,0,1,-0.7283720245345171,0,1,0.8698574408063509,-0.35470819550669097,1,1,0,1,0,0,0,0,1,0,1,0,0,0,0,0,1,0,0,1,0,0,1
0,0,0,-0.8805468571511105,1,0,-1.5658986597408684,-1.037221304238086,0,0,1,0,1,1,0,1,0,1,0,1,0,1,0,1,0,0,1,0,0,0,0
0,1,1,0.7426513574258858,1,0,-0.5130059925468372,0.19972389871060617,1,0,1,0,0,0,0,0,0,0,0,0,0,0,0,0,1,0,0,1,0,0,1
0,0,1,-0.4747473035068614,1,1,1.4992747453417916,0.14513798248740128,1,0,0,1,0,0,0,0,0,0,1,0,1,0,1,0,1,0,0,0,1,0,1
1,0,1,-0.6269221361234548,1,0,-1.6215377584843327,-0.9931575880057516,1,0,1,0,1,1,0,1,0,1,0,1,0,1,0,1,0,0,0,0,0,1,0
1,1,0,-0.7790969687400482,1,1,0.71375885822052,-0.43310852414067735,0,0,0,1,0,0,1,0,0,0,0,0,0,0,0,0,1,1,0,0,1,0,1
0,1,0,0.6919264132203548,1,1,-1.5856041738791788,-0.6260219360391079,1,0,1,0,1,1,0,1,0,1,0,1,0,1,0,1,0,0,1,1,0,0,0
0,1,0,0.33685180378163676,1,1,1.2400120005024542,1.0367164968874902,1,0,0,1,0,0,1,0,1,0,1,0,0,0,1,0,0,1,0,0,1,0,1
0,0,0,0.793376301631417,1,1,-0.07407532468172918,0.5730536062477439,1,0,1,1,0,0,0,0,0,0,0,0,0,0,0,0,0,1,0,1,0,0,0
0,1,1,-0.4747473035068614,1,1,0.8389468303933152,-0.1036116984667873,1,0,1,1,0,0,0,0,0,0,0,0,1,0,1,0,1,0,1,1,0,0,0
0,1,1,0.9455511342480104,1,1,0.33703579381164644,1.053394280054007,0,0,0,0,0,0,0,0,1,0,1,0,0,0,1,0,1,0,0,1,0,0,0
0,0,0,-0.2718475266847369,1,1,-0.18496713953849522,-0.27567948442352413,0,0,0,0,0,0,0,0,0,0,0,0,0,0,1,0,0,0,0,0,0,0,1
0,0,0,-0.7790969687400482,1,0,0.8435834219552703,-0.4200022616291972,1,0,0,1,0,0,0,0,1,0,1,0,0,0,0,0,0,0,0,0,1,0,1
0,0,0,-0.6269221361234548,1,1,-1.6219241411144958,-0.9534669006544492,1,0,1,0,1,1,0,1,0,1,0,1,0,1,0,1,0,0,1,0,0,1,0
0,1,1,-1.0327216897677038,1,0,-1.7173606507647439,-1.104766005459188,1,0,1,0,1,1,0,1,0,1,0,1,0,1,0,1,0,0,0,0,1,0,0
0,1,0,-0.4240223593013303,1,0,1.4304986371727875,0.18032739964151248,0,0,0,1,0,0,0,0,1,0,1,0,0,0,1,0,1,0,0,0,1,0,1
0,0,0,-0.8298219129455794,1,1,1.1183014720011257,-0.3991822839507353,1,0,0,1,0,0,1,0,1,0,0,0,1,0,0,0,0,0,0,0,0,0,1
0,0,0,0.7426513574258858,1,1,1.0135917792269673,1.3371217799906436,1,0,1,1,0,0,1,0,1,0,1,0,1,0,0,0,0,0,0,1,0,0,0
0,1,0,0.5397515806037613,1,1,-1.605696070647652,-0.6511444098747142,0,0,1,0,1,1,0,1,0,1,0,1,0,1,0,1,0,1,0,0,0,0,0
0,1,0,0.9455511342480104,1,1,0.4973845853292697,1.167041734434376,1,0,1,1,0,0,0,0,0,0,1,0,0,0,0,0,0,1,0,0,0,0,0
0,0,1,-0.8298219129455794,1,1,0.347854507456209,-0.6043683898056106,1,0,1,1,0,0,0,0,0,0,1,0,0,0,0,0,0,0,0,0,0,0,1
0,0,0,1.8078751857420399,1,1,0.729214163427038,2.2447304589106447,1,0,0,1,0,0,1,0,0,0,0,0,0,0,1,0,0,0,0,0,1,0,1
1,1,0,0.18467697116504336,1,0,1.545254278331183,1.0272522877549344,0,0,0,1,0,0,0,0,1,0,1,0,1,0,1,0,0,1,0,0,0,0,0
0,1,1,0.23540191537057448,1,0,0.9660667157169246,0.7646140722606939,1,0,0,1,0,0,0,0,1,0,1,0,1,0,1,0,0,1,0,0,1,0,1
0,0,0,-0.5254722477123925,1,0,0.745442233893882,-0.18234545452278775,0,0,0,1,0,0,1,0,0,0,0,0,0,0,0,0,1,0,1,0,0,0,0
0,1,0,0.13395202695951222,1,0,0.8192413162550047,0.5485851631245499,0,0,1,1,0,0,0,0,0,0,1,0,0,0,1,0,1,0,0,0,0,0,1
0,0,0,2.1122248509752266,1,0,0.7469877644145334,2.57232290103957,1,0,0,0,0,0,0,0,1,0,1,0,1,0,1,0,0,0,1,1,0,0,0
1,0,0,-0.5254722477123925,1,1,0.8756531802587948,-0.11160113246351154,0,0,0,1,0,0,1,0,0,0,1,0,1,0,0,0,0,0,0,0,0,0,1
0,0,0,0.5904765248092925,1,1,0.47729268856079665,0.8160324279747638,0,0,0,0,0,0,1,0,1,0,1,0,0,0,1,0,0,0,1,1,0,0,0
0,1,0,1.503525520508853,1,1,-1.519532744121315,-0.28681724273195913,0,0,1,0,1,1,0,1,0,1,0,1,0,1,0,1,0,0,0,0,0,0,0
0,1,0,-0.06894774986261233,1,1,-1.546579528232721,-0.7709730956939614,1,0,1,0,1,1,0,1,0,1,0,1,0,1,0,1,0,0,1,0,1,0,0
0,0,1,1.4528005763033218,1,1,0.5974576865414732,1.731784430470881,1,0,1,0,0,0,1,0,1,0,1,0,0,0,1,0,1,0,0,1,0,0,0
1,0,1,-1.0834466339732352,1,0,1.263581340942394,-0.6683992789639477,0,0,1,1,0,0,1,0,1,0,0,0,1,0,1,0,0,0,0,0,1,0,1
0,0,0,-1.0327216897677038,1,0,1.1009142536437935,-0.6572102241290488,0,0,1,1,0,0,0,0,1,0,0,0,0,0,1,0,1,0,1,0,0,1,0
1,1,0,0.6412014690148236,1,1,-0.1146455008488388,0.4462998893558945,0,0,0,0,0,0,0,0,1,0,0,0,0,0,0,0,0,0,1,0,1,0,0
1,0,0,0.4890266363982302,1,0,-1.7447938175063131,-0.7586491052110531,0,0,0,0,1,1,0,1,0,1,0,1,0,1,0,1,0,1,0,1,0,0,0
0,1,0,-0.9312718013566417,1,1,1.7809476827305804,-0.38012562436946373,0,0,1,1,0,0,1,0,1,0,1,0,1,0,1,0,1,0,0,1,0,0,1
1,1,1,-0.7283720245345171,1,1,0.789489853732458,-0.38751873624604716,1,0,0,1,0,0,0,0,0,0,1,0,0,0,0,0,1,0,0,0,0,1,1
0,1,0,-0.22112258247920574,1,0,0.10327430256306346,-0.08915249006982659,1,0,0,1,0,0,0,0,0,0,0,0,0,0,0,0,0,0,0,1,0,0,1
0,1,1,0.5397515806037613,1,0,-0.0883714819977584,0.38706522542191507,0,0,0,0,0,0,0,0,0,0,0,0,0,0,1,0,1,0,0,0,0,0,0
1,1,1,0.43830169219269904,1,0,-0.10884976139639438,0.2798875454417828,0,0,0,0,0,0,0,0,0,0,0,0,1,0,0,0,1,1,0,0,0,1,0
0,0,1,-1.1848965223842973,0,0,1.0792768263546684,-0.8292715980199779,1,1,0,1,0,0,1,0,0,0,0,0,1,0,1,0,1,0,0,0,0,0,1
0,0,1,-0.4747473035068614,1,0,-1.6528347515275315,-0.9576155072322023,0,0,1,0,1,1,0,1,0,1,0,1,0,1,0,1,0,1,0,0,0,1,0
0,1,1,0.43830169219269904,1,1,-1.5686033381520093,-0.6615127202861933,1,0,0,0,1,1,0,1,0,1,0,1,0,1,0,1,0,0,1,0,0,0,0
1,1,0,-0.2718475266847369,1,1,0.5182492473580685,0.028130605623658614,1,0,0,1,0,0,0,0,0,0,1,0,0,0,0,0,0,0,0,0,1,0,0
1,0,0,-1.1848965223842973,1,1,-1.576717373385431,-1.1468612174884771,0,0,1,0,1,1,0,1,0,1,0,1,0,1,0,1,0,1,0,0,1,0,0
0,0,0,-1.2863464107953595,1,0,-1.6358339158003619,-1.1617756825578034,1,0,1,0,1,1,0,1,0,1,0,1,0,1,0,1,0,1,0,0,0,1,0
0,0,0,1.8078751857420399,0,1,-0.059779167365700235,1.3847826651412465,0,1,0,0,0,0,0,0,0,0,0,0,0,0,1,0,1,0,1,0,0,0,0
0,1,0,0.18467697116504336,1,0,1.6588507715990892,1.0873974650336444,0,0,1,1,0,0,1,0,1,0,1,0,1,0,1,0,0,1,0,0,0,1,1
0,0,0,0.2861268595761056,1,1,-0.8955247964081552,-0.32182070997763923,0,0,0,0,0,0,0,0,0,0,0,0,0,0,0,0,0,0,1,0,1,0,0
0,0,0,1.554250464714384,1,1,0.2311669531469991,1.5003537392640052,1,0,0,0,0,0,0,0,1,0,1,0,0,0,1,0,0,0,0,1,0,0,1
0,0,0,0.13395202695951222,1,1,-1.7447938175063131,-0.8534899705766611,1,0,0,0,1,1,0,1,0,1,0,1,0,1,0,1,0,1,0,0,1,0,0
0,0,1,0.7426513574258858,1,1,-1.7359070170125654,-0.6953876639496717,0,0,0,0,1,1,0,1,0,1,0,1,0,1,0,1,0,0,1,0,0,1,0
1,1,0,2.1122248509752266,1,0,-1.7200653291758845,-0.3546568989802273,1,0,1,0,1,1,0,1,0,1,0,1,0,1,0,1,0,0,0,1,0,0,0
0,0,0,-0.8298219129455794,1,0,-0.36656697571508023,-0.7668180770504002,0,0,1,0,0,0,0,0,1,0,0,0,0,0,0,0,0,0,0,0,0,0,1
0,0,1,0.6919264132203548,1,1,-1.7447938175063131,-0.7133606844093973,0,0,0,0,1,1,0,1,0,1,0,1,0,1,0,1,0,0,0,0,0,1,1
0,1,0,-1.0327216897677038,1,0,1.1936460848829005,-0.6607945689157013,1,0,1,1,0,0,1,0,0,0,1,0,0,0,1,0,0,0,1,0,1,0,1
0,0,0,-0.6269221361234548,1,0,-0.32715594743845977,-0.5918584494142712,0,0,0,0,0,0,0,0,0,0,0,0,0,0,1,0,0,0,0,0,1,0,1
0,1,0,2.1122248509752266,1,1,-1.7049964065995296,-0.3389345136190975,1,0,0,0,1,1,0,1,0,1,0,1,0,1,0,1,0,0,1,0,1,0,0
0,1,0,2.1122248509752266,1,0,0.9382471663451925,2.8280296733954,0,0,0,1,0,0,0,0,0,0,1,0,1,0,1,0,1,1,0,0,0,0,0
0,1,0,0.08322708275398108,1,1,-0.3615440015229621,-0.1249254052124625,0,0,1,0,0,0,0,0,0,0,0,0,1,0,0,0,0,1,0,0,0,1,0
0,0,0,-1.2356214665898284,0,1,-1.7447938175063131,-1.1661102390439877,1,1,0,0,1,1,0,1,0,1,0,1,0,1,0,1,0,0,0,1,0,0,0
0,0,0,1.6557003531254464,1,0,1.075026617422876,2.432854057650526,1,0,0,1,0,0,1,0,1,0,1,0,0,0,1,0,0,0,1,0,0,0,0
0,0,0,1.604975408919915,1,0,0.599775982322451,1.9152143970393312,1,0,0,1,0,0,0,0,1,0,0,0,0,0,0,0,0,0,1,0,1,0,0
0,1,1,0.9962760784535415,1,1,0.8370149172425001,1.5027903242710319,0,0,0,1,0,0,0,0,1,0,1,0,1,0,0,0,0,0,0,0,1,0,1
0,0,0,-0.9819967455621728,1,1,0.9849994645949093,-0.6008802260060777,0,0,0,1,0,0,0,0,0,0,1,0,1,0,0,0,1,0,0,1,0,0,1
0,0,0,0.5397515806037613,1,1,-1.7447938175063131,-0.7559816858349395,0,0,0,0,1,1,0,1,0,1,0,1,0,1,0,1,0,0,1,1,0,0,0
0,1,0,-0.6269221361234548,1,1,0.2802375471776932,-0.39445017938445714,1,0,0,0,0,0,1,0,0,0,0,0,0,0,1,0,1,0,0,0,0,1,1
1,0,0,-0.22112258247920574,1,1,0.3772195873485932,-0.034412684267230556,1,0,0,1,0,0,0,0,1,0,0,0,0,0,0,0,0,0,1,1,0,0,0
0,1,0,0.4890266363982302,1,0,0.8482200135172258,0.9848621206984786,1,0,1,1,0,0,1,0,0,0,1,0,1,0,1,0,0,1,0,0,0,0,0
0,1,0,-0.1703976382736746,1,1,0.9525433236612216,0.2973540127026789,1,0,0,1,0,0,1,0,0,0,0,0,0,0,0,0,1,0,0,0,1,0,1
0,0,1,-0.6269221361234548,1,1,0.605958104405058,-0.2967367085368808,0,0,1,1,0,0,0,0,0,0,0,0,1,0,0,0,1,0,1,0,1,0,0
0,0,0,-0.4747473035068614,0,0,1.0066368918840338,-0.00745635961054633,0,1,0,1,0,0,1,0,1,0,1,0,0,0,1,0,0,0,1,0,0,0,0
1,0,1,0.793376301631417,1,0,0.35017280323718675,0.8701182030649476,1,0,1,1,0,0,0,0,0,0,0,0,0,0,1,0,0,0,1,0,0,1,0
1,1,1,-0.8805468571511105,1,0,-0.48634559106559394,-0.8061112163216089,1,0,0,0,0,0,0,0,1,0,0,0,0,0,0,0,0,0,0,0,0,1,0
1,0,0,1.1484509110701349,1,0,0.759352008579748,1.6267612046022244,1,0,0,1,0,0,1,0,0,0,0,0,0,0,1,0,0,1,0,0,0,0,0
0,0,0,2.1122248509752266,0,1,0.9737943683201836,2.8817435486687217,0,1,0,1,0,0,0,0,0,0,0,0,1,0,1,0,1,0,0,0,1,0,1
0,1,0,-1.1341715781787662,0,0,-1.7447938175063131,-1.125701400322193,1,1,0,0,1,1,0,1,0,1,0,1,0,1,0,1,0,0,0,0,1,0,1
1,0,0,2.1122248509752266,1,1,0.46956503595753757,2.279195312628456,1,0,0,1,0,0,0,0,1,0,0,0,0,0,0,0,0,1,0,0,0,0,0
0,0,0,2.0107749625641644,1,1,1.2237839300356104,3.0413847510896224,1,0,1,1,0,0,0,0,0,0,1,0,1,0,1,0,1,0,0,0,1,0,1
0,0,1,-0.8805468571511105,1,1,0.3957659535964148,-0.6270799268974221,0,0,0,0,0,0,1,0,1,0,0,0,0,0,1,0,1,1,0,0,0,1,1
1,1,1,-1.0834466339732352,1,0,0.6005487475827768,-0.7628874807101178,0,0,1,1,0,0,0,0,1,0,0,0,0,0,1,0,0,0,1,0,1,0,1
0,0,0,0.5904765248092925,1,1,1.219920103733981,1.3106912447302128,0,0,1,1,0,0,1,0,0,0,1,0,1,0,1,0,1,1,0,0,1,0,0
0,1,0,1.3513506878922594,1,1,-1.6350611505400363,-0.4631426403851847,1,0,0,0,1,1,0,1,0,1,0,1,0,1,0,1,0,0,0,0,1,0,0
0,0,1,-0.8298219129455794,1,1,0.26632777249182715,-0.5805475653290212,1,0,0,0,0,0,0,0,0,0,1,0,0,0,1,0,1,0,0,0,1,0,0
0,0,1,-0.11967269406814346,1,0,-1.7196789465457216,-0.8703152312567609,1,0,0,0,1,1,0,1,0,1,0,1,0,1,0,1,0,1,0,0,0,1,1
0,1,1,1.3513506878922594,1,0,-1.5890816175506453,-0.39575824080928207,1,0,1,0,1,1,0,1,0,1,0,1,0,1,0,1,0,0,1,0,0,0,0
0,1,1,-1.2863464107953595,1,1,-1.652061986267206,-1.1653728514760717,0,0,0,0,1,1,0,1,0,1,0,1,0,1,0,1,0,0,0,0,1,0,0
1,0,0,-0.06894774986261233,1,1,0.17784615018451252,0.029323249863940012,1,0,1,0,0,0,0,0,1,0,1,0,0,0,1,0,0,0,0,0,0,0,0
0,0,0,0.4890266363982302,1,1,-0.5848731617571453,0.0036557504346567166,1,0,0,0,0,0,0,0,0,0,0,0,0,0,0,0,0,0,0,0,1,0,0
0,0,0,2.1122248509752266,1,1,0.21262058689917746,1.9280321165894527,1,0,0,0,0,0,0,0,1,0,1,0,1,0,0,0,1,0,0,0,0,0,1
0,1,0,-0.9312718013566417,1,0,-1.7444074348761502,-1.0951094343523928,1,0,1,0,1,1,0,1,0,1,0,1,0,1,0,1,0,0,0,0,1,0,0
0,0,0,0.3875767479871679,1,1,-0.4542758327620694,0.01714032482880679,0,0,0,0,0,0,0,0,0,0,0,0,0,0,1,0,0,0,0,0,0,1,0
0,0,0,-0.6269221361234548,1,0,0.4969982026991066,-0.3633708964132516,0,0,0,1,0,0,1,0,0,0,0,0,0,0,0,0,1,0,0,0,1,0,0
0,1,0,0.6412014690148236,1,0,-0.15907950331757767,0.39558686088070066,1,0,0,0,0,0,1,0,0,0,0,0,1,0,1,0,0,0,0,1,0,0,1
0,1,1,-1.1341715781787662,1,1,0.6519376373944487,-0.8406594268949235,0,0,1,0,0,0,1,0,1,0,0,0,1,0,0,0,1,0,0,0,0,1,1
0,1,0,-0.5761971919179237,1,1,-0.7401989790826503,-0.7013316489536552,1,0,1,0,0,0,0,0,0,0,0,0,0,0,1,0,0,1,0,0,1,0,1
0,1,0,2.1122248509752266,1,0,0.5580466582648522,2.3780629553214663,1,0,0,0,0,0,1,0,0,0,0,0,0,0,1,0,1,0,1,0,1,0,0
0,0,0,1.1991758552756662,1,1,0.047248821189436,1.016704439500832,1,0,0,0,0,0,1,0,1,0,0,0,0,0,1,0,0,1,0,1,0,0,0
0,0,0,0.5397515806037613,1,1,1.1499848476744876,1.2201977599824048,0,0,1,1,0,0,0,0,0,0,0,0,1,0,1,0,1,0,0,0,1,0,1
0,1,0,0.5904765248092925,1,1,-0.4125465087044711,0.207213191574309,1,0,0,0,0,0,0,0,0,0,0,0,0,0,0,0,1,0,1,0,0,0,0
0,0,0,-0.5254722477123925,1,1,0.5885708860477252,-0.21449555248392357,0,0,0,1,0,0,1,0,1,0,0,0,0,0,0,0,0,0,1,0,1,0,0
0,1,1,-1.2863464107953595,0,1,0.9030863470003644,-0.9914135061059851,0,1,0,1,0,0,1,0,1,0,1,0,0,0,1,0,0,0,1,0,1,0,1
0,0,0,-0.677647080328986,1,1,0.49583905480861773,-0.4117242846711145,0,0,0,1,0,0,0,0,0,0,0,0,0,0,0,0,1,0,1,0,0,1,1
0,1,1,-0.677647080328986,1,0,-1.6624943172816051,-1.0139839777500215,1,0,0,0,1,1,0,1,0,1,0,1,0,1,0,1,0,1,0,0,1,0,0
0,0,0,-0.06894774986261233,1,0,1.138779751399762,0.5019245602399895,0,0,0,1,0,0,0,0,0,0,1,0,1,0,1,0,1,0,0,0,0,0,1
0,1,0,-0.4240223593013303,1,0,-0.6061242064161076,-0.5439603178287737,1,0,1,0,0,0,1,0,0,0,0,0,0,0,0,0,0,0,0,1,0,0,0
0,1,0,-0.7283720245345171,1,0,-1.641629655252806,-1.0120282976785921,0,0,1,0,1,1,0,1,0,1,0,1,0,1,0,1,0,0,0,0,1,0,0
0,1,1,-0.22112258247920574,1,1,0.5858662076365844,0.07917064945505879,1,0,1,1,0,0,0,0,0,0,0,0,1,0,1,0,0,0,0,0,1,0,0
1,1,1,-0.5761971919179237,0,0,0.6604380552580335,-0.26690136633242034,1,1,0,0,0,0,1,0,0,0,0,0,1,0,1,0,1,0,0,0,1,0,1
1,1,0,-0.677647080328986,1,0,0.9869313777457239,-0.24671618316894697,1,0,0,1,0,0,0,0,0,0,1,0,1,0,0,0,1,0,0,0,1,0,1
0,0,0,0.08322708275398108,1,0,-1.7262474512584918,-0.8231544872391794,0,0,1,0,1,1,0,1,0,1,0,1,0,1,0,1,0,0,0,0,1,0,0
0,0,1,-0.4747473035068614,1,1,-1.599513948565045,-0.9669130026537514,1,0,0,0,1,1,0,1,0,1,0,1,0,1,0,1,0,0,0,0,0,1,0
0,1,1,2.1122248509752266,1,1,0.5792977029238148,2.4068403066676125,0,0,0,1,0,0,0,0,1,0,0,0,0,0,1,0,0,0,1,1,0,0,0
0,1,0,-0.5254722477123925,1,1,0.32814899331789904,-0.3287970375767051,0,0,0,0,0,0,1,0,1,0,1,0,0,0,0,0,0,0,0,0,0,1,1
0,0,0,0.5397515806037613,1,1,0.5615241019363189,0.805446107325814,0,0,1,1,0,0,0,0,0,0,0,0,1,0,0,0,0,0,0,0,1,0,0
0,0,0,-0.6269221361234548,1,1,0.8219459946661456,-0.27113974183148504,1,0,0,1,0,0,1,0,1,0,0,0,0,0,1,0,0,0,0,0,1,0,1
0,0,0,1.7064252973309777,1,1,0.8223323772963083,2.2682178559652204,1,0,0,1,0,0,0,0,0,0,1,0,0,0,0,0,1,0,0,0,0,1,1
0,0,0,0.18467697116504336,1,1,-0.2386743251311449,0.004316193212877079,1,0,0,0,0,0,0,0,1,0,0,0,1,0,0,0,0,0,0,0,0,0,0
0,0,0,1.503525520508853,1,1,-1.5415565540406029,-0.3103238759839584,1,0,1,0,1,1,0,1,0,1,0,1,0,1,0,1,0,0,0,0,1,0,0
0,0,1,0.6412014690148236,1,1,0.7334643723588304,1.0560168149694644,1,0,0,1,0,0,0,0,1,0,0,0,0,0,1,0,0,0,1,0,1,0,0
0,1,0,-0.11967269406814346,1,1,0.30342050498747036,0.041826778189471475,0,0,0,0,0,0,0,0,1,0,1,0,0,0,0,0,1,0,0,0,1,0,1
0,0,1,0.7426513574258858,0,1,0.014792680255748572,0.6270432003508079,1,1,0,1,0,0,0,0,0,0,0,0,0,0,0,0,0,0,1,0,0,0,0
1,1,0,1.3513506878922594,0,0,-1.7447938175063131,-0.5775723667941255,0,1,0,0,1,1,0,1,0,1,0,1,0,1,0,1,0,0,0,0,1,0,0
0,0,0,-1.1341715781787662,1,1,0.4699514185877002,-0.8514701698471522,1,0,1,1,0,0,1,0,1,0,0,0,0,0,0,0,0,0,1,0,1,0,0
0,0,1,1.2499007994811973,0,1,0.3749012915676154,1.3274780330154645,0,1,0,1,0,0,0,0,0,0,1,0,0,0,0,0,1,0,0,0,0,0,0
0,0,0,1.1991758552756662,1,1,1.2979693950268965,2.1313330750967867,0,0,1,1,0,0,0,0,0,0,0,0,1,0,1,0,1,0,0,0,0,1,0
0,0,0,0.6412014690148236,1,1,-0.30860958119063814,0.2993866375638038,1,0,0,0,0,0,0,0,0,0,0,0,0,0,1,0,0,1,0,0,0,1,0
0,1,0,0.08322708275398108,1,1,0.8068770720897906,0.48508006336246595,1,0,0,1,0,0,0,0,1,0,0,0,0,0,1,0,1,0,0,0,1,0,0
0,0,1,1.554250464714384,1,0,0.7114405624395422,1.9901778584002483,1,0,1,1,0,0,0,0,0,0,0,0,0,0,1,0,1,0,1,0,0,1,0
0,1,0,1.4528005763033218,1,1,0.7925809147737615,1.9829129878398242,1,0,1,1,0,0,0,0,0,0,0,0,0,0,1,0,1,0,0,1,0,0,1
0,0,0,-1.2356214665898284,1,1,-1.4341421828553036,-1.120982119887531,1,0,0,0,1,1,0,1,0,1,0,1,0,1,0,1,0,0,0,0,1,0,0
1,1,0,-0.22112258247920574,1,0,0.31694389704317333,-0.017138578980573346,0,0,1,1,0,0,0,0,0,0,1,0,0,0,0,0,0,1,0,1,0,0,1
0,1,0,0.08322708275398108,1,1,0.8157638725835381,0.500186890406031,1,0,0,1,0,0,1,0,1,0,0,0,0,0,1,0,0,0,0,0,1,0,0
0,0,0,1.503525520508853,1,1,0.4471548434080867,1.6632522711153523,1,0,0,1,0,0,0,0,0,0,1,0,0,0,0,0,0,0,0,0,0,0,1
0,0,0,0.43830169219269904,1,1,-0.5470076640011766,0.018788225741453717,1,0,0,0,0,0,0,0,0,0,0,0,0,0,0,0,1,0,0,0,1,0,1
0,1,0,-0.4747473035068614,0,0,-0.30551852014933467,-0.4634696557413909,1,1,0,0,0,0,0,0,0,0,1,0,0,0,0,0,1,1,0,0,1,0,0
0,0,1,-0.322572470890268,1,1,-1.5566254766169578,-0.8761566232078168,1,0,1,0,1,1,0,1,0,1,0,1,0,1,0,1,0,1,0,0,0,1,0
0,0,0,-0.1703976382736746,0,0,-0.31285979012243054,-0.2845794317649794,1,1,0,0,0,0,0,0,1,0,1,0,0,0,0,0,0,0,0,0,0,1,0
0,1,0,1.0470010226590727,1,0,0.05690838694350968,0.8900597277277182,1,0,0,0,0,0,0,0,0,0,0,0,0,0,1,0,1,0,0,1,0,0,0
1,0,0,-0.7283720245345171,0,1,0.6921214309313949,-0.39854107736993877,1,1,0,1,0,0,0,0,0,0,0,0,1,0,1,0,0,0,0,0,0,0,1
0,0,1,1.3513506878922594,1,0,-1.7119512939424626,-0.5374135986388415,1,0,1,0,1,1,0,1,0,1,0,1,0,1,0,1,0,0,0,1,0,0,0
0,1,0,-1.2356214665898284,0,0,-1.6841317445707304,-1.1537670123636552,0,1,0,0,1,1,0,1,0,1,0,1,0,1,0,1,0,0,1,0,0,0,0
0,0,1,-1.1341715781787662,1,0,0.9046318775210158,-0.7676772938686676,0,0,0,1,0,0,0,0,1,0,0,0,0,0,1,0,0,0,0,0,1,0,1
1,0,0,-0.22112258247920574,1,1,1.0004547698014268,0.24938534839329385,0,0,1,1,0,0,0,0,0,0,1,0,0,0,1,0,1,1,0,1,0,0,1
0,1,1,-0.4747473035068614,1,1,-0.38124951566127235,-0.5041734494903518,1,0,1,0,0,0,0,0,0,0,0,0,0,0,1,0,1,0,0,0,1,0,0
0,1,0,-0.8805468571511105,1,1,0.398084249377392,-0.5965649057173174,1,0,1,0,0,0,0,0,1,0,1,0,0,0,0,0,1,1,0,0,1,0,0
0,0,0,0.18467697116504336,1,0,-0.26572110924255105,0.006605300706320491,1,0,1,0,0,0,1,0,0,0,0,0,0,0,0,0,1,0,0,0,0,0,0
0,1,1,0.6919264132203548,1,0,-0.5048919573134153,0.20574482850428508,1,0,1,0,0,0,0,0,0,0,0,0,1,0,0,0,0,0,0,0,0,1,0
0,1,0,-0.37329741509579917,1,0,0.3895838315138072,-0.16107022017196046,1,0,0,0,0,0,0,0,0,0,0,0,1,0,1,0,1,0,1,0,0,1,0
1,0,1,1.4528005763033218,1,1,0.7040992924664463,1.8464514033147164,0,0,0,0,0,0,1,0,0,0,1,0,1,0,1,0,1,0,0,0,1,0,0
0,0,0,-0.8805468571511105,1,0,-1.569762486042498,-1.0328546874228621,0,0,1,0,1,1,0,1,0,1,0,1,0,1,0,1,0,0,0,0,0,1,0
1,1,1,-1.1341715781787662,1,0,1.073867469532387,-0.7783726196363528,0,0,1,1,0,0,1,0,1,0,0,0,1,0,0,0,1,0,0,1,0,0,1
0,1,0,-0.5254722477123925,1,0,0.12993470404430674,-0.35747179586992395,1,0,1,1,0,0,0,0,0,0,0,0,0,0,0,0,0,0,1,0,1,0,0
0,0,0,2.1122248509752266,1,0,-1.5944909743729265,-0.23153882340149412,1,0,0,0,1,1,0,1,0,1,0,1,0,1,0,1,0,0,0,0,0,0,0
0,1,0,0.3875767479871679,1,1,-1.6837453619405676,-0.7332316763482803,1,0,0,0,1,1,0,1,0,1,0,1,0,1,0,1,0,0,1,1,0,0,0
1,0,1,-1.2356214665898284,0,0,-0.7672457631940567,-1.074661356490793,0,1,0,0,0,0,0,0,0,0,0,0,0,0,0,0,0,0,0,1,0,0,0
0,0,0,0.43830169219269904,1,0,-0.3375882784528592,0.13415411375835742,1,0,1,0,0,0,1,0,0,0,1,0,0,0,0,0,0,0,0,0,0,0,0
0,0,0,-0.1703976382736746,1,0,0.3231260191257803,0.024539848771198206,1,0,1,0,0,0,0,0,0,0,0,0,1,0,1,0,1,0,1,0,0,1,0
0,1,1,0.5397515806037613,1,0,-1.598354800674556,-0.6446233389480139,0,0,1,0,1,1,0,1,0,1,0,1,0,1,0,1,0,0,0,0,0,0,0
0,0,1,0.13395202695951222,1,0,0.2512588499154722,0.2513025560698752,1,0,0,0,0,0,1,0,1,0,0,0,0,0,0,0,1,0,0,1,0,0,1
0,1,0,0.2861268595761056,1,0,-1.6111054274699332,-0.7511085158208862,1,0,0,0,1,1,0,1,0,1,0,1,0,1,0,1,0,0,1,0,0,1,0
0,1,0,1.3513506878922594,1,1,1.0421840938590252,2.0580239267143248,1,0,0,1,0,0,1,0,1,0,1,0,0,0,1,0,0,0,1,0,1,0,0
0,1,0,-1.0327216897677038,1,1,0.7574200954289334,-0.6882959191660625,0,0,0,1,0,0,0,0,1,0,0,0,0,0,1,0,1,1,0,0,0,1,1
0,1,0,0.2861268595761056,1,1,0.2574409719980792,0.38669973767086124,1,0,1,1,0,0,0,0,0,0,0,0,0,0,0,0,1,0,0,1,0,0,0
0,0,0,-0.2718475266847369,1,1,0.2203482395024365,-0.12230928236281288,0,0,0,0,0,0,1,0,0,0,1,0,0,0,0,0,1,1,0,0,1,0,0
0,1,1,-0.8805468571511105,1,0,1.4502041513110975,-0.36898145399522086,0,0,1,1,0,0,1,0,0,0,1,0,1,0,0,0,1,0,0,0,0,1,1
1,1,1,-0.5254722477123925,1,1,-1.7447938175063131,-0.9892334037312771,1,0,1,0,1,1,0,1,0,1,0,1,0,1,0,1,0,0,0,0,1,0,1
0,1,0,-0.4240223593013303,1,0,-1.6261743500462882,-0.9275493306586552,1,0,1,0,1,1,0,1,0,1,0,1,0,1,0,1,0,0,0,0,0,0,0
0,1,0,-0.9819967455621728,1,1,1.0348428238859293,-0.5858503437522081,1,0,1,1,0,0,1,0,0,0,1,0,0,0,0,0,1,1,0,1,0,0,1
0,0,0,2.1122248509752266,1,0,-1.5856041738791788,-0.19120692946939527,0,0,0,0,1,1,0,1,0,1,0,1,0,1,0,1,0,0,0,1,0,0,0
0,1,0,1.3006257436867283,1,1,-1.7447938175063131,-0.5501928457941155,0,0,1,0,1,1,0,1,0,1,0,1,0,1,0,1,0,0,0,0,0,0,0
1,0,0,0.23540191537057448,0,1,-1.7447938175063131,-0.8599276846478578,0,1,0,0,1,1,0,1,0,1,0,1,0,1,0,1,0,1,0,0,0,1,0
0,1,1,1.604975408919915,1,0,0.3103753923304031,1.5969450985951879,1,0,0,1,0,0,0,0,0,0,1,0,0,0,0,0,0,0,1,0,0,1,0
0,1,0,-0.22112258247920574,1,1,-1.7447938175063131,-0.9104098787539652,0,0,1,0,1,1,0,1,0,1,0,1,0,1,0,1,0,0,0,0,0,0,1
0,1,0,0.08322708275398108,1,0,0.4714969491083522,0.28612648547293257,0,0,1,0,0,0,1,0,0,0,1,0,0,0,1,0,1,0,1,0,1,0,0
0,0,0,0.8948261900424792,1,1,1.012046248706315,1.5230652763558168,1,0,0,1,0,0,0,0,1,0,0,0,0,0,1,0,1,0,1,0,0,1,0
0,1,0,-1.5399711318230154,1,0,-0.3012683112175423,-1.2318018532465875,0,0,0,0,0,0,0,0,0,0,0,0,0,0,0,0,1,0,1,0,1,0,1
0,1,0,0.6412014690148236,1,0,0.7369418160302972,1.047386174391944,1,0,1,0,0,0,1,0,1,0,1,0,0,0,0,0,1,1,0,0,1,0,0
0,0,0,-0.22112258247920574,1,1,0.44676846077792354,-0.004090025061364781,1,0,0,0,0,0,1,0,0,0,1,0,1,0,1,0,0,1,0,0,0,1,0
0,0,0,0.18467697116504336,1,1,1.0112734834459896,0.7164017494506062,1,0,0,1,0,0,0,0,0,0,1,0,1,0,0,0,1,0,0,0,1,0,1
0,1,1,2.1122248509752266,1,0,-1.7447938175063131,-0.3964571559823502,0,0,1,0,1,1,0,1,0,1,0,1,0,1,0,1,0,0,0,0,0,0,0
0,0,1,-0.6269221361234548,1,1,0.3888110662534815,-0.40045828504652026,0,0,0,0,0,0,1,0,0,0,1,0,0,0,1,0,1,0,0,0,0,0,0
0,1,0,2.1122248509752266,1,0,0.26207756356003475,2.031862698217828,1,0,0,0,0,0,0,0,1,0,1,0,1,0,0,0,0,1,0,1,0,0,0
0,0,0,-0.677647080328986,1,1,1.4722279612303857,-0.133767643961646,1,0,0,1,0,0,1,0,1,0,0,0,0,0,1,0,1,0,0,0,0,1,1
0,0,0,0.5904765248092925,1,0,-1.6478117773354135,-0.6939641853403036,0,0,0,0,1,1,0,1,0,1,0,1,0,1,0,1,0,0,1,0,0,0,0
0,0,0,-0.5254722477123925,0,0,0.6592789073675446,-0.18124899126962574,0,1,0,1,0,0,0,0,0,0,0,0,1,0,0,0,1,0,1,0,0,1,0
0,0,1,-1.1341715781787662,1,1,1.5363674778374348,-0.7289420043227518,1,0,0,1,0,0,0,0,1,0,1,0,1,0,1,0,1,0,1,1,0,0,0
1,1,1,1.2499007994811973,1,0,-1.6130373406207479,-0.4720618239240639,0,0,0,0,1,1,0,1,0,1,0,1,0,1,0,1,0,0,0,0,0,1,0
0,1,1,-0.5254722477123925,1,1,1.0487525985717954,-0.10562508713048833,1,0,0,1,0,0,0,0,1,0,0,0,1,0,1,0,0,0,0,0,0,0,1
0,1,0,-0.9819967455621728,1,1,0.9088820864528088,-0.6230723857674441,0,0,0,1,0,0,0,0,1,0,0,0,1,0,1,0,0,1,0,0,0,0,1
0,1,0,-1.0834466339732352,1,0,-0.29431342387460924,-0.9105765924649722,0,0,0,0,0,0,0,0,0,0,0,0,0,0,0,0,1,0,0,0,0,0,0
0,1,0,-1.387796299206422,1,0,-0.27924450129825423,-1.1291446796610702,0,0,0,0,0,0,1,0,0,0,0,0,0,0,1,0,0,0,0,0,0,1,0
0,0,0,-0.9312718013566417,1,0,-1.606082453277815,-1.0563484965432453,0,0,0,0,1,1,0,1,0,1,0,1,0,1,0,1,0,1,0,0,1,0,0
0,1,0,-0.677647080328986,1,0,0.9834539340742573,-0.25441707420431275,0,0,0,1,0,0,1,0,1,0,0,0,0,0,1,0,0,0,0,0,0,1,0
0,0,0,-0.9819967455621728,1,1,0.7763528443069176,-0.6187185930838359,1,0,0,1,0,0,0,0,1,0,0,0,1,0,1,0,0,1,0,0,0,1,0
0,0,1,-1.0327216897677038,1,0,0.02445224600982253,-0.8210000331277032,0,0,0,0,0,0,0,0,1,0,0,0,1,0,1,0,0,0,0,0,0,1,1
0,0,0,-1.2863464107953595,1,0,-1.7003598150375743,-1.1667835059538239,0,0,1,0,1,1,0,1,0,1,0,1,0,1,0,1,0,1,0,0,0,0,0
0,1,0,1.4020756320977905,1,1,0.14229894820952133,1.2582020740262123,1,0,0,0,0,0,0,0,0,0,1,0,1,0,0,0,1,0,1,0,0,1,0
1,0,1,-0.8805468571511105,1,0,0.6492329589833077,-0.5824519488739867,1,0,0,1,0,0,0,0,0,0,0,0,0,0,0,0,1,1,0,0,1,0,0
0,0,1,-0.22112258247920574,1,1,0.19561975117200786,-0.08799831822439295,1,0,0,0,0,0,1,0,1,0,1,0,0,0,0,0,0,0,0,0,0,1,0
0,0,0,-0.8298219129455794,1,1,1.2307388173785436,-0.36074194943198595,0,0,1,1,0,0,0,0,1,0,1,0,0,0,1,0,1,0,0,1,0,0,1
0,1,0,0.18467697116504336,1,0,-1.562034833439239,-0.7218246112759107,0,0,1,0,1,1,0,1,0,1,0,1,0,1,0,1,0,0,0,0,1,0,0
0,1,0,-1.0327216897677038,1,1,0.297624765535026,-0.7741278320714802,0,0,0,0,0,0,1,0,0,0,0,0,0,0,1,0,1,0,0,0,0,0,1
0,0,0,-0.22112258247920574,1,1,1.3640408247847602,0.3922974711212146,0,0,1,1,0,0,1,0,0,0,0,0,1,0,1,0,1,0,0,0,1,0,0
0,0,1,1.9600500183586334,1,0,0.8644480839840696,2.539275113865319,0,0,1,1,0,0,1,0,0,0,1,0,0,0,1,0,0,0,0,0,0,1,0
0,0,0,-1.0834466339732352,1,0,0.7612839217305626,-0.7653561260461842,0,0,0,1,0,0,0,0,0,0,1,0,0,0,1,0,1,0,0,0,0,0,0
0,0,0,-0.8805468571511105,0,1,-0.05475619317358182,-0.7206447911672453,0,1,0,0,0,0,1,0,1,0,0,0,0,0,1,0,1,0,0,0,0,0,1
0,1,1,-0.4240223593013303,1,0,1.3358348927828654,0.15952024609466636,0,0,1,1,0,0,1,0,1,0,0,0,1,0,1,0,0,0,1,0,1,0,0
0,1,0,-1.1848965223842973,1,0,0.38610638784234114,-0.8950145087490415,0,0,0,0,0,0,0,0,1,0,1,0,1,0,1,0,0,0,1,0,0,0,0
0,0,0,0.9455511342480104,1,1,0.8760395628889579,1.4448508976302612,1,0,1,1,0,0,1,0,1,0,0,0,0,0,0,0,1,0,0,0,0,0,1
0,1,0,0.2861268595761056,1,1,-0.5871914575381232,-0.1402438304276906,0,0,0,0,0,0,0,0,1,0,0,0,0,0,0,0,0,0,0,0,0,1,1
0,1,1,-1.1341715781787662,1,0,0.6167768180496206,-0.8379855954530022,0,0,1,1,0,0,0,0,0,0,1,0,0,0,1,0,0,0,1,0,1,0,0
0,0,0,1.1484509110701349,0,0,0.4058119019806511,1.2609464381920215,1,1,0,0,0,0,1,0,0,0,1,0,1,0,1,0,0,0,0,0,0,1,0
0,1,0,-0.7790969687400482,1,0,0.3293081412083879,-0.5492951565810004,0,0,0,1,0,0,0,0,1,0,0,0,0,0,0,0,0,0,0,0,1,0,1
0,0,0,1.4528005763033218,1,1,0.45101866970971594,1.60632595087224,1,0,1,1,0,0,0,0,0,0,0,0,0,0,0,0,1,1,0,0,1,0,0
0,0,1,-1.1848965223842973,1,1,-1.7189061812853956,-1.1345821114662245,1,0,0,0,1,1,0,1,0,1,0,1,0,1,0,1,0,0,0,0,1,0,0
0,0,1,-1.1848965223842973,1,0,0.6453691326816785,-0.888185658663559,1,0,0,1,0,0,1,0,0,0,0,0,0,0,0,0,1,0,1,0,0,0,0
0,1,0,-0.677647080328986,1,1,0.5835479118556072,-0.4074153764481621,1,0,1,1,0,0,0,0,0,0,0,0,0,0,1,0,1,1,0,0,1,0,0
1,0,1,0.08322708275398108,1,1,-1.592172678591949,-0.774531792217382,0,0,0,0,1,1,0,1,0,1,0,1,0,1,0,1,0,0,0,1,0,0,0
0,0,0,2.0614999067696957,1,1,1.6592371542292519,3.6013504580991937,0,0,1,1,0,0,0,0,1,0,1,0,0,0,1,0,1,0,0,0,0,1,1
0,0,0,-1.0834466339732352,0,0,0.7195545976729644,-0.7484346843789649,0,1,0,1,0,0,0,0,0,0,1,0,1,0,0,0,0,0,0,0,1,0,1
1,0,1,0.3875767479871679,1,1,0.4432910171064569,0.5854609535861558,0,0,0,1,0,0,1,0,0,0,0,0,0,0,0,0,1,0,1,0,1,0,0
0,1,1,-0.37329741509579917,1,1,0.9996820045411011,0.064724265189714,0,0,1,1,0,0,1,0,1,0,0,0,0,0,1,0,0,1,0,0,1,0,1
0,0,1,1.1991758552756662,1,0,-0.20351350578631655,0.8039328597951343,1,0,1,0,0,0,0,0,0,0,1,0,0,0,1,0,0,1,0,0,0,0,0
0,1,0,1.8078751857420399,1,1,-0.507983018354719,0.9004793346656612,1,0,0,0,0,0,0,0,0,0,0,0,0,0,0,0,1,0,0,0,1,0,1
0,1,0,1.2499007994811973,0,1,0.3930612751852739,1.3447649624337379,1,1,0,1,0,0,0,0,0,0,0,0,1,0,1,0,0,0,0,1,0,0,0
0,1,0,2.1122248509752266,1,0,1.3385395711940058,3.2829144459440425,1,0,0,1,0,0,0,0,1,0,1,0,0,0,1,0,1,0,0,0,0,1,1
0,1,0,0.43830169219269904,1,0,-0.26997131817434344,0.17670458246001228,1,0,1,0,0,0,1,0,0,0,0,0,0,0,1,0,0,0,0,1,0,0,0
0,0,0,-0.4747473035068614,1,0,0.5252041347010019,-0.20641634956588778,1,0,0,1,0,0,0,0,1,0,0,0,0,0,0,0,0,0,0,0,0,1,1
0,0,0,-0.9312718013566417,1,1,0.04608967329894711,-0.7053263659520171,1,0,1,0,0,0,0,0,1,0,0,0,1,0,0,0,0,0,0,0,1,0,1
0,1,0,-0.8805468571511105,1,1,0.4401999560651534,-0.5862927762929576,0,0,0,0,0,0,0,0,1,0,0,0,1,0,1,0,1,0,0,1,0,0,0
0,1,0,-0.37329741509579917,1,1,0.6071172522955469,-0.05731658333328103,1,0,1,1,0,0,0,0,0,0,0,0,1,0,0,0,1,0,1,1,0,0,0
0,1,0,-1.1341715781787662,1,1,-1.7447938175063131,-1.1502019037744269,1,0,1,0,1,1,0,1,0,1,0,1,0,1,0,1,0,1,0,0,1,0,0
0,0,0,-0.8805468571511105,1,0,0.07275007478019094,-0.685134770722736,0,0,0,0,0,0,0,0,1,0,0,0,0,0,0,0,1,0,1,1,0,0,0
0,1,0,-1.2356214665898284,1,1,0.0124743844747708,-0.979378058584435,1,0,1,0,0,0,0,0,1,0,0,0,0,0,1,0,0,0,0,0,0,0,1
1,0,1,-0.7790969687400482,1,1,0.56036495404583,-0.4879060385355449,1,0,1,1,0,0,0,0,0,0,0,0,1,0,0,0,1,0,0,1,0,0,1
1,0,0,0.43830169219269904,1,1,0.20837037796738506,0.4610091683193659,0,0,1,0,0,0,0,0,1,0,0,0,0,0,1,0,0,0,1,0,1,0,0
0,0,0,1.2499007994811973,1,1,0.027929689681288634,1.02622635722566,1,0,1,0,0,0,0,0,0,0,1,0,0,0,0,0,1,0,0,0,0,1,0
1,1,1,0.43830169219269904,1,0,-1.670608352515027,-0.7002736580953409,1,0,1,0,1,1,0,1,0,1,0,1,0,1,0,1,0,0,0,0,1,0,0
0,0,0,-0.322572470890268,1,1,0.5800704681841404,-0.0021215208583196116,1,0,0,1,0,0,0,0,0,0,0,0,1,0,1,0,0,0,0,0,1,0,1
0,1,0,-0.5761971919179237,1,0,0.26053203303938327,-0.40552381703481244,0,0,0,0,0,0,0,0,1,0,1,0,1,0,1,0,0,0,0,0,0,1,0
0,1,0,-0.22112258247920574,1,1,0.5024075595213878,0.0453149419890044,1,0,1,1,0,0,1,0,0,0,1,0,0,0,0,0,0,1,0,0,0,0,1
0,0,0,-0.677647080328986,0,1,-1.6760177093373085,-1.032123711920754,0,1,0,0,1,1,0,1,0,1,0,1,0,1,0,1,0,1,0,0,1,0,0
0,1,0,-1.0834466339732352,1,1,-1.5743990776044532,-1.1055226292245277,1,0,0,0,1,1,0,1,0,1,0,1,0,1,0,1,0,0,0,0,0,1,0
0,0,1,-0.5254722477123925,1,1,-1.6281062631971028,-0.9465354575160392,0,0,0,0,1,1,0,1,0,1,0,1,0,1,0,1,0,1,0,0,0,0,0
0,1,0,0.18467697116504336,1,0,1.3713820947578566,0.9219405189249193,1,0,0,1,0,0,0,0,1,0,1,0,1,0,0,0,1,1,0,0,1,0,1
0,0,0,-0.7790969687400482,1,0,-0.04161918374804176,-0.6454889678320892,1,0,0,0,0,0,1,0,0,0,0,0,0,0,1,0,1,0,0,1,0,0,0
0,0,0,-0.5761971919179237,1,1,0.4007889277885329,-0.33678005950762135,0,0,1,1,0,0,0,0,0,0,0,0,0,0,0,0,1,0,1,0,1,0,0
0,0,0,-0.7283720245345171,1,0,0.9413382273864959,-0.3150431564186204,1,0,0,1,0,0,0,0,1,0,1,0,1,0,0,0,0,0,1,0,0,1,0
0,1,0,0.2861268595761056,1,1,1.6356678137893121,1.2149847504805291,0,0,1,1,0,0,1,0,0,0,1,0,1,0,1,0,0,1,0,1,0,0,0
1,1,0,2.1122248509752266,1,1,0.7500788254558369,2.618214056027174,1,0,0,1,0,0,0,0,0,0,0,0,0,0,1,0,1,0,0,1,0,0,1
0,0,0,0.43830169219269904,1,1,0.4714969491083522,0.6809686737957922,1,0,1,0,0,0,0,0,1,0,1,0,0,0,1,0,1,0,0,1,0,0,0
0,1,0,-0.2718475266847369,1,1,1.2311252000087063,0.3027080876523295,0,0,0,1,0,0,0,0,0,0,1,0,1,0,0,0,1,0,0,0,0,1,0
0,1,0,0.43830169219269904,1,1,0.757806478059096,0.8428156268546331,1,0,0,1,0,0,0,0,1,0,0,0,0,0,1,0,0,0,0,0,1,0,1
0,0,0,0.13395202695951222,1,0,-0.04355109689885638,0.08216508418737843,0,0,0,0,0,0,0,0,0,0,1,0,0,0,0,0,1,0,0,0,1,0,1
0,1,0,0.4890266363982302,1,0,0.37142384789614874,0.6252798822536175,0,0,1,1,0,0,0,0,0,0,1,0,0,0,0,0,0,0,0,1,0,0,1
0,0,0,0.43830169219269904,1,0,0.17398232388288273,0.4830923229619969,1,0,0,0,0,0,1,0,0,0,0,0,1,0,1,0,0,0,0,0,1,0,0
0,1,0,-0.322572470890268,0,0,-1.7111785286821368,-0.9223106728935478,0,1,0,0,1,1,0,1,0,1,0,1,0,1,0,1,0,1,0,0,1,0,0
0,0,0,-0.322572470890268,1,0,0.6782116562455287,0.04118557160867499,1,0,0,1,0,0,0,0,0,0,1,0,0,0,1,0,1,0,1,0,0,0,0
0,0,0,0.43830169219269904,1,0,0.4351769818730353,0.6431503096604155,0,0,1,1,0,0,0,0,0,0,0,0,1,0,0,0,0,0,0,0,0,1,0
0,0,0,-1.0834466339732352,1,1,0.37760596997875634,-0.8343243058766543,0,0,0,1,0,0,0,0,0,0,0,0,1,0,0,0,0,1,0,1,0,0,0
0,0,1,2.1122248509752266,1,1,0.6268227664338568,2.443844338445378,1,0,1,0,0,0,1,0,0,0,1,0,1,0,0,0,1,0,1,0,1,0,0
0,0,0,-0.677647080328986,1,1,0.6913486656710691,-0.34449377467460307,1,0,0,1,0,0,0,0,0,0,0,0,1,0,0,0,1,0,0,0,1,0,1
1,0,0,-0.5254722477123925,1,1,-0.2684257876536917,-0.48876525535381227,0,0,0,0,0,0,1,0,0,0,0,0,0,0,0,0,0,1,0,0,1,0,0
0,0,0,-0.5761971919179237,1,1,0.04377137751796989,-0.4489206784231186,0,0,0,0,0,0,0,0,1,0,0,0,1,0,1,0,0,1,0,0,0,1,0
0,1,0,-0.5254722477123925,1,1,0.5553419798537118,-0.24270864203896894,1,0,0,1,0,0,0,0,1,0,0,0,0,0,1,0,1,0,0,0,0,1,1
0,0,0,1.604975408919915,1,0,-0.28967683231265395,0.9952176069783419,1,0,1,0,0,0,0,0,1,0,1,0,0,0,0,0,0,0,1,0,1,0,0
0,1,1,-0.4240223593013303,1,0,-1.6478117773354135,-0.9083131332347606,1,0,1,0,1,1,0,1,0,1,0,1,0,1,0,1,0,1,0,0,0,0,0
0,0,1,-0.7283720245345171,1,1,-0.26610749187271393,-0.6565754296140605,0,0,1,0,0,0,1,0,0,0,0,0,0,0,0,0,1,0,0,0,1,0,0
1,1,0,-0.018222805657081193,1,0,0.47111056647818905,0.2020001820724335,1,0,0,1,0,0,0,0,0,0,0,0,1,0,0,0,1,0,1,0,0,1,0
0,1,1,-1.1341715781787662,1,1,-1.7447938175063131,-1.1233738204339019,0,0,0,0,1,1,0,1,0,1,0,1,0,1,0,1,0,0,0,0,0,0,0
1,1,0,0.8948261900424792,1,1,-0.02345920013038328,0.6610079129355976,1,0,0,0,0,0,1,0,0,0,0,0,1,0,0,0,1,0,1,0,0,0,0
0,0,0,0.5904765248092925,1,1,1.1495984650443245,1.323015235213121,0,0,0,1,0,0,0,0,1,0,0,0,0,0,1,0,1,0,1,0,0,1,0
0,0,0,-0.9312718013566417,1,1,-0.09184892566922478,-0.7761091604061414,0,0,0,0,0,0,0,0,0,0,1,0,0,0,0,0,1,0,0,0,0,1,0
0,0,0,2.1122248509752266,1,0,-0.18960373110045048,1.4532571159045033,1,0,1,0,0,0,0,0,1,0,1,0,0,0,0,0,0,0,0,0,1,0,0
0,0,0,0.08322708275398108,1,0,-1.6230832890049847,-0.7742368371902156,1,0,0,0,1,1,0,1,0,1,0,1,0,1,0,1,0,1,0,1,0,0,0
0,0,0,2.1122248509752266,1,1,0.7871715579514802,2.623318060410314,1,0,1,1,0,0,0,0,0,0,0,0,0,0,1,0,1,1,0,0,0,0,1
0,1,0,0.3875767479871679,1,1,0.6318457406259755,0.6919268942616043,0,0,0,1,0,0,0,0,0,0,1,0,1,0,0,0,0,0,0,0,1,0,1
1,1,0,-1.1848965223842973,1,1,0.19059677697988972,-0.9191110520553734,1,0,1,1,0,0,0,0,0,0,0,0,0,0,0,0,0,1,0,0,0,0,1
0,1,0,1.3513506878922594,1,1,-0.022300052239894393,1.0536635868179416,0,0,0,0,0,0,0,0,0,0,1,0,0,0,1,0,0,0,0,0,0,0,0
0,1,0,-0.11967269406814346,1,1,-1.5948773570030894,-0.8122026788391755,1,0,0,0,1,1,0,1,0,1,0,1,0,1,0,1,0,0,0,0,1,0,1
1,0,1,-0.322572470890268,1,0,-1.730884042820447,-0.9317428216970642,0,0,1,0,1,1,0,1,0,1,0,1,0,1,0,1,0,1,0,1,0,0,0
0,0,0,-0.677647080328986,1,0,-1.7447938175063131,-1.024095805529182,1,0,1,0,1,1,0,1,0,1,0,1,0,1,0,1,0,0,0,0,0,1,0
0,0,0,0.18467697116504336,1,1,1.18437290175899,0.8245412393019332,0,0,0,1,0,0,1,0,1,0,1,0,0,0,0,0,0,0,0,0,1,0,0
0,1,1,0.5397515806037613,1,1,-1.5272603967245737,-0.6102803144805542,1,0,0,0,1,1,0,1,0,1,0,1,0,1,0,1,0,0,0,1,0,0,0
0,1,1,2.1122248509752266,1,0,1.2009873548559964,3.147228721381698,1,0,1,1,0,0,1,0,1,0,1,0,0,0,0,0,1,0,0,1,0,0,0
0,0,1,0.8948261900424792,1,1,0.1392078871682178,0.8383784773155216,0,0,1,1,0,0,0,0,0,0,0,0,0,0,1,0,0,0,1,0,1,0,1
0,1,0,-0.11967269406814346,1,1,0.5124535079056247,0.17004885815134468,1,0,0,1,0,0,0,0,1,0,0,0,0,0,0,0,0,0,0,0,1,0,1
0,1,0,-0.7283720245345171,1,1,0.027929689681288634,-0.5790599660615733,1,0,0,1,0,0,0,0,0,0,0,0,0,0,0,0,0,0,0,0,0,0,1
1,0,0,-0.4747473035068614,1,1,0.8555612834903217,-0.09092863229863285,1,0,1,1,0,0,0,0,1,0,0,0,0,0,0,0,1,0,0,1,0,0,1
1,1,0,-0.22112258247920574,1,0,0.8138319594327235,0.15910346181714857,0,0,0,1,0,0,0,0,1,0,0,0,1,0,1,0,0,0,0,0,0,1,0
0,1,0,-1.2863464107953595,1,1,-1.7173606507647439,-1.168989256591764,0,0,1,0,1,1,0,1,0,1,0,1,0,1,0,1,0,0,0,0,1,0,0
0,0,0,-0.8298219129455794,1,0,1.1337567772076438,-0.4081527640160781,0,0,1,1,0,0,0,0,1,0,0,0,1,0,1,0,0,0,0,0,1,0,1
0,0,1,-1.2356214665898284,1,0,0.610594695967013,-0.9118333573633334,1,0,1,0,0,0,1,0,0,0,0,0,0,0,1,0,1,0,1,0,1,0,0
1,1,1,-0.2718475266847369,1,1,0.3130800707415441,-0.07235928971876661,1,0,1,1,0,0,0,0,1,0,0,0,0,0,0,0,0,0,0,0,0,1,1
1,0,0,-0.8805468571511105,1,1,-1.6114918101000963,-1.0340409195973355,0,0,1,0,1,1,0,1,0,1,0,1,0,1,0,1,0,0,1,1,0,0,0
0,0,0,-0.9819967455621728,1,1,0.9413382273864959,-0.5913134238205942,0,0,0,1,0,0,0,0,1,0,0,0,1,0,1,0,0,0,0,0,1,0,1
0,1,0,-0.6269221361234548,1,0,-1.6169011669223778,-0.987066125488185,0,0,0,0,1,1,0,1,0,1,0,1,0,1,0,1,0,0,0,0,0,0,0
0,1,1,-1.1341715781787662,1,0,1.6495775884751782,-0.6734006902941602,1,0,0,1,0,0,0,0,1,0,1,0,1,0,1,0,1,0,0,0,0,1,1
0,0,1,-0.9312718013566417,1,1,-1.6829725966802416,-1.0886268358205404,1,0,0,0,1,1,0,1,0,1,0,1,0,1,0,1,0,0,1,0,1,0,0
0,0,0,-0.2718475266847369,0,1,0.3725829957866376,-0.05992629411712284,0,1,0,0,0,0,0,0,0,0,1,0,1,0,1,0,1,0,1,0,0,0,0
0,1,0,-0.7790969687400482,1,0,0.8632889360935807,-0.4172322492001564,1,0,1,1,0,0,1,0,1,0,0,0,0,0,1,0,0,0,0,0,0,0,1
0,1,0,-1.1341715781787662,1,0,-1.6767904745976345,-1.120257556451231,0,0,0,0,1,1,0,1,0,1,0,1,0,1,0,1,0,0,0,0,1,0,0
1,0,1,0.4890266363982302,1,1,1.1530759087157911,1.1863484645821583,0,0,1,1,0,0,1,0,1,0,0,0,0,0,1,0,0,0,0,0,0,1,1
0,0,0,-0.5761971919179237,1,1,0.6202542617210867,-0.2919276591809072,1,0,1,0,0,0,0,0,1,0,1,0,1,0,0,0,1,1,0,1,0,0,0
0,0,1,-1.1848965223842973,1,1,-1.5728535470838017,-1.1433089330308646,1,0,1,0,1,1,0,1,0,1,0,1,0,1,0,1,0,1,0,0,0,0,0
0,0,0,-0.677647080328986,1,0,-0.1505790854539929,-0.5771812307798396,0,0,1,0,0,0,1,0,0,0,1,0,0,0,0,0,0,0,1,1,0,0,1
0,0,0,0.33685180378163676,1,0,-1.7447938175063131,-0.8039054656836689,1,0,0,0,1,1,0,1,0,1,0,1,0,1,0,1,0,0,0,1,0,0,0
0,0,0,1.604975408919915,1,1,-0.6262161031845808,0.6553524708929728,1,0,0,0,0,0,0,0,1,0,0,0,0,0,0,0,0,0,0,0,0,1,0
1,0,1,-0.7283720245345171,0,1,-1.7181334160250696,-1.0536426047722842,1,1,0,0,1,1,0,1,0,1,0,1,0,1,0,1,0,1,0,0,1,0,0
1,1,0,-0.5761971919179237,1,0,1.4134978014456174,-0.0058854034875949115,0,0,0,1,0,0,1,0,1,0,1,0,0,0,1,0,0,0,0,0,0,1,1
0,1,0,1.3006257436867283,0,1,0.6496193416134709,1.6207466868743534,1,1,0,1,0,0,0,0,0,0,0,0,1,0,1,0,0,0,0,0,0,1,1
0,0,0,-0.018222805657081193,1,1,-1.628492645827266,-0.8398002100766563,1,0,0,0,1,1,0,1,0,1,0,1,0,1,0,1,0,0,0,0,0,1,0
0,0,0,-0.8805468571511105,1,0,0.364468960553216,-0.6037464194222381,1,0,0,1,0,0,0,0,1,0,0,0,0,0,0,0,0,0,1,1,0,0,0
1,0,0,-0.5254722477123925,1,1,0.009383323433467289,-0.42617708100226726,1,0,0,0,0,0,0,0,0,0,0,0,0,0,1,0,1,0,0,0,1,0,1
1,0,0,1.503525520508853,1,1,0.9204735653576971,2.138591533591403,0,0,0,1,0,0,1,0,1,0,1,0,0,0,0,0,1,0,0,0,1,0,0
0,1,0,-0.2718475266847369,1,1,-1.6145828711413999,-0.8802346970616826,0,0,0,0,1,1,0,1,0,1,0,1,0,1,0,1,0,1,0,0,0,0,0
0,0,0,-1.1848965223842973,1,1,0.9672258636074135,-0.8223786272764156,0,0,0,1,0,0,1,0,0,0,0,0,0,0,1,0,1,0,1,0,1,0,0
1,0,1,-0.06894774986261233,1,1,-1.6686764393642126,-0.8439808769834493,0,0,0,0,1,1,0,1,0,1,0,1,0,1,0,1,0,0,0,0,1,0,0
0,1,0,-0.22112258247920574,1,0,0.2528043804361242,-0.07099993176747812,1,0,1,0,0,0,1,0,0,0,0,0,0,0,1,0,1,0,1,0,0,1,0
0,0,0,-1.2356214665898284,0,1,0.5595921887855042,-0.935596473247651,0,1,0,1,0,0,0,0,0,0,1,0,1,0,0,0,0,0,1,0,0,0,0
0,0,1,-0.4240223593013303,1,0,0.1040470678233892,-0.2722939136769187,0,0,0,0,0,0,0,0,1,0,0,0,0,0,0,0,1,0,1,0,1,0,0
1,0,0,-1.1341715781787662,1,1,1.3563131721815016,-0.7148803440058848,0,0,0,1,0,0,1,0,0,0,0,0,1,0,1,0,1,1,0,0,1,0,1
0,1,0,-0.11967269406814346,1,1,1.0815951221356461,0.40963569706595154,1,0,0,1,0,0,0,0,0,0,1,0,1,0,1,0,1,1,0,0,1,0,1
1,1,0,-0.9819967455621728,1,1,-1.665971760953072,-1.0849719583100004,1,0,1,0,1,1,0,1,0,1,0,1,0,1,0,1,0,0,0,0,0,0,0
0,0,0,0.8441012458369481,0,0,0.6364823321879305,1.1922732133887175,0,1,0,1,0,0,0,0,0,0,0,0,1,0,1,0,0,0,0,0,0,0,0
1,1,0,-0.6269221361234548,1,1,-1.5960365048935783,-0.9630208787083168,0,0,0,0,1,1,0,1,0,1,0,1,0,1,0,1,0,0,0,0,1,0,1
1,1,0,0.2861268595761056,1,1,-1.620378610593844,-0.7536861662756881,0,0,0,0,1,1,0,1,0,1,0,1,0,1,0,1,0,0,0,0,0,1,0
0,0,0,-1.1848965223842973,1,0,0.8509246919283667,-0.8539580513806426,1,0,0,1,0,0,0,0,0,0,1,0,1,0,0,0,1,0,0,1,0,0,1
0,0,0,-0.7283720245345171,1,0,-1.6157420190318887,-1.0123168406399505,0,0,0,0,1,1,0,1,0,1,0,1,0,1,0,1,0,0,0,0,0,1,0
0,0,0,0.6919264132203548,1,1,0.6855529262186252,1.0762340584619778,1,0,0,1,0,0,1,0,1,0,0,0,0,0,0,0,0,0,0,1,0,0,1
0,1,0,0.7426513574258858,0,1,-1.679881535638938,-0.6298307031290391,1,1,0,0,1,1,0,1,0,1,0,1,0,1,0,1,0,0,0,0,0,0,0
0,0,0,-0.37329741509579917,1,1,0.14616277451115056,-0.2456774285080566,1,0,0,0,0,0,0,0,0,0,1,0,0,0,1,0,1,0,0,0,1,0,1
0,0,0,-0.677647080328986,1,0,0.7566473301686071,-0.3374917988123054,0,0,1,0,0,0,0,0,1,0,1,0,0,0,1,0,1,0,1,0,1,0,0
0,1,0,-0.22112258247920574,1,0,0.26632777249182715,-0.03406643271360048,1,0,0,0,0,0,1,0,1,0,0,0,1,0,0,0,1,0,1,0,0,1,0
0,0,1,-0.4240223593013303,1,1,-1.7447938175063131,-0.9690931050284595,0,0,0,0,1,1,0,1,0,1,0,1,0,1,0,1,0,0,0,1,0,0,1
0,0,1,2.1122248509752266,1,1,0.36717363896435634,2.1552821408895353,0,0,0,0,0,0,0,0,0,0,1,0,0,0,1,0,1,0,0,0,0,0,1
0,1,1,2.1122248509752266,1,1,0.6755069778343884,2.5070095987196392,0,0,0,1,0,0,0,0,1,0,0,0,0,0,0,0,0,0,0,0,0,0,1
0,0,0,1.3006257436867283,1,1,-1.7447938175063131,-0.575276847234874,1,0,0,0,1,1,0,1,0,1,0,1,0,1,0,1,0,1,0,1,0,0,0
0,1,0,-0.2718475266847369,1,1,0.4614510007241154,-0.038106034172618306,1,0,1,1,0,0,0,0,0,0,0,0,1,0,0,0,0,0,1,0,0,0,0
0,0,0,0.2861268595761056,1,0,0.5615241019363189,0.5712710519531295,1,0,0,0,0,0,1,0,0,0,1,0,1,0,1,0,0,0,0,0,0,0,1
0,0,0,0.7426513574258858,1,1,0.17359594125272013,0.7133367819943989,0,0,0,0,0,0,1,0,1,0,0,0,1,0,0,0,0,0,0,0,0,0,0
0,1,0,2.1122248509752266,1,1,0.1608453144573424,1.8758507250442347,1,0,1,0,0,0,1,0,0,0,0,0,1,0,0,0,1,0,1,0,0,1,0
0,0,0,-0.8805468571511105,0,1,0.7211001281936159,-0.5345025207620255,0,1,0,1,0,0,1,0,1,0,1,0,0,0,1,0,0,0,0,0,0,1,1
1,0,0,-1.387796299206422,0,1,0.8544021355998328,-1.0984116482434947,0,1,0,1,0,0,1,0,1,0,0,0,0,0,0,0,1,0,0,0,1,0,1
1,1,0,-0.677647080328986,1,0,0.7276686329063861,-0.32576413044953767,0,0,1,1,0,0,0,0,0,0,1,0,0,0,0,0,1,0,0,1,0,0,1
1,1,0,0.5904765248092925,1,1,0.7794439053482211,1.0450585945036528,0,0,1,1,0,0,0,0,1,0,0,0,0,0,1,0,1,1,0,0,1,0,0
0,0,0,-0.6269221361234548,1,1,-0.5354161850962884,-0.6407504512000032,0,0,1,0,0,0,0,0,0,0,0,0,1,0,0,0,0,0,0,0,1,0,1
0,1,0,-1.0834466339732352,1,1,0.36601449107386747,-0.8189609962007705,0,0,1,1,0,0,0,0,0,0,0,0,1,0,1,0,0,0,0,0,0,0,1
0,1,0,-0.8805468571511105,0,1,0.02599777653047401,-0.6910787557267194,0,1,0,0,0,0,1,0,0,0,0,0,0,0,1,0,1,0,0,0,0,1,1
0,1,1,-0.22112258247920574,1,1,0.9861586124853982,0.26060005149142423,0,0,1,1,0,0,1,0,1,0,0,0,0,0,0,0,1,0,0,1,0,0,0
0,1,0,-0.4240223593013303,1,1,-0.059006402105374216,-0.3577346905680504,0,0,1,0,0,0,1,0,0,0,0,0,0,0,1,0,0,0,0,1,0,0,0
0,0,0,2.1122248509752266,1,0,1.4254756629806689,3.4085524633853064,0,0,0,1,0,0,1,0,0,0,1,0,1,0,0,0,1,0,0,0,0,0,0
0,1,0,-0.5761971919179237,1,1,-0.37506739357866503,-0.584965478670709,1,0,1,0,0,0,0,0,0,0,1,0,0,0,0,0,0,0,1,0,1,0,0
1,0,0,-1.0327216897677038,1,1,0.14113980031903245,-0.7768465479740573,1,0,0,0,0,0,0,0,1,0,1,0,0,0,1,0,0,1,0,0,1,0,1
0,0,1,-0.7790969687400482,1,1,-1.554693563466143,-1.023916267686559,0,0,1,0,1,1,0,1,0,1,0,1,0,1,0,1,0,0,0,0,0,1,0
0,1,1,1.0977259668646038,1,0,-1.628492645827266,-0.5308861156463335,0,0,0,0,1,1,0,1,0,1,0,1,0,1,0,1,0,1,0,1,0,0,0
0,0,0,2.1122248509752266,0,1,0.2555090588472646,2.0118827011602094,0,1,0,1,0,0,0,0,0,0,1,0,0,0,0,0,0,1,0,0,1,0,1
0,0,1,-1.1341715781787662,1,0,-0.22746922885641918,-0.9413288600799716,1,0,1,0,0,0,0,0,1,0,0,0,0,0,0,0,1,0,0,0,1,0,1
0,1,0,0.5397515806037613,1,1,0.6967580224933504,0.9139126125333474,1,0,0,1,0,0,0,0,0,0,1,0,0,0,1,0,0,1,0,0,1,0,0
0,1,0,2.1122248509752266,1,0,0.9015408164797123,2.791904094633326,0,0,0,1,0,0,1,0,1,0,0,0,0,0,1,0,0,0,1,0,0,0,0
0,0,0,-1.387796299206422,1,1,-1.6199922279636811,-1.192675427686386,0,0,0,0,1,1,0,1,0,1,0,1,0,1,0,1,0,0,0,0,0,1,0
1,0,0,-1.1848965223842973,1,0,-0.2668802571330399,-0.980679707943452,1,0,1,0,0,0,0,0,0,0,1,0,0,0,1,0,0,1,0,0,1,0,0
1,1,1,-0.06894774986261233,1,1,1.2369209394611507,0.5893530775315903,1,0,0,1,0,0,1,0,0,0,1,0,1,0,1,0,0,0,0,0,0,0,1
0,0,0,-0.9312718013566417,0,1,-1.7447938175063131,-1.124470283687064,1,1,0,0,1,1,0,1,0,1,0,1,0,1,0,1,0,0,0,0,0,0,0
0,0,1,-1.387796299206422,1,0,-0.17608033904474726,-1.1272146478528726,1,0,0,0,0,0,1,0,1,0,0,0,1,0,0,0,0,0,0,0,1,0,1
1,1,0,0.13395202695951222,1,1,0.3772195873485932,0.29204482221368416,0,0,0,0,0,0,1,0,0,0,0,0,1,0,0,0,1,0,0,0,0,0,1
0,0,1,2.1122248509752266,1,0,0.6303002101053234,2.4575661592744225,0,0,0,0,0,0,1,0,1,0,1,0,0,0,0,0,1,0,0,1,0,0,0
1,0,0,1.3513506878922594,1,1,-0.15328376386513354,0.947030932431486,1,0,0,0,0,0,1,0,0,0,0,0,0,0,1,0,0,0,0,0,1,0,0
0,1,1,2.1122248509752266,1,0,0.9046318775210158,2.7717830321279324,0,0,0,1,0,0,0,0,1,0,0,0,1,0,0,0,1,1,0,0,0,1,0
0,0,0,-0.4747473035068614,1,1,0.1817099764861418,-0.3140172258893461,0,0,1,0,0,0,0,0,1,0,1,0,0,0,1,0,1,0,0,0,0,1,1
0,0,0,-1.0327216897677038,1,1,0.8683119102856989,-0.6642634965178102,1,0,0,1,0,0,0,0,0,0,1,0,1,0,1,0,0,0,0,0,1,0,1
0,1,0,-0.8298219129455794,1,0,0.5360228483455645,-0.5797396450372176,1,0,0,1,0,0,0,0,1,0,0,0,0,0,1,0,0,0,1,1,0,0,0
0,0,1,1.0470010226590727,1,1,-1.5593301550280982,-0.4770632352542764,0,0,1,0,1,1,0,1,0,1,0,1,0,1,0,1,0,0,0,1,0,0,0
0,0,0,-0.2718475266847369,1,1,0.8200140815153305,0.14751685890215627,1,0,0,1,0,0,1,0,1,0,0,0,0,0,0,0,0,0,1,0,0,1,0
0,1,0,1.1484509110701349,1,1,0.2141661174198295,1.092629710732944,1,0,0,0,0,0,0,0,0,0,1,0,1,0,0,0,1,0,1,1,0,0,0
0,0,0,-0.018222805657081193,1,0,0.768238809073496,0.36952181337132345,0,0,0,1,0,0,0,0,0,0,0,0,1,0,1,0,0,1,0,0,1,0,0
1,1,0,-0.6269221361234548,1,1,0.3320128196195283,-0.3936999676849253,1,0,1,0,0,0,1,0,1,0,1,0,0,0,0,0,0,0,0,0,1,0,1
0,0,1,0.7426513574258858,1,0,-1.7366797822728912,-0.7209461582602196,1,0,1,0,1,1,0,1,0,1,0,1,0,1,0,1,0,0,0,1,0,0,0
0,0,0,-0.8805468571511105,0,0,-0.33642913056237034,-0.7838741720995867,0,1,0,0,0,0,0,0,0,0,1,0,0,0,0,0,0,0,0,0,0,0,0
0,1,0,-0.6269221361234548,0,1,-1.7447938175063131,-1.0279558691455768,0,1,0,0,1,1,0,1,0,1,0,1,0,1,0,1,0,1,0,1,0,0,0
0,1,0,2.1122248509752266,1,1,-0.3997958819090937,1.175589018156393,0,0,0,0,0,0,0,0,0,0,1,0,1,0,0,0,0,1,0,0,0,1,0
0,0,0,1.3513506878922594,1,1,-1.7447938175063131,-0.5479999192877916,0,0,1,0,1,1,0,1,0,1,0,1,0,1,0,1,0,0,1,1,0,0,0
0,0,0,-0.8298219129455794,1,1,0.7311460765778527,-0.47354942319151166,0,0,0,1,0,0,1,0,0,0,0,0,1,0,0,0,0,0,1,0,0,1,0
0,0,1,-0.5761971919179237,1,1,1.0437296243796772,-0.14126334889115696,1,0,1,1,0,0,1,0,0,0,1,0,1,0,0,0,0,1,0,0,1,0,1
0,0,0,-0.7790969687400482,1,1,0.6870984567392767,-0.46726559869970613,1,0,0,1,0,0,0,0,1,0,0,0,0,0,1,0,0,0,0,0,0,0,1
0,1,0,-0.22112258247920574,1,0,0.7257367197555714,0.13764227755789035,1,0,1,1,0,0,0,0,0,0,0,0,1,0,0,0,1,0,0,0,1,0,0
1,1,1,0.793376301631417,0,1,-0.2386743251311449,0.4440107818624512,1,1,0,0,0,0,1,0,0,0,0,0,0,0,0,0,1,1,0,0,0,0,0
1,1,0,0.18467697116504336,1,1,-1.7447938175063131,-0.80226397683683,0,0,0,0,1,1,0,1,0,1,0,1,0,1,0,1,0,1,0,0,0,0,0
0,0,1,0.8441012458369481,1,1,0.3729693784168008,0.9746989963928544,1,0,0,1,0,0,0,0,0,0,0,0,1,0,0,0,0,0,0,0,0,0,1
0,1,0,-1.2863464107953595,1,0,0.6604380552580335,-0.9770825390251837,0,0,1,1,0,0,0,0,1,0,1,0,0,0,0,0,0,0,1,0,0,1,0
0,0,0,-0.6269221361234548,1,1,1.3806552778817671,-0.11333239023166208,0,0,1,1,0,0,0,0,1,0,0,0,1,0,1,0,1,0,0,1,0,0,1
0,1,0,-1.1848965223842973,1,1,0.003973966611186006,-0.9358273076167379,1,0,0,0,0,0,0,0,0,0,0,0,0,0,1,0,1,0,0,0,1,0,1
0,1,0,1.9093250741531023,1,0,-1.7447938175063131,-0.4406747617940759,1,0,0,0,1,1,0,1,0,1,0,1,0,1,0,1,0,0,0,0,1,0,1
0,1,1,-1.387796299206422,1,1,1.0688444953402685,-1.0448003660231007,0,0,0,1,0,0,0,0,0,0,1,0,1,0,0,0,1,0,1,0,0,0,0
1,1,0,-1.3370713550008908,1,1,-1.5500569719041877,-1.1486437717830913,0,0,1,0,1,1,0,1,0,1,0,1,0,1,0,1,0,1,0,0,1,0,0
0,1,0,2.1122248509752266,1,0,0.6399597758593972,2.47701395486998,0,0,0,0,0,0,1,0,0,0,0,0,1,0,1,0,1,0,0,0,1,0,1
0,1,0,-0.5761971919179237,1,1,1.0696172606005947,-0.108972185482246,0,0,0,1,0,0,0,0,0,0,0,0,1,0,1,0,1,0,0,0,0,1,1
1,0,1,-0.5761971919179237,1,1,-0.3375882784528592,-0.5767772706339379,0,0,0,0,0,0,0,0,0,0,0,0,0,0,0,0,1,1,0,0,0,1,0
0,1,0,-0.7283720245345171,1,1,0.3598323689912604,-0.47232471862219033,1,0,1,1,0,0,0,0,0,0,1,0,0,0,0,0,0,0,1,0,0,0,0
0,1,1,0.6412014690148236,0,0,-0.4658673116669577,0.19276680730896406,1,1,0,0,0,0,0,0,0,0,0,0,1,0,0,0,0,0,0,0,1,0,0
1,0,0,0.33685180378163676,1,1,1.1020734015342823,0.9569503982364075,1,0,0,1,0,0,0,0,1,0,1,0,1,0,1,0,0,0,0,0,0,1,1
0,1,0,1.604975408919915,1,1,-1.6903138666533373,-0.44920280931866907,0,0,0,0,1,1,0,1,0,1,0,1,0,1,0,1,0,0,0,0,0,1,0
1,0,0,0.8441012458369481,1,1,0.7724890180052884,1.2786373277561962,1,0,1,1,0,0,0,0,1,0,0,0,1,0,0,0,0,0,0,0,0,1,0
0,0,1,-1.3370713550008908,1,1,1.1020734015342823,-1.0218195221673545,1,0,0,1,0,0,1,0,1,0,0,0,1,0,0,0,1,0,0,1,0,0,0
0,0,0,-0.018222805657081193,1,0,-0.2197415762531604,-0.1126911836508656,1,0,0,0,0,0,0,0,0,0,0,0,1,0,0,0,0,0,0,0,1,0,0
0,0,0,-1.0834466339732352,1,1,0.8972906075479199,-0.7215617165777842,1,0,1,1,0,0,0,0,1,0,0,0,1,0,0,0,0,0,0,0,1,0,1
0,1,0,-0.11967269406814346,1,0,0.2655550072315014,0.04003139976324135,0,0,1,1,0,0,0,0,0,0,0,0,0,0,0,0,1,0,0,0,1,0,1
0,0,1,-0.22112258247920574,1,1,-1.6176739321827034,-0.8667501226675324,1,0,0,0,1,1,0,1,0,1,0,1,0,1,0,1,0,0,0,1,0,0,1
1,1,0,-1.0327216897677038,1,0,1.3269480922891175,-0.6004506175969441,1,0,0,1,0,0,1,0,0,0,0,0,0,0,1,0,1,0,0,1,0,0,0
0,1,0,-1.387796299206422,1,1,1.1866911975399677,-1.0556046969095214,1,0,1,1,0,0,0,0,0,0,1,0,1,0,0,0,1,0,0,0,1,0,1
0,0,0,0.2861268595761056,0,0,0.44097272132547916,0.4729420227879886,0,1,0,0,0,0,1,0,1,0,1,0,0,0,1,0,0,1,0,0,1,0,0
0,0,0,-0.018222805657081193,1,0,-1.576717373385431,-0.7783213231098891,1,0,1,0,1,1,0,1,0,1,0,1,0,1,0,1,0,1,0,0,0,1,0
0,1,0,-0.7790969687400482,1,0,-1.7107921460519737,-1.0454095122748572,1,0,0,0,1,1,0,1,0,1,0,1,0,1,0,1,0,0,0,0,1,0,0
0,1,0,2.1122248509752266,1,0,0.3138528360018698,2.0759007661869306,1,0,0,1,0,0,0,0,0,0,0,0,0,0,1,0,0,0,0,1,0,0,1
0,1,1,1.9093250741531023,1,1,0.45101866970971594,2.053330294542894,1,0,0,1,0,0,0,0,0,0,0,0,0,0,1,0,0,0,0,0,0,0,1
1,0,0,-0.7790969687400482,1,1,0.05961306535465059,-0.6294203309173293,0,0,1,0,0,0,0,0,0,0,1,0,0,0,1,0,0,1,0,0,0,1,1
1,0,0,-0.4747473035068614,1,1,-1.568989720782172,-0.9130388257352307,0,0,0,0,1,1,0,1,0,1,0,1,0,1,0,1,0,1,0,0,0,0,0
0,0,1,-0.7790969687400482,1,1,0.3891974488836446,-0.5494682823578154,1,0,0,0,0,0,1,0,1,0,1,0,0,0,0,0,1,1,0,0,0,0,0
0,0,1,0.23540191537057448,1,0,-0.0686659678594479,0.13183294593587422,1,0,0,0,0,0,1,0,0,0,0,0,0,0,1,0,0,1,0,0,0,0,0
0,0,1,-0.5254722477123925,1,1,1.1573261176475835,-0.025166485372145334,1,0,1,1,0,0,0,0,1,0,1,0,1,0,0,0,1,0,1,0,0,0,0
0,0,1,-0.677647080328986,1,1,-0.4310928749522925,-0.6117871499454259,1,0,1,0,0,0,0,0,0,0,0,0,0,0,0,0,1,0,0,0,0,1,1
0,1,0,0.032502138548449945,1,1,0.5897300339382141,0.3206875201778629,1,0,1,0,0,0,1,0,1,0,1,0,1,0,0,0,0,0,0,1,0,0,1
0,0,1,-0.22112258247920574,1,0,-1.5678305728916833,-0.857895059786733,0,0,0,0,1,1,0,1,0,1,0,1,0,1,0,1,0,0,0,1,0,0,0
1,0,0,1.3513506878922594,1,0,0.8207868467756567,1.8545626665617916,1,0,1,1,0,0,1,0,0,0,0,0,1,0,1,0,0,0,1,1,0,0,0
0,1,0,-1.1848965223842973,1,1,0.6797571867661808,-0.8608125497293571,0,0,0,1,0,0,0,0,0,0,0,0,1,0,1,0,0,0,1,0,1,0,0
0,1,1,-0.11967269406814346,1,0,1.0147509271174562,0.41621447658492333,1,0,1,1,0,0,1,0,1,0,1,0,0,0,0,0,0,0,0,0,1,0,1
0,0,0,2.1122248509752266,1,1,-1.7107921460519737,-0.3499247944139493,1,0,0,0,1,1,0,1,0,1,0,1,0,1,0,1,0,0,0,1,0,0,0
1,1,1,0.23540191537057448,1,1,1.1890094933209454,0.8854943368724474,0,0,1,1,0,0,0,0,0,0,1,0,1,0,1,0,0,1,0,0,0,0,0
0,1,0,-0.37329741509579917,1,1,0.370651082635823,-0.16030077227500464,0,0,0,0,0,0,0,0,1,0,1,0,0,0,1,0,1,0,0,1,0,0,1
0,0,1,-0.7283720245345171,1,0,1.0286607018033223,-0.28393822518418294,1,0,0,1,0,0,0,0,0,0,1,0,1,0,1,0,0,0,1,1,0,0,0
0,0,0,-0.8805468571511105,1,1,-1.6006730964555338,-1.0518856987409018,0,0,0,0,1,1,0,1,0,1,0,1,0,1,0,1,0,0,1,0,0,1,0
0,1,0,-1.0834466339732352,1,1,-0.5257566193422146,-0.947644744900817,0,0,0,0,0,0,0,0,1,0,0,0,0,0,0,0,0,0,0,0,0,0,1
0,1,1,-0.018222805657081193,1,0,1.206010329048115,0.568468979195049,0,0,1,1,0,0,1,0,1,0,0,0,1,0,1,0,0,0,1,0,1,0,0
1,0,0,0.43830169219269904,1,1,0.29878391342551486,0.5270534461414039,1,0,1,0,0,0,0,0,0,0,1,0,1,0,0,0,1,0,0,0,1,0,0
1,0,1,-0.9819967455621728,1,0,-0.0578472542148856,-0.8072397399038106,1,0,0,0,0,0,0,0,0,0,1,0,0,0,0,0,1,0,0,0,0,1,0
0,0,0,-0.11967269406814346,1,1,-1.582899495468038,-0.8054123011485407,0,0,1,0,1,1,0,1,0,1,0,1,0,1,0,1,0,0,0,0,0,1,0
0,0,1,0.5904765248092925,1,1,0.41083487617276976,0.7403444031775467,1,0,0,1,0,0,0,0,0,0,0,0,1,0,0,0,0,0,0,0,0,1,1
0,0,0,-0.4747473035068614,1,0,-0.32831509532894865,-0.5073281858678705,0,0,0,0,0,0,0,0,1,0,0,0,0,0,0,0,0,1,0,0,0,1,1
0,0,0,-1.387796299206422,0,1,-0.3858861072232276,-1.1285034730802739,0,1,0,0,0,0,0,0,0,0,0,0,0,0,0,0,1,1,0,1,0,0,0
1,1,0,-0.9819967455621728,1,0,-0.01650431278745024,-0.7868878430293302,0,0,0,0,0,0,1,0,0,0,1,0,0,0,0,0,1,0,0,0,0,1,0
0,0,0,1.2499007994811973,1,1,0.0754547531913313,1.0700400028914838,0,0,0,0,0,0,1,0,0,0,1,0,0,0,0,0,1,0,1,0,1,0,0
1,0,1,-0.322572470890268,1,1,0.27753286876655286,-0.15717809622652568,1,0,0,0,0,0,0,0,1,0,1,0,0,0,1,0,0,0,0,0,1,0,1
0,0,0,-0.7283720245345171,1,1,1.2883098292728228,-0.2454017096783142,1,0,0,1,0,0,0,0,0,0,1,0,1,0,0,0,1,0,0,0,1,0,1
0,1,0,-1.2356214665898284,1,1,0.552637301442571,-0.9283123664898031,1,0,0,1,0,0,1,0,0,0,0,0,1,0,0,0,0,0,1,0,1,0,0
0,1,0,-0.677647080328986,1,0,-0.2811764144490689,-0.6101713093618187,1,0,0,0,0,0,0,0,1,0,0,0,0,0,0,0,0,0,0,0,0,1,0
1,1,1,-1.0834466339732352,1,1,-1.6767904745976345,-1.0960391838945476,1,0,1,0,1,1,0,1,0,1,0,1,0,1,0,1,0,0,1,0,0,1,0
0,0,0,-0.018222805657081193,1,0,-0.531165976164496,-0.2892410036073699,1,0,0,0,0,0,0,0,0,0,0,0,1,0,0,0,0,0,0,0,1,0,0
0,0,0,-0.1703976382736746,1,1,0.44985952181922706,0.05746580669509782,0,0,0,0,0,0,1,0,0,0,1,0,0,0,1,0,1,1,0,0,1,0,1
0,0,0,-1.0834466339732352,1,1,0.5093624468643212,-0.8267195958284078,0,0,1,0,0,0,1,0,0,0,1,0,0,0,0,0,1,0,1,0,1,0,1
0,0,0,2.1122248509752266,1,1,-0.3669533583452434,1.2585355014482265,1,0,0,0,0,0,1,0,0,0,0,0,0,0,0,0,0,0,0,0,0,0,0
1,0,1,1.4020756320977905,1,1,-0.016117930157287096,1.1059603955477029,1,0,0,0,0,0,0,0,1,0,1,0,0,0,0,0,0,0,0,0,1,0,0
0,0,0,-1.1848965223842973,1,1,0.21802994372145873,-0.9082297763792571,1,0,1,1,0,0,1,0,0,0,0,0,0,0,0,0,0,0,1,0,0,0,0
0,0,1,0.33685180378163676,1,0,0.47458801014965574,0.5756312567025458,0,0,0,1,0,0,1,0,0,0,0,0,0,0,0,0,1,0,0,0,0,1,1
0,0,1,0.6412014690148236,1,0,1.0186147534190853,1.252636400904899,0,0,1,1,0,0,0,0,1,0,1,0,0,0,1,0,1,0,0,1,0,0,0
0,1,0,1.7571502415365088,1,0,-1.606082453277815,-0.31054188622142914,1,0,0,0,1,1,0,1,0,1,0,1,0,1,0,1,0,0,1,0,0,0,0
0,0,0,0.43830169219269904,1,1,-1.716974268134581,-0.7300769399707615,1,0,0,0,1,1,0,1,0,1,0,1,0,1,0,1,0,0,0,0,1,0,0
0,0,0,-0.9819967455621728,1,1,-1.6041505401270002,-1.0985847740203099,0,0,1,0,1,1,0,1,0,1,0,1,0,1,0,1,0,0,0,1,0,0,1
0,0,1,-0.11967269406814346,0,0,0.1438444787301728,-0.007097283925300333,1,1,0,1,0,0,0,0,0,0,0,0,0,0,1,0,0,0,0,0,1,0,0
0,1,0,-0.018222805657081193,1,0,0.30805709654942537,0.13496844611596895,1,0,0,1,0,0,0,0,0,0,0,0,0,0,1,0,0,1,0,0,0,1,0
0,1,1,-0.8298219129455794,1,1,-0.13628292813796367,-0.675279425575894,1,0,1,1,0,0,0,0,0,0,0,0,0,0,0,0,0,0,0,0,0,0,1
0,0,0,-0.1703976382736746,1,1,0.7396464944414375,0.19253597293987754,0,0,1,1,0,0,0,0,1,0,0,0,0,0,0,0,1,1,0,1,0,0,1
1,0,0,-1.5399711318230154,1,1,-0.19114926162110224,-1.2318018532465875,0,0,0,0,0,0,0,0,1,0,0,0,0,0,0,0,0,0,1,0,1,0,0
1,1,0,0.4890266363982302,1,1,0.7025537619457948,0.8487916721876564,1,0,0,1,0,0,1,0,0,0,1,0,0,0,1,0,0,0,1,1,0,0,0
0,0,0,-1.3370713550008908,1,0,-1.5948773570030894,-1.1918226229339268,1,0,0,0,1,1,0,1,0,1,0,1,0,1,0,1,0,0,0,0,1,0,0
1,0,0,-0.018222805657081193,1,1,0.34167238537360195,0.1751977469951406,1,0,0,0,0,0,1,0,1,0,0,0,0,0,1,0,0,0,0,0,0,1,1
0,1,0,-0.8805468571511105,1,1,0.6303002101053234,-0.5509943540201112,0,0,1,0,0,0,1,0,1,0,0,0,1,0,0,0,1,0,0,0,1,0,0
0,0,0,-0.7790969687400482,1,1,-0.06673405470863328,-0.6234891700449617,1,0,1,0,0,0,0,0,1,0,0,0,0,0,1,0,0,1,0,1,0,0,0
0,0,1,-0.37329741509579917,1,1,0.1446172439904991,-0.247075258854193,0,0,1,0,0,0,0,0,0,0,1,0,0,0,1,0,1,0,0,0,1,0,1
0,0,0,-0.11967269406814346,1,0,0.3563549253197938,0.06916782679463368,1,0,0,1,0,0,0,0,0,0,1,0,0,0,0,0,0,1,0,0,1,0,1
1,1,1,2.1122248509752266,1,1,0.44638207814776043,2.186906449454418,0,0,0,1,0,0,0,0,0,0,0,0,0,0,0,0,1,0,0,0,1,0,1
0,0,1,-0.4240223593013303,1,0,-1.6350611505400363,-0.9222016677748126,1,0,0,0,1,1,0,1,0,1,0,1,0,1,0,1,0,0,0,1,0,0,0
0,1,0,-0.1703976382736746,1,1,-1.7362933996427283,-0.8889294582972829,1,0,1,0,1,1,0,1,0,1,0,1,0,1,0,1,0,0,0,1,0,0,0
0,0,0,0.9962760784535415,1,0,0.5715700503205556,1.2700451595735236,1,0,1,1,0,0,0,0,0,0,0,0,0,0,1,0,0,1,0,1,0,0,0
0,0,0,-1.0834466339732352,1,1,-0.6003284669636635,-0.9570191851120617,0,0,0,0,0,0,0,0,0,0,1,0,0,0,0,0,0,0,1,0,1,0,1
0,0,0,1.4528005763033218,1,1,0.7234184239745937,1.9136306167847636,0,0,0,1,0,0,1,0,1,0,0,0,0,0,0,0,0,1,0,0,1,0,0
1,1,0,-1.2356214665898284,1,1,-1.6667445262133975,-1.14159049939433,0,0,0,0,1,1,0,1,0,1,0,1,0,1,0,1,0,0,0,0,0,0,1
0,1,0,-1.3370713550008908,1,0,0.8428106566949445,-1.0012496150554033,1,0,0,1,0,0,0,0,1,0,0,0,0,0,1,0,0,1,0,1,0,0,0
0,1,1,-0.06894774986261233,1,1,0.6418916890102118,0.2656719955455246,0,0,1,1,0,0,0,0,0,0,0,0,0,0,1,0,1,0,1,0,1,0,1
0,1,0,1.4020756320977905,1,1,0.5070441510833434,1.6143025607373487,1,0,0,1,0,0,0,0,1,0,0,0,0,0,0,0,1,0,1,1,0,0,0
0,0,0,-0.8298219129455794,1,0,0.9962045608696345,-0.4383407698399766,0,0,1,1,0,0,0,0,0,0,1,0,1,0,1,0,1,1,0,0,0,0,1
0,1,0,-0.322572470890268,1,1,-0.36115761889279896,-0.37872779402332735,1,0,1,0,0,0,0,0,1,0,0,0,0,0,0,0,1,0,0,0,0,1,1
0,0,0,-0.322572470890268,0,1,0.8455153351060853,0.0684112030292938,1,1,0,1,0,0,0,0,1,0,0,0,1,0,0,0,1,0,0,0,1,0,0
0,1,0,2.1122248509752266,1,1,-1.723929155477514,-0.3707127117633713,1,0,1,0,1,1,0,1,0,1,0,1,0,1,0,1,0,1,0,0,1,0,0
1,1,1,-0.7283720245345171,1,0,0.7323052244683416,-0.4074987333036657,1,0,1,0,0,0,0,0,1,0,1,0,1,0,1,0,0,0,1,0,1,0,0
0,1,0,0.6919264132203548,1,1,0.30342050498747036,0.7941544594379878,0,0,0,1,0,0,0,0,0,0,1,0,0,0,0,0,1,0,0,1,0,0,1
1,0,0,1.0977259668646038,1,0,-0.3344972174115557,0.5983876782550129,0,0,1,0,0,0,0,0,0,0,0,0,0,0,0,0,1,0,0,0,1,0,0
0,1,0,-0.4747473035068614,1,1,0.27869201665704174,-0.2880740076303203,1,0,1,0,0,0,0,0,1,0,0,0,0,0,1,0,1,0,0,1,0,0,0
0,0,0,0.33685180378163676,1,0,1.0858453310674385,0.9315842659000985,0,0,1,1,0,0,0,0,0,0,1,0,1,0,0,0,1,1,0,0,0,0,0
0,1,1,-0.677647080328986,1,1,0.6040261912542434,-0.3634991377294108,1,0,0,1,0,0,0,0,0,0,1,0,0,0,0,0,1,0,1,0,0,0,0
0,1,0,-1.387796299206422,1,1,0.4923616111371516,-1.0919931703697219,1,0,0,0,0,0,0,0,0,0,1,0,1,0,1,0,0,0,0,0,0,0,1
0,1,0,-0.6269221361234548,1,1,0.7268958676460603,-0.27415982482703655,0,0,0,1,0,0,1,0,0,0,0,0,1,0,0,0,0,0,0,0,0,0,1
0,1,0,-0.4240223593013303,1,0,-1.6470390120750873,-0.9736136114230747,1,0,0,0,1,1,0,1,0,1,0,1,0,1,0,1,0,1,0,0,1,0,0
0,0,0,-1.1341715781787662,1,0,0.004746731871512021,-0.8979704710865133,0,0,0,0,0,0,0,0,0,0,0,0,0,0,1,0,1,0,1,0,0,0,1
0,1,0,0.4890266363982302,1,1,-1.7061555544900184,-0.7220362094475736,1,0,1,0,1,1,0,1,0,1,0,1,0,1,0,1,0,0,0,0,0,0,0
0,0,0,0.33685180378163676,1,0,0.898836138068572,0.8302287416735983,1,0,0,0,0,0,1,0,1,0,0,0,1,0,1,0,1,0,0,0,1,0,0
0,1,1,0.13395202695951222,1,0,0.44213186921596803,0.37559403969146604,0,0,1,1,0,0,0,0,0,0,0,0,0,0,0,0,1,1,0,0,0,1,0
0,0,1,-1.387796299206422,0,0,-1.7447938175063131,-1.225671918334173,0,1,0,0,1,1,0,1,0,1,0,1,0,1,0,1,0,0,0,0,0,1,1
0,0,1,1.2499007994811973,1,1,0.7639886001417036,1.707963605994291,0,0,1,1,0,0,0,0,1,0,1,0,0,0,0,0,1,0,1,0,0,1,0
1,0,0,0.793376301631417,1,1,-1.5925590612221117,-0.55704734414283,0,0,0,0,1,1,0,1,0,1,0,1,0,1,0,1,0,1,0,0,1,0,0
0,0,0,0.9455511342480104,1,1,-1.5203055093816409,-0.4488950301598868,0,0,0,0,1,1,0,1,0,1,0,1,0,1,0,1,0,0,0,0,1,0,0
0,0,1,-0.5254722477123925,0,1,-0.15328376386513354,-0.46165504111773686,0,1,0,0,0,0,0,0,0,0,1,0,1,0,0,0,1,0,0,0,1,0,1
0,0,0,-0.2718475266847369,1,1,0.4444501649969458,-0.030206369097205647,1,0,0,1,0,0,0,0,1,0,0,0,0,0,0,0,0,0,1,1,0,0,0
0,1,1,2.1122248509752266,1,0,-1.598741183304719,-0.2250177524747938,1,0,1,0,1,1,0,1,0,1,0,1,0,1,0,1,0,0,1,0,0,1,0
0,1,0,-0.4747473035068614,1,1,-0.33256530426074105,-0.5049364853214997,0,0,1,0,0,0,0,0,0,0,1,0,0,0,0,0,0,0,0,0,1,0,1
0,0,0,0.032502138548449945,1,1,-1.6752449440769823,-0.7997568591059157,1,0,0,0,1,1,0,1,0,1,0,1,0,1,0,1,0,0,0,0,0,0,0
0,1,0,-0.322572470890268,1,0,-0.7336304743698802,-0.5444989313566427,0,0,0,0,0,0,0,0,0,0,1,0,0,0,0,0,0,0,0,0,0,1,0
0,1,1,1.554250464714384,1,1,0.4309267729412429,1.6592383179195662,0,0,0,1,0,0,0,0,1,0,0,0,0,0,0,0,0,1,0,0,1,0,0
1,1,0,-0.4747473035068614,1,1,1.1951916154035525,0.04559707288455488,1,0,1,1,0,0,1,0,1,0,1,0,0,0,0,0,0,1,0,0,0,1,1
0,0,0,-0.677647080328986,1,0,0.5935938602398434,-0.3755922938432326,0,0,0,1,0,0,0,0,0,0,1,0,0,0,0,0,1,0,1,0,1,0,1
1,0,0,-0.8805468571511105,1,0,0.04377137751796989,-0.7119820902606847,0,0,0,0,0,0,1,0,0,0,1,0,0,0,0,0,1,0,1,0,1,0,0
1,0,0,0.08322708275398108,1,1,-0.27924450129825423,-0.07360964255131978,1,0,0,0,0,0,0,0,1,0,0,0,0,0,0,0,0,0,1,0,1,0,0
0,0,0,-0.4747473035068614,1,0,1.3080153434111332,0.08508898619581037,1,0,0,1,0,0,1,0,0,0,0,0,1,0,1,0,0,1,0,0,1,0,1
0,1,0,-1.3370713550008908,1,1,0.22846227473585817,-1.0802206175462983,1,0,0,0,0,0,0,0,1,0,1,0,0,0,1,0,0,0,1,0,0,0,1
0,1,0,0.18467697116504336,1,1,1.175099718635079,0.8193602901290976,1,0,1,1,0,0,1,0,0,0,0,0,1,0,1,0,0,0,0,1,0,0,1
0,1,0,1.2499007994811973,1,1,0.23193971840732483,1.244781620290142,1,0,1,0,0,0,1,0,0,0,1,0,0,0,1,0,0,0,0,1,0,0,1
0,1,1,1.8078751857420399,1,0,-0.4917549478878752,0.9149321309968139,1,0,0,0,0,0,0,0,0,0,0,0,0,0,1,0,0,1,0,1,0,0,0
0,0,1,-0.7790969687400482,1,1,-0.8101342351421438,-0.8167039490363668,1,0,0,0,0,0,0,0,0,0,0,0,0,0,0,0,0,0,1,0,0,1,0
0,1,0,-0.8805468571511105,1,1,-0.08953062988824702,-0.7388678821934814,0,0,0,0,0,0,0,0,1,0,0,0,0,0,0,0,1,0,1,0,1,0,0
0,1,0,-0.9819967455621728,1,1,-1.5956501222634154,-1.1018805758456038,0,0,1,0,1,1,0,1,0,1,0,1,0,1,0,1,0,1,0,0,0,1,0
0,0,0,-0.7790969687400482,1,1,-0.20892286260859785,-0.6963302376234426,0,0,1,0,0,0,1,0,0,0,0,0,1,0,0,0,0,0,0,0,0,1,0
0,1,0,0.3875767479871679,1,1,-1.611878192730259,-0.6987283502356213,0,0,0,0,1,1,0,1,0,1,0,1,0,1,0,1,0,0,0,1,0,0,0
0,1,0,-1.1848965223842973,1,0,0.11293386831713713,-0.9286201456485854,1,0,0,0,0,0,1,0,1,0,0,0,0,0,0,0,0,0,0,0,1,0,1
0,0,0,-0.2718475266847369,1,0,0.9679986288677391,0.1649192055049728,0,0,0,1,0,0,0,0,0,0,1,0,0,0,1,0,1,0,0,0,0,1,1
0,0,1,-0.1703976382736746,1,0,0.29453370449372246,-0.006821565095557804,1,0,1,1,0,0,0,0,1,0,0,0,0,0,0,0,0,0,1,0,0,0,0
0,1,0,-1.0834466339732352,0,1,0.9672258636074135,-0.7340973052323555,1,1,0,1,0,0,0,0,1,0,0,0,0,0,1,0,1,1,0,1,0,0,1
0,1,0,0.4890266363982302,1,0,0.9784309598821391,1.0581905052783647,0,0,0,1,0,0,0,0,1,0,1,0,1,0,0,0,0,1,0,1,0,0,0
0,0,0,1.2499007994811973,1,0,-0.2962453370254238,0.7513090357091669,1,0,1,0,0,0,0,0,0,0,1,0,0,0,1,0,0,0,0,0,0,1,1
0,1,0,1.4020756320977905,1,0,0.7879443232118059,1.8623405023868531,1,0,0,1,0,0,1,0,0,0,0,0,0,0,0,0,1,1,0,0,0,1,1
0,1,0,1.1484509110701349,1,1,-1.4499838706919843,-0.3579206404764815,1,0,0,0,1,1,0,1,0,1,0,1,0,1,0,1,0,0,0,0,1,0,0
1,0,0,-1.489246187617484,0,0,0.8455153351060853,-1.1552097271704473,0,1,0,1,0,0,0,0,1,0,1,0,1,0,0,0,0,0,0,0,1,0,1
0,0,0,-0.322572470890268,1,0,-0.5446893682201989,-0.4918430469416354,0,0,1,0,0,0,0,0,0,0,0,0,0,0,0,0,1,0,0,1,0,0,0
0,1,0,-0.11967269406814346,1,1,1.160417178688887,0.43361041112193205,0,0,0,1,0,0,0,0,0,0,1,0,0,0,1,0,1,0,1,0,0,0,1
0,1,1,-0.7790969687400482,1,1,-0.46509454640663195,-0.7591813066731141,1,0,0,0,0,0,1,0,0,0,0,0,0,0,0,0,0,1,0,0,1,0,1
0,0,1,0.18467697116504336,1,1,-1.7447938175063131,-0.8413262817389517,1,0,0,0,1,1,0,1,0,1,0,1,0,1,0,1,0,0,0,0,0,1,0
0,1,0,-0.6269221361234548,1,1,1.2956510992459185,-0.11058802606585315,0,0,0,1,0,0,1,0,0,0,1,0,1,0,0,0,1,0,0,1,0,0,1
0,0,1,1.4528005763033218,1,1,1.8265408330898085,2.9423632188172206,0,0,0,1,0,0,1,0,1,0,1,0,1,0,1,0,1,0,1,0,1,0,0
0,1,1,-0.06894774986261233,1,1,0.25628182410759087,0.053894286040061294,0,0,0,0,0,0,1,0,0,0,1,0,1,0,0,0,0,0,1,0,1,0,0
0,1,1,0.43830169219269904,1,1,-0.5137787578071632,0.030310707998366576,0,0,0,0,0,0,0,0,1,0,0,0,0,0,0,0,0,0,1,0,1,0,0
0,1,0,-0.11967269406814346,1,1,-1.6945640755851297,-0.8770286641577001,0,0,0,0,1,1,0,1,0,1,0,1,0,1,0,1,0,0,0,0,1,0,0
0,0,0,-0.9819967455621728,1,1,1.3613361463736198,-0.5369455178348601,1,0,0,1,0,0,1,0,0,0,0,0,1,0,1,0,1,1,0,0,0,0,0
0,0,0,-0.4747473035068614,1,1,-1.575558225494942,-0.9200343895317203,1,0,0,0,1,1,0,1,0,1,0,1,0,1,0,1,0,0,0,0,0,0,0
0,0,1,0.08322708275398108,0,1,0.6936669614520469,0.4269675109448804,1,1,0,1,0,0,1,0,0,0,0,0,0,0,1,0,0,0,0,1,0,0,1
0,1,0,-1.2863464107953595,1,1,-0.020368139089079494,-1.0539311477336424,1,0,0,0,0,0,1,0,0,0,1,0,0,0,0,0,1,1,0,0,0,0,1
1,0,1,-1.0327216897677038,1,0,1.1055508452057485,-0.6279519678473053,0,0,0,0,0,0,1,0,1,0,1,0,1,0,1,0,1,0,0,0,1,0,0
0,1,0,-0.2718475266847369,1,0,-0.6153973895400184,-0.47188869814724865,1,0,0,0,0,0,0,0,0,0,0,0,0,0,0,0,0,0,0,0,1,0,1
0,1,0,0.8948261900424792,1,1,-0.6296935468560474,0.23119431769609763,1,0,0,0,0,0,0,0,0,0,0,0,0,0,0,0,0,0,0,0,0,0,1
0,0,0,-0.22112258247920574,1,1,0.7160771540014977,0.13446189291713975,1,0,0,1,0,0,1,0,0,0,0,0,0,0,1,0,0,1,0,0,0,1,0
0,0,0,0.2861268595761056,1,0,-1.7447938175063131,-0.8440962941679926,1,0,1,0,1,1,0,1,0,1,0,1,0,1,0,1,0,0,1,0,1,0,0
1,1,1,0.2861268595761056,1,0,-1.5318969882865292,-0.6800564146028277,1,0,0,0,1,1,0,1,0,1,0,1,0,1,0,1,0,0,1,0,0,1,0
0,1,0,-0.7790969687400482,1,1,0.599775982322451,-0.46343118334654315,0,0,1,1,0,0,0,0,1,0,0,0,0,0,1,0,0,0,0,0,0,1,1
0,0,0,1.9600500183586334,1,0,2.082712516887842,3.9569123312824597,1,0,0,1,0,0,1,0,1,0,1,0,1,0,1,0,1,0,0,0,1,0,1
0,1,1,-0.4747473035068614,1,1,-1.4785761853240424,-0.8979897072839372,1,0,1,0,1,1,0,1,0,1,0,1,0,1,0,1,0,0,1,0,0,0,0
0,0,0,0.33685180378163676,1,1,0.43208592083173175,0.5400955879948045,1,0,0,0,0,0,1,0,1,0,0,0,1,0,1,0,0,0,1,0,0,0,0
1,0,0,-1.1341715781787662,1,1,0.6384142453387457,-0.8317145950928124,1,0,1,1,0,0,0,0,0,0,1,0,0,0,0,0,1,0,1,1,0,0,1
0,1,0,-0.06894774986261233,1,1,-0.17337566063360663,-0.12423931417101029,0,0,1,0,0,0,1,0,1,0,0,0,0,0,0,0,0,1,0,0,0,1,0
1,1,1,2.1122248509752266,1,1,1.1917141717320858,3.1267165228620186,0,0,0,1,0,0,1,0,1,0,0,0,0,0,0,0,1,0,0,1,0,0,0
0,0,0,-1.0327216897677038,1,1,1.082367887395972,-0.6471304566789282,1,0,1,1,0,0,0,0,1,0,0,0,1,0,1,0,1,0,0,0,0,1,1
0,1,0,-1.0834466339732352,1,0,0.11718407724892953,-0.8479755939818114,0,0,1,0,0,0,0,0,0,0,1,0,1,0,1,0,0,0,0,0,1,0,1
0,0,0,-0.322572470890268,1,1,-1.7447938175063131,-0.9499146161968367,1,0,1,0,1,1,0,1,0,1,0,1,0,1,0,1,0,1,0,0,1,0,0
0,0,0,1.4020756320977905,1,1,1.330425535960584,2.398171193695244,0,0,0,1,0,0,0,0,0,0,1,0,1,0,1,0,1,0,0,0,0,1,1
0,0,0,-0.7283720245345171,0,1,-0.5323251240549846,-0.7199330518625612,1,1,0,0,0,0,0,0,0,0,1,0,0,0,0,0,0,1,0,0,1,0,0
0,0,0,-1.0327216897677038,1,1,-1.5137370046688707,-1.0773351879327142,0,0,1,0,1,1,0,1,0,1,0,1,0,1,0,1,0,0,0,0,0,0,0
1,1,0,-0.22112258247920574,0,1,1.2318979652690327,0.35997424738326356,0,1,0,1,0,0,1,0,0,0,1,0,0,0,1,0,0,0,0,0,0,0,1
0,1,0,-1.0834466339732352,1,0,0.2118478216388517,-0.8356580155647109,1,0,0,0,0,0,1,0,1,0,1,0,0,0,0,0,1,0,0,0,1,0,1
0,0,0,0.793376301631417,1,0,0.721486510823779,1.1789681768371905,1,0,1,1,0,0,1,0,0,0,0,0,1,0,0,0,0,0,1,0,1,0,0
0,1,0,-0.9819967455621728,0,1,0.4398135734349908,-0.7264605348550693,1,1,0,0,0,0,0,0,1,0,1,0,1,0,1,0,0,0,0,0,0,0,0
1,1,1,-1.1341715781787662,1,1,-1.6304245589780806,-1.126458024087533,1,0,1,0,1,1,0,1,0,1,0,1,0,1,0,1,0,1,0,0,1,0,0
0,0,0,-0.2718475266847369,1,0,0.6067308696653837,0.04540471091031597,1,0,1,1,0,0,0,0,1,0,0,0,0,0,0,0,1,0,1,0,0,1,1
0,1,0,0.33685180378163676,1,1,0.6415053063800492,0.6761275641107789,1,0,0,1,0,0,1,0,0,0,0,0,0,0,0,0,1,0,1,0,0,1,1
0,0,0,-0.8298219129455794,1,1,-0.6436033215419135,-0.8265977665780565,1,0,0,0,0,0,0,0,1,0,0,0,0,0,0,0,0,0,0,1,0,0,1
0,0,0,1.1484509110701349,1,0,1.526321529453198,2.2531110289216554,0,0,0,1,0,0,1,0,1,0,0,0,1,0,0,0,1,0,0,0,0,0,0
0,0,0,-0.8805468571511105,1,1,0.2404401362709096,-0.6433152775231892,1,0,1,1,0,0,1,0,0,0,0,0,0,0,1,0,0,0,0,0,0,1,1
1,1,0,-0.5254722477123925,1,1,-1.4932587252702345,-0.9101020995951828,0,0,0,0,1,1,0,1,0,1,0,1,0,1,0,1,0,0,0,0,0,0,1
0,1,0,0.3875767479871679,0,0,0.6859393088487878,0.7416204042733319,1,1,0,1,0,0,0,0,0,0,1,0,0,0,0,0,1,0,0,0,1,0,1
1,1,1,-0.322572470890268,1,1,0.9034727296305275,0.09765022311361361,1,0,1,1,0,0,0,0,1,0,0,0,1,0,0,0,1,0,0,0,1,0,1
0,0,0,-0.8805468571511105,1,0,-1.6775632398579603,-1.0712437254151475,0,0,0,0,1,1,0,1,0,1,0,1,0,1,0,1,0,1,0,0,0,1,0
0,0,1,-0.8298219129455794,1,0,0.23850822312009498,-0.587517480862279,0,0,0,0,0,0,0,0,1,0,1,0,0,0,1,0,0,0,1,0,0,0,0
0,0,0,-1.1341715781787662,1,0,0.2555090588472646,-0.8534899705766611,0,0,1,1,0,0,0,0,0,0,0,0,0,0,0,0,0,0,0,0,0,0,1
0,1,1,0.9455511342480104,0,1,-0.24987942140587033,0.5431733795826275,1,1,0,0,0,0,0,0,1,0,0,0,0,0,0,0,1,0,1,0,0,1,0
0,1,0,-0.5761971919179237,0,1,-0.26572110924255105,-0.5181966374123709,1,1,0,0,0,0,0,0,1,0,1,0,0,0,0,0,0,0,0,0,1,0,1
0,0,1,-1.1341715781787662,0,0,0.3107617749605663,-0.8762656283265523,1,1,0,1,0,0,0,0,0,0,1,0,0,0,0,0,0,0,0,0,0,0,1
0,0,0,-1.1341715781787662,1,0,-0.1536701464952964,-0.9297101968359393,0,0,1,0,0,0,0,0,0,0,0,0,1,0,1,0,0,0,0,0,0,1,0
0,0,0,0.9962760784535415,1,0,-0.27306237921564697,0.5923603363955259,0,0,1,0,0,0,0,0,0,0,1,0,0,0,0,0,1,0,0,0,1,0,0
0,0,0,-0.11967269406814346,1,1,-0.5137787578071632,-0.3359977874790496,1,0,0,0,0,0,0,0,0,0,0,0,0,0,1,0,0,0,1,0,0,1,0
0,0,1,-0.8298219129455794,0,0,-1.7447938175063131,-1.0626579692982827,1,1,0,0,1,1,0,1,0,1,0,1,0,1,0,1,0,0,0,0,0,1,0
0,0,0,-0.7283720245345171,1,1,0.326603462797247,-0.49530556247793645,1,0,1,0,0,0,0,0,1,0,0,0,1,0,1,0,1,0,0,0,0,1,1
0,1,0,0.2861268595761056,0,1,-0.3514980531387253,0.01220944622248178,0,1,0,0,0,0,0,0,0,0,0,0,1,0,0,0,0,0,0,1,0,0,1
0,1,1,1.3006257436867283,0,0,-0.20351350578631655,0.8592753997836788,0,1,0,0,0,0,0,0,0,0,0,0,1,0,0,0,1,0,1,0,0,0,0
0,0,0,-0.7790969687400482,1,1,0.4011753104186961,-0.5171322344882489,0,0,0,1,0,0,1,0,0,0,0,0,0,0,1,0,0,1,0,0,1,0,1
0,0,0,-0.5761971919179237,1,0,-1.7447938175063131,-1.0279815174088087,1,0,0,0,1,1,0,1,0,1,0,1,0,1,0,1,0,0,0,0,1,0,0
0,0,0,-0.8298219129455794,1,0,0.284101373479323,-0.5879919737320684,1,0,1,1,0,0,0,0,0,0,0,0,0,0,0,0,1,0,0,0,1,0,1
0,1,0,1.3513506878922594,1,1,1.0626623732576614,2.064698887220416,1,0,1,1,0,0,0,0,1,0,0,0,1,0,1,0,1,0,0,0,1,0,0
0,1,0,-0.7283720245345171,0,1,-0.1451697286317116,-0.6312221214093674,1,1,0,0,0,0,0,0,0,0,0,0,0,0,1,0,1,0,0,0,0,0,1
0,1,0,-0.22112258247920574,1,0,-0.36965803675638376,-0.3189994010221348,0,0,1,0,0,0,0,0,1,0,0,0,0,0,0,0,0,0,0,0,0,1,1
0,1,0,-0.9819967455621728,1,1,0.09361473680898977,-0.7453825410543737,1,0,1,0,0,0,1,0,0,0,1,0,0,0,1,0,0,0,0,0,1,0,0
0,1,1,1.0470010226590727,1,0,-0.19385394003224288,0.667330209822251,1,0,0,0,0,0,0,0,1,0,0,0,0,0,0,0,1,1,0,1,0,0,1
0,0,1,-0.7790969687400482,1,0,-1.570535251302824,-1.0479679265322352,1,0,1,0,1,1,0,1,0,1,0,1,0,1,0,1,0,0,1,0,0,1,0
0,1,0,-0.018222805657081193,1,0,-1.7362933996427283,-0.9011636798588798,0,0,0,0,1,1,0,1,0,1,0,1,0,1,0,1,0,1,0,0,0,1,0
0,0,0,1.4020756320977905,1,1,-1.7339751038617506,-0.5760847675266776,1,0,1,0,1,1,0,1,0,1,0,1,0,1,0,1,0,0,1,0,0,0,0
1,0,1,0.08322708275398108,1,1,0.05343094327204357,0.0919947810709885,0,0,1,0,0,0,0,0,0,0,1,0,0,0,0,0,1,1,0,1,0,0,0
0,0,0,-0.9312718013566417,1,0,-0.1285552755347049,-0.7671515044724143,1,0,1,0,0,0,0,0,1,0,0,0,1,0,0,0,0,0,0,1,0,0,0
0,1,0,0.8948261900424792,0,1,0.7415784075922521,1.3439634542077423,1,1,0,0,0,0,1,0,1,0,1,0,1,0,0,0,1,0,1,0,0,1,0
0,1,1,1.0470010226590727,1,0,-1.6787223877484492,-0.5669539858161358,1,0,0,0,1,1,0,1,0,1,0,1,0,1,0,1,0,1,0,0,1,0,0
0,0,1,2.1122248509752266,0,0,0.11679769461876693,1.830030102780518,1,1,0,0,0,0,1,0,1,0,0,0,1,0,0,0,1,0,0,0,0,0,1
0,0,0,-1.3370713550008908,1,0,-1.7447938175063131,-1.1563510748842651,1,0,1,0,1,1,0,1,0,1,0,1,0,1,0,1,0,0,1,0,1,0,0
0,1,1,1.4020756320977905,1,0,1.0101143355555005,2.0706428722243992,1,0,0,1,0,0,1,0,0,0,1,0,0,0,1,0,0,0,0,0,0,1,0
1,0,0,0.032502138548449945,1,1,0.42435826822847267,0.2732510573305389,1,0,0,1,0,0,0,0,0,0,1,0,0,0,0,0,1,0,0,0,1,0,1
1,1,0,0.3875767479871679,1,1,0.08511431894540498,0.3566720334921619,0,0,1,1,0,0,0,0,0,0,0,0,0,0,0,0,0,0,1,1,0,0,0
0,0,0,0.6919264132203548,0,0,0.1469355397714763,0.6682599593644061,0,1,0,0,0,0,1,0,0,0,0,0,1,0,1,0,0,0,1,0,0,0,0
0,1,1,-1.1341715781787662,1,1,0.14152618294919503,-0.9187391522385114,1,0,0,0,0,0,0,0,1,0,0,0,0,0,1,0,1,0,0,0,1,0,1
0,0,0,-1.2356214665898284,1,1,-0.14671525915236336,-1.0263400285619697,0,0,1,0,0,0,0,0,0,0,1,0,1,0,0,0,0,0,0,0,0,0,0
0,0,0,-0.11967269406814346,1,1,-0.07948468150401046,-0.1433985668052092,0,0,1,0,0,0,0,0,0,0,0,0,0,0,1,0,1,1,0,0,0,0,1
1,0,1,-0.4240223593013303,1,1,0.789489853732458,-0.0562072959485031,0,0,0,1,0,0,1,0,0,0,1,0,0,0,0,0,1,1,0,0,0,0,1
0,0,0,-0.22112258247920574,0,1,0.39537957096625165,0.012748059750350921,0,1,0,0,0,0,1,0,1,0,0,0,0,0,1,0,1,0,0,0,0,1,1
0,0,0,-0.8298219129455794,0,1,0.6990763182743281,-0.508514418042344,1,1,0,1,0,0,1,0,1,0,0,0,0,0,0,0,1,0,0,0,1,0,1
0,1,0,-0.11967269406814346,1,1,-1.5639667465900537,-0.8408453768033545,0,0,1,0,1,1,0,1,0,1,0,1,0,1,0,1,0,0,0,0,0,1,0
0,1,0,-0.06894774986261233,1,1,0.26632777249182715,0.08637781142321145,0,0,0,0,0,0,0,0,0,0,1,0,0,0,1,0,1,0,0,0,0,1,1
0,0,0,1.0470010226590727,1,1,0.35828683847060894,1.1720752060936284,0,0,1,0,0,0,1,0,1,0,1,0,0,0,1,0,0,0,0,1,0,0,0
1,1,1,1.858600129947571,1,0,-1.6130373406207479,-0.2867659462054955,0,0,1,0,1,1,0,1,0,1,0,1,0,1,0,1,0,0,1,1,0,0,0
0,0,1,-1.0327216897677038,1,1,0.9003816685892234,-0.6797614595756614,1,0,1,1,0,0,0,0,0,0,0,0,1,0,1,0,1,0,1,0,0,1,0
0,0,0,-0.7790969687400482,1,1,1.0394794154478848,-0.35741408727765217,1,0,0,1,0,0,1,0,0,0,1,0,0,0,1,0,1,0,0,0,0,1,1
0,0,1,-0.677647080328986,1,1,0.7017809966854686,-0.34144163135001177,0,0,1,1,0,0,0,0,0,0,1,0,0,0,0,0,1,0,0,0,1,0,1
0,1,1,1.554250464714384,1,1,-0.06325661103716662,1.1815907117526483,1,0,0,0,0,0,1,0,1,0,0,0,0,0,1,0,0,0,1,0,0,1,0
0,1,0,-0.11967269406814346,1,0,0.6163904354194574,0.17694824096071501,1,0,1,1,0,0,1,0,0,0,0,0,1,0,1,0,0,0,0,0,0,0,1
0,0,0,-1.387796299206422,0,1,1.0162964576381075,-1.0502057374992149,0,1,0,1,0,0,1,0,0,0,0,0,0,0,1,0,1,0,0,1,0,0,1
0,1,1,-0.2718475266847369,1,0,0.3764468220882674,-0.06234364292672557,0,0,0,0,0,0,0,0,0,0,0,0,1,0,1,0,1,1,0,0,0,0,1
0,1,1,0.4890266363982302,1,0,0.6820754825471586,0.8461691372721987,1,0,0,0,0,0,1,0,0,0,0,0,1,0,1,0,1,0,1,0,0,1,0
0,1,1,-0.5254722477123925,1,0,-1.6539938994180203,-0.9569358282565581,1,0,0,0,1,1,0,1,0,1,0,1,0,1,0,1,0,0,0,1,0,0,0
0,0,0,-0.4240223593013303,1,1,-1.6114918101000963,-0.9180081767364034,1,0,0,0,1,1,0,1,0,1,0,1,0,1,0,1,0,1,0,0,0,0,0
0,0,1,0.3875767479871679,1,1,-1.6972687539962708,-0.7202472430871515,1,0,0,0,1,1,0,1,0,1,0,1,0,1,0,1,0,0,1,0,0,1,0
0,1,0,-0.8805468571511105,1,0,0.46106461809395277,-0.6057149236252832,1,0,0,0,0,0,1,0,1,0,0,0,0,0,0,0,1,0,0,0,0,1,0
0,1,1,0.13395202695951222,1,1,0.4316995382015686,0.33839123387365394,0,0,1,1,0,0,0,0,0,0,0,0,1,0,0,0,0,1,0,0,1,0,1
0,0,1,1.2499007994811973,1,1,-1.6964959887359448,-0.5298153006564033,1,0,0,0,1,1,0,1,0,1,0,1,0,1,0,1,0,0,0,0,0,1,0
0,0,0,2.1122248509752266,1,1,0.6573469942167299,2.437733639730387,0,0,1,1,0,0,1,0,0,0,0,0,0,0,1,0,0,1,0,1,0,0,1
0,1,0,0.5904765248092925,1,0,1.4339760808442537,1.4784565345298053,0,0,1,1,0,0,1,0,1,0,1,0,1,0,1,0,0,0,0,0,1,0,0
0,0,0,0.13395202695951222,1,0,-1.6752449440769823,-0.8171014971164606,1,0,0,0,1,1,0,1,0,1,0,1,0,1,0,1,0,0,1,0,1,0,0
1,0,1,0.18467697116504336,1,0,0.5201811605088837,0.4512948886202991,1,0,0,1,0,0,0,0,0,0,1,0,0,0,1,0,0,0,0,0,0,1,1
0,0,1,-0.7283720245345171,1,1,-0.2599253697901069,-0.6333188669285719,1,0,0,0,0,0,0,0,1,0,0,0,1,0,0,0,0,0,0,0,1,0,0
0,0,0,0.23540191537057448,1,1,1.886043758134902,1.3095178366873552,1,0,1,1,0,0,0,0,1,0,1,0,1,0,1,0,1,0,0,0,0,1,1
0,0,1,-1.0834466339732352,1,1,-0.05321066265293006,-0.8297332667581514,0,0,0,0,0,0,0,0,0,0,1,0,0,0,1,0,0,0,1,0,1,0,0
0,0,0,-0.677647080328986,1,1,-1.5724671644536385,-0.9696381306221364,0,0,0,0,1,1,0,1,0,1,0,1,0,1,0,1,0,0,1,1,0,0,0
1,0,1,1.2499007994811973,1,0,1.5390721562485752,2.445774370253575,0,0,1,1,0,0,1,0,1,0,0,0,1,0,0,0,1,0,0,0,0,1,0
0,1,0,-0.7283720245345171,1,0,-1.6860636577215449,-1.0300846749938213,1,0,1,0,1,1,0,1,0,1,0,1,0,1,0,1,0,0,1,0,0,1,0
0,1,0,0.18467697116504336,1,1,-1.6331292373892212,-0.7897604485112986,0,0,0,0,1,1,0,1,0,1,0,1,0,1,0,1,0,0,0,0,0,0,0
0,0,1,-0.9312718013566417,0,1,1.1244835940837332,-0.5012238992186879,0,1,0,1,0,0,1,0,0,0,1,0,1,0,1,0,0,1,0,0,1,0,1
0,1,1,0.5397515806037613,0,1,0.020974802338355872,0.44778748862334244,1,1,0,0,0,0,0,0,0,0,0,0,1,0,1,0,1,0,0,1,0,0,1
0,0,0,-0.1703976382736746,1,1,0.4699514185877002,0.0862623942386679,0,0,0,1,0,0,0,0,0,0,0,0,1,0,0,0,0,0,1,0,0,1,1
1,0,0,-1.0327216897677038,1,0,0.956793532593014,-0.6522601093253001,0,0,1,1,0,0,1,0,0,0,0,0,0,0,1,0,1,0,0,0,0,0,0
0,1,0,-0.5254722477123925,1,0,-0.6130790937590407,-0.6396475758810333,0,0,0,0,0,0,0,0,0,0,0,0,0,0,1,0,0,0,0,1,0,0,0
0,1,1,-0.37329741509579917,1,1,-0.19617223581322066,-0.3678208700839791,1,0,1,0,0,0,0,0,0,0,0,0,0,0,1,0,1,0,1,0,1,0,0
0,1,0,1.6557003531254464,1,0,-0.004140068622235919,1.2938082754578413,0,0,1,1,0,0,0,0,0,0,0,0,0,0,0,0,0,0,1,0,1,0,0
0,1,0,0.18467697116504336,1,0,0.8180821683645159,0.6244334895669661,0,0,0,1,0,0,0,0,1,0,0,0,0,0,1,0,0,1,0,0,1,0,1
0,0,1,-0.5761971919179237,1,1,1.7276268797680938,0.09473914523679759,0,0,0,1,0,0,1,0,0,0,1,0,1,0,1,0,1,0,1,1,0,0,0
0,1,0,2.1122248509752266,1,1,0.2983975307953517,2.078920849182482,0,0,1,1,0,0,0,0,1,0,0,0,0,0,0,0,0,0,0,0,0,0,0
0,0,0,-0.9819967455621728,1,1,0.7508515907161633,-0.6236879440850087,1,0,1,1,0,0,0,0,1,0,0,0,0,0,1,0,1,0,0,1,0,0,1
1,0,0,-0.1703976382736746,0,0,1.1318248640568291,0.3616093241642947,1,1,0,1,0,0,1,0,1,0,1,0,1,0,0,0,0,0,0,0,0,0,0
0,1,0,0.5397515806037613,1,0,0.07004539636905001,0.48886959425497306,1,0,1,0,0,0,1,0,0,0,0,0,1,0,1,0,0,0,0,0,1,0,1
0,0,0,-0.322572470890268,1,1,0.6372550974482568,0.0018603720084265864,1,0,1,1,0,0,1,0,0,0,1,0,0,0,1,0,0,0,0,1,0,0,0
0,0,0,-0.4240223593013303,1,1,-1.5678305728916833,-0.9021575500591145,1,0,1,0,1,1,0,1,0,1,0,1,0,1,0,1,0,0,0,0,1,0,0
0,1,1,0.2861268595761056,1,1,1.0108871008158262,0.8484390085682185,0,0,1,1,0,0,0,0,0,0,0,0,1,0,1,0,1,1,0,0,1,0,0
0,0,0,-1.0834466339732352,1,0,0.639573393229234,-0.7540131816318945,1,0,1,1,0,0,0,0,0,0,0,0,1,0,1,0,0,1,0,0,0,1,0
0,1,0,-0.6269221361234548,1,1,0.9150642085354158,-0.2362388676387323,1,0,1,1,0,0,0,0,1,0,0,0,0,0,1,0,1,1,0,0,0,0,0
0,1,0,1.3006257436867283,1,1,0.1040470678233892,1.1515437713765249,0,0,1,1,0,0,0,0,0,0,0,0,0,0,0,0,0,0,1,0,0,1,0
0,0,0,0.33685180378163676,1,0,1.4617956302159858,1.1654643662456166,1,0,1,1,0,0,1,0,1,0,1,0,0,0,1,0,1,0,0,1,0,0,1
0,0,0,-0.7283720245345171,1,0,-0.11773656189014231,-0.5950516581866377,1,0,0,0,0,0,1,0,1,0,0,0,0,0,0,0,0,0,1,0,0,0,0
0,0,1,0.6412014690148236,1,0,-1.6404705073623176,-0.6705729692728477,0,0,0,0,1,1,0,1,0,1,0,1,0,1,0,1,0,0,0,0,0,1,0
0,1,1,-0.9819967455621728,0,1,-0.1146455008488388,-0.7796935051927936,1,1,0,0,0,0,0,0,0,0,1,0,0,0,1,0,0,0,1,1,0,0,0
0,0,0,0.4890266363982302,1,1,0.8636753187237439,0.9661837729998769,0,0,1,1,0,0,1,0,0,0,1,0,0,0,1,0,0,1,0,0,0,1,0
0,1,0,-0.7790969687400482,1,1,0.4259037987491247,-0.5027692070784074,1,0,0,1,0,0,0,0,0,0,0,0,1,0,1,0,0,0,0,0,1,0,1
0,0,1,-0.677647080328986,1,0,-1.5566254766169578,-0.9914070940401771,1,0,0,0,1,1,0,1,0,1,0,1,0,1,0,1,0,1,0,0,0,1,1
0,1,0,-0.4240223593013303,1,0,0.467633122806723,-0.16353886550802688,0,0,1,1,0,0,0,0,0,0,0,0,0,0,0,0,1,0,0,0,1,0,0
1,0,0,-0.7790969687400482,1,1,-1.5276467793547368,-0.9800064410336157,1,0,1,0,1,1,0,1,0,1,0,1,0,1,0,1,0,1,0,0,1,0,0
0,1,1,-0.22112258247920574,1,1,-1.7262474512584918,-0.8986373259305416,0,0,1,0,1,1,0,1,0,1,0,1,0,1,0,1,0,0,0,0,1,0,1
0,1,0,-0.8805468571511105,1,1,-1.6311973242384064,-1.05623949142451,1,0,0,0,1,1,0,1,0,1,0,1,0,1,0,1,0,0,1,1,0,0,0
1,0,0,1.3513506878922594,1,1,0.6391870105990715,1.682494880605055,0,0,0,1,0,0,0,0,1,0,0,0,0,0,1,0,0,0,0,0,0,0,0
0,1,1,-0.06894774986261233,0,0,-1.7447938175063131,-0.8886537394675404,0,1,0,0,1,1,0,1,0,1,0,1,0,1,0,1,0,0,1,1,0,0,0
0,1,0,1.1484509110701349,1,0,1.0143645444872929,1.8101398746442112,0,0,0,1,0,0,1,0,0,0,0,0,1,0,1,0,0,1,0,0,0,1,0
0,1,1,-0.7790969687400482,1,0,-1.7447938175063131,-1.0530078102572955,0,0,0,0,1,1,0,1,0,1,0,1,0,1,0,1,0,0,0,0,0,0,0
0,1,0,-1.1848965223842973,1,1,0.17243679336223125,-0.957519326245083,1,0,0,1,0,0,1,0,0,0,0,0,0,0,0,0,0,0,0,0,0,0,1
0,0,0,0.43830169219269904,1,1,0.9417246100166591,0.9904406179514079,0,0,1,1,0,0,0,0,0,0,1,0,0,0,0,0,1,1,0,1,0,0,1
1,0,0,0.23540191537057448,0,0,0.21068867374836284,0.3145319370022167,0,1,0,0,0,0,1,0,0,0,0,0,1,0,0,0,1,0,0,0,0,0,0
0,1,0,-1.438521243411953,1,1,1.044888772270166,-1.1027526167954869,0,0,1,1,0,0,1,0,0,0,1,0,1,0,0,0,0,1,0,0,0,1,1
0,1,0,-0.677647080328986,1,1,1.2570128362296238,-0.18562843221646583,1,0,0,1,0,0,1,0,1,0,0,0,0,0,1,0,1,0,1,0,1,0,0
0,1,0,-0.7790969687400482,0,1,0.4390408081746645,-0.5100340776388316,1,1,0,1,0,0,0,0,1,0,0,0,0,0,1,0,0,1,0,0,0,1,1
0,1,0,-0.018222805657081193,1,0,1.42431651509018,0.6809879099932162,1,0,0,1,0,0,1,0,1,0,0,0,1,0,1,0,0,0,0,0,0,1,0
0,0,1,0.43830169219269904,1,1,0.5464551793599639,0.6956010079695681,0,0,0,1,0,0,1,0,0,0,0,0,0,0,0,0,0,0,0,0,1,0,0
0,1,0,-0.322572470890268,1,1,0.5499326230314305,-0.014105671853405959,0,0,0,1,0,0,0,0,0,0,1,0,0,0,0,0,0,0,0,0,0,1,1
0,1,0,0.032502138548449945,1,0,-1.7231563902171882,-0.8296114375078,0,0,1,0,1,1,0,1,0,1,0,1,0,1,0,1,0,0,1,0,1,0,0
0,0,1,-0.06894774986261233,1,1,-0.7467674837954205,-0.40465818815073723,0,0,0,0,0,0,0,0,0,0,0,0,0,0,0,0,0,0,0,0,1,0,1
1,0,0,0.43830169219269904,1,1,0.8200140815153305,0.8934645346717476,0,0,0,1,0,0,0,0,0,0,0,0,1,0,0,0,1,1,0,1,0,0,0
0,1,0,-0.11967269406814346,1,0,0.16857296706060146,-0.009386391418743745,0,0,1,1,0,0,0,0,0,0,0,0,0,0,0,0,0,1,0,0,1,0,1
0,1,0,0.08322708275398108,1,1,-1.7007461976677372,-0.8209230883380076,1,0,0,0,1,1,0,1,0,1,0,1,0,1,0,1,0,0,1,0,0,0,0
1,0,0,1.7571502415365088,1,1,0.015565445516074587,1.4036084903534314,0,0,0,0,0,0,0,0,0,0,1,0,0,0,1,0,0,0,0,1,0,0,0
0,0,0,0.08322708275398108,1,0,0.006678645022326647,0.06205684581360057,0,0,1,0,0,0,0,0,0,0,1,0,0,0,1,0,0,0,0,1,0,0,1
0,0,0,-0.9819967455621728,1,1,0.45333696549069374,-0.689892523552246,0,0,0,1,0,0,0,0,0,0,0,0,0,0,0,0,1,0,0,0,1,0,0
0,1,1,0.3875767479871679,1,1,0.29144264345241894,0.5101063562109529,0,0,0,0,0,0,1,0,0,0,1,0,0,0,1,0,1,0,0,0,0,0,0
0,1,1,-0.7790969687400482,1,1,1.138779751399762,-0.31886474764016753,1,0,1,1,0,0,0,0,1,0,1,0,1,0,0,0,0,0,1,1,0,0,0
0,0,0,-1.1848965223842973,1,0,-0.2726759965854841,-0.9736713200153464,0,0,0,0,0,0,0,0,0,0,1,0,0,0,0,0,0,1,0,0,0,0,0
0,1,1,-1.0834466339732352,1,1,1.3358348927828654,-0.6737148815187506,1,0,1,1,0,0,1,0,1,0,1,0,1,0,0,0,1,0,1,0,0,0,1
0,0,1,2.1122248509752266,1,1,0.6438236021610264,2.477578216661081,0,0,1,1,0,0,0,0,1,0,0,0,0,0,1,0,1,0,0,0,1,0,1
0,1,0,-0.5761971919179237,1,0,-0.3298606258496004,-0.5352527324615575,1,0,0,0,0,0,1,0,0,0,0,0,0,0,0,0,1,0,0,0,0,1,1
0,0,0,-0.4240223593013303,1,0,-1.6022186269761853,-0.8912570381855742,0,0,0,0,1,1,0,1,0,1,0,1,0,1,0,1,0,0,1,0,0,1,0
0,1,0,-0.018222805657081193,1,0,1.0313653802144624,0.49314003008307783,1,0,1,1,0,0,1,0,0,0,0,0,0,0,1,0,0,0,1,1,0,0,0
0,0,0,-1.387796299206422,1,0,-1.5512161197946766,-1.185936346522215,1,0,0,0,1,1,0,1,0,1,0,1,0,1,0,1,0,0,1,0,0,0,0
0,1,0,-0.9312718013566417,1,0,0.305352418138285,-0.6697458127836203,0,0,0,0,0,0,0,0,1,0,0,0,1,0,0,0,1,0,0,0,1,0,0
1,0,1,-0.8298219129455794,1,0,-1.7447938175063131,-1.0626643813640906,0,0,0,0,1,1,0,1,0,1,0,1,0,1,0,1,0,0,0,0,0,1,0
1,1,0,-0.22112258247920574,1,1,-1.6682900567340497,-0.9105317080043165,1,0,0,0,1,1,0,1,0,1,0,1,0,1,0,1,0,0,0,0,1,0,0
0,1,0,-0.9312718013566417,1,1,0.18016444596548975,-0.7136684635681796,1,0,1,0,0,0,0,0,1,0,0,0,0,0,1,0,0,0,0,0,1,0,1
0,1,1,-0.6269221361234548,1,1,-0.2931542759841203,-0.5794831624048989,1,0,1,0,0,0,0,0,0,0,0,0,1,0,1,0,0,0,1,0,1,0,0
0,0,1,1.4020756320977905,1,1,0.4954526721784551,1.5706235684534922,1,0,1,1,0,0,0,0,1,0,0,0,0,0,0,0,1,0,0,0,1,0,1
0,0,0,2.1122248509752266,0,1,-1.7447938175063131,-0.3964635680481582,1,1,0,0,1,1,0,1,0,1,0,1,0,1,0,1,0,0,1,0,1,0,0
1,1,0,-0.1703976382736746,1,1,0.7245775718650825,0.16805470568506753,0,0,1,1,0,0,0,0,0,0,1,0,0,0,0,0,1,0,0,0,0,1,1
0,1,0,-0.8298219129455794,1,0,0.5935938602398434,-0.4920033485868345,1,0,0,0,0,0,1,0,1,0,1,0,0,0,1,0,1,0,0,0,0,0,1
0,0,0,-0.677647080328986,1,0,0.5398866746471938,-0.3885767271043614,1,0,1,0,0,0,0,0,1,0,1,0,1,0,1,0,0,0,0,0,0,0,0
0,1,1,-1.489246187617484,1,0,0.6612108205183592,-1.1823007052090988,1,0,0,1,0,0,1,0,1,0,0,0,1,0,0,0,0,0,0,1,0,0,1
0,1,0,0.18467697116504336,1,0,-0.15096546808415576,0.05218867653514274,1,0,1,0,0,0,0,0,0,0,0,0,1,0,1,0,0,0,0,0,0,1,0
0,1,0,-1.0834466339732352,1,0,1.1592580307983982,-0.6956120862529505,1,0,1,1,0,0,1,0,1,0,0,0,1,0,1,0,0,0,0,0,0,0,0
0,1,1,-0.06894774986261233,1,0,0.25628182410759087,0.05480479938479235,1,0,0,0,0,0,0,0,0,0,1,0,0,0,1,0,1,0,0,0,0,0,0
0,0,0,1.6557003531254464,1,1,0.742737555482741,2.106486320090923,1,0,0,1,0,0,0,0,0,0,1,0,0,0,0,0,1,0,1,1,0,0,0
1,1,1,-1.3370713550008908,1,0,0.34592259430539435,-1.028462422344406,0,0,0,0,0,0,0,0,1,0,0,0,1,0,1,0,1,0,1,0,1,0,0
0,0,0,-0.11967269406814346,1,1,-0.04741492320048591,-0.08729299098551672,1,0,0,0,0,0,0,0,0,0,0,0,0,0,1,0,1,0,0,0,1,0,1
0,1,1,-0.06894774986261233,0,1,-0.011481338595331828,-0.04192121332835742,1,1,0,0,0,0,1,0,0,0,1,0,1,0,0,0,0,0,0,0,1,0,0
1,0,0,2.1122248509752266,1,0,1.1051644625755859,3.0110813280811803,0,0,1,1,0,0,0,0,1,0,0,0,1,0,1,0,0,1,0,1,0,0,0
0,0,0,-1.1848965223842973,0,1,-0.28619938864118727,-0.993458955098726,1,1,0,0,0,0,0,0,0,0,0,0,0,0,1,0,1,1,0,0,1,0,0
0,1,0,-0.8805468571511105,1,1,1.3145838481239034,-0.4177836868596413,1,0,0,1,0,0,1,0,1,0,1,0,1,0,1,0,0,0,1,0,1,0,1
1,0,0,0.18467697116504336,1,1,-0.23171943778821186,0.037287035597432405,1,0,1,0,0,0,0,0,0,0,0,0,0,0,0,0,1,0,0,0,0,0,1
0,0,0,-0.8805468571511105,1,1,0.9494522626199181,-0.5104188015873096,0,0,0,0,0,0,1,0,1,0,1,0,0,0,1,0,1,0,0,0,1,0,1
0,1,0,2.1122248509752266,0,0,-1.6327428547590583,-0.26319519229541666,1,1,0,0,1,1,0,1,0,1,0,1,0,1,0,1,0,0,1,0,0,0,0
0,0,1,-1.2356214665898284,1,0,0.7091222666585649,-0.925760364298233,0,0,0,1,0,0,0,0,0,0,0,0,0,0,1,0,1,0,0,0,0,0,1
0,0,1,-1.1341715781787662,1,0,1.3416306322353093,-0.7029090171424144,1,0,0,1,0,0,1,0,1,0,1,0,1,0,0,0,0,0,1,0,0,0,1
1,1,1,-1.2356214665898284,1,1,0.05420370853236931,-0.991599456014416,0,0,1,1,0,0,0,0,0,0,0,0,0,0,0,0,0,1,0,1,0,0,1
1,0,1,-1.1848965223842973,1,1,1.8280863636104598,-0.7099751136627916,1,0,0,1,0,0,0,0,1,0,1,0,1,0,1,0,1,0,1,0,0,1,1
0,1,1,-0.06894774986261233,1,1,-1.731656808080773,-0.8816389394736269,0,0,1,0,1,1,0,1,0,1,0,1,0,1,0,1,0,1,0,1,0,0,0
0,0,1,-1.2356214665898284,1,0,1.833109337802578,-0.8017894839670404,1,0,1,1,0,0,1,0,0,0,1,0,1,0,1,0,1,0,0,0,0,1,1
0,1,1,0.6412014690148236,1,1,-1.670608352515027,-0.6677195999883033,1,0,1,0,1,1,0,1,0,1,0,1,0,1,0,1,0,0,1,0,0,1,0
1,1,0,2.1122248509752266,1,1,0.5317726394137721,2.3171419180799924,1,0,0,1,0,0,0,0,0,0,0,0,1,0,0,0,1,1,0,1,0,0,0
0,0,0,0.793376301631417,1,1,-0.14362419811105984,0.5345427390051067,1,0,1,0,0,0,0,0,1,0,0,0,0,0,0,0,1,0,0,0,1,0,1
0,0,1,1.2499007994811973,1,0,0.5507053882917563,1.502937801784615,0,0,0,1,0,0,0,0,0,0,0,0,1,0,1,0,0,0,0,0,1,0,0
0,1,0,-1.2356214665898284,1,0,1.1217789156725924,-0.8889358703630909,1,0,1,1,0,0,0,0,1,0,0,0,0,0,1,0,1,1,0,0,0,1,1
0,1,0,-0.1703976382736746,1,1,0.6260500011735312,0.13525057701151944,0,0,1,1,0,0,0,0,0,0,0,0,0,0,1,0,1,0,0,0,0,0,1
0,1,1,1.0470010226590727,1,0,0.17591423703369735,0.9924411824834931,1,0,1,1,0,0,0,0,0,0,0,0,0,0,0,0,0,0,0,0,1,0,1
0,0,0,-1.2356214665898284,1,1,-1.7447938175063131,-1.1509392913423429,0,0,0,0,1,1,0,1,0,1,0,1,0,1,0,1,0,1,0,1,0,0,0
1,0,1,2.1122248509752266,1,1,0.6994627009044913,2.5299583822463454,0,0,0,1,0,0,0,0,0,0,0,0,0,0,1,0,1,0,0,0,1,0,1
0,1,0,-0.7790969687400482,1,0,-1.6389249768416654,-1.0234802472116176,1,0,1,0,1,1,0,1,0,1,0,1,0,1,0,1,0,0,0,1,0,0,1
0,0,1,-0.5761971919179237,1,0,-1.7447938175063131,-1.0088030285771858,1,0,1,0,1,1,0,1,0,1,0,1,0,1,0,1,0,1,0,1,0,0,0
0,0,1,-0.9819967455621728,1,0,-1.5164416830800111,-1.0667488672837642,0,0,1,0,1,1,0,1,0,1,0,1,0,1,0,1,0,1,0,0,1,0,0
0,0,0,-0.7283720245345171,0,0,-0.47282219900989075,-0.689142311852714,1,1,0,0,0,0,0,0,1,0,0,0,1,0,0,0,0,0,0,0,0,0,0
0,0,0,1.6557003531254464,1,1,-1.6462662468147613,-0.39682264373340415,0,0,0,0,1,1,0,1,0,1,0,1,0,1,0,1,0,1,0,0,1,0,0
0,0,0,0.2861268595761056,1,1,-1.7123376765726257,-0.818851991082035,0,0,1,0,1,1,0,1,0,1,0,1,0,1,0,1,0,1,0,0,0,1,0
0,1,0,1.604975408919915,1,1,1.0727083216418982,2.408186840487285,0,0,0,1,0,0,0,0,1,0,1,0,0,0,0,0,1,0,1,0,0,0,0
1,0,0,1.3006257436867283,1,1,0.9088820864528088,1.8797749093187093,0,0,0,1,0,0,1,0,0,0,1,0,0,0,0,0,0,1,0,0,0,0,0
0,1,0,-1.438521243411953,1,1,0.8470608656267369,-1.1469573984755967,0,0,1,1,0,0,0,0,1,0,0,0,1,0,1,0,0,1,0,0,1,0,1
0,0,1,-1.489246187617484,0,0,0.7574200954289334,-1.2027808433997387,0,1,0,1,0,0,0,0,0,0,1,0,0,0,1,0,0,0,0,0,1,0,1
0,1,0,-1.2356214665898284,1,0,-0.2892904496824908,-0.9831227050162866,1,0,0,0,0,0,1,0,0,0,0,0,0,0,0,0,0,0,1,0,1,0,0
0,0,1,1.604975408919915,1,0,0.17127764547174237,1.4615094445993542,0,0,1,0,0,0,1,0,1,0,0,0,0,0,1,0,0,0,0,1,0,0,0
0,1,1,-0.8298219129455794,1,0,0.0429986122576436,-0.6430010862985989,1,0,0,0,0,0,0,0,0,0,0,0,0,0,1,0,1,0,0,0,0,0,0
0,0,0,1.604975408919915,1,0,-0.33681551319253344,0.9476977872755142,1,0,0,0,0,0,0,0,1,0,0,0,0,0,0,0,1,0,1,0,0,1,0
0,0,0,0.4890266363982302,1,1,0.38301532680103706,0.645965206550112,1,0,0,1,0,0,0,0,0,0,0,0,0,0,0,0,1,0,1,0,1,0,0
0,1,1,-1.3370713550008908,1,1,0.5858662076365844,-1.015535697675549,0,0,0,1,0,0,0,0,1,0,0,0,0,0,0,0,0,0,0,0,0,1,1
1,1,0,0.23540191537057448,1,1,0.47458801014965574,0.4783794545931428,1,0,0,1,0,0,0,0,1,0,0,0,0,0,1,0,0,0,1,0,0,0,1
0,1,0,-1.0327216897677038,1,1,-1.6223105237446587,-1.0685121853809545,1,0,1,0,1,1,0,1,0,1,0,1,0,1,0,1,0,0,1,0,0,0,0
1,0,0,2.1122248509752266,1,0,-0.48711835632591993,1.1404765457919777,0,0,1,0,0,0,0,0,0,0,0,0,0,0,0,0,0,1,0,0,0,0,0
1,0,0,1.1484509110701349,1,1,-1.658630490979976,-0.523294229729703,1,0,0,0,1,1,0,1,0,1,0,1,0,1,0,1,0,0,0,0,1,0,0
0,0,0,0.793376301631417,1,0,0.4838611932735668,1.0215519612516533,0,0,1,1,0,0,0,0,0,0,0,0,1,0,1,0,0,0,0,0,1,0,1
0,1,1,-0.22112258247920574,1,1,1.5286398252341757,0.4894210319144581,1,0,1,1,0,0,1,0,0,0,0,0,1,0,1,0,1,0,0,0,1,0,1
0,1,0,-0.7283720245345171,1,0,0.5244313694406761,-0.44916433692382135,1,0,1,1,0,0,0,0,1,0,0,0,0,0,1,0,0,0,1,0,1,0,0
0,1,1,0.08322708275398108,1,0,0.435949747133361,0.3117875728364079,1,0,1,0,0,0,1,0,1,0,0,0,1,0,1,0,0,0,1,0,0,1,0
0,0,1,0.3875767479871679,1,1,0.20527931692608153,0.42979523196619307,1,0,0,0,0,0,1,0,0,0,0,0,0,0,1,0,1,0,0,0,0,1,0
0,1,0,0.13395202695951222,1,1,0.6673929426009667,0.46908837123740155,1,0,1,1,0,0,1,0,0,0,0,0,1,0,0,0,0,1,0,0,1,0,0
0,0,0,-0.06894774986261233,1,1,0.8447425698457591,0.3584161153919282,1,0,0,1,0,0,0,0,0,0,1,0,0,0,1,0,1,0,0,0,0,0,1
1,1,0,0.18467697116504336,1,1,0.9088820864528088,0.6703118204229547,1,0,0,1,0,0,1,0,0,0,0,0,1,0,1,0,0,0,1,0,1,0,1
1,1,0,0.18467697116504336,1,1,-1.7447938175063131,-0.8302654682202124,1,0,0,0,1,1,0,1,0,1,0,1,0,1,0,1,0,1,0,1,0,0,0
0,1,0,1.4020756320977905,1,1,-0.19192202688142826,0.9212416037518514,0,0,1,0,0,0,0,0,0,0,0,0,1,0,1,0,0,0,0,0,1,0,1
1,0,0,1.8078751857420399,1,1,1.2110333032402332,2.7661147659536915,1,0,1,1,0,0,0,0,1,0,1,0,0,0,1,0,1,0,0,0,1,0,0
0,0,0,1.4528005763033218,1,1,-1.6385385942115025,-0.43403827368283215,1,0,0,0,1,1,0,1,0,1,0,1,0,1,0,1,0,0,1,0,0,1,0
0,1,0,-1.1341715781787662,1,0,-1.5875360870299935,-1.0940963279547344,1,0,1,0,1,1,0,1,0,1,0,1,0,1,0,1,0,0,0,0,1,0,0
0,0,0,0.6919264132203548,1,0,-1.6968823713661076,-0.6747856965086806,0,0,1,0,1,1,0,1,0,1,0,1,0,1,0,1,0,0,0,0,0,1,0
0,0,0,0.08322708275398108,1,1,-1.6555394299386725,-0.81392111247571,0,0,0,0,1,1,0,1,0,1,0,1,0,1,0,1,0,0,1,0,0,0,0
1,0,0,-0.7790969687400482,1,1,-1.7447938175063131,-1.0624784314556597,0,0,0,0,1,1,0,1,0,1,0,1,0,1,0,1,0,0,0,0,0,1,0
0,1,0,0.7426513574258858,1,1,0.8026268631579982,1.2432491365620382,1,0,0,0,0,0,1,0,1,0,1,0,0,0,0,0,1,0,0,0,0,0,0
0,1,0,-0.7283720245345171,1,1,-1.7447938175063131,-1.0415494486584624,0,0,1,0,1,1,0,1,0,1,0,1,0,1,0,1,0,0,0,0,1,0,0
1,1,0,-1.387796299206422,0,0,0.9741807509503467,-1.0370866508561187,1,1,0,0,0,0,1,0,1,0,1,0,1,0,0,0,1,0,0,0,1,0,1
0,0,0,-1.0834466339732352,1,0,-0.18883096584012446,-0.9080951229972899,0,0,1,0,0,0,0,0,1,0,0,0,0,0,0,0,0,0,0,0,0,0,0
0,0,0,-0.8298219129455794,1,0,0.47883821908144814,-0.5489424929615624,0,0,0,1,0,0,0,0,1,0,0,0,0,0,0,0,0,0,1,0,1,0,0
0,1,1,0.9455511342480104,1,1,-0.009163042814354058,0.7278152265887834,1,0,0,0,0,0,0,0,1,0,0,0,0,0,0,0,1,0,0,0,0,1,0
0,1,0,0.8441012458369481,1,0,-1.6918593971739895,-0.6173271748035076,1,0,0,0,1,1,0,1,0,1,0,1,0,1,0,1,0,0,0,0,0,1,0
0,0,0,0.6919264132203548,1,0,0.27521457298557506,0.7970014166567243,1,0,0,0,0,0,0,0,1,0,1,0,0,0,1,0,1,0,0,0,0,1,0
0,1,1,0.032502138548449945,1,0,0.22498483106439204,0.15876362232932661,0,0,0,0,0,0,1,0,1,0,0,0,0,0,0,0,1,0,1,0,1,0,0
0,1,1,-1.1848965223842973,1,1,1.4645003086271267,-0.7667796046555524,1,0,0,1,0,0,1,0,0,0,1,0,0,0,1,0,1,0,0,0,0,1,1
0,0,0,-0.4747473035068614,1,1,-0.559371908166391,-0.5553673829011432,0,0,1,0,0,0,0,0,0,0,0,0,0,0,1,0,0,0,0,0,1,0,0
0,1,0,0.13395202695951222,1,0,0.045703290668784514,0.12767792729231298,0,0,0,0,0,0,0,0,1,0,0,0,0,0,1,0,1,0,0,1,0,0,1
0,0,1,0.7426513574258858,1,1,0.7817622011291989,1.1758967973151755,1,0,0,1,0,0,0,0,0,0,0,0,1,0,0,0,1,0,0,0,1,0,1
0,0,1,2.1122248509752266,1,1,0.7891034711022948,2.643291645402124,0,0,0,1,0,0,1,0,1,0,0,0,1,0,0,0,0,1,0,1,0,0,1
0,0,0,-0.2718475266847369,0,1,0.7999221847468574,0.08119686225037574,1,1,0,1,0,0,1,0,0,0,0,0,1,0,0,0,1,0,1,0,0,0,0
0,1,0,2.1122248509752266,1,1,-0.22360540255478994,1.4296735378628083,0,0,0,0,0,0,0,0,0,0,1,0,0,0,0,0,0,0,0,0,0,1,0
0,0,1,-0.7283720245345171,1,0,1.153848673976117,-0.26367609723101404,1,0,0,1,0,0,0,0,1,0,1,0,1,0,0,0,0,0,0,0,0,0,1
0,0,0,0.23540191537057448,1,0,0.48231566275291476,0.44693468387088314,0,0,0,1,0,0,0,0,0,0,1,0,0,0,0,0,1,0,0,0,0,0,0
0,1,0,0.23540191537057448,1,0,1.4339760808442537,1.042044923573909,1,0,0,1,0,0,0,0,1,0,1,0,1,0,0,0,1,0,1,0,0,1,1
0,0,0,0.6412014690148236,1,1,0.34399068115457976,0.7504562309567073,1,0,0,1,0,0,0,0,0,0,0,0,0,0,1,0,0,0,0,0,1,0,1
1,0,0,-0.22112258247920574,1,0,0.5626832498268077,0.06081931711266345,0,0,1,0,0,0,0,0,1,0,1,0,1,0,1,0,0,0,1,0,1,0,0
1,0,1,-0.5254722477123925,1,1,-0.18033054797653966,-0.46527785829923696,0,0,1,0,0,0,0,0,0,0,1,0,1,0,0,0,1,0,1,0,0,0,0
0,0,1,-1.0834466339732352,1,1,1.073867469532387,-0.7439782986424294,1,0,1,1,0,0,1,0,1,0,1,0,0,0,0,0,0,1,0,0,0,1,1
0,0,1,-0.7283720245345171,1,0,0.5480007098806159,-0.43089636143692944,1,0,1,0,0,0,1,0,1,0,1,0,0,0,1,0,0,0,1,0,0,0,0
0,1,0,-1.489246187617484,1,0,0.9162233564259047,-1.1751448397674102,0,0,1,1,0,0,0,0,1,0,0,0,0,0,0,0,1,1,0,0,0,0,1
0,0,1,1.0470010226590727,0,1,-0.16332971224937007,0.6887785699498936,0,1,0,0,0,0,0,0,0,0,0,0,1,0,0,0,1,1,0,0,0,0,0
0,0,0,0.032502138548449945,1,1,0.027929689681288634,0.05566401620305973,0,0,0,0,0,0,0,0,1,0,1,0,1,0,0,0,0,0,1,0,1,0,1
0,1,0,0.2861268595761056,1,0,1.0379338849272328,0.8089535073227707,1,0,1,1,0,0,0,0,1,0,0,0,1,0,1,0,1,0,0,0,1,0,1
1,1,0,-0.6269221361234548,1,0,-0.4836409126544533,-0.6424432365733059,0,0,1,0,0,0,1,0,0,0,0,0,0,0,0,0,0,1,0,0,0,1,0
0,0,1,-0.5254722477123925,1,1,-1.6037641574968373,-0.95768603995609,0,0,1,0,1,1,0,1,0,1,0,1,0,1,0,1,0,0,0,0,1,0,0
1,0,1,0.793376301631417,1,1,-0.669490957762831,0.12825501321502988,0,0,0,0,0,0,0,0,0,0,0,0,0,0,0,0,0,0,0,1,0,0,0
0,0,1,1.604975408919915,1,0,0.3320128196195283,1.6431183844783424,1,0,1,0,0,0,1,0,0,0,0,0,0,0,1,0,1,0,1,0,0,0,0
0,0,0,-0.1703976382736746,1,1,0.5518645361822452,0.12640192619652782,1,0,0,1,0,0,0,0,0,0,0,0,1,0,0,0,1,0,0,1,0,0,0
1,0,0,-1.0834466339732352,1,1,0.2489405541344944,-0.846398225793052,1,0,1,0,0,0,1,0,0,0,1,0,0,0,1,0,0,0,0,0,1,0,0
0,0,1,-1.1341715781787662,1,0,0.6507784895039598,-0.8173643918145871,0,0,0,0,0,0,1,0,1,0,0,0,1,0,1,0,1,0,1,0,0,1,0
0,1,0,-0.9819967455621728,0,1,-0.054369810543418946,-0.7915686510691444,0,1,0,0,0,0,1,0,0,0,1,0,0,0,0,0,0,0,0,0,1,0,0
1,1,0,-0.8298219129455794,1,1,0.15350404448424648,-0.6032655144866407,0,0,1,0,0,0,1,0,0,0,1,0,0,0,1,0,1,0,0,0,0,1,1
0,1,0,-0.322572470890268,1,0,0.8922676333558017,0.10661429111314849,1,0,1,0,0,0,1,0,0,0,1,0,1,0,1,0,1,0,0,0,0,1,0
0,1,0,-1.0834466339732352,1,0,-1.679881535638938,-1.1267337429172755,1,0,0,0,1,1,0,1,0,1,0,1,0,1,0,1,0,0,0,0,0,0,0
0,0,0,1.0470010226590727,1,0,-1.5454203803422322,-0.45108154460040284,1,0,1,0,1,1,0,1,0,1,0,1,0,1,0,1,0,0,0,0,0,1,0
0,1,0,0.2861268595761056,1,1,-0.15598844227627418,0.16307253055227885,0,0,1,0,0,0,0,0,0,0,0,0,0,0,1,0,1,0,1,0,1,0,0
0,1,1,-0.7790969687400482,1,0,0.3725829957866376,-0.5228774454521853,0,0,0,1,0,0,0,0,0,0,0,0,0,0,0,0,1,0,0,0,1,0,1
0,0,1,-1.1848965223842973,1,1,1.5502772525233008,-0.7441001278927808,1,0,0,1,0,0,0,0,1,0,0,0,1,0,1,0,1,1,0,1,0,0,0
1,0,1,2.1122248509752266,1,1,-1.5338289014373439,-0.1605636669731311,0,0,0,0,1,1,0,1,0,1,0,1,0,1,0,1,0,0,0,0,1,0,0
0,1,1,-1.3370713550008908,1,0,0.8953586943971052,-1.0194727060816395,0,0,1,1,0,0,0,0,1,0,1,0,0,0,1,0,0,0,0,1,0,0,1
0,1,0,0.9455511342480104,0,1,0.4351769818730353,1.1152386547718278,1,1,0,0,0,0,0,0,1,0,1,0,1,0,1,0,0,0,0,0,0,0,0
0,0,0,-0.9312718013566417,1,1,1.688602234121636,-0.40729354719781086,1,0,1,1,0,0,0,0,1,0,1,0,1,0,1,0,1,1,0,0,0,1,1
0,0,0,-0.9312718013566417,1,0,0.4092893456521177,-0.6384934040355996,0,0,1,0,0,0,0,0,1,0,0,0,1,0,1,0,1,0,0,1,0,0,0
0,1,0,1.3006257436867283,1,0,1.1801226928271975,2.1445034582663465,1,0,0,1,0,0,0,0,1,0,0,0,0,0,1,0,1,0,1,0,1,0,0
0,1,0,0.18467697116504336,1,0,0.3420587680037651,0.34250136805655934,1,0,0,0,0,0,1,0,1,0,0,0,0,0,1,0,1,0,0,0,1,0,0
0,0,0,0.3875767479871679,1,0,0.9081093211924824,0.9223444790708213,0,0,0,1,0,0,0,0,1,0,0,0,1,0,1,0,1,0,0,0,1,0,1
0,1,1,0.7426513574258858,1,1,0.612140226487665,1.0671353370804757,0,0,0,0,0,0,0,0,1,0,0,0,1,0,1,0,1,0,1,0,1,0,0
0,1,0,-0.11967269406814346,1,1,1.7933119268957944,0.7163376287925263,1,0,0,1,0,0,0,0,1,0,1,0,1,0,1,0,1,0,0,0,0,1,1
0,0,0,0.2861268595761056,1,1,0.5089760642341581,0.5258223295062746,1,0,0,0,0,0,1,0,1,0,1,0,1,0,1,0,0,0,0,0,1,0,0
0,0,1,-0.4240223593013303,1,1,-0.4469345627889732,-0.49490801439784254,0,0,0,0,0,0,0,0,0,0,0,0,1,0,0,0,0,0,0,0,0,0,0
0,0,0,-0.8298219129455794,1,1,-0.34145210475448873,-0.7236071655705251,1,0,1,0,0,0,0,0,0,0,0,0,0,0,1,0,0,0,0,0,0,0,1
0,0,0,-0.6269221361234548,1,1,1.1461210213728579,-0.15229851414666448,0,0,0,1,0,0,0,0,1,0,0,0,1,0,1,0,1,1,0,0,1,0,0
0,1,0,0.6412014690148236,1,1,1.1793499275668717,1.3479196988112567,0,0,1,1,0,0,1,0,0,0,0,0,1,0,0,0,1,0,0,1,0,0,0
0,1,1,-0.22112258247920574,0,1,0.845901717736248,0.1747617265201988,0,1,0,1,0,0,0,0,1,0,1,0,0,0,0,0,1,0,0,0,1,0,1
0,1,0,-1.2356214665898284,1,1,-0.19424032266240573,-1.0193188165022482,1,0,1,0,0,0,0,0,0,0,0,0,0,0,1,0,0,0,0,0,0,1,1
0,1,0,0.8441012458369481,1,1,0.0882053799867085,0.735772600256468,1,0,0,1,0,0,0,0,0,0,0,0,0,0,0,0,1,0,1,1,0,0,0
0,1,0,-0.9819967455621728,1,0,-0.34106572212432584,-0.8524768641790027,1,0,0,0,0,0,0,0,1,0,0,0,0,0,0,0,0,1,0,1,0,0,0
0,0,0,2.1122248509752266,1,0,-0.26456196135206217,1.3564669825332738,0,0,0,0,0,0,0,0,0,0,0,0,1,0,1,0,0,0,0,1,0,0,0
0,0,0,-0.4240223593013303,1,0,-1.7447938175063131,-0.9205473547963575,1,0,1,0,1,1,0,1,0,1,0,1,0,1,0,1,0,0,0,0,0,0,0
0,0,1,-1.1341715781787662,1,1,-0.007617512293702301,-0.91206419173242,0,0,1,0,0,0,0,0,1,0,0,0,1,0,0,0,1,0,0,0,0,0,0
0,1,0,-1.387796299206422,1,1,0.29028349556193006,-1.0934166489790902,0,0,0,1,0,0,0,0,0,0,0,0,0,0,0,0,1,0,0,0,0,0,1
0,0,0,0.43830169219269904,1,1,0.5557283624838749,0.7311687370063491,1,0,0,0,0,0,0,0,1,0,1,0,1,0,0,0,1,0,1,1,0,0,0
1,1,0,0.13395202695951222,0,1,-1.703064493448715,-0.8097596817663408,1,1,0,0,1,1,0,1,0,1,0,1,0,1,0,1,0,0,1,0,1,0,0
0,1,0,0.7426513574258858,1,0,1.1136648804391707,1.4513719685569615,1,0,1,1,0,0,1,0,1,0,0,0,0,0,0,0,1,0,0,0,1,0,1
0,1,0,-0.4747473035068614,0,1,0.48579310642438145,-0.21109715760570225,1,1,0,1,0,0,0,0,1,0,1,0,0,0,0,0,0,0,0,0,0,0,1
1,1,1,-1.0327216897677038,0,0,-1.7447938175063131,-1.1140763250123529,0,1,0,0,1,1,0,1,0,1,0,1,0,1,0,1,0,0,0,0,0,1,0
1,0,0,1.1991758552756662,1,0,-1.73783893016338,-0.6063497181402718,1,0,1,0,1,1,0,1,0,1,0,1,0,1,0,1,0,0,0,0,1,0,1
0,0,1,0.7426513574258858,1,1,-1.5747854602346163,-0.5928972040751616,1,0,1,0,1,1,0,1,0,1,0,1,0,1,0,1,0,1,0,0,1,0,0
1,1,0,-0.677647080328986,1,1,0.6237317053925533,-0.3884805461172419,0,0,1,1,0,0,1,0,0,0,0,0,1,0,0,0,1,0,0,0,1,0,0
0,0,0,0.7426513574258858,1,1,-1.5952637396332525,-0.5761488881847573,1,0,0,0,1,1,0,1,0,1,0,1,0,1,0,1,0,1,0,0,1,0,0
0,1,0,2.1122248509752266,1,1,0.43285868609205747,2.2010129942319407,1,0,0,0,0,0,1,0,0,0,1,0,0,0,1,0,1,0,0,0,0,1,0
0,0,0,0.8441012458369481,1,1,1.5862108371284547,1.926576577651045,0,0,0,1,0,0,1,0,1,0,1,0,1,0,1,0,1,0,0,0,0,0,1
0,1,0,-1.2356214665898284,1,1,1.2492851836263648,-0.8859350235649632,0,0,1,1,0,0,1,0,1,0,1,0,1,0,0,0,0,1,0,0,0,1,0
0,0,0,-0.2718475266847369,1,1,1.2612630451614162,0.29401332641672917,0,0,0,1,0,0,1,0,0,0,0,0,1,0,1,0,1,0,0,0,0,0,1
0,0,0,-0.1703976382736746,1,1,0.8045587763088129,0.2360290153153031,0,0,0,0,0,0,0,0,1,0,1,0,1,0,1,0,1,0,0,0,1,0,0
1,0,1,0.9962760784535415,1,1,-0.3352699826718817,0.5418396698945708,0,0,1,0,0,0,1,0,0,0,0,0,0,0,1,0,0,0,0,0,1,0,0
0,0,1,-0.6269221361234548,1,0,1.4679777522985933,-0.05984293726161922,0,0,0,1,0,0,1,0,1,0,0,0,0,0,1,0,1,0,0,0,0,1,0
1,1,0,-0.018222805657081193,1,1,-0.054369810543418946,-0.028410990670975515,1,0,1,0,0,0,0,0,1,0,0,0,1,0,0,0,0,0,0,0,1,0,1
0,0,0,0.08322708275398108,1,1,0.1848010375274453,0.19529957330311035,0,0,0,0,0,0,1,0,0,0,0,0,0,0,1,0,1,1,0,0,1,0,0
1,0,0,0.08322708275398108,1,1,0.02174756759868161,0.05188730944216837,1,0,1,0,0,0,0,0,1,0,0,0,1,0,1,0,0,0,1,0,1,0,1
0,1,0,1.0977259668646038,1,0,-0.531165976164496,0.4177084879181794,1,0,1,0,0,0,0,0,0,0,0,0,0,0,0,0,0,0,0,0,0,1,0
0,1,1,0.2861268595761056,1,1,0.4143123198442359,0.481611135760357,0,0,0,0,0,0,1,0,0,0,0,0,1,0,1,0,0,1,0,0,0,1,0
1,0,1,-0.1703976382736746,0,0,-0.23983347302163352,-0.24783829468534083,1,1,0,0,0,0,0,0,0,0,1,0,0,0,0,0,1,0,0,0,0,0,0
0,0,0,-0.4240223593013303,1,1,0.7979902715960427,-0.05087245719627638,0,0,1,1,0,0,1,0,0,0,1,0,0,0,0,0,0,0,0,0,1,0,1
1,0,0,-1.387796299206422,1,0,-1.6582441083498127,-1.1794024514638988,0,0,1,0,1,1,0,1,0,1,0,1,0,1,0,1,0,0,0,1,0,0,0
0,1,0,0.4890266363982302,0,1,0.1921423075005412,0.5154604311606035,0,1,0,0,0,0,1,0,1,0,1,0,0,0,0,0,1,0,0,0,0,0,0
0,1,1,-0.9312718013566417,0,1,-0.4361158491444109,-0.8210898020490147,0,1,0,0,0,0,1,0,0,0,0,0,0,0,1,0,0,0,1,0,1,0,0
0,0,1,-0.1703976382736746,1,1,0.2898971129317669,-0.03490641333444384,0,0,0,1,0,0,0,0,0,0,0,0,1,0,0,0,0,1,0,0,1,0,0
0,0,0,-0.2718475266847369,1,0,1.1789635449367086,0.26727501199751585,1,0,0,1,0,0,1,0,0,0,1,0,1,0,1,0,0,0,1,0,0,1,1
0,1,0,-0.6269221361234548,1,1,-1.7200653291758845,-1.0341755729793027,1,0,0,0,1,1,0,1,0,1,0,1,0,1,0,1,0,0,1,0,0,1,0
0,1,0,0.4890266363982302,1,1,0.5024075595213878,0.7314893402967473,1,0,1,1,0,0,0,0,0,0,0,0,0,0,1,0,0,0,0,0,1,0,1
0,0,0,-0.1703976382736746,1,0,-1.6084007490587926,-0.8367352426204488,1,0,0,0,1,1,0,1,0,1,0,1,0,1,0,1,0,1,0,0,1,0,0
0,0,1,-0.7283720245345171,1,1,0.40697104987113997,-0.476595154450295,0,0,1,1,0,0,1,0,0,0,0,0,0,0,0,0,1,0,0,1,0,0,1
0,0,0,0.2861268595761056,1,1,0.326603462797247,0.4145152791458129,0,0,0,0,0,0,1,0,0,0,0,0,1,0,0,0,1,0,0,0,1,0,0
0,0,1,2.1122248509752266,1,1,0.9842266993345831,2.8804290751780894,0,0,1,1,0,0,0,0,0,0,0,0,1,0,1,0,1,0,0,1,0,0,1
0,1,0,-1.2356214665898284,1,1,-1.6783360051182863,-1.1538952536798146,0,0,1,0,1,1,0,1,0,1,0,1,0,1,0,1,0,0,0,1,0,0,0
0,0,0,0.3875767479871679,1,0,1.0781176784641795,0.9784949393511696,0,0,1,1,0,0,0,0,1,0,0,0,1,0,1,0,0,0,0,1,0,0,1
0,0,0,2.1122248509752266,1,1,0.15273127922392074,1.849195767480525,0,0,0,1,0,0,0,0,0,0,0,0,0,0,0,0,0,0,1,1,0,0,0
0,1,0,-1.0834466339732352,1,0,1.1917141717320858,-0.6689571286892406,0,0,1,1,0,0,0,0,0,0,1,0,1,0,1,0,1,0,0,0,0,1,1
0,0,0,0.4890266363982302,1,0,0.4807701322322627,0.7239551629723886,0,0,1,1,0,0,0,0,0,0,0,0,0,0,0,0,1,1,0,0,0,0,0
0,1,0,-0.677647080328986,1,1,-1.561648450809076,-0.9730749978952057,1,0,0,0,1,1,0,1,0,1,0,1,0,1,0,1,0,0,0,0,0,1,0
0,0,0,0.6919264132203548,1,1,0.3594459863610973,0.792294960353678,0,0,0,1,0,0,0,0,0,0,0,0,0,0,1,0,0,0,0,0,0,0,1
0,1,0,0.8441012458369481,1,0,-1.7335887212315877,-0.6689763648866645,1,0,1,0,1,1,0,1,0,1,0,1,0,1,0,1,0,0,0,0,1,0,1
0,1,0,-0.7283720245345171,1,0,0.9815220209234427,-0.29450530963570903,1,0,0,1,0,0,1,0,0,0,0,0,0,0,0,0,1,0,0,1,0,0,1
0,1,1,-0.2718475266847369,1,1,0.3567413079499569,-0.07473175406771362,0,0,0,1,0,0,0,0,1,0,0,0,0,0,0,0,1,0,0,0,1,0,1
0,1,0,-0.8298219129455794,1,0,0.7508515907161633,-0.4853027398175112,0,0,0,1,0,0,0,0,0,0,1,0,0,0,1,0,1,1,0,0,0,0,1
0,0,0,1.0470010226590727,1,0,0.20952952585787393,1.0157169813664053,1,0,0,0,0,0,1,0,1,0,0,0,0,0,1,0,0,1,0,0,0,0,0
1,0,0,0.43830169219269904,1,1,-0.039300887967063984,0.31287762402376185,0,0,0,0,0,0,1,0,0,0,0,0,1,0,0,0,1,0,0,0,0,1,1
0,1,0,-0.22112258247920574,1,1,1.0487525985717954,0.29578946864553546,0,0,0,1,0,0,0,0,0,0,1,0,1,0,1,0,0,1,0,0,0,0,1
0,0,1,-1.0834466339732352,1,1,0.41663061562521364,-0.7910043892780436,0,0,0,1,0,0,1,0,0,0,0,0,0,0,0,0,1,1,0,1,0,0,1
0,1,0,-1.387796299206422,1,0,-1.6068552185381408,-1.195753219274209,0,0,0,0,1,1,0,1,0,1,0,1,0,1,0,1,0,1,0,0,1,0,0
0,1,0,1.604975408919915,1,0,0.8346966214615228,2.1459782334021784,1,0,1,1,0,0,0,0,0,0,0,0,1,0,0,0,1,0,1,0,0,1,0
1,0,0,1.1991758552756662,1,1,-0.04123280111787861,0.9088663167424792,0,0,0,0,0,0,0,0,0,0,0,0,1,0,0,0,1,0,1,0,0,1,0
0,1,0,-0.37329741509579917,1,0,-1.656698577829161,-0.9413160359483558,0,0,0,0,1,1,0,1,0,1,0,1,0,1,0,1,0,0,1,0,1,0,0
0,1,1,-0.9312718013566417,1,1,0.2014154906244523,-0.7078206595513157,0,0,1,1,0,0,0,0,1,0,0,0,0,0,0,0,0,0,0,0,1,0,0
0,1,0,0.6412014690148236,1,0,0.2868060518904634,0.7080724759660597,0,0,0,0,0,0,1,0,1,0,1,0,0,0,1,0,0,0,0,0,1,0,0
0,1,1,-0.018222805657081193,1,0,0.06849986584839854,-0.00016584078689036013,1,0,0,0,0,0,1,0,0,0,1,0,0,0,1,0,0,0,0,0,0,0,1
0,1,0,-0.8298219129455794,1,1,-1.6018322443460227,-1.0461468998427732,1,0,1,0,1,1,0,1,0,1,0,1,0,1,0,1,0,0,0,0,0,0,0
0,0,0,-0.7283720245345171,1,1,-1.6234696716351475,-1.0571628289008568,1,0,1,0,1,1,0,1,0,1,0,1,0,1,0,1,0,0,0,0,1,0,0
0,1,0,-0.06894774986261233,0,1,0.6032534259939171,0.26192093704786523,0,1,0,1,0,0,0,0,1,0,0,0,0,0,1,0,0,0,0,1,0,0,1
1,0,0,0.6412014690148236,0,1,-0.33256530426074105,0.26269679701062904,1,1,0,0,0,0,0,0,0,0,1,0,0,0,0,0,0,1,0,0,0,1,0
0,0,1,0.4890266363982302,1,1,0.5951393907604954,0.8043624682042679,1,0,1,1,0,0,0,0,0,0,0,0,0,0,1,0,1,0,1,0,1,0,0
0,0,0,-1.0834466339732352,0,1,0.7238048066047568,-0.7412980551347,0,1,0,1,0,0,0,0,0,0,0,0,1,0,1,0,1,1,0,0,0,1,1
0,0,1,-0.9312718013566417,1,1,0.43942719080482767,-0.6696945162571566,0,0,1,0,0,0,1,0,0,0,0,0,1,0,0,0,1,0,1,0,0,1,0
0,0,0,-1.0834466339732352,1,1,-1.5531480329454912,-1.10400296962804,0,0,0,0,1,1,0,1,0,1,0,1,0,1,0,1,0,1,0,0,0,0,0
0,0,0,-0.1703976382736746,1,1,1.3706093294975303,0.4517757935558964,1,0,1,1,0,0,1,0,1,0,1,0,1,0,1,0,0,0,1,0,1,0,0
0,0,0,-1.3370713550008908,1,0,-0.46200348536532815,-1.0980269242950167,0,0,0,0,0,0,0,0,0,0,0,0,0,0,0,0,1,0,0,0,0,0,1
0,0,0,-0.8805468571511105,1,0,0.2500997020249833,-0.6259385791836044,1,0,0,1,0,0,1,0,0,0,0,0,0,0,0,0,0,0,0,1,0,0,1
0,1,0,-0.5254722477123925,1,0,1.828472746240623,0.1897403122476048,1,0,1,1,0,0,1,0,1,0,1,0,0,0,1,0,1,0,0,1,0,0,1
1,0,0,0.23540191537057448,0,0,0.4529505828605306,0.46911401950063336,1,1,0,0,0,0,1,0,0,0,1,0,0,0,1,0,1,0,0,0,0,0,0
1,1,0,-0.4747473035068614,1,1,0.5935938602398434,-0.17183607866353343,0,0,0,1,0,0,0,0,0,0,0,0,0,0,1,0,0,0,0,0,0,0,0
0,1,0,-1.438521243411953,1,1,-0.6262161031845808,-1.1686494171039417,0,0,0,0,0,0,0,0,0,0,0,0,0,0,0,0,0,0,0,0,0,0,0
0,1,0,0.793376301631417,1,1,1.1167559414804742,1.4858624705380044,0,0,0,1,0,0,0,0,0,0,1,0,1,0,1,0,1,0,1,0,1,0,1
0,1,0,1.4528005763033218,0,1,-1.7447938175063131,-0.540626043608632,0,1,0,0,1,1,0,1,0,1,0,1,0,1,0,1,0,0,0,0,0,0,0
1,1,0,1.8078751857420399,1,1,1.4710688133398968,3.078311838077692,1,0,0,1,0,0,0,0,0,0,1,0,1,0,1,0,1,0,0,1,0,0,0
0,1,0,1.0470010226590727,1,0,0.7195545976729644,1.4456524058562568,0,0,0,1,0,0,0,0,1,0,1,0,0,0,0,0,0,1,0,1,0,0,0
1,0,0,0.18467697116504336,1,1,0.5889572686778884,0.4979490794390515,1,0,0,1,0,0,0,0,1,0,0,0,0,0,1,0,0,1,0,1,0,0,0
0,1,1,-0.8298219129455794,0,0,0.47497439277981884,-0.5619718106833469,0,1,0,1,0,0,0,0,0,0,0,0,0,0,0,0,1,0,0,0,0,0,0
0,1,0,-0.677647080328986,1,1,0.35249109901816456,-0.44179687331046974,0,0,0,1,0,0,0,0,0,0,0,0,0,0,0,0,1,0,0,0,0,1,1
0,0,0,1.0977259668646038,1,1,0.4718833317385154,1.2972130824018706,1,0,1,0,0,0,1,0,1,0,0,0,1,0,0,0,1,0,0,0,0,0,0
0,1,1,2.1122248509752266,1,0,1.02711517128267,2.916381528163348,1,0,0,1,0,0,1,0,1,0,0,0,0,0,0,0,1,1,0,0,1,0,0
0,0,0,-0.1703976382736746,1,1,1.1410980471807397,0.36437933659333566,1,0,1,1,0,0,0,0,1,0,1,0,0,0,1,0,0,0,1,1,0,0,0
0,1,1,-0.8805468571511105,1,1,-1.703837258709041,-1.0522832468209955,0,0,0,0,1,1,0,1,0,1,0,1,0,1,0,1,0,0,0,1,0,0,0
0,0,1,0.08322708275398108,1,0,-0.2993363980667276,-0.08543990396701497,1,0,0,0,0,0,0,0,1,0,0,0,0,0,0,0,0,0,1,1,0,0,0
0,0,0,0.8441012458369481,1,1,-1.7362933996427283,-0.6719836237506,1,0,1,0,1,1,0,1,0,1,0,1,0,1,0,1,0,0,1,0,1,0,0
0,1,0,0.3875767479871679,1,0,0.7728754006354509,0.781375212282714,1,0,0,1,0,0,0,0,0,0,0,0,1,0,0,0,1,0,0,0,0,1,0
0,0,0,0.032502138548449945,1,1,-0.05205151476244118,0.0019629650613540764,0,0,1,0,0,0,0,0,0,0,1,0,0,0,1,0,1,0,0,0,0,0,1
0,0,0,1.7064252973309777,1,1,-1.605696070647652,-0.34142880721839586,0,0,1,0,1,1,0,1,0,1,0,1,0,1,0,1,0,0,0,0,1,0,0
0,1,0,-0.4240223593013303,1,1,0.561910484566482,-0.15322185162301147,1,0,0,1,0,0,0,0,0,0,1,0,0,0,0,0,1,0,0,0,0,0,1
0,1,0,-0.5761971919179237,1,1,0.7411920249620896,-0.1998824545075717,1,0,1,0,0,0,0,0,1,0,1,0,0,0,1,0,1,0,1,0,0,0,0
0,1,0,1.604975408919915,1,0,0.650005724243634,1.9808290664522354,1,0,0,1,0,0,1,0,1,0,0,0,0,0,0,0,0,0,0,0,0,1,0
0,1,0,-1.2356214665898284,1,0,-0.5906689012095898,-1.0361761375113878,1,0,0,0,0,0,0,0,0,0,1,0,0,0,0,0,0,1,0,0,1,0,1
0,0,1,-0.9819967455621728,1,1,0.47381524488932997,-0.707923252604243,1,0,0,0,0,0,0,0,1,0,0,0,1,0,1,0,1,0,0,0,1,0,1
0,1,0,0.08322708275398108,1,1,1.0468206854209807,0.6172647999936615,1,0,0,1,0,0,0,0,1,0,1,0,0,0,0,0,1,0,1,0,0,1,0
0,1,1,1.554250464714384,0,1,-0.37043080201670975,0.8783256472991424,1,1,0,0,0,0,1,0,0,0,0,0,0,0,1,0,0,0,0,0,0,1,0
0,0,0,-0.5254722477123925,1,0,0.8806761544509134,-0.08207998148364137,0,0,0,1,0,0,1,0,0,0,0,0,1,0,0,0,0,0,1,0,0,1,0
0,1,1,0.8441012458369481,1,0,0.20412016903559266,0.8318445822572054,0,0,0,0,0,0,0,0,1,0,1,0,0,0,0,0,1,0,0,0,1,0,0
1,1,1,-1.1341715781787662,1,1,0.6743478299438995,-0.8244881969272361,1,0,0,1,0,0,0,0,0,0,0,0,1,0,1,0,0,0,0,0,0,0,1
0,1,1,0.43830169219269904,1,1,-1.6775632398579603,-0.7643750799775656,0,0,0,0,1,1,0,1,0,1,0,1,0,1,0,1,0,0,0,0,0,1,0
0,1,0,-0.322572470890268,1,1,1.0101143355555005,0.14016863148622852,1,0,0,1,0,0,0,0,0,0,1,0,0,0,1,0,1,0,1,0,1,0,1
0,1,0,-0.7283720245345171,1,0,0.797217506335717,-0.36721813589803054,0,0,1,1,0,0,0,0,1,0,0,0,0,0,1,0,0,0,1,0,1,0,0
0,1,1,-0.9819967455621728,1,0,-0.10459955246460198,-0.7911069823309711,0,0,0,0,0,0,0,0,1,0,0,0,1,0,0,0,0,0,0,0,1,0,1
0,0,0,-1.438521243411953,1,1,-1.620764993224007,-1.1939001322557075,0,0,1,0,1,1,0,1,0,1,0,1,0,1,0,1,0,0,0,0,0,0,0
0,0,0,1.9093250741531023,1,0,0.9687713941280655,2.6309484187217915,1,0,0,1,0,0,0,0,0,0,0,0,0,0,1,0,1,0,0,1,0,0,0
0,0,0,-0.37329741509579917,1,1,0.8142183420628866,0.008650749699061315,1,0,1,1,0,0,1,0,1,0,0,0,0,0,0,0,0,0,0,1,0,0,1
0,1,0,-0.7790969687400482,1,1,0.5333181699344235,-0.4724337237409258,0,0,1,1,0,0,0,0,0,0,0,0,1,0,1,0,0,1,0,1,0,0,0
0,0,0,1.9600500183586334,1,0,0.3729693784168008,2.016999529674965,1,0,1,1,0,0,1,0,0,0,1,0,0,0,0,0,0,1,0,0,0,1,1
0,0,1,0.3875767479871679,1,0,-1.7447938175063131,-0.77853933334736,0,0,1,0,1,1,0,1,0,1,0,1,0,1,0,1,0,0,1,1,0,0,0
0,0,0,-0.37329741509579917,0,1,0.36601449107386747,-0.15075961835275287,1,1,0,0,0,0,0,0,1,0,0,0,1,0,1,0,0,0,0,0,0,1,0
0,1,1,-0.322572470890268,1,0,-1.4917131947495825,-0.8747716169932965,1,0,1,0,1,1,0,1,0,1,0,1,0,1,0,1,0,0,1,0,0,0,0
0,0,0,-0.4747473035068614,1,0,0.6615972031485223,-0.15992887245814258,1,0,0,1,0,0,0,0,0,0,0,0,1,0,0,0,1,0,1,0,1,0,0
0,0,1,-0.4240223593013303,1,0,0.4189489114061914,-0.20571743439281967,1,0,1,1,0,0,0,0,0,0,0,0,0,0,0,0,1,0,0,0,0,0,1
1,1,0,-0.2718475266847369,1,0,1.1136648804391707,0.25475865954036847,1,0,1,1,0,0,1,0,0,0,1,0,1,0,0,0,1,0,0,0,0,0,1
0,1,0,-0.7790969687400482,1,1,-1.5299650751357146,-1.0146764808572817,1,0,0,0,1,1,0,1,0,1,0,1,0,1,0,1,0,0,0,0,0,1,1
0,1,0,-0.7790969687400482,1,1,1.469909665449408,-0.2757371930157959,0,0,0,1,0,0,1,0,1,0,1,0,1,0,0,0,0,0,1,0,0,1,0
0,1,0,1.3006257436867283,1,1,0.5769794071428369,1.6067555592813736,1,0,0,1,0,0,0,0,0,0,0,0,1,0,0,0,0,0,0,0,1,0,1
1,1,0,0.4890266363982302,1,0,0.39035659677413354,0.6574941008728328,1,0,0,0,0,0,1,0,1,0,1,0,0,0,1,0,0,1,0,0,0,0,0
0,1,0,-0.9819967455621728,1,0,-1.7447938175063131,-1.0854400391139818,0,0,0,0,1,1,0,1,0,1,0,1,0,1,0,1,0,0,1,0,1,0,0
1,0,0,-0.322572470890268,1,1,0.5190220126183949,-0.028391754473551637,0,0,1,0,0,0,1,0,1,0,0,0,0,0,1,0,1,0,0,1,0,0,1
0,1,0,-0.06894774986261233,1,1,0.3022613570969815,0.07595179241946046,1,0,0,1,0,0,0,0,0,0,1,0,0,0,0,0,0,0,0,0,0,1,1
1,1,1,1.0977259668646038,1,0,-1.7447938175063131,-0.5977896102866387,0,0,0,0,1,1,0,1,0,1,0,1,0,1,0,1,0,0,0,0,1,0,0
0,0,0,0.18467697116504336,1,1,-1.7447938175063131,-0.8530283018384877,1,0,1,0,1,1,0,1,0,1,0,1,0,1,0,1,0,0,0,0,0,0,0
1,1,0,-0.6269221361234548,1,0,0.3497864206070236,-0.3940846916334032,1,0,0,1,0,0,0,0,0,0,1,0,0,0,1,0,0,1,0,0,1,0,1
0,1,1,-0.11967269406814346,1,0,0.7319188418381785,0.2353685725370826,0,0,1,1,0,0,0,0,1,0,0,0,0,0,1,0,1,0,1,1,0,0,0
0,1,0,1.4528005763033218,1,0,-0.2197415762531604,0.9964487236134711,1,0,1,0,0,0,0,0,1,0,1,0,0,0,0,0,0,0,1,0,1,0,0
0,1,0,-0.9312718013566417,1,1,0.38185617891054874,-0.6637056467925173,0,0,0,1,0,0,0,0,1,0,0,0,0,0,0,0,0,0,0,1,0,0,1
0,0,0,-0.1703976382736746,1,1,-1.5686033381520093,-0.8165949439176314,1,0,0,0,1,1,0,1,0,1,0,1,0,1,0,1,0,0,0,0,1,0,0
0,1,0,1.1484509110701349,1,0,0.08318240579459035,0.98750389181136,1,0,0,0,0,0,0,0,0,0,1,0,0,0,0,0,1,0,1,0,1,0,0
1,0,1,-1.2356214665898284,0,0,0.26207756356003475,-0.9552173946200236,1,1,0,1,0,0,0,0,0,0,0,0,0,0,0,0,1,0,0,0,0,1,1
0,1,0,-0.22112258247920574,0,1,0.4699514185877002,0.02943866704848342,0,1,0,0,0,0,1,0,1,0,0,0,0,0,1,0,1,0,0,0,0,0,0
1,1,0,1.1991758552756662,1,1,-0.4001822645392568,0.5938864080578216,0,0,0,0,0,0,0,0,0,0,0,0,0,0,1,0,0,1,0,0,0,1,0
0,0,0,-1.3370713550008908,1,0,0.7272822502762234,-1.0495965912474583,0,0,0,0,0,0,1,0,0,0,1,0,0,0,1,0,1,0,1,1,0,0,0
0,1,0,0.032502138548449945,1,0,-1.4801217158446942,-0.7157010884293045,0,0,0,0,1,1,0,1,0,1,0,1,0,1,0,1,0,0,0,0,0,1,0
0,0,0,1.0470010226590727,0,0,1.2693770803948385,1.928160357905612,0,1,0,1,0,0,0,0,1,0,1,0,1,0,0,0,1,0,0,1,0,0,0
0,0,0,-1.0834466339732352,1,1,0.12104790355055933,-0.8454684762508972,1,0,0,0,0,0,1,0,0,0,0,0,0,0,1,0,1,1,0,1,0,0,0
1,1,0,-0.018222805657081193,0,1,0.3231260191257803,0.1524541495742891,1,1,0,0,0,0,1,0,0,0,1,0,1,0,0,0,1,1,0,0,1,0,1
0,0,0,0.5904765248092925,1,0,-0.44345711911750685,0.18544422815626846,0,0,0,0,0,0,0,0,0,0,1,0,0,0,0,0,0,0,0,1,0,0,0
0,0,0,-1.0327216897677038,1,1,0.9073365559321567,-0.6784085136901808,0,0,0,1,0,0,1,0,0,0,0,0,0,0,1,0,1,0,0,0,1,0,1
0,1,0,2.1122248509752266,1,1,0.7180090671523124,2.5549974992264484,1,0,1,1,0,0,1,0,0,0,1,0,0,0,0,0,0,0,0,0,1,0,1
0,0,0,-0.37329741509579917,1,1,-0.034664296405108715,-0.28293794291814045,0,0,1,0,0,0,1,0,0,0,0,0,0,0,0,0,1,0,0,0,0,0,1
0,0,0,-0.8298219129455794,1,0,0.4629965312447674,-0.5377790863898957,1,0,0,1,0,0,1,0,1,0,0,0,0,0,0,0,0,0,0,0,0,1,1
0,1,0,2.1122248509752266,1,0,0.4347905992428721,2.2302584263820684,1,0,0,1,0,0,1,0,0,0,0,0,0,0,1,0,0,0,1,0,1,0,0
1,1,0,2.1122248509752266,1,1,-1.6910866319136635,-0.3242701191162819,1,0,0,0,1,1,0,1,0,1,0,1,0,1,0,1,0,0,1,0,1,0,0
0,0,0,-0.22112258247920574,1,0,-1.6617215520212796,-0.8865634060141439,1,0,1,0,1,1,0,1,0,1,0,1,0,1,0,1,0,0,0,0,0,1,0
0,0,0,0.3875767479871679,1,1,0.1562087228953874,0.4065130210174727,0,0,1,1,0,0,0,0,0,0,0,0,0,0,1,0,0,0,0,0,1,0,1
0,1,1,-0.9819967455621728,1,1,-0.15173823334448178,-0.8324070982000726,1,0,0,0,0,0,0,0,1,0,0,0,0,0,0,0,1,0,1,0,1,0,0
0,0,1,0.23540191537057448,1,1,-1.7370661649030543,-0.8273223300143566,1,0,0,0,1,1,0,1,0,1,0,1,0,1,0,1,0,0,0,0,0,1,0
0,1,1,0.3875767479871679,1,0,0.017883741297052082,0.32216229531369495,1,0,0,0,0,0,1,0,0,0,0,0,0,0,0,0,1,1,0,0,0,1,0
0,1,0,-1.1848965223842973,1,1,-1.7447938175063131,-1.1533694642835615,0,0,1,0,1,1,0,1,0,1,0,1,0,1,0,1,0,1,0,0,1,0,0
0,1,0,1.8078751857420399,1,1,-1.6257879674161253,-0.32527681344813236,0,0,1,0,1,1,0,1,0,1,0,1,0,1,0,1,0,0,0,0,1,0,0
0,0,0,0.6412014690148236,1,0,-1.5442612324517433,-0.5559701170870919,0,0,1,0,1,1,0,1,0,1,0,1,0,1,0,1,0,0,1,0,0,1,1
0,0,0,-0.5254722477123925,1,0,1.5634142619488414,0.1292104110204165,0,0,1,1,0,0,1,0,1,0,1,0,1,0,0,0,0,0,0,0,1,0,1
0,1,0,1.0470010226590727,0,1,-1.7447938175063131,-0.6163397166690809,0,1,0,0,1,1,0,1,0,1,0,1,0,1,0,1,0,1,0,0,0,1,0
1,1,0,-0.4747473035068614,1,1,0.771716252744962,-0.11654483520145247,1,0,0,1,0,0,0,0,0,0,1,0,0,0,0,0,1,0,0,0,1,0,1
0,0,0,-0.9819967455621728,1,1,-1.634674767909873,-1.0975524314252274,1,0,0,0,1,1,0,1,0,1,0,1,0,1,0,1,0,0,1,1,0,0,0
0,0,0,1.6557003531254464,1,0,0.6538695505452633,2.0085612510716837,1,0,1,1,0,0,1,0,0,0,0,0,0,0,0,0,1,1,0,0,0,1,0
0,1,0,-0.9819967455621728,1,1,0.04840796907992488,-0.7748331593103562,1,0,0,0,0,0,1,0,1,0,0,0,1,0,0,0,0,0,1,0,0,1,0
0,1,0,-1.1341715781787662,0,1,0.5236586041803498,-0.8369083683972639,0,1,0,1,0,0,1,0,0,0,0,0,1,0,0,0,0,0,0,0,1,0,1
0,0,1,1.3513506878922594,1,1,0.3938340404455996,1.4609131224792131,0,0,0,1,0,0,0,0,0,0,1,0,0,0,0,0,0,0,0,0,0,0,1
0,0,1,2.1122248509752266,1,1,-0.3754537762088282,1.2547459705557193,1,0,1,0,0,0,0,0,0,0,0,0,0,0,0,0,1,0,0,1,0,0,0
1,0,1,-0.22112258247920574,1,0,-1.5261012488340848,-0.8407620199478509,1,0,0,0,1,1,0,1,0,1,0,1,0,1,0,1,0,0,0,0,1,0,0
0,0,0,-0.2718475266847369,1,1,-0.2062181841974572,-0.2739674628527976,0,0,1,0,0,0,0,0,1,0,0,0,0,0,0,0,1,1,0,1,0,0,0
0,1,0,1.503525520508853,1,1,0.11486578146795176,1.3176483361318545,1,0,1,1,0,0,0,0,0,0,1,0,0,0,0,0,0,0,0,1,0,0,1
1,0,0,-0.677647080328986,1,1,-1.6651989956927462,-1.0099956728174673,0,0,0,0,1,1,0,1,0,1,0,1,0,1,0,1,0,0,0,0,1,0,1
0,0,1,-1.0834466339732352,1,1,-0.11194082243769816,-0.8567665362045312,0,0,1,0,0,0,0,0,0,0,0,0,1,0,1,0,0,0,0,0,0,0,0
0,1,0,2.1122248509752266,1,1,-1.6767904745976345,-0.31389539663899474,1,0,0,0,1,1,0,1,0,1,0,1,0,1,0,1,0,0,0,0,0,1,0
0,0,1,-0.018222805657081193,1,1,0.4231991203379838,0.19774898244175274,1,0,0,0,0,0,1,0,1,0,0,0,0,0,1,0,1,1,0,1,0,0,0
1,1,0,1.604975408919915,0,0,1.082367887395972,2.4255699508926782,1,1,0,1,0,0,0,0,1,0,1,0,0,0,0,0,1,1,0,0,0,1,1
0,1,0,2.1122248509752266,1,1,-0.45157115435092876,1.136417708135536,0,0,1,0,0,0,0,0,0,0,0,0,0,0,1,0,0,1,0,0,1,0,0
0,0,1,2.1122248509752266,1,1,0.7964447410753906,2.6496203543545858,1,0,0,1,0,0,1,0,1,0,1,0,0,0,0,0,0,1,0,1,0,0,0
0,0,0,2.1122248509752266,1,0,0.8833808328620538,2.742191348424175,1,0,1,1,0,0,1,0,0,0,1,0,1,0,0,0,0,0,0,0,0,0,0
0,0,0,0.5397515806037613,1,1,0.8064906894596275,0.9942109126464913,0,0,0,1,0,0,0,0,0,0,1,0,1,0,0,0,0,0,1,0,1,0,0
0,1,1,1.1484509110701349,1,0,-1.6937913103248041,-0.5921149320465898,0,0,0,0,1,1,0,1,0,1,0,1,0,1,0,1,0,1,0,1,0,0,1
0,1,1,0.4890266363982302,1,0,0.9579526804835029,1.0479183758540052,1,0,0,0,0,0,1,0,1,0,1,0,1,0,1,0,1,0,0,0,1,0,0
0,0,0,-0.8805468571511105,1,0,1.02711517128267,-0.495940356992925,0,0,1,1,0,0,0,0,0,0,1,0,1,0,0,0,1,1,0,0,1,0,0
0,1,1,-1.0327216897677038,1,1,0.17823253281467513,-0.7718900211045004,0,0,1,0,0,0,1,0,1,0,0,0,0,0,1,0,1,0,1,0,1,0,0
0,1,1,-0.22112258247920574,1,0,-1.7447938175063131,-0.9322814352249333,1,0,1,0,1,1,0,1,0,1,0,1,0,1,0,1,0,1,0,0,1,0,0
0,0,0,-1.489246187617484,1,0,0.1395942697983804,-1.2112383582004442,1,0,0,0,0,0,0,0,0,0,1,0,0,0,1,0,1,1,0,0,1,0,1
0,1,0,-0.2718475266847369,0,1,-1.582899495468038,-0.8691867076745591,1,1,0,0,1,1,0,1,0,1,0,1,0,1,0,1,0,0,0,0,1,0,0
0,0,1,1.7571502415365088,1,1,1.0939593663008602,2.584505826074703,0,0,0,1,0,0,0,0,1,0,1,0,0,0,1,0,0,0,0,1,0,0,1
0,0,1,0.43830169219269904,1,0,0.4228127377078207,0.6308199071116991,1,0,0,1,0,0,0,0,0,0,0,0,0,0,0,0,1,1,0,0,1,0,1
0,0,1,-0.018222805657081193,1,0,-1.6107190448397704,-0.8089261132113054,0,0,0,0,1,1,0,1,0,1,0,1,0,1,0,1,0,0,1,1,0,0,0
1,0,0,-0.11967269406814346,1,0,0.7643749827718661,0.2582724716031332,0,0,1,1,0,0,0,0,0,0,0,0,0,0,1,0,1,0,0,0,1,0,1
0,0,0,-0.322572470890268,1,1,1.22107925162447,0.2187292617654139,0,0,1,1,0,0,0,0,1,0,1,0,0,0,1,0,1,1,0,0,1,0,1
0,1,0,-1.0327216897677038,1,1,0.08163687527393833,-0.8028731230885865,1,0,1,0,0,0,0,0,0,0,0,0,0,0,1,0,1,0,0,0,0,0,1
0,1,0,-1.489246187617484,1,1,1.5672780882504704,-1.1760232927831014,0,0,0,1,0,0,1,0,1,0,0,0,1,0,1,0,1,0,0,0,0,1,1
1,0,1,-0.1703976382736746,1,1,-0.7436764227541169,-0.4797947752884694,0,0,0,0,0,0,0,0,0,0,0,0,0,0,0,0,0,1,0,0,0,0,0
0,1,0,-1.3370713550008908,1,1,0.8601978750522772,-1.0176324431947534,0,0,1,0,0,0,1,0,1,0,1,0,1,0,1,0,0,0,1,0,1,0,0
0,1,1,-0.37329741509579917,1,0,-1.6536075167878577,-0.9056521259244552,1,0,0,0,1,1,0,1,0,1,0,1,0,1,0,1,0,0,0,1,0,0,0
0,0,0,-0.8805468571511105,1,1,0.3447634464149055,-0.6406286219496519,0,0,0,0,0,0,0,0,0,0,1,0,1,0,1,0,1,0,0,0,0,1,1
0,0,1,2.1122248509752266,0,1,0.3992433972678809,2.172485713452305,1,1,0,1,0,0,0,0,0,0,0,0,0,0,0,0,1,1,0,0,0,1,0
1,0,0,2.1122248509752266,1,0,0.9799764904027907,2.883404273712985,0,0,1,1,0,0,1,0,0,0,0,0,0,0,1,0,0,1,0,0,0,1,0
0,1,0,-0.7790969687400482,1,1,-1.563193981329728,-1.0116179254668825,0,0,1,0,1,1,0,1,0,1,0,1,0,1,0,1,0,1,0,0,0,1,0
1,1,0,0.5904765248092925,1,0,1.022092197090552,1.1852520013289962,0,0,1,1,0,0,1,0,1,0,0,0,0,0,1,0,1,0,0,1,0,0,0
0,0,0,-0.9819967455621728,1,0,0.8370149172425001,-0.6645776877424007,0,0,1,1,0,0,0,0,0,0,1,0,0,0,1,0,1,0,1,1,0,0,0
0,1,0,1.604975408919915,1,1,0.6013215128431024,1.8796594921341663,1,0,1,1,0,0,0,0,1,0,0,0,0,0,0,0,1,0,0,0,0,1,1
1,1,0,-0.5761971919179237,1,1,1.5464134262216718,0.028842344928342648,1,0,0,1,0,0,1,0,1,0,0,0,1,0,1,0,1,0,1,0,0,0,1
0,0,1,-0.5254722477123925,1,0,0.8115136636517457,-0.16850180444339166,1,0,1,1,0,0,0,0,0,0,0,0,0,0,1,0,1,0,1,0,0,1,0
0,0,1,0.8948261900424792,1,0,-0.5137787578071632,0.3270995859858278,0,0,0,0,0,0,0,0,1,0,0,0,0,0,0,0,0,0,0,0,1,0,0
0,0,1,-1.387796299206422,1,0,-1.7447938175063131,-1.1866224375636671,1,0,0,0,1,1,0,1,0,1,0,1,0,1,0,1,0,0,1,0,1,0,0
1,1,0,0.13395202695951222,0,1,-1.7447938175063131,-0.8662115091396635,0,1,0,0,1,1,0,1,0,1,0,1,0,1,0,1,0,0,0,0,1,0,1
0,0,0,1.604975408919915,1,1,0.6252772359132054,1.9544305915208442,1,0,0,1,0,0,0,0,0,0,1,0,1,0,0,0,0,0,0,0,0,0,1
0,1,0,-1.0327216897677038,1,0,0.8938131638764538,-0.6770427436730844,1,0,1,1,0,0,1,0,0,0,0,0,0,0,0,0,1,1,0,0,0,0,1
0,0,0,1.0977259668646038,1,0,-1.6505164557465537,-0.5624078311582886,0,0,0,0,1,1,0,1,0,1,0,1,0,1,0,1,0,0,0,1,0,0,0
0,1,0,-1.1341715781787662,1,0,-0.6698773403929938,-0.9743189386619509,1,0,0,0,0,0,0,0,0,0,0,0,0,0,0,0,0,0,0,1,0,0,1
0,1,0,-0.7790969687400482,1,1,-1.648584542595739,-1.01134220663714,1,0,0,0,1,1,0,1,0,1,0,1,0,1,0,1,0,0,1,0,0,1,0
0,0,1,-1.0327216897677038,1,0,0.6681657078612925,-0.7150085853220441,0,0,0,1,0,0,0,0,1,0,0,0,0,0,1,0,0,0,0,0,0,1,1
0,0,1,-1.3370713550008908,1,0,0.7601247738400737,-1.0137467313151267,0,0,0,1,0,0,0,0,1,0,0,0,0,0,0,0,1,0,0,0,1,0,1
0,1,1,-0.6269221361234548,1,0,0.5302271088931201,-0.34840513481746155,0,0,0,1,0,0,0,0,1,0,0,0,0,0,1,0,0,0,1,0,1,0,0
0,0,0,0.43830169219269904,0,1,1.2647404888328828,1.1564425896538102,0,1,0,1,0,0,0,0,1,0,1,0,0,0,1,0,1,0,0,0,1,0,1
0,1,0,-0.2718475266847369,1,1,0.6009351302129393,0.018044426107729886,1,0,1,0,0,0,0,0,0,0,1,0,1,0,1,0,1,0,0,0,1,0,0
0,0,0,-0.9819967455621728,1,1,-0.16989821696214025,-0.8016163581902254,0,0,1,0,0,0,1,0,1,0,0,0,0,0,0,0,0,1,0,0,1,0,1
0,1,0,-0.2718475266847369,1,0,0.678984421505855,0.10194630720494995,1,0,0,1,0,0,1,0,0,0,0,0,1,0,0,0,1,0,1,0,1,0,0
0,0,0,1.2499007994811973,1,1,-1.6910866319136635,-0.5107714652067477,0,0,0,0,1,1,0,1,0,1,0,1,0,1,0,1,0,0,0,0,1,0,0
0,1,1,-0.018222805657081193,1,0,1.3478127543179168,0.6840144050545756,1,0,1,1,0,0,0,0,0,0,1,0,1,0,1,0,1,0,1,0,0,1,0
0,1,0,0.032502138548449945,1,0,-0.544302985590036,-0.265144460301038,1,0,0,0,0,0,0,0,1,0,0,0,0,0,1,0,0,0,0,0,0,1,0
0,1,0,-0.4747473035068614,1,0,0.06927263110872428,-0.3371647834560992,1,0,0,0,0,0,1,0,1,0,0,0,0,0,0,0,1,0,0,0,1,0,1
0,1,0,-0.4240223593013303,1,1,0.7964447410753906,-0.04699315738245768,1,0,0,1,0,0,0,0,1,0,0,0,0,0,0,0,0,0,1,0,1,0,0
0,1,0,-0.5761971919179237,1,1,-1.7447938175063131,-1.0259360684160679,1,0,1,0,1,1,0,1,0,1,0,1,0,1,0,1,0,1,0,0,1,0,0
0,1,0,0.6919264132203548,1,0,-1.7223836249568623,-0.7087888814883182,1,0,0,0,1,1,0,1,0,1,0,1,0,1,0,1,0,1,0,0,1,0,0
0,0,1,0.9962760784535415,1,1,-0.5470076640011766,0.33273579183102886,1,0,0,0,0,0,0,0,0,0,0,0,0,0,0,0,1,0,0,0,0,0,0
0,1,1,-0.1703976382736746,1,1,0.08240964053426461,-0.07954080342368727,1,0,0,0,0,0,0,0,0,0,0,0,1,0,1,0,0,1,0,0,0,1,1
0,0,1,0.2861268595761056,1,1,1.317674909165207,1.0235717619811624,0,0,0,1,0,0,1,0,1,0,0,0,0,0,1,0,1,1,0,0,0,0,0
1,0,1,-0.7790969687400482,1,0,-1.4913268121194199,-1.0088415009720335,0,0,1,0,1,1,0,1,0,1,0,1,0,1,0,1,0,0,0,0,1,0,0
0,1,1,-0.018222805657081193,1,0,-1.6972687539962708,-0.8437821029434024,1,0,0,0,1,1,0,1,0,1,0,1,0,1,0,1,0,0,0,1,0,0,0
0,1,0,1.604975408919915,1,1,0.3876519183629926,1.6959730429333968,0,0,1,1,0,0,0,0,0,0,0,0,0,0,1,0,0,0,0,0,1,0,0
0,1,0,-1.1848965223842973,1,0,1.5645734098393302,-0.7726466448698402,0,0,0,1,0,0,1,0,1,0,0,0,0,0,1,0,1,0,1,0,0,1,1
0,0,0,0.6412014690148236,1,1,-0.3383610437131852,0.2557140573457551,0,0,1,0,0,0,0,0,0,0,0,0,0,0,0,0,1,0,1,1,0,0,0
0,1,0,1.1484509110701349,1,0,0.8922676333558017,1.6714404791521231,0,0,0,1,0,0,1,0,1,0,0,0,0,0,0,0,1,0,0,0,1,0,1
0,0,0,-0.7790969687400482,1,1,0.5205675431390464,-0.46983683708870005,0,0,0,0,0,0,1,0,1,0,0,0,1,0,1,0,1,1,0,0,1,0,1
0,0,1,-1.1341715781787662,1,0,1.06768534744978,-0.7467226628082384,0,0,1,1,0,0,0,0,0,0,0,0,0,0,1,0,1,0,0,0,0,1,0
0,1,0,-0.22112258247920574,1,0,1.2415575310231064,0.3669377508507135,0,0,0,1,0,0,1,0,0,0,0,0,1,0,1,0,1,0,0,0,0,1,1
0,1,0,-1.2356214665898284,1,0,-1.7343614864919135,-1.1757732222165906,0,0,1,0,1,1,0,1,0,1,0,1,0,1,0,1,0,0,0,0,1,0,0
0,0,1,-1.2356214665898284,1,1,0.37876511786924466,-0.977935343777643,0,0,1,1,0,0,0,0,0,0,1,0,0,0,0,0,0,1,0,0,0,1,0
0,0,0,0.13395202695951222,1,0,-0.04625577530999703,0.06733397597355566,1,0,1,0,0,0,0,0,0,0,0,0,1,0,0,0,1,0,0,1,0,0,0
1,1,0,-0.6269221361234548,0,1,0.9652939504565988,-0.1991578910712716,1,1,0,1,0,0,0,0,0,0,1,0,1,0,0,0,1,0,0,0,1,0,1
0,1,0,-0.11967269406814346,1,0,-0.6130790937590407,-0.38483208067250985,0,0,0,0,0,0,0,0,0,0,0,0,0,0,0,0,0,0,0,1,0,0,0
0,1,0,-0.322572470890268,1,1,-1.7324295733410988,-0.9612639726769344,0,0,0,0,1,1,0,1,0,1,0,1,0,1,0,1,0,0,0,1,0,0,0
0,0,1,0.2861268595761056,0,1,0.7064175882474241,0.6652783487637024,1,1,0,1,0,0,1,0,0,0,1,0,0,0,1,0,0,0,0,0,0,0,1
0,0,0,-0.5761971919179237,0,1,0.02908883757177752,-0.4296395965385683,0,1,0,0,0,0,1,0,0,0,0,0,1,0,0,0,0,0,0,0,0,0,1
0,0,0,-0.7790969687400482,1,1,0.517862864727906,-0.507988628646091,0,0,0,1,0,0,1,0,0,0,0,0,0,0,0,0,1,0,0,1,0,0,1
0,1,0,-0.06894774986261233,1,1,0.7230320413444311,0.3043944609598243,0,0,1,1,0,0,0,0,1,0,0,0,0,0,1,0,1,0,0,0,1,0,1
1,1,0,0.8948261900424792,1,0,-1.7339751038617506,-0.6584798131590259,0,0,1,0,1,1,0,1,0,1,0,1,0,1,0,1,0,0,0,1,0,0,0
0,1,1,1.0470010226590727,1,0,0.5147718036866025,1.2595486078458848,1,0,0,1,0,0,0,0,1,0,0,0,0,0,1,0,0,1,0,0,0,1,0
0,1,0,-1.1848965223842973,1,0,0.2856469039999745,-0.9431370626378177,0,0,0,0,0,0,0,0,1,0,1,0,1,0,0,0,1,0,0,1,0,0,0
0,0,1,-1.438521243411953,1,0,-1.7440210522459871,-1.2048134682608636,1,0,1,0,1,1,0,1,0,1,0,1,0,1,0,1,0,0,0,0,0,0,0
0,0,0,-0.9819967455621728,1,0,-1.5801948170568976,-1.0689161455268563,1,0,1,0,1,1,0,1,0,1,0,1,0,1,0,1,0,0,0,0,0,1,0
0,1,1,-1.2863464107953595,1,1,0.8289008820090784,-0.9707730662701464,1,0,1,1,0,0,1,0,0,0,0,0,0,0,1,0,1,1,0,0,0,1,1
0,1,1,0.13395202695951222,1,0,0.9749535162106725,0.656186039448008,1,0,0,1,0,0,1,0,0,0,1,0,1,0,0,0,1,0,1,1,0,0,0
1,1,1,0.23540191537057448,1,0,0.8462881003664111,0.694857208335844,1,0,0,1,0,0,0,0,0,0,1,0,0,0,1,0,0,0,0,1,0,0,1
1,0,0,-0.018222805657081193,1,0,0.6009351302129393,0.2784640668324144,1,0,0,1,0,0,0,0,1,0,0,0,0,0,1,0,0,0,0,0,1,0,1
0,0,1,0.6919264132203548,1,1,-1.7034508760788778,-0.6675272380140644,1,0,0,0,1,1,0,1,0,1,0,1,0,1,0,1,0,0,1,0,0,0,0
0,1,0,1.858600129947571,1,1,0.3664008737040306,1.9145347180636867,1,0,1,0,0,0,1,0,0,0,1,0,0,0,1,0,1,0,0,0,0,1,1
0,0,0,-0.677647080328986,1,0,0.5561147451140376,-0.37366867410084315,0,0,0,0,0,0,0,0,1,0,1,0,1,0,1,0,1,0,0,0,1,0,1
0,0,1,0.6919264132203548,1,0,-0.04007365322739,0.5281434973287578,0,0,0,0,0,0,0,0,1,0,0,0,0,0,1,0,0,0,0,0,0,1,0
0,1,1,-0.2718475266847369,1,1,0.36678725633419373,-0.06839022098363633,0,0,1,1,0,0,0,0,0,0,0,0,0,0,0,0,1,0,0,1,0,0,1
1,0,0,0.8441012458369481,1,1,1.1152104109598222,1.5568760993612152,1,0,1,1,0,0,1,0,0,0,1,0,0,0,1,0,1,0,1,0,0,0,0
0,0,1,-0.1703976382736746,1,1,-1.4994408473528416,-0.7820467333443166,1,0,0,0,1,1,0,1,0,1,0,1,0,1,0,1,0,0,1,0,1,0,0
0,1,0,1.1991758552756662,1,0,1.1128921151788445,1.969761840867688,0,0,1,1,0,0,0,0,1,0,1,0,0,0,1,0,0,0,1,0,0,0,0
0,1,0,-0.5761971919179237,1,1,0.05845391746416171,-0.43122978885894364,0,0,0,1,0,0,0,0,0,0,0,0,0,0,0,0,0,0,0,1,0,0,1
0,0,0,-1.1848965223842973,1,1,0.0032012013508602648,-0.9401746882345381,0,0,0,0,0,0,0,0,0,0,1,0,0,0,1,0,1,0,0,1,0,0,0
0,1,1,0.4890266363982302,1,0,0.4714969491083522,0.7240321077620842,1,0,1,1,0,0,0,0,0,0,1,0,0,0,0,0,0,0,0,0,1,0,1
0,0,0,1.0470010226590727,1,1,0.255122676217102,1.0765161893575284,1,0,0,0,0,0,0,0,1,0,1,0,0,0,1,0,0,0,0,0,0,0,1
0,0,0,0.4890266363982302,1,1,0.5085896816039949,0.7101563973536482,1,0,0,1,0,0,0,0,1,0,0,0,1,0,0,0,0,0,1,1,0,0,0
0,0,1,-0.018222805657081193,1,1,0.8559476661204848,0.40545503015915846,0,0,1,1,0,0,1,0,0,0,0,0,1,0,1,0,0,1,0,0,0,1,0
0,1,0,0.2861268595761056,1,1,0.8130591941723977,0.7179085849154778,1,0,0,0,0,0,0,0,1,0,1,0,1,0,1,0,1,1,0,0,0,1,0
0,0,0,0.9455511342480104,1,0,0.6190951138305983,1.2542009449620424,0,0,0,1,0,0,0,0,0,0,0,0,1,0,0,0,1,0,0,0,0,0,1
0,1,0,-0.7790969687400482,1,0,-1.6489709252259024,-1.0339319144786001,0,0,0,0,1,1,0,1,0,1,0,1,0,1,0,1,0,0,0,0,1,0,0
0,0,0,-1.3370713550008908,1,1,0.6735750646835738,-1.0346308296516682,1,0,0,1,0,0,0,0,1,0,0,0,0,0,1,0,0,0,0,0,0,0,1
1,1,1,-0.4747473035068614,1,1,-0.19230840951159112,-0.4425150246809617,1,0,0,0,0,0,0,0,0,0,1,0,0,0,0,0,0,0,0,1,0,0,0
1,0,0,-0.9819967455621728,1,1,-0.14980632019366688,-0.8332534908867241,0,0,1,0,0,0,0,0,0,0,1,0,0,0,1,0,0,0,0,0,0,0,1
0,0,0,1.604975408919915,1,0,0.22421206580406577,1.5196091728853234,1,0,1,0,0,0,0,0,0,0,1,0,1,0,0,0,1,1,0,0,1,0,0
0,0,1,0.23540191537057448,1,1,0.8316055604202193,0.6833283140131234,1,0,0,1,0,0,1,0,0,0,1,0,0,0,1,0,0,0,1,0,1,0,0
0,0,0,0.2861268595761056,1,1,-1.5886952349204824,-0.6864171838843289,0,0,0,0,1,1,0,1,0,1,0,1,0,1,0,1,0,0,0,0,1,0,0
0,0,0,-0.6269221361234548,1,0,-0.192694792141754,-0.5452491430561747,0,0,0,0,0,0,1,0,0,0,1,0,0,0,0,0,0,0,1,0,1,0,0
0,1,0,2.1122248509752266,1,1,-1.6315837068685695,-0.2437602208314751,0,0,0,0,1,1,0,1,0,1,0,1,0,1,0,1,0,0,0,0,1,0,0
0,0,0,-0.322572470890268,1,0,-1.4731668285017612,-0.8416276488319262,0,0,0,0,1,1,0,1,0,1,0,1,0,1,0,1,0,1,0,0,0,1,0
0,0,1,-0.06894774986261233,1,1,0.6187087312004352,0.24778874400711073,1,0,0,1,0,0,0,0,0,0,1,0,1,0,0,0,0,0,0,1,0,0,0
1,1,0,0.5397515806037613,1,0,1.2639677235725573,1.2868704202536232,0,0,1,1,0,0,1,0,0,0,1,0,1,0,0,0,0,0,1,0,1,0,0
1,0,0,-1.5399711318230154,1,0,0.7581928606892592,-1.2318018532465875,0,0,0,1,0,0,0,0,0,0,0,0,0,0,1,0,1,1,0,1,0,0,1
0,0,0,-1.0327216897677038,1,1,0.31346645337170664,-0.7595788547532079,0,0,1,0,0,0,0,0,1,0,0,0,0,0,1,0,1,0,0,0,0,1,0
0,0,1,-0.37329741509579917,1,1,0.3853336225820148,-0.1442193112286287,0,0,1,1,0,0,0,0,0,0,1,0,1,0,0,0,0,0,1,0,0,1,0
0,0,1,0.7426513574258858,1,1,0.1562087228953874,0.7011602690250737,1,0,1,0,0,0,1,0,1,0,1,0,0,0,0,0,0,0,1,0,0,0,0
1,0,0,-1.2863464107953595,1,0,-1.611878192730259,-1.173336637209564,1,0,0,0,1,1,0,1,0,1,0,1,0,1,0,1,0,1,0,0,1,0,0
0,1,0,1.4528005763033218,1,1,-0.26649387450287704,0.8972412414326388,0,0,0,0,0,0,0,0,0,0,0,0,1,0,1,0,0,0,1,0,0,0,0
0,1,0,2.1122248509752266,1,0,-0.18805820057979872,1.4928772705319182,0,0,1,0,0,0,0,0,0,0,0,0,1,0,0,0,0,0,1,1,0,0,0
0,0,0,-0.2718475266847369,1,1,0.3814697962803856,-0.05066727109042155,1,0,0,1,0,0,0,0,0,0,1,0,0,0,1,0,0,1,0,1,0,0,0
0,1,0,-0.4240223593013303,1,0,1.3188340570556958,0.12663917263142274,1,0,1,1,0,0,0,0,1,0,1,0,1,0,0,0,1,0,0,0,0,0,1
0,1,0,-0.5761971919179237,1,1,-1.6995870497772483,-0.985597762418161,0,0,0,0,1,1,0,1,0,1,0,1,0,1,0,1,0,1,0,0,0,1,0
0,1,0,-0.11967269406814346,1,1,0.347854507456209,0.0662823971810495,0,0,0,1,0,0,0,0,0,0,0,0,1,0,1,0,0,0,0,0,0,0,1
0,0,0,-1.1848965223842973,0,0,1.0730947042720613,-0.8303295888782921,1,1,0,1,0,0,1,0,1,0,0,0,0,0,1,0,0,1,0,0,1,0,1
0,1,0,2.1122248509752266,0,1,-1.7447938175063131,-0.37042416880201295,0,1,0,0,1,1,0,1,0,1,0,1,0,1,0,1,0,0,1,1,0,0,0
0,0,0,-1.1341715781787662,1,1,-1.731656808080773,-1.1445400496659939,1,0,1,0,1,1,0,1,0,1,0,1,0,1,0,1,0,1,0,1,0,0,0
0,1,1,0.7426513574258858,1,1,1.3617225290037829,1.6394827431652264,0,0,0,1,0,0,1,0,0,0,0,0,1,0,1,0,1,0,0,0,1,0,1
0,0,1,-0.8298219129455794,1,0,0.24198566679156164,-0.598276927288044,1,0,0,0,0,0,0,0,1,0,0,0,0,0,1,0,1,0,0,0,0,0,1
0,0,1,-1.0327216897677038,1,0,0.9305195137419333,-0.6577873100517658,1,0,0,1,0,0,0,0,1,0,1,0,0,0,0,0,0,1,0,0,0,1,1
0,1,1,-0.8805468571511105,1,1,-1.63428838527971,-1.0599200171982817,0,0,0,0,1,1,0,1,0,1,0,1,0,1,0,1,0,1,0,0,0,1,0
0,1,0,-0.4240223593013303,1,1,-0.24562921247407793,-0.42042545797252273,0,0,0,0,0,0,1,0,0,0,0,0,0,0,1,0,0,1,0,0,0,0,0
0,0,0,2.1122248509752266,1,1,0.26207756356003475,2.0119339976866732,1,0,0,0,0,0,1,0,0,0,0,0,1,0,1,0,0,1,0,0,1,0,0
1,1,1,-0.06894774986261233,1,1,-0.45350306750174335,-0.27046006285584084,0,0,0,0,0,0,0,0,0,0,0,0,1,0,0,0,0,0,0,0,1,0,1
0,0,0,-0.9312718013566417,1,1,0.7925809147737615,-0.5928202592854659,1,0,0,1,0,0,1,0,0,0,1,0,0,0,1,0,0,0,0,0,0,0,1
1,0,0,2.1122248509752266,1,1,0.5843206771159328,2.409911686189628,0,0,1,1,0,0,0,0,0,0,0,0,1,0,1,0,0,1,0,0,1,0,0
0,0,1,1.554250464714384,1,1,0.27907839928720435,1.5086445403537039,0,0,0,0,0,0,1,0,1,0,0,0,0,0,0,0,1,0,0,0,1,0,1
0,0,0,-0.5254722477123925,1,1,0.00011014030955647847,-0.4064792148401992,1,0,0,0,0,0,1,0,0,0,0,0,1,0,0,0,1,0,0,0,1,0,0
0,1,0,-0.7790969687400482,1,1,-1.7173606507647439,-1.0492054552331724,0,0,0,0,1,1,0,1,0,1,0,1,0,1,0,1,0,1,0,0,1,0,0
0,0,0,-0.018222805657081193,1,0,0.874880414998469,0.4177020758523713,1,0,0,1,0,0,0,0,0,0,1,0,0,0,1,0,1,0,1,0,1,0,0
1,0,0,-1.1341715781787662,1,0,-1.6713811177753533,-1.14779737909644,0,0,0,0,1,1,0,1,0,1,0,1,0,1,0,1,0,0,0,0,0,1,0
0,1,1,0.33685180378163676,1,1,0.9664530983470877,0.8914639701396626,0,0,0,1,0,0,1,0,1,0,0,0,0,0,1,0,1,0,0,1,0,0,1
0,1,0,-1.438521243411953,1,0,-0.3205874427256896,-1.1833073995409493,1,0,1,0,0,0,1,0,0,0,0,0,0,0,0,0,1,1,0,0,0,1,1
0,0,1,-1.2863464107953595,1,1,0.6268227664338568,-0.9518959445314977,0,0,0,1,0,0,0,0,0,0,0,0,0,0,0,0,1,1,0,0,1,0,1
1,1,0,-0.2718475266847369,1,1,0.7620566869908884,0.12106708744430125,0,0,1,1,0,0,0,0,0,0,0,0,0,0,1,0,1,1,0,0,0,0,1
0,1,0,-0.2718475266847369,1,0,0.7632158348813772,0.14426594153751798,0,0,1,1,0,0,0,0,1,0,1,0,0,0,0,0,0,0,1,1,0,0,0
0,1,0,1.3513506878922594,1,1,0.4811565148624259,1.5471682317279567,1,0,1,1,0,0,0,0,0,0,0,0,0,0,1,0,0,0,0,0,1,0,1
1,0,0,0.18467697116504336,1,0,0.6623699684088481,0.501501363896664,1,0,0,1,0,0,0,0,1,0,1,0,0,0,0,0,0,1,0,0,1,0,0
0,0,0,1.6557003531254464,1,1,0.16239084497799441,1.4925887275705598,1,0,0,1,0,0,0,0,1,0,0,0,0,0,0,0,0,0,0,0,1,0,1
0,0,1,-1.2356214665898284,0,0,1.7658787601542254,-0.7814311750267521,0,1,0,1,0,0,1,0,1,0,1,0,1,0,1,0,1,0,0,1,0,0,1
0,0,0,-0.5254722477123925,1,1,-1.633515620019384,-0.9715809865619499,0,0,1,0,1,1,0,1,0,1,0,1,0,1,0,1,0,0,0,1,0,0,0
0,0,0,-1.387796299206422,1,0,0.282555842958671,-1.1015792087526293,1,0,0,1,0,0,0,0,0,0,0,0,0,0,1,0,0,1,0,1,0,0,1
0,1,1,-0.1703976382736746,1,1,1.389155695745352,0.49792343117581966,0,0,0,1,0,0,0,0,1,0,1,0,1,0,1,0,1,0,0,1,0,0,1
0,0,1,0.5397515806037613,0,1,0.3107617749605663,0.6420666705388695,1,1,0,1,0,0,0,0,1,0,0,0,0,0,0,0,0,1,0,1,0,0,0
0,1,1,1.8078751857420399,1,1,0.7211001281936159,2.2388121221698936,1,0,1,1,0,0,0,0,1,0,1,0,0,0,1,0,0,0,0,0,0,0,0
0,0,1,-1.1341715781787662,1,0,-1.7270202165188175,-1.131741566313296,1,0,0,0,1,1,0,1,0,1,0,1,0,1,0,1,0,0,0,1,0,0,0
0,1,1,0.4890266363982302,1,1,-1.703064493448715,-0.7292818438105739,0,0,1,0,1,1,0,1,0,1,0,1,0,1,0,1,0,0,0,1,0,0,0
0,0,0,-0.37329741509579917,1,1,0.8725621192174913,0.06913576646559388,0,0,0,1,0,0,0,0,1,0,0,0,0,0,1,0,1,1,0,1,0,0,1
1,0,1,1.6557003531254464,1,0,0.055749239053020795,1.399851019789964,1,0,0,0,0,0,1,0,1,0,0,0,0,0,0,0,1,0,1,0,1,0,0
1,0,0,0.7426513574258858,1,0,-0.19964967948468704,0.47503876830719305,0,0,1,0,0,0,0,0,0,0,0,0,1,0,0,0,1,0,0,0,1,0,0
0,1,1,2.0107749625641644,1,1,1.7546736638794997,3.6539935183825842,1,0,0,1,0,0,0,0,1,0,1,0,1,0,1,0,1,0,0,0,1,0,1
0,1,0,-0.018222805657081193,1,0,0.6225725575020644,0.305356270831019,0,0,1,0,0,0,0,0,1,0,1,0,1,0,0,0,1,0,0,0,0,1,1
1,0,0,-0.8298219129455794,1,1,0.9054046427813421,-0.4665282111317901,1,0,1,0,0,0,0,0,1,0,1,0,1,0,1,0,1,0,1,0,0,0,0
0,0,0,-0.322572470890268,1,0,-0.5555080818647614,-0.4522870129723002,1,0,1,0,0,0,0,0,0,0,0,0,0,0,0,0,0,0,1,0,1,0,0
0,0,1,-0.8805468571511105,1,0,-1.5898543828109712,-1.0658383539390333,1,0,1,0,1,1,0,1,0,1,0,1,0,1,0,1,0,1,0,0,0,1,0
0,0,0,-1.489246187617484,0,0,-1.7332023386014246,-1.2187597113931872,1,1,0,0,1,1,0,1,0,1,0,1,0,1,0,1,0,1,0,1,0,0,0
0,0,1,-1.489246187617484,1,0,0.7319188418381785,-1.1565434368585041,0,0,1,1,0,0,1,0,0,0,1,0,0,0,1,0,0,1,0,0,1,0,1
0,1,1,-0.2718475266847369,0,0,1.111346584658193,0.2752708580600479,0,1,0,1,0,0,1,0,0,0,1,0,0,0,1,0,1,0,0,0,0,1,0
0,0,0,0.2861268595761056,1,1,1.3354485101527023,1.024623340773669,1,0,0,1,0,0,0,0,1,0,1,0,0,0,1,0,0,0,0,0,1,0,1
0,1,1,-0.7790969687400482,1,1,0.9142914432750895,-0.39451430004253685,0,0,1,1,0,0,0,0,0,0,1,0,0,0,1,0,1,1,0,0,1,0,1
0,0,0,-0.5254722477123925,1,1,-0.5149379056976521,-0.5787457748369831,1,0,1,0,0,0,0,0,0,0,0,0,0,0,1,0,0,0,0,0,0,1,1
0,1,1,-0.5254722477123925,1,1,0.036043724914710834,-0.39248808724721995,1,0,1,0,0,0,1,0,0,0,1,0,1,0,0,0,0,0,0,0,0,1,0
0,1,1,1.4020756320977905,1,1,-0.2158777499515309,0.9075261949886144,0,0,0,0,0,0,0,0,1,0,0,0,1,0,0,0,0,0,1,0,1,0,0
0,1,1,1.4528005763033218,0,1,-1.7447938175063131,-0.5476472556683535,1,1,0,0,1,1,0,1,0,1,0,1,0,1,0,1,0,0,0,0,1,0,1
0,1,0,-1.0327216897677038,1,0,-1.6628806999117685,-1.1186673641308555,1,0,0,0,1,1,0,1,0,1,0,1,0,1,0,1,0,0,1,1,0,0,0
0,0,0,0.8441012458369481,1,1,-0.21703689784201977,0.5041880194702013,1,0,0,0,0,0,0,0,0,0,0,0,1,0,0,0,1,1,0,0,0,0,0
0,0,1,-0.9819967455621728,1,1,1.7732200301273213,-0.4304667530277958,1,0,0,1,0,0,1,0,0,0,0,0,1,0,1,0,1,0,1,0,1,0,0
0,1,1,0.2861268595761056,1,1,0.33046728909887624,0.4370921628556569,1,0,1,0,0,0,0,0,0,0,0,0,1,0,1,0,1,0,1,0,1,0,0
0,0,0,0.793376301631417,0,1,-1.7181334160250696,-0.6753884306946294,0,1,0,0,1,1,0,1,0,1,0,1,0,1,0,1,0,0,0,0,0,0,0
0,1,0,-1.2356214665898284,1,1,0.7813758184990357,-0.900201869987685,0,0,1,1,0,0,0,0,0,0,1,0,1,0,0,0,0,0,0,0,1,0,1
0,0,0,0.13395202695951222,1,0,-0.013026869115983584,0.10631292402017398,1,0,1,0,0,0,1,0,0,0,0,0,0,0,1,0,1,0,1,1,0,0,0
1,0,0,0.08322708275398108,1,0,-0.39361375982648666,-0.12498311380473412,0,0,0,0,0,0,1,0,0,0,0,0,0,0,0,0,0,0,0,0,0,0,1
1,0,1,-0.4240223593013303,1,0,0.6453691326816785,-0.11485204982814969,0,0,1,1,0,0,0,0,0,0,1,0,0,0,1,0,0,0,0,0,0,1,1
0,0,1,0.18467697116504336,0,1,0.5271360478518166,0.4390799032561262,1,1,0,1,0,0,0,0,1,0,0,0,0,0,1,0,0,0,1,0,1,0,0
0,1,0,-1.0327216897677038,1,0,1.3555404069211754,-0.6073371762746983,1,0,0,1,0,0,1,0,0,0,0,0,0,0,1,0,1,0,0,0,1,0,1
0,1,0,0.4890266363982302,1,1,-0.049733218981463684,0.3416229150408682,1,0,1,0,0,0,1,0,0,0,0,0,0,0,1,0,1,0,0,0,0,0,1
0,0,0,-1.1848965223842973,1,0,0.3107617749605663,-0.8766567643408383,1,0,1,0,0,0,0,0,1,0,1,0,1,0,0,0,1,0,0,0,0,0,0
0,0,0,0.9455511342480104,1,0,1.1279610377551994,1.6959281584727413,0,0,1,1,0,0,0,0,1,0,1,0,0,0,1,0,0,0,0,0,0,0,0
1,0,0,-0.9312718013566417,1,1,0.42938124242059084,-0.6690276614131283,1,0,0,1,0,0,1,0,0,0,0,0,0,0,0,0,1,0,0,0,1,0,1
0,1,0,-1.438521243411953,1,0,-1.7447938175063131,-1.1731699234985569,0,0,0,0,1,1,0,1,0,1,0,1,0,1,0,1,0,0,1,1,0,0,0
0,1,0,0.9962760784535415,1,0,0.8683119102856989,1.5155759834921136,0,0,0,1,0,0,1,0,0,0,0,0,0,0,1,0,0,0,1,0,1,0,0
1,0,0,2.1122248509752266,1,1,-1.6443343336639467,-0.25409005884810654,1,0,0,0,1,1,0,1,0,1,0,1,0,1,0,1,0,0,0,0,1,0,0
1,0,0,-1.3370713550008908,1,1,0.8590387271617883,-1.0022627214530617,0,0,0,1,0,0,1,0,0,0,1,0,0,0,0,0,0,1,0,0,0,1,1
0,0,0,-0.5254722477123925,1,1,0.40387998882983644,-0.2721336120317196,1,0,0,0,0,0,1,0,1,0,0,0,0,0,0,0,1,0,0,0,1,0,0
0,0,0,0.18467697116504336,1,0,1.3188340570556958,0.8781012249958637,0,0,0,1,0,0,1,0,1,0,0,0,1,0,1,0,1,1,0,0,1,0,1
0,1,0,-1.387796299206422,1,0,0.4946799069181288,-1.0631901707603437,1,0,0,1,0,0,0,0,0,0,0,0,0,0,1,0,1,0,1,1,0,0,0
0,1,0,-0.8298219129455794,1,0,0.604412573884406,-0.532764850928067,1,0,1,1,0,0,0,0,0,0,0,0,1,0,0,0,1,0,0,1,0,0,1
0,0,0,0.33685180378163676,1,1,-0.14594249389203734,0.18477737331223984,0,0,0,0,0,0,1,0,0,0,1,0,0,0,0,0,1,1,0,0,0,0,0
0,0,1,0.23540191537057448,1,1,-1.634674767909873,-0.745517194436341,1,0,0,0,1,1,0,1,0,1,0,1,0,1,0,1,0,0,0,1,0,0,0
1,0,0,-0.5761971919179237,1,1,0.6898031351504176,-0.24331778829072565,1,0,0,0,0,0,1,0,1,0,1,0,0,0,0,0,1,0,0,1,0,0,1
0,0,0,-0.322572470890268,1,1,0.5364092309757276,-0.05607264256653596,0,0,1,1,0,0,0,0,0,0,0,0,0,0,1,0,1,0,1,0,1,0,0
0,1,0,-0.4747473035068614,1,0,1.5665053229901449,0.1458112493972374,1,0,1,1,0,0,1,0,0,0,1,0,1,0,1,0,1,0,1,0,1,0,0
0,0,0,0.2861268595761056,1,1,-1.583672260728364,-0.7015240109278941,1,0,0,0,1,1,0,1,0,1,0,1,0,1,0,1,0,0,1,0,0,0,0
0,0,1,2.1122248509752266,1,0,0.8115136636517457,2.657725205535853,1,0,1,1,0,0,0,0,1,0,1,0,1,0,0,0,0,0,0,1,0,0,1
0,1,1,-0.6269221361234548,1,0,-1.7447938175063131,-1.0167219298500223,1,0,1,0,1,1,0,1,0,1,0,1,0,1,0,1,0,1,0,1,0,0,0
0,0,1,-1.0834466339732352,1,1,0.6360959495577679,-0.7657408499946622,1,0,0,1,0,0,1,0,0,0,0,0,0,0,0,0,1,0,0,0,0,0,1
0,0,1,2.1122248509752266,1,1,1.2021465027464853,3.1126228022161118,0,0,1,1,0,0,1,0,1,0,0,0,1,0,0,0,0,0,1,0,1,0,0
1,1,0,-0.1703976382736746,1,0,0.21687079583096985,-0.041632670366998976,0,0,0,1,0,0,0,0,0,0,0,0,0,0,0,0,0,0,0,0,1,0,1
0,0,0,-1.1848965223842973,1,1,1.1673720660318203,-0.7923124507028686,0,0,0,1,0,0,1,0,0,0,0,0,1,0,1,0,1,0,0,0,1,0,1
0,0,0,0.6919264132203548,1,1,1.0831406526562977,1.3636741445014264,0,0,0,1,0,0,1,0,0,0,1,0,0,0,1,0,1,0,0,0,0,0,1
0,1,1,-0.06894774986261233,1,0,-1.6257879674161253,-0.8463148689375485,0,0,0,0,1,1,0,1,0,1,0,1,0,1,0,1,0,0,0,0,1,0,0
0,1,0,-0.11967269406814346,1,1,0.5480007098806159,0.16076418686141158,0,0,1,1,0,0,1,0,0,0,1,0,0,0,0,0,0,1,0,0,0,0,1
0,0,0,-0.2718475266847369,1,0,-0.26649387450287704,-0.3316055224005936,0,0,1,0,0,0,1,0,1,0,0,0,0,0,0,0,0,1,0,1,0,0,0
1,1,0,-0.2718475266847369,1,1,1.4386126724062092,0.3669954594429853,0,0,0,1,0,0,0,0,1,0,0,0,1,0,1,0,1,0,0,1,0,0,1
0,1,1,0.3875767479871679,1,1,-1.6443343336639467,-0.7129054277370317,1,0,1,0,1,1,0,1,0,1,0,1,0,1,0,1,0,0,0,1,0,0,0
0,0,0,1.9600500183586334,0,0,-1.68799557087236,-0.36818635783503323,0,1,0,0,1,1,0,1,0,1,0,1,0,1,0,1,0,1,0,0,0,1,0
0,0,0,-1.0834466339732352,1,1,0.3065115660287739,-0.7985193304049785,0,0,1,0,0,0,1,0,1,0,1,0,0,0,0,0,1,0,0,0,0,0,1
0,0,1,-1.0327216897677038,1,0,0.4034936061996733,-0.7777955337136361,1,0,0,1,0,0,1,0,0,0,0,0,0,0,0,0,0,0,0,0,0,0,1
0,0,1,0.33685180378163676,0,0,-1.6632670825419313,-0.7442091330115163,1,1,0,0,1,1,0,1,0,1,0,1,0,1,0,1,0,0,1,0,0,0,0
0,1,1,-1.0327216897677038,1,1,0.9969773261299603,-0.6780366138733187,1,0,1,1,0,0,0,0,1,0,0,0,1,0,1,0,0,0,0,0,1,0,1
1,1,0,0.3875767479871679,1,0,0.001655670830208509,0.3402763812211957,1,0,0,1,0,0,0,0,0,0,0,0,0,0,0,0,0,1,0,1,0,0,1
0,1,1,-1.1341715781787662,1,1,0.8045587763088129,-0.8213591088129492,0,0,0,1,0,0,0,0,0,0,0,0,1,0,1,0,0,0,1,0,0,1,0
0,1,1,-0.7790969687400482,1,0,-1.5407837887802769,-0.9957288263947455,0,0,0,0,1,1,0,1,0,1,0,1,0,1,0,1,0,0,1,0,1,0,0
0,0,1,-1.3370713550008908,1,1,-0.11735017925997945,-1.062779798548634,0,0,0,0,0,0,0,0,1,0,1,0,0,0,1,0,0,0,0,0,0,1,1
0,1,0,0.43830169219269904,1,0,1.7848115090322096,1.5032199326801656,0,0,0,1,0,0,1,0,0,0,1,0,1,0,1,0,1,0,1,0,1,0,0
0,1,0,0.8441012458369481,1,1,0.1523448965937576,0.784831315753207,0,0,1,0,0,0,1,0,1,0,0,0,0,0,1,0,1,0,1,1,0,0,0
1,1,0,2.1122248509752266,1,1,0.8138319594327235,2.6571609437447528,1,0,0,1,0,0,1,0,1,0,0,0,0,0,1,0,0,0,0,0,0,0,1
0,0,1,1.8078751857420399,1,0,0.5132262731659505,2.021346910292765,0,0,0,0,0,0,0,0,1,0,1,0,0,0,1,0,1,0,1,1,0,0,0
0,1,0,-0.1703976382736746,1,0,-1.7447938175063131,-0.9070820165996314,1,0,0,0,1,1,0,1,0,1,0,1,0,1,0,1,0,0,1,0,0,1,0
0,0,0,0.43830169219269904,1,0,-0.059392784735537364,0.2752003253361605,1,0,1,0,0,0,1,0,0,0,1,0,1,0,0,0,0,0,1,1,0,0,0
0,1,1,0.5904765248092925,1,1,-1.7447938175063131,-0.7489091772487544,1,0,0,0,1,1,0,1,0,1,0,1,0,1,0,1,0,0,0,1,0,0,0
0,0,0,-0.06894774986261233,1,1,0.9842266993345831,0.40602570401606725,1,0,1,1,0,0,0,0,0,0,1,0,0,0,1,0,1,0,0,0,1,0,1
0,0,0,0.43830169219269904,1,1,-0.07871191624368472,0.2849723136274988,1,0,0,0,0,0,1,0,0,0,0,0,0,0,1,0,0,0,1,0,0,0,0
0,0,0,-0.37329741509579917,1,1,-0.0466421579401599,-0.30060959628489153,0,0,1,0,0,0,0,0,0,0,1,0,1,0,1,0,0,0,0,0,1,0,0
0,0,1,0.793376301631417,1,0,0.6449827500515153,1.130589140316096,0,0,0,1,0,0,1,0,0,0,1,0,0,0,0,0,0,0,1,1,0,0,0
0,0,1,-1.1848965223842973,1,1,0.5684789892792521,-0.8313426952759505,0,0,1,1,0,0,0,0,0,0,0,0,0,0,1,0,0,0,0,0,0,0,0
0,0,0,0.6412014690148236,1,1,-0.14671525915236336,0.40971905392145513,0,0,0,0,0,0,0,0,0,0,0,0,1,0,0,0,1,0,0,0,0,1,0
0,0,0,1.7571502415365088,1,1,-1.6903138666533373,-0.4384882473535598,0,0,1,0,1,1,0,1,0,1,0,1,0,1,0,1,0,0,0,0,1,0,0
0,0,1,-0.8298219129455794,1,1,0.364468960553216,-0.579124086719653,0,0,1,0,0,0,0,0,1,0,0,0,1,0,0,0,1,0,0,0,0,0,0
0,1,0,-1.0327216897677038,1,0,1.3555404069211754,-0.5842280911027931,0,0,0,1,0,0,1,0,0,0,1,0,0,0,1,0,1,0,1,0,0,1,0
0,0,1,0.18467697116504336,1,0,1.4513632992015864,0.9730382713485913,0,0,0,1,0,0,1,0,1,0,1,0,0,0,1,0,1,1,0,0,1,0,0
0,0,0,0.33685180378163676,1,0,-0.12391868397274934,0.2009806636089673,1,0,0,0,0,0,0,0,1,0,0,0,1,0,0,0,0,0,0,0,0,0,0
0,1,0,-0.06894774986261233,1,1,1.0128190139666415,0.430680097047692,0,0,0,1,0,0,1,0,0,0,0,0,0,0,1,0,0,0,0,0,0,0,0
0,1,0,-0.37329741509579917,1,0,-0.24987942140587033,-0.41928411025870505,0,0,0,0,0,0,1,0,0,0,0,0,0,0,1,0,0,0,1,0,1,0,0
0,0,0,-0.06894774986261233,1,0,0.5870253555270732,0.2555345195031322,0,0,0,0,0,0,1,0,1,0,0,0,0,0,1,0,1,0,1,1,0,0,0
0,0,0,-0.2718475266847369,1,1,-0.03118685273364206,-0.23133363729563927,1,0,0,0,0,0,1,0,0,0,0,0,1,0,0,0,1,0,0,0,0,0,0
0,0,0,-0.9819967455621728,1,0,-1.6910866319136635,-1.0748793667282637,0,0,1,0,1,1,0,1,0,1,0,1,0,1,0,1,0,0,1,0,0,1,0
0,0,0,1.0977259668646038,1,1,1.1291201856456883,1.8748825031072325,1,0,1,1,0,0,1,0,0,0,1,0,1,0,1,0,0,0,0,0,1,0,0
0,0,0,-0.6269221361234548,1,1,0.15079936607310612,-0.4725619650570851,0,0,1,0,0,0,0,0,0,0,0,0,1,0,1,0,1,0,0,0,1,0,1
0,1,0,-0.4240223593013303,1,1,-0.27074408343466944,-0.45932104916363764,0,0,0,0,0,0,1,0,0,0,0,0,0,0,0,0,0,1,0,0,0,0,0
0,1,0,0.9455511342480104,1,1,0.9177688869465561,1.4769496990649333,1,0,1,1,0,0,0,0,1,0,0,0,1,0,0,0,1,1,0,0,0,0,1
0,1,0,2.1122248509752266,1,0,-1.6199922279636811,-0.24681236415606636,1,0,1,0,1,1,0,1,0,1,0,1,0,1,0,1,0,0,1,0,0,0,0
0,0,1,0.6919264132203548,1,1,0.33239920224969144,0.822765097073127,0,0,0,0,0,0,0,0,0,0,1,0,1,0,0,0,1,1,0,0,1,0,0
0,1,0,0.2861268595761056,1,1,0.19021039434972659,0.3550305446453229,0,0,0,0,0,0,1,0,0,0,1,0,0,0,1,0,0,0,0,0,0,0,1
0,0,0,0.18467697116504336,1,1,0.031407133352755294,0.1542623521321353,1,0,0,0,0,0,1,0,0,0,0,0,0,0,0,0,1,0,0,0,1,0,1
0,0,0,-0.1703976382736746,1,1,0.45797355705264925,0.08113274159229601,1,0,1,1,0,0,0,0,1,0,0,0,0,0,0,0,1,0,0,0,1,0,1
0,1,0,1.4020756320977905,0,1,-1.7061555544900184,-0.526750333200196,0,1,0,0,1,1,0,1,0,1,0,1,0,1,0,1,0,0,1,0,1,0,0
0,1,0,-0.677647080328986,1,1,0.23000780525651018,-0.45895556141258365,0,0,0,1,0,0,0,0,0,0,1,0,0,0,0,0,0,0,0,0,1,0,1
0,1,0,0.5397515806037613,1,1,0.6527104026547744,0.8854238041485597,1,0,0,1,0,0,0,0,1,0,0,0,0,0,1,0,0,0,0,1,0,0,1
1,0,0,2.1122248509752266,1,0,-0.21896881099283438,1.428108993805665,1,0,1,0,0,0,1,0,0,0,0,0,1,0,0,0,0,0,0,0,0,1,0
0,0,1,-1.0327216897677038,1,0,1.0197739013095743,-0.6425586537578493,1,0,1,1,0,0,1,0,1,0,0,0,0,0,1,0,0,0,0,0,0,0,1
0,1,0,-0.7790969687400482,1,1,0.3598323689912604,-0.539895068106524,0,0,0,1,0,0,0,0,0,0,0,0,1,0,0,0,0,0,0,0,1,0,1
0,0,0,1.3513506878922594,0,0,0.23039418788667335,1.3031827156690858,1,1,0,0,0,0,1,0,1,0,0,0,0,0,0,0,1,0,0,0,0,1,0
0,1,0,-1.489246187617484,1,0,0.0754547531913313,-1.1745228693840375,1,0,0,0,0,0,0,0,0,0,1,0,1,0,1,0,0,0,0,0,0,1,0
0,0,0,-0.5254722477123925,1,0,0.1480946876619652,-0.36655769311981,0,0,1,0,0,0,1,0,0,0,0,0,0,0,1,0,1,0,0,0,0,0,0
0,1,0,0.2861268595761056,1,1,0.9309058963720965,0.796129375706841,1,0,0,1,0,0,0,0,0,0,1,0,1,0,1,0,0,0,1,0,0,1,0
0,0,0,1.7064252973309777,1,0,-0.12662336238389,1.250597363977966,0,0,1,0,0,0,0,0,0,0,0,0,1,0,1,0,0,0,0,1,0,0,0
0,0,1,0.032502138548449945,1,1,1.2500579488866912,0.6628417637566756,0,0,1,1,0,0,0,0,1,0,0,0,1,0,1,0,1,0,0,0,0,0,1
0,0,0,0.23540191537057448,1,0,0.12684364300300321,0.2551690317520781,1,0,0,0,0,0,1,0,0,0,1,0,0,0,1,0,0,0,0,0,0,1,0
0,1,0,0.3875767479871679,1,0,-1.6852908924612193,-0.7604508957030911,0,0,1,0,1,1,0,1,0,1,0,1,0,1,0,1,0,1,0,0,0,1,0
0,1,1,0.2861268595761056,1,1,-0.08953062988824702,0.1647011952675019,0,0,0,0,0,0,1,0,0,0,0,0,0,0,0,0,1,0,0,0,0,0,1
0,1,0,-0.22112258247920574,1,1,0.354036629538816,-0.018574881721557482,1,0,1,1,0,0,0,0,0,0,0,0,1,0,0,0,0,0,0,0,0,0,1
0,0,0,-1.1341715781787662,1,0,-1.628492645827266,-1.124822947306502,1,0,0,0,1,1,0,1,0,1,0,1,0,1,0,1,0,0,0,0,1,0,0
0,0,0,0.08322708275398108,1,1,-0.03891450533690111,0.061441287496036064,1,0,0,0,0,0,0,0,0,0,1,0,0,0,1,0,0,0,1,0,0,0,0
0,0,0,-1.1848965223842973,1,0,0.27791925139671547,-0.9264592794713011,1,0,0,1,0,0,0,0,0,0,0,0,0,0,0,0,1,0,0,0,0,1,1
0,0,0,-0.37329741509579917,0,0,-1.7011325802979,-0.9198804999523292,0,1,0,0,1,1,0,1,0,1,0,1,0,1,0,1,0,0,0,0,1,0,0
1,0,0,-0.9312718013566417,1,0,-1.6509028383767168,-1.0662551382165508,0,0,1,0,1,1,0,1,0,1,0,1,0,1,0,1,0,1,0,0,1,0,0
0,0,0,1.0977259668646038,1,0,0.589343651308051,1.3995753009602214,0,0,0,0,0,0,1,0,0,0,1,0,0,0,1,0,1,0,0,1,0,0,0
0,1,0,0.13395202695951222,1,0,0.35790045584044583,0.32525932309894195,0,0,0,1,0,0,1,0,0,0,0,0,0,0,0,0,0,0,0,1,0,0,1
0,0,1,0.18467697116504336,1,0,-1.7447938175063131,-0.828694512097261,1,0,1,0,1,1,0,1,0,1,0,1,0,1,0,1,0,0,0,0,0,0,1
0,0,0,-0.4747473035068614,1,1,0.47342886225916686,-0.22126669397713444,0,0,1,1,0,0,0,0,0,0,0,0,0,0,1,0,1,1,0,0,1,0,1
1,1,0,1.0470010226590727,1,0,-1.4928723426400714,-0.43754567367978897,1,0,0,0,1,1,0,1,0,1,0,1,0,1,0,1,0,0,1,0,0,0,0
1,1,0,2.1122248509752266,0,1,0.5139990384262761,2.3046576259518843,1,1,0,1,0,0,0,0,0,0,0,0,1,0,0,0,1,0,1,1,0,0,0
0,0,0,-0.6269221361234548,1,0,0.4309267729412429,-0.36453148032449323,0,0,0,1,0,0,0,0,1,0,0,0,0,0,0,0,0,0,0,0,0,1,1
0,0,0,1.1484509110701349,1,1,0.589343651308051,1.44034962743307,0,0,1,1,0,0,1,0,0,0,1,0,1,0,0,0,0,0,0,0,1,0,1
0,0,1,-0.7283720245345171,1,0,-1.7104057634218108,-1.0373559576200533,1,0,1,0,1,1,0,1,0,1,0,1,0,1,0,1,0,0,1,0,0,0,0
1,1,0,0.5904765248092925,1,1,0.9649075678264357,1.1629316002514707,0,0,0,1,0,0,1,0,1,0,0,0,0,0,0,0,1,0,1,0,0,0,0
0,0,1,0.08322708275398108,1,1,0.05265817801171728,0.06596820595645922,0,0,0,0,0,0,0,0,0,0,0,0,0,0,1,0,1,1,0,1,0,0,0
1,0,1,2.0107749625641644,1,1,-1.6246288195256364,-0.26184865847574396,1,0,0,0,1,1,0,1,0,1,0,1,0,1,0,1,0,0,0,0,0,1,0
0,1,0,-1.0327216897677038,1,0,0.2856469039999745,-0.8050981099239504,1,0,0,1,0,0,0,0,0,0,1,0,0,0,0,0,0,0,0,0,1,0,1
0,0,0,1.1484509110701349,1,0,-0.3742946283183393,0.5975925820948254,1,0,0,0,0,0,0,0,1,0,0,0,0,0,0,0,0,1,0,0,0,0,0
0,1,1,2.1122248509752266,1,0,0.03952116858617749,1.7362857006680719,0,0,1,0,0,0,0,0,1,0,0,0,0,0,1,0,1,0,1,0,1,0,0
0,0,0,-0.06894774986261233,1,1,0.31346645337170664,0.09968284797473852,1,0,1,0,0,0,0,0,0,0,1,0,1,0,1,0,0,0,1,0,1,0,0
0,1,0,-1.1341715781787662,1,1,-1.5759446081251052,-1.1050673725521623,1,0,0,0,1,1,0,1,0,1,0,1,0,1,0,1,0,0,1,1,0,0,0
0,1,0,-0.6269221361234548,1,0,0.3675600215945195,-0.36437759074510206,1,0,1,0,0,0,0,0,1,0,0,0,0,0,1,0,1,0,0,1,0,0,1
0,0,0,0.5397515806037613,1,1,-1.7447938175063131,-0.7338344105342289,0,0,0,0,1,1,0,1,0,1,0,1,0,1,0,1,0,0,0,0,1,0,1
1,0,0,0.4890266363982302,1,0,0.08897814524703423,0.43361041112193205,0,0,0,0,0,0,0,0,1,0,1,0,0,0,0,0,0,1,0,0,1,0,0
1,0,0,2.0614999067696957,1,0,0.22382568317390317,1.912925289545888,1,0,0,0,0,0,0,0,0,0,1,0,0,0,1,0,1,0,0,1,0,0,1
1,0,0,-0.37329741509579917,1,0,-0.6235114247734401,-0.5335471229566388,0,0,0,0,0,0,0,0,0,0,0,0,0,0,0,0,0,1,0,0,1,0,0
0,1,1,-1.2863464107953595,1,0,-1.5863769391395046,-1.1548634756168172,1,0,1,0,1,1,0,1,0,1,0,1,0,1,0,1,0,0,1,0,1,0,0
1,0,0,-0.2718475266847369,1,1,0.297624765535026,-0.11293484215156818,0,0,0,1,0,0,0,0,0,0,0,0,0,0,1,0,0,0,0,0,1,0,1
0,0,1,-1.2863464107953595,1,1,-1.5937182091126005,-1.184461571386383,1,0,1,0,1,1,0,1,0,1,0,1,0,1,0,1,0,0,0,0,0,1,0
0,0,0,-0.4240223593013303,1,0,0.8717893539571655,0.019968045850119343,1,0,0,1,0,0,1,0,0,0,1,0,0,0,1,0,0,0,0,0,1,0,1
0,1,1,0.5904765248092925,1,0,-0.0906897777787359,0.4388362447554235,0,0,0,1,0,0,0,0,0,0,0,0,0,0,0,0,0,1,0,0,1,0,0
0,0,0,-1.3370713550008908,1,0,0.05729476957367282,-1.0484295952704086,0,0,0,0,0,0,0,0,0,0,1,0,1,0,0,0,1,0,1,0,0,0,0
1,0,0,-0.1703976382736746,0,1,0.31269368811138093,0.004553439647771855,0,1,0,1,0,0,0,0,0,0,0,0,1,0,0,0,0,0,0,0,0,1,1
0,0,0,0.5904765248092925,0,1,0.5595921887855042,0.908500828991425,1,1,0,1,0,0,0,0,0,0,0,0,0,0,1,0,1,0,0,0,0,1,0
0,1,0,-1.0327216897677038,1,0,-0.5690314739204647,-0.9140198718038495,1,0,0,0,0,0,0,0,0,0,0,0,0,0,1,0,0,0,0,0,0,0,0
0,1,0,0.3875767479871679,1,0,-1.7254746859981658,-0.7569627319035582,0,0,0,0,1,1,0,1,0,1,0,1,0,1,0,1,0,1,0,0,0,1,0
1,0,0,-0.018222805657081193,1,1,1.2840596203410304,0.644714853717559,1,0,0,1,0,0,0,0,0,0,1,0,0,0,1,0,1,1,0,0,0,0,0
0,0,0,-0.9312718013566417,0,1,0.3111481575907289,-0.6798448164311649,0,1,0,1,0,0,0,0,0,0,1,0,0,0,0,0,0,0,0,0,1,0,1
0,0,0,-1.438521243411953,1,0,0.5850934423762586,-1.1082477571929128,0,0,0,0,0,0,1,0,0,0,1,0,1,0,1,0,1,0,0,0,1,0,1
0,1,0,-0.7790969687400482,1,1,1.1774180144160566,-0.3213718653710818,0,0,1,1,0,0,1,0,1,0,0,0,0,0,1,0,1,0,0,0,1,0,1
0,0,0,1.1484509110701349,1,1,0.457200791792323,1.335076330997903,0,0,0,1,0,0,0,0,0,0,0,0,0,0,0,0,1,0,1,0,1,0,0
0,0,0,-0.7790969687400482,1,0,0.9312922790022596,-0.38890374246056764,1,0,1,1,0,0,0,0,0,0,1,0,1,0,1,0,0,0,0,1,0,0,1
0,1,0,-0.8805468571511105,1,0,0.24198566679156164,-0.6631798573962643,0,0,1,1,0,0,0,0,0,0,0,0,0,0,1,0,0,0,1,0,0,0,0
0,0,0,-0.7790969687400482,1,0,-1.5678305728916833,-1.0149970841476799,1,0,0,0,1,1,0,1,0,1,0,1,0,1,0,1,0,0,1,0,0,1,0
0,1,0,-1.489246187617484,1,1,0.621027026981413,-1.1974395925817038,0,0,0,1,0,0,1,0,0,0,0,0,0,0,0,0,1,1,0,0,1,0,1
0,1,0,-1.1848965223842973,1,0,-0.5095285488753708,-0.9834368962408769,0,0,0,0,0,0,0,0,0,0,0,0,0,0,1,0,0,0,1,1,0,0,1
0,1,1,-0.7790969687400482,1,1,0.5460687967298012,-0.49799221805147365,0,0,1,0,0,0,1,0,0,0,0,0,1,0,1,0,1,0,0,0,0,0,0
0,0,0,-0.2718475266847369,1,1,0.4139259372140733,-0.034880765071212,0,0,1,1,0,0,0,0,0,0,0,0,1,0,1,0,0,1,0,0,0,0,1
0,1,0,-0.11967269406814346,1,0,0.33317196751001715,0.09091755401525052,1,0,0,1,0,0,0,0,0,0,1,0,0,0,1,0,0,1,0,0,1,0,0
0,0,1,-0.677647080328986,1,1,0.5978440691716358,-0.38150421851817623,0,0,1,1,0,0,0,0,0,0,0,0,1,0,0,0,0,0,0,0,1,0,1
0,0,0,-0.6269221361234548,1,1,0.12529811248235173,-0.45066476032288505,0,0,0,0,0,0,1,0,1,0,0,0,0,0,0,0,1,1,0,1,0,0,1
0,1,0,-0.2718475266847369,1,0,0.24391757994237626,-0.1288752377501689,0,0,0,0,0,0,0,0,1,0,0,0,0,0,1,0,1,0,0,1,0,0,1
0,0,0,-1.489246187617484,1,0,0.10907004201550788,-1.2254859684257422,0,0,0,0,0,0,0,0,1,0,1,0,0,0,0,0,1,0,1,0,0,0,1
0,1,0,-0.1703976382736746,1,1,0.8493791614077146,0.24265267929493076,1,0,1,1,0,0,1,0,1,0,1,0,0,0,0,0,0,1,0,0,1,0,1
0,1,0,-0.677647080328986,1,1,0.6646882641898259,-0.34383974396219064,0,0,0,0,0,0,1,0,1,0,1,0,1,0,0,0,1,0,1,0,0,0,0
0,0,0,-0.5254722477123925,1,1,-1.5798084344267345,-0.9319415957371111,1,0,1,0,1,1,0,1,0,1,0,1,0,1,0,1,0,1,0,1,0,0,0
0,0,0,2.0107749625641644,0,1,0.47072418384802645,2.139559755528406,1,1,0,1,0,0,0,0,1,0,0,0,1,0,0,0,0,1,0,0,0,0,1
1,0,1,0.6412014690148236,1,0,1.316129378644555,1.4765777992480715,1,0,1,1,0,0,1,0,1,0,1,0,0,0,1,0,1,0,0,0,1,0,1
0,0,0,0.8441012458369481,1,0,0.15698148815571314,0.7971488941703074,0,0,0,0,0,0,0,0,0,0,1,0,1,0,0,0,1,0,0,0,0,1,1
0,0,0,-1.3370713550008908,1,1,-1.5736263123441274,-1.1856157432318166,0,0,1,0,1,1,0,1,0,1,0,1,0,1,0,1,0,0,0,0,0,1,0
0,1,0,-1.438521243411953,1,1,0.8802897718207503,-1.1297666500444428,1,0,1,1,0,0,0,0,0,0,1,0,0,0,1,0,1,0,1,1,0,0,0
0,0,0,-0.8298219129455794,1,0,0.6565742289564042,-0.5005570443746595,0,0,0,1,0,0,0,0,0,0,0,0,1,0,1,0,0,0,0,0,1,0,1
0,0,0,-0.018222805657081193,0,1,0.5796840855539773,0.2806121088780826,0,1,0,1,0,0,0,0,0,0,0,0,1,0,1,0,0,0,0,0,0,0,1
0,1,0,0.23540191537057448,1,1,0.2141661174198295,0.30600388947762364,0,0,1,1,0,0,0,0,0,0,0,0,0,0,0,0,1,0,0,0,1,0,0
0,1,0,-1.1341715781787662,0,0,0.7083495013982387,-0.7959160316869447,0,1,0,1,0,0,1,0,0,0,1,0,0,0,1,0,0,0,0,0,0,0,1
0,1,0,-0.7283720245345171,1,0,0.4544961133811826,-0.4549736685458375,1,0,0,1,0,0,0,0,0,0,0,0,0,0,1,0,0,0,1,0,0,1,1
1,0,0,1.1991758552756662,1,1,1.0788904437245053,1.929096519513575,0,0,1,1,0,0,0,0,1,0,1,0,0,0,1,0,1,0,0,0,1,0,1
0,0,0,-0.5761971919179237,0,0,0.23425801418830258,-0.3628066346221506,0,1,0,0,0,0,1,0,0,0,1,0,0,0,1,0,0,0,1,0,0,0,0
0,1,1,-0.06894774986261233,1,1,0.49622543743878084,0.180763420116454,1,0,0,1,0,0,0,0,0,0,0,0,1,0,1,0,0,1,0,0,0,1,0
1,1,1,-0.2718475266847369,1,0,-1.738998078053869,-0.9269017120120507,1,0,0,0,1,1,0,1,0,1,0,1,0,1,0,1,0,0,0,1,0,0,0
0,0,0,1.3513506878922594,1,0,0.7608975391003995,1.8146219086439785,0,0,1,1,0,0,1,0,0,0,1,0,0,0,0,0,0,0,0,0,0,1,0
1,1,0,-1.0327216897677038,1,1,0.49429352428796625,-0.7502813593316588,0,0,1,1,0,0,1,0,0,0,0,0,0,0,1,0,0,0,0,0,0,1,1
0,1,1,1.0977259668646038,0,1,0.12413896459186284,1.0101577203108998,0,1,0,0,0,0,0,0,1,0,1,0,1,0,0,0,1,1,0,1,0,0,0
0,1,1,-0.4240223593013303,1,1,0.15775425341603888,-0.26476614841836793,1,0,0,0,0,0,0,0,1,0,0,0,0,0,0,0,1,0,0,0,1,0,1
0,1,0,-0.322572470890268,1,0,-0.42761543128082585,-0.42166298667346,0,0,1,0,0,0,0,0,0,0,0,0,0,0,0,0,1,0,0,0,0,0,0
0,1,0,0.793376301631417,0,1,-0.1463288765222005,0.5251105902015907,0,1,0,0,0,0,0,0,0,0,1,0,0,0,0,0,1,0,0,1,0,0,0
0,1,0,-0.4747473035068614,1,1,0.5275224304819797,-0.1614677682520542,0,0,0,1,0,0,0,0,0,0,1,0,0,0,0,0,0,1,0,0,1,0,1
0,0,1,-0.1703976382736746,1,0,-1.710019380791648,-0.8995221910120408,0,0,0,0,1,1,0,1,0,1,0,1,0,1,0,1,0,0,1,0,1,0,0
0,1,1,0.43830169219269904,1,0,0.32505793227659496,0.5976310544896731,1,0,0,1,0,0,0,0,0,0,1,0,0,0,1,0,0,0,0,0,1,0,0
0,1,0,-1.1341715781787662,1,0,0.22073462213259964,-0.8823955632389666,1,0,1,1,0,0,0,0,0,0,1,0,0,0,0,0,0,0,0,0,1,0,0
0,1,0,0.43830169219269904,1,1,0.5066577684531802,0.6463819908276298,1,0,0,1,0,0,0,0,1,0,0,0,1,0,0,0,0,0,1,1,0,0,0
0,0,0,-0.37329741509579917,1,1,-1.6806543008992636,-0.9740239836347845,1,0,0,0,1,1,0,1,0,1,0,1,0,1,0,1,0,1,0,0,0,1,0
0,0,1,1.7064252973309777,1,1,1.1291201856456883,2.578209177451281,1,0,1,1,0,0,0,0,1,0,1,0,0,0,1,0,0,0,0,1,0,0,1
0,0,0,-0.322572470890268,1,0,-1.4778034200637165,-0.8549455095150691,0,0,0,0,1,1,0,1,0,1,0,1,0,1,0,1,0,0,0,0,0,1,0
0,1,0,-1.1848965223842973,1,1,0.1334121477157734,-0.9170463668652087,1,0,0,1,0,0,1,0,0,0,0,0,0,0,0,0,0,0,0,0,0,1,1
0,1,0,-0.7790969687400482,1,1,-0.06789320259912215,-0.6364800153718986,1,0,0,0,0,0,0,0,0,0,1,0,0,0,1,0,0,0,0,1,0,0,0
0,0,1,0.2861268595761056,1,1,0.729214163427038,0.6769867809290461,0,0,1,1,0,0,0,0,1,0,0,0,1,0,0,0,0,1,0,0,0,1,1
0,1,0,0.032502138548449945,1,1,1.0587985469560321,0.5831269616320565,0,0,0,1,0,0,0,0,1,0,0,0,1,0,0,0,1,0,1,1,0,0,0
0,1,0,-0.37329741509579917,1,1,-1.7447938175063131,-0.9615396915066768,0,0,1,0,1,1,0,1,0,1,0,1,0,1,0,1,0,0,0,0,0,1,1
0,1,1,-0.4747473035068614,1,1,0.3018749744668184,-0.2602905264844085,1,0,0,0,0,0,0,0,0,0,1,0,1,0,1,0,1,1,0,0,0,0,1
0,1,1,-0.5761971919179237,1,0,-1.5488978240136988,-0.9344679496654492,1,0,1,0,1,1,0,1,0,1,0,1,0,1,0,1,0,1,0,0,0,1,0
1,0,1,-0.2718475266847369,1,1,0.9297467484816077,0.17905139854572732,1,0,1,1,0,0,1,0,0,0,0,0,1,0,0,0,1,0,0,0,1,0,1
0,1,0,1.3006257436867283,1,0,-1.6794951530087747,-0.5275069569655358,1,0,0,0,1,1,0,1,0,1,0,1,0,1,0,1,0,1,0,1,0,0,0
0,0,1,-1.1341715781787662,0,1,0.9154505911655784,-0.7944476686169208,0,1,0,1,0,0,0,0,1,0,1,0,0,0,1,0,0,1,0,0,0,0,1
0,0,1,-1.0834466339732352,0,0,-1.7247019207378398,-1.1325366624734836,0,1,0,0,1,1,0,1,0,1,0,1,0,1,0,1,0,0,1,1,0,0,0
0,0,0,-1.387796299206422,1,1,0.9614301241549695,-1.0395617082579933,0,0,0,1,0,0,1,0,0,0,0,0,0,0,0,0,1,0,0,0,1,0,1
0,1,0,-1.387796299206422,1,0,0.6129129917479907,-1.0834202383844729,1,0,0,1,0,0,1,0,0,0,0,0,0,0,0,0,1,0,1,0,0,0,0
0,0,1,-0.018222805657081193,1,0,-0.18496713953849522,-0.13038848528084854,1,0,0,0,0,0,0,0,1,0,1,0,0,0,0,0,0,0,1,0,0,1,0
0,0,0,0.33685180378163676,1,1,0.46222376598444165,0.5436799327814567,1,0,0,1,0,0,0,0,0,0,1,0,0,0,0,0,0,0,0,1,0,0,1
0,0,0,1.1991758552756662,1,0,0.8478336308870627,1.7011539921062324,0,0,0,1,0,0,0,0,1,0,0,0,1,0,0,0,0,1,0,0,1,0,0
1,1,1,-1.3370713550008908,1,0,-1.7447938175063131,-1.2010367614999722,0,0,0,0,1,1,0,1,0,1,0,1,0,1,0,1,0,0,0,0,0,1,1
0,1,0,-0.5254722477123925,1,0,0.9761126641011614,-0.09586592297076582,1,0,1,1,0,0,0,0,1,0,1,0,0,0,0,0,1,0,0,1,0,0,0
0,1,0,-0.9819967455621728,1,0,0.22537121369455465,-0.751711250006835,0,0,0,1,0,0,0,0,1,0,0,0,0,0,0,0,0,0,1,1,0,0,0
0,1,0,-1.1341715781787662,0,0,0.5854798250064217,-0.8215450587213802,0,1,0,1,0,0,1,0,0,0,0,0,1,0,0,0,1,1,0,0,1,0,0
0,1,0,-1.2356214665898284,1,1,-0.30358660699852,-0.9999223174331544,1,0,1,0,0,0,0,0,0,0,1,0,1,0,0,0,0,0,0,1,0,0,0
0,0,1,-1.1341715781787662,1,1,0.7446694686335562,-0.8060150353344894,1,0,0,1,0,0,1,0,1,0,1,0,0,0,0,0,0,0,0,1,0,0,0
0,1,1,-0.8298219129455794,1,0,1.4262484282409946,-0.3169026555029303,1,0,0,1,0,0,1,0,0,0,0,0,1,0,1,0,1,1,0,0,0,0,0
0,1,0,0.43830169219269904,1,1,-1.4499838706919843,-0.5786688300472874,1,0,0,0,1,1,0,1,0,1,0,1,0,1,0,1,0,0,0,0,1,0,1
0,1,1,1.604975408919915,1,1,-1.5597165376582613,-0.32216054946546135,0,0,1,0,1,1,0,1,0,1,0,1,0,1,0,1,0,1,0,0,0,1,0
0,0,0,-1.2863464107953595,1,1,0.8918812507256386,-0.9528192820078447,1,0,1,1,0,0,0,0,1,0,1,0,0,0,0,0,0,1,0,1,0,0,1
0,0,0,1.0470010226590727,1,1,0.21068867374836284,1.0189550745994278,1,0,1,0,0,0,0,0,0,0,1,0,1,0,0,0,1,0,0,0,0,0,1
0,0,0,-0.8298219129455794,1,1,-1.4805080984748573,-1.0223068391687598,1,0,0,0,1,1,0,1,0,1,0,1,0,1,0,1,0,1,0,1,0,0,0
0,0,0,1.604975408919915,1,1,-0.7359487701508579,0.5542854896278308,0,0,0,0,0,0,0,0,0,0,0,0,0,0,0,0,0,1,0,0,0,1,0
0,1,0,-0.7790969687400482,1,0,1.5896882807999213,-0.23538606288627303,1,0,0,1,0,0,1,0,1,0,1,0,1,0,0,0,1,1,0,0,1,0,1
0,1,0,2.1122248509752266,0,0,-0.07137064627058853,1.5954639113935478,1,1,0,0,0,0,1,0,0,0,0,0,0,0,0,0,1,0,1,0,0,1,0
0,1,1,2.1122248509752266,1,1,0.6310729753656492,2.4410679139505294,1,0,1,1,0,0,0,0,1,0,0,0,1,0,0,0,0,0,1,0,1,0,0
0,0,0,-1.0327216897677038,1,0,0.7466013817843709,-0.7087055246328148,0,0,0,1,0,0,0,0,0,0,1,0,0,0,0,0,1,0,0,0,1,0,1
0,0,0,0.032502138548449945,1,1,-0.677604992996253,-0.3378636986291673,0,0,0,0,0,0,0,0,0,0,0,0,0,0,0,0,0,0,1,0,0,0,0
1,1,0,-0.4747473035068614,1,1,0.09168282365817515,-0.34521192604509504,1,0,0,0,0,0,0,0,0,0,0,0,0,0,1,0,1,0,0,0,0,0,1
1,1,1,-1.1341715781787662,1,1,-1.7447938175063131,-1.1483680529533489,1,0,0,0,1,1,0,1,0,1,0,1,0,1,0,1,0,0,0,0,0,0,1
1,1,0,-1.0834466339732352,1,0,0.8945859291367796,-0.7262938211440624,0,0,0,1,0,0,1,0,0,0,1,0,0,0,0,0,1,0,0,0,1,0,1
0,0,0,-1.1341715781787662,1,0,-0.10228125668362448,-0.9202331635717672,0,0,0,0,0,0,1,0,0,0,0,0,1,0,0,0,0,0,1,0,0,1,0
0,0,1,0.2861268595761056,0,1,0.46686035754639665,0.5120171518217265,0,1,0,1,0,0,0,0,0,0,1,0,1,0,0,0,0,1,0,0,0,1,1
0,0,0,0.8948261900424792,0,0,-1.7447938175063131,-0.6545171564897038,1,1,0,0,1,1,0,1,0,1,0,1,0,1,0,1,0,0,0,0,0,0,0
0,0,0,-1.1341715781787662,1,1,0.8103545157612567,-0.789478317615748,1,0,1,1,0,0,0,0,1,0,1,0,0,0,0,0,0,1,0,0,0,1,1
1,0,0,-0.8805468571511105,1,0,1.258558366750276,-0.4204895786306025,0,0,1,1,0,0,1,0,0,0,1,0,0,0,1,0,0,0,1,0,1,0,0
0,0,1,-0.8805468571511105,1,1,0.4340178339825464,-0.6073179400772745,0,0,1,0,0,0,0,0,1,0,1,0,0,0,1,0,1,0,1,0,0,1,1
0,0,0,-0.37329741509579917,0,1,0.7369418160302972,-0.029866529609383526,0,1,0,1,0,0,1,0,0,0,0,0,1,0,1,0,0,1,0,0,1,0,0
0,0,0,-0.22112258247920574,1,1,0.8339238562011966,0.17966054479748417,0,0,0,1,0,0,0,0,0,0,0,0,0,0,1,0,1,0,0,0,1,0,1
0,1,1,-0.22112258247920574,1,1,0.13573044349675115,-0.11387100375953108,0,0,0,0,0,0,1,0,1,0,1,0,0,0,0,0,0,1,0,0,0,1,0
0,1,0,1.7064252973309777,1,1,0.22846227473585817,1.593065798781369,1,0,0,1,0,0,0,0,0,0,0,0,1,0,0,0,1,0,0,0,0,0,0
0,0,0,0.13395202695951222,1,1,1.468364134928756,0.8890850937249076,0,0,0,1,0,0,0,0,0,0,1,0,1,0,1,0,1,1,0,1,0,0,0
0,0,0,1.8078751857420399,1,1,1.293719186095104,2.8660852839656714,0,0,0,1,0,0,1,0,1,0,0,0,0,0,1,0,1,0,1,0,0,0,0
0,1,0,-0.2718475266847369,1,1,-1.6130373406207479,-0.8851655756680076,1,0,1,0,1,1,0,1,0,1,0,1,0,1,0,1,0,1,0,0,0,1,0
0,1,1,0.2861268595761056,1,0,0.16200446234783128,0.3342233910984768,1,0,0,0,0,0,0,0,0,0,1,0,1,0,1,0,0,0,0,0,1,0,1
0,0,0,0.33685180378163676,1,0,0.435949747133361,0.537825716698785,1,0,0,1,0,0,0,0,0,0,1,0,0,0,0,0,0,0,0,0,1,0,0
0,1,1,-0.06894774986261233,1,1,1.1202333851519408,0.48065573795497013,1,0,1,1,0,0,1,0,0,0,0,0,0,0,1,0,1,0,0,0,1,0,1
0,0,0,-1.2356214665898284,1,1,0.8346966214615228,-0.9158408984933114,1,0,1,1,0,0,0,0,1,0,1,0,1,0,1,0,0,0,0,0,0,0,1
0,1,0,0.9455511342480104,0,1,0.9104276169734602,1.5083880577213848,0,1,0,1,0,0,1,0,1,0,1,0,0,0,0,0,1,1,0,0,0,1,1
1,1,1,1.3513506878922594,1,0,0.8037860110484866,1.827907708998082,0,0,0,1,0,0,0,0,1,0,1,0,0,0,0,0,1,1,0,0,0,0,0
0,1,0,2.1122248509752266,1,1,1.0209330492000632,2.9083472097059677,1,0,1,1,0,0,0,0,0,0,0,0,1,0,1,0,1,0,1,1,0,0,0
0,1,0,-0.5761971919179237,1,1,0.2910562608222558,-0.32804682587717315,0,0,0,0,0,0,0,0,0,0,0,0,1,0,1,0,1,1,0,0,0,1,0
0,0,0,-0.06894774986261233,1,1,0.925110156919652,0.37095811611230745,0,0,0,0,0,0,1,0,1,0,0,0,1,0,1,0,1,0,0,1,0,0,1
1,0,0,0.23540191537057448,1,0,-0.471276668489239,-0.08779313211853797,1,0,0,0,0,0,0,0,1,0,0,0,0,0,0,0,1,0,0,1,0,0,0
0,0,0,-1.489246187617484,1,1,0.8833808328620538,-1.1775044799847412,0,0,0,1,0,0,1,0,0,0,0,0,0,0,1,0,1,0,0,0,1,0,1
0,0,0,0.33685180378163676,1,0,-0.3785448372501317,0.012388984065104924,1,0,0,0,0,0,1,0,0,0,0,0,0,0,0,0,1,0,0,0,1,0,0
0,0,0,-1.0327216897677038,1,0,-1.6157420190318887,-1.1108767041741785,1,0,0,0,1,1,0,1,0,1,0,1,0,1,0,1,0,1,0,0,0,1,0
0,1,1,-0.8298219129455794,1,0,0.2087567605975482,-0.6343832698526941,0,0,0,0,0,0,1,0,1,0,0,0,0,0,0,0,1,0,1,0,1,0,0
0,1,0,-1.0327216897677038,0,1,-1.7447938175063131,-1.1008546453163293,0,1,0,0,1,1,0,1,0,1,0,1,0,1,0,1,0,0,0,1,0,0,0
0,1,0,0.8441012458369481,1,0,-1.7447938175063131,-0.6991515465789471,0,0,0,0,1,1,0,1,0,1,0,1,0,1,0,1,0,0,0,0,1,0,0
0,1,0,0.8441012458369481,1,0,-1.7447938175063131,-0.6739393038220293,1,0,1,0,1,1,0,1,0,1,0,1,0,1,0,1,0,0,0,0,0,0,0
0,1,1,0.6919264132203548,1,0,0.12838917352365525,0.6760121469262353,1,0,1,0,0,0,1,0,0,0,1,0,0,0,0,0,1,0,0,1,0,0,1
1,1,0,1.7571502415365088,1,1,-0.0937808388200397,1.2973669719812617,0,0,1,0,0,0,0,0,0,0,0,0,1,0,0,0,1,0,0,0,0,0,1
0,1,0,-0.2718475266847369,1,0,0.7570337127987702,0.08723702824147854,1,0,1,1,0,0,0,0,0,0,0,0,0,0,1,0,1,1,0,0,0,1,0
0,1,0,-0.2718475266847369,0,0,0.06424965691660559,-0.177728767141053,0,1,0,1,0,0,0,0,0,0,0,0,0,0,1,0,0,0,0,0,1,0,1
0,1,1,-0.4747473035068614,1,0,0.7064175882474241,-0.14742534413261113,0,0,0,1,0,0,0,0,0,0,1,0,0,0,0,0,1,0,0,0,0,1,1
0,0,1,-0.322572470890268,1,0,-0.4797770863528238,-0.4720618239240639,1,0,0,0,0,0,0,0,0,0,0,0,0,0,1,0,0,0,0,0,1,0,0
0,1,0,-1.1848965223842973,1,1,-1.5821267302077122,-1.1524717750704463,0,0,1,0,1,1,0,1,0,1,0,1,0,1,0,1,0,0,0,1,0,0,0
0,0,1,-0.11967269406814346,1,1,-0.039687270597226855,-0.13292766334080264,0,0,0,1,0,0,0,0,0,0,0,0,0,0,0,0,0,0,0,0,0,0,1
0,0,0,-0.7283720245345171,0,1,-1.701905345558226,-1.0199728472146605,1,1,0,0,1,1,0,1,0,1,0,1,0,1,0,1,0,0,0,0,1,0,1
1,1,0,0.08322708275398108,1,0,-0.1641024775096961,-0.02764795483982766,0,0,0,0,0,0,0,0,0,0,0,0,0,0,1,0,1,0,0,1,0,0,0
0,1,1,-1.2863464107953595,1,1,0.31423921863203297,-0.9929588139657047,1,0,0,0,0,0,0,0,0,0,1,0,1,0,1,0,0,0,0,0,0,1,0
0,0,1,-0.22112258247920574,1,1,0.5928210949795176,0.0794656044822252,1,0,0,1,0,0,0,0,1,0,0,0,1,0,0,0,0,1,0,0,1,0,0
0,1,0,1.1484509110701349,1,1,0.654642315805589,1.4889787345206755,0,0,1,0,0,0,0,0,1,0,0,0,1,0,1,0,1,0,0,0,0,1,0
0,0,0,1.554250464714384,1,0,-1.7447938175063131,-0.5102136154814547,1,0,1,0,1,1,0,1,0,1,0,1,0,1,0,1,0,0,0,0,0,0,0
0,1,1,-0.22112258247920574,1,1,0.5731155808412072,0.07218790979018515,0,0,1,1,0,0,1,0,0,0,1,0,0,0,0,0,1,0,0,0,1,0,1
0,0,0,-0.7790969687400482,0,1,0.060385830614976335,-0.6093056804777435,1,1,0,0,0,0,0,0,0,0,1,0,0,0,1,0,1,0,0,1,0,0,1
0,0,1,0.4890266363982302,1,1,-1.6049233053873262,-0.7088401780147819,1,0,0,0,1,1,0,1,0,1,0,1,0,1,0,1,0,0,1,0,0,0,0
0,0,0,-1.387796299206422,1,1,1.3257889443986286,-1.0544697612615115,1,0,1,1,0,0,1,0,1,0,0,0,0,0,1,0,1,0,0,0,1,0,1
0,1,1,-0.37329741509579917,1,0,-0.22283263729446393,-0.35995326533760624,1,0,0,0,0,0,0,0,0,0,1,0,1,0,0,0,0,0,0,0,0,1,0
1,1,0,0.33685180378163676,1,1,0.6867120741091141,0.7023272650021232,0,0,0,1,0,0,0,0,0,0,1,0,0,0,1,0,1,0,0,0,0,0,1
0,1,1,-0.5761971919179237,1,1,0.041066699106828974,-0.4230415808221725,1,0,0,0,0,0,0,0,0,0,1,0,0,0,1,0,0,0,0,0,1,0,1
0,1,0,-0.7790969687400482,0,1,-0.06518852418798152,-0.6321839312805622,1,1,0,1,0,0,0,0,0,0,0,0,0,0,0,0,0,0,0,0,1,0,1
0,0,1,-0.8805468571511105,1,1,-1.6501300731163913,-1.0663577312694783,0,0,0,0,1,1,0,1,0,1,0,1,0,1,0,1,0,1,0,1,0,0,0
0,0,0,-1.0834466339732352,1,1,0.21687079583096985,-0.8353758846691605,0,0,0,0,0,0,0,0,1,0,1,0,0,0,1,0,1,1,0,1,0,0,1
0,0,0,2.1122248509752266,1,0,0.4854067237942183,2.300380778057972,0,0,1,1,0,0,1,0,1,0,0,0,0,0,0,0,0,0,1,0,0,0,0
0,1,0,1.9600500183586334,1,1,-0.7112202818204293,0.7714429223461763,0,0,0,0,0,0,0,0,0,0,0,0,0,0,0,0,0,0,1,0,1,0,0
0,1,1,0.33685180378163676,1,1,-1.731656808080773,-0.793652572456733,1,0,1,0,1,1,0,1,0,1,0,1,0,1,0,1,0,1,0,0,1,0,0
0,0,0,0.2861268595761056,1,0,0.7813758184990357,0.7027119889506009,0,0,0,1,0,0,1,0,1,0,0,0,0,0,0,0,0,0,0,0,0,1,1
0,0,0,-1.0327216897677038,1,1,-1.6760177093373085,-1.1307284599156375,0,0,0,0,1,1,0,1,0,1,0,1,0,1,0,1,0,1,0,0,0,0,0
0,1,0,-0.7283720245345171,0,1,0.501248411630899,-0.43210824187463476,1,1,0,1,0,0,0,0,1,0,0,0,0,0,1,0,0,0,0,1,0,0,1
0,0,1,-0.37329741509579917,1,1,0.9131322953846012,0.04543677123935576,0,0,0,1,0,0,1,0,0,0,0,0,0,0,0,0,1,1,0,0,0,0,1
1,0,1,0.23540191537057448,1,1,-1.7447938175063131,-0.8134786799349604,0,0,0,0,1,1,0,1,0,1,0,1,0,1,0,1,0,0,1,1,0,0,0
0,0,0,2.1122248509752266,0,0,0.25782735462824236,2.002662150528356,0,1,0,1,0,0,0,0,1,0,0,0,0,0,0,0,0,0,1,0,0,1,0
0,0,0,2.1122248509752266,1,0,0.8385604477631521,2.699878126157414,0,0,0,1,0,0,1,0,0,0,0,0,0,0,1,0,1,1,0,0,1,0,0
0,0,0,-0.37329741509579917,1,0,0.02367948074949624,-0.29296000177598946,0,0,1,0,0,0,1,0,1,0,0,0,0,0,0,0,0,0,0,0,1,0,1
1,1,0,-0.8805468571511105,1,1,0.9923407345680052,-0.48602089118800335,1,0,0,1,0,0,0,0,0,0,1,0,1,0,0,0,0,0,0,0,0,0,1
0,0,0,-1.2356214665898284,1,1,0.46183738335427854,-0.944913204866624,1,0,1,0,0,0,1,0,0,0,1,0,0,0,1,0,1,0,0,1,0,0,1
0,0,0,-0.8298219129455794,1,1,0.4997028811102475,-0.5877290790339418,1,0,0,1,0,0,0,0,0,0,0,0,0,0,1,0,0,0,0,1,0,0,1
0,0,1,0.18467697116504336,1,1,0.6511648721341229,0.5321638625903521,0,0,0,1,0,0,0,0,1,0,0,0,1,0,0,0,0,0,0,0,1,0,1
0,0,1,0.13395202695951222,0,0,0.0882053799867085,0.17364602706961305,0,1,0,0,0,0,0,0,1,0,1,0,0,0,0,0,1,0,0,1,0,0,1
0,0,1,0.13395202695951222,1,1,0.24855417150433182,0.22382685408274586,1,0,1,1,0,0,0,0,0,0,1,0,0,0,0,0,0,0,0,0,0,0,1
0,0,0,2.1122248509752266,1,0,1.1364614556187842,3.0739836936573157,1,0,0,1,0,0,0,0,1,0,0,0,1,0,0,0,1,0,0,0,0,1,0
1,0,1,-0.2718475266847369,1,1,-0.06325661103716662,-0.23030129470055685,1,0,0,0,0,0,0,0,0,0,1,0,0,0,1,0,0,0,1,1,0,0,0
0,0,0,-0.4747473035068614,1,0,0.6457555153118416,-0.1763758212555725,1,0,1,0,0,0,1,0,1,0,1,0,0,0,0,0,1,0,1,0,1,0,0
0,1,0,0.18467697116504336,0,1,0.5170900994675802,0.434738934704134,0,1,0,1,0,0,1,0,0,0,1,0,0,0,0,0,0,0,0,0,1,0,1
0,0,1,2.1122248509752266,1,1,-0.11928209241079407,1.5520798741368578,0,0,0,0,0,0,1,0,0,0,0,0,1,0,0,0,0,0,1,0,1,0,0
0,0,0,0.5904765248092925,1,1,0.3335583501401803,0.6915806427079741,0,0,0,1,0,0,0,0,0,0,1,0,0,0,0,0,0,0,0,1,0,0,0
0,1,0,0.13395202695951222,1,1,-1.6404705073623176,-0.8108497329536949,1,0,0,0,1,1,0,1,0,1,0,1,0,1,0,1,0,0,0,1,0,0,0
0,1,0,0.3875767479871679,1,1,-1.641629655252806,-0.7017804935602128,0,0,0,0,1,1,0,1,0,1,0,1,0,1,0,1,0,0,0,0,0,1,0
0,0,0,0.8948261900424792,1,1,1.2805821766695635,1.7395302059669022,1,0,1,1,0,0,1,0,1,0,0,0,1,0,0,0,1,0,1,0,0,0,0
1,1,0,-1.0834466339732352,1,1,0.9969773261299603,-0.6807168573810481,0,0,0,1,0,0,1,0,1,0,0,0,0,0,1,0,0,1,0,0,0,0,0
0,1,0,1.1991758552756662,1,1,0.9722488377995315,1.8129547715339074,1,0,0,1,0,0,0,0,1,0,1,0,0,0,1,0,0,1,0,0,0,1,0
0,0,0,0.4890266363982302,1,1,0.5966849212811469,0.7552460441152572,0,0,0,1,0,0,0,0,0,0,0,0,0,0,1,0,1,0,0,0,0,0,1
0,1,1,-0.7283720245345171,1,1,0.7307596939476896,-0.4125963256209978,1,0,0,1,0,0,0,0,0,0,0,0,0,0,1,0,1,0,0,1,0,0,0
0,1,0,0.793376301631417,0,1,1.1422571950712286,1.488138753899832,0,1,0,1,0,0,0,0,1,0,0,0,1,0,1,0,1,0,1,0,0,0,0
0,0,0,-0.06894774986261233,1,1,0.6801435693963439,0.24772462334903086,1,0,1,1,0,0,0,0,0,0,0,0,0,0,1,0,1,0,0,0,0,1,1
1,0,0,-1.0327216897677038,1,1,0.6793708041360177,-0.700985397400025,1,0,0,0,0,0,0,0,1,0,1,0,1,0,1,0,1,0,0,1,0,0,0
0,0,0,-0.4240223593013303,1,1,-0.8850924653937555,-0.6856156756583334,0,0,0,0,0,0,0,0,0,0,0,0,0,0,0,0,0,0,0,0,1,0,1
0,1,0,-0.322572470890268,1,0,0.9981364740204491,0.14041228998693125,0,0,0,1,0,0,1,0,0,0,1,0,0,0,1,0,0,0,0,0,0,0,1
0,0,1,-0.2718475266847369,1,1,0.37992426575973354,-0.04576204074732838,0,0,0,1,0,0,0,0,1,0,0,0,0,0,0,0,0,0,0,0,1,0,0
0,1,0,-0.1703976382736746,0,1,-0.17298927800344377,-0.19742663330312107,0,1,0,0,0,0,0,0,0,0,0,0,0,0,1,0,1,0,0,0,1,0,1
0,0,0,-1.2863464107953595,1,1,0.3470817421958832,-1.006783227847677,0,0,0,0,0,0,1,0,1,0,1,0,1,0,1,0,0,0,0,0,0,0,0
0,0,0,2.1122248509752266,1,1,0.5939802428700065,2.4124893366444295,1,0,1,1,0,0,0,0,0,0,0,0,1,0,0,0,1,0,0,0,1,0,1
1,1,1,0.6919264132203548,1,1,0.6843937783281363,1.0686485846111553,0,0,0,1,0,0,1,0,0,0,1,0,0,0,0,0,0,1,0,0,1,0,1
1,0,0,0.33685180378163676,1,1,-0.13782845865861543,0.17517209873190875,0,0,0,0,0,0,1,0,0,0,0,0,1,0,0,0,0,1,0,0,0,0,0
0,0,0,0.7426513574258858,1,1,1.1901686412114338,1.500225497947846,1,0,0,1,0,0,0,0,1,0,0,0,0,0,1,0,1,0,0,0,0,1,0
0,1,0,-0.1703976382736746,1,0,0.7782847574577322,0.20151286507102834,0,0,0,1,0,0,0,0,1,0,1,0,1,0,0,0,0,0,0,0,1,0,1
0,0,1,0.5397515806037613,1,1,-1.5307378403960403,-0.603919545199053,1,0,1,0,1,1,0,1,0,1,0,1,0,1,0,1,0,0,0,1,0,0,0
0,1,0,-0.7283720245345171,1,1,0.39035659677413354,-0.48364201477324836,1,0,0,0,0,0,0,0,1,0,1,0,1,0,0,0,0,0,0,0,0,0,0
0,0,1,2.1122248509752266,1,1,-1.6431751857734578,-0.24905658718885407,1,0,0,0,1,1,0,1,0,1,0,1,0,1,0,1,0,0,1,0,0,1,0
0,1,0,2.1122248509752266,1,1,0.06154497850546522,1.7534700370334177,1,0,1,0,0,0,0,0,0,0,0,0,1,0,1,0,0,0,1,0,1,0,0
0,0,0,-0.018222805657081193,1,0,0.435949747133361,0.2034493089450337,0,0,1,1,0,0,0,0,0,0,0,0,1,0,0,0,0,0,1,1,0,0,0
0,0,1,-0.7283720245345171,1,0,-1.7007461976677372,-1.0271158885247333,0,0,0,0,1,1,0,1,0,1,0,1,0,1,0,1,0,0,0,0,0,1,0
0,1,0,0.9455511342480104,1,0,-1.5999003311952078,-0.551750977785451,1,0,0,0,1,1,0,1,0,1,0,1,0,1,0,1,0,0,0,0,0,0,0
0,0,1,1.554250464714384,1,0,0.36678725633419373,1.6158735168602998,0,0,1,1,0,0,0,0,0,0,0,0,0,0,1,0,1,0,1,0,0,0,0
1,1,0,0.2861268595761056,1,1,0.12336619933153656,0.33598670919566714,1,0,0,0,0,0,0,0,1,0,1,0,1,0,0,0,0,0,0,0,0,1,1
0,0,0,-0.37329741509579917,1,1,-1.7104057634218108,-0.9336920897026855,0,0,1,0,1,1,0,1,0,1,0,1,0,1,0,1,0,0,0,1,0,0,1
0,1,1,0.4890266363982302,1,1,-0.3800903677707835,0.16069365413752387,1,0,1,0,0,0,1,0,0,0,0,0,0,0,0,0,0,0,1,1,0,0,0
0,0,0,0.8441012458369481,1,0,0.288737965041278,0.9248964812623913,1,0,1,0,0,0,1,0,0,0,1,0,1,0,1,0,0,0,0,1,0,0,0
0,1,1,0.6412014690148236,1,1,0.8076498373501164,1.0811713491341106,1,0,0,0,0,0,1,0,1,0,1,0,0,0,1,0,1,0,1,0,0,0,0
1,1,0,-0.4240223593013303,1,0,-1.7447938175063131,-0.9544479467230678,0,0,0,0,1,1,0,1,0,1,0,1,0,1,0,1,0,1,0,0,1,0,0
1,0,0,0.9455511342480104,1,1,0.151958513963595,0.901037184390954,1,0,1,0,0,0,0,0,0,0,1,0,1,0,1,0,0,0,0,1,0,0,0
0,0,0,-0.5761971919179237,1,0,0.8860855112731948,-0.1656612592904632,0,0,0,1,0,0,0,0,1,0,1,0,1,0,0,0,1,0,0,0,0,1,1
0,1,0,-1.0834466339732352,0,1,-1.7447938175063131,-1.1314850836809773,1,1,0,0,1,1,0,1,0,1,0,1,0,1,0,1,0,0,0,1,0,0,0
0,0,0,1.3513506878922594,1,1,1.3748595384293227,2.364559144729892,0,0,0,1,0,0,0,0,1,0,1,0,1,0,1,0,1,0,0,0,0,0,0
0,0,0,-1.0834466339732352,0,1,0.4602918528336265,-0.7820403212785089,1,1,0,1,0,0,0,0,0,0,0,0,1,0,0,0,1,0,1,1,0,0,0
0,1,0,-0.9819967455621728,1,0,0.5858662076365844,-0.6843268504309322,1,0,0,1,0,0,0,0,1,0,0,0,0,0,0,0,1,1,0,0,0,0,0
0,0,0,1.0977259668646038,1,1,-1.7247019207378398,-0.569800943034872,0,0,1,0,1,1,0,1,0,1,0,1,0,1,0,1,0,0,0,0,0,1,0
0,0,0,1.7571502415365088,1,1,-1.673313030926168,-0.406530511366663,1,0,1,0,1,1,0,1,0,1,0,1,0,1,0,1,0,1,0,0,1,0,0
0,1,0,-0.37329741509579917,1,1,0.8447425698457591,0.030349180393214475,1,0,0,0,0,0,1,0,1,0,1,0,0,0,0,0,1,1,0,0,0,1,0
0,0,0,-0.7790969687400482,1,1,0.6785980388756919,-0.43122978885894364,1,0,0,1,0,0,0,0,0,0,1,0,1,0,0,0,1,1,0,0,1,0,1
0,1,0,-0.5761971919179237,1,1,0.11138833779648566,-0.3888396218024879,0,0,1,0,0,0,0,0,1,0,0,0,0,0,1,0,0,1,0,1,0,0,0
1,0,0,0.33685180378163676,0,0,0.8238779078169602,0.7632098298487496,1,1,0,1,0,0,0,0,0,0,0,0,1,0,1,0,1,0,0,0,1,0,1
1,0,0,-0.2718475266847369,1,1,-1.684904509831056,-0.8844281881000916,1,0,0,0,1,1,0,1,0,1,0,1,0,1,0,1,0,0,1,1,0,0,0
0,0,0,-0.5254722477123925,1,0,-0.13551016287763792,-0.4342755201177269,1,0,0,0,0,0,1,0,0,0,1,0,0,0,0,0,0,0,0,0,1,0,0
0,0,0,2.1122248509752266,0,0,0.05845391746416171,1.7841838322535692,0,1,0,0,0,0,1,0,1,0,0,0,0,0,0,0,1,0,0,1,0,0,0
0,1,1,0.08322708275398108,1,1,0.9409518447563333,0.5608835053442266,0,0,1,1,0,0,1,0,0,0,0,0,1,0,1,0,0,0,0,1,0,0,1
0,1,1,0.08322708275398108,1,1,0.8119000462819088,0.47786648932850545,0,0,0,1,0,0,1,0,0,0,0,0,0,0,1,0,0,1,0,1,0,0,0
0,0,0,0.4890266363982302,1,1,1.4162024798567583,1.320886429364877,1,0,0,1,0,0,1,0,1,0,0,0,0,0,1,0,1,0,1,0,1,0,0
0,1,0,-0.37329741509579917,1,0,0.6747342125740626,-0.06558814822555575,0,0,1,1,0,0,0,0,1,0,1,0,0,0,0,0,0,1,0,0,1,0,1
0,1,0,1.858600129947571,1,0,1.5448678957010196,3.2187809637327778,1,0,0,1,0,0,1,0,1,0,1,0,1,0,0,0,0,0,0,1,0,0,1
0,0,0,-1.3370713550008908,1,1,-1.6532211341576948,-1.1812170660875527,1,0,0,0,1,1,0,1,0,1,0,1,0,1,0,1,0,0,1,0,1,0,0
0,0,1,0.6919264132203548,0,0,0.7330779897286673,1.110141062454496,1,1,0,1,0,0,1,0,0,0,0,0,0,0,1,0,1,0,0,1,0,0,1
0,0,0,-0.677647080328986,1,1,-1.7281793644093064,-1.0351117345872656,0,0,0,0,1,1,0,1,0,1,0,1,0,1,0,1,0,0,0,1,0,0,0
0,0,0,0.2861268595761056,1,0,0.9316786616324222,0.789557008253677,1,0,0,1,0,0,1,0,0,0,0,0,1,0,0,0,0,0,0,0,0,0,0
0,1,0,-1.0327216897677038,1,1,0.30921624443991425,-0.8019497856122396,0,0,0,1,0,0,1,0,0,0,0,0,0,0,0,0,0,0,0,0,0,0,0
0,1,0,0.6919264132203548,1,0,0.32196687123529144,0.810716825419961,1,0,1,0,0,0,1,0,0,0,0,0,1,0,1,0,0,0,1,0,0,0,0
0,0,0,0.43830169219269904,1,0,0.9150642085354158,0.940099489293076,1,0,1,1,0,0,0,0,0,0,1,0,1,0,0,0,1,0,1,0,1,0,0
0,0,1,-0.018222805657081193,1,0,1.1940324675130636,0.5753042413463394,1,0,0,0,0,0,1,0,1,0,1,0,1,0,1,0,0,0,0,0,0,0,0
0,0,0,-0.677647080328986,1,1,-0.2011952100053388,-0.5958788146758651,0,0,0,0,0,0,0,0,0,0,1,0,0,0,0,0,1,0,1,1,0,0,0
0,0,0,-0.6269221361234548,1,1,0.33974047222278736,-0.41232060679125526,1,0,1,1,0,0,0,0,0,0,1,0,0,0,0,0,0,1,0,1,0,0,1
1,0,0,0.032502138548449945,1,1,-1.7223836249568623,-0.8762528041949363,0,0,1,0,1,1,0,1,0,1,0,1,0,1,0,1,0,0,0,0,1,0,0
0,0,0,-0.8805468571511105,1,0,1.1043916973152597,-0.46085994495754923,0,0,1,1,0,0,0,0,1,0,0,0,1,0,1,0,0,1,0,0,0,1,1
0,0,1,-0.9312718013566417,1,1,0.2582137372584055,-0.7095262690562343,1,0,0,1,0,0,0,0,0,0,1,0,0,0,0,0,0,1,0,0,0,1,0
0,0,0,-1.1341715781787662,1,0,-0.5562808471250875,-0.9567883507429749,0,0,1,0,0,0,0,0,0,0,0,0,0,0,0,0,0,0,0,0,0,1,1
0,1,0,0.793376301631417,1,0,1.0101143355555005,1.4184331865014461,1,0,0,1,0,0,0,0,0,0,1,0,1,0,1,0,0,0,1,1,0,0,0
0,1,1,-0.8805468571511105,1,1,0.9525433236612216,-0.4613985584854182,0,0,0,1,0,0,0,0,1,0,0,0,1,0,0,0,1,0,0,0,0,1,0
0,0,1,2.1122248509752266,1,1,0.5827751465952808,2.380153288774863,1,0,0,1,0,0,1,0,0,0,0,0,0,0,0,0,1,0,0,0,1,0,1
0,0,0,-0.677647080328986,0,1,-0.4890502694767346,-0.6488681265128867,0,1,0,0,0,0,0,0,0,0,0,0,0,0,1,0,0,0,0,0,0,1,1
0,0,0,0.032502138548449945,1,1,0.9482931147294292,0.5134149821678626,1,0,1,1,0,0,0,0,0,0,1,0,1,0,0,0,1,1,0,0,0,1,0
0,1,0,0.3875767479871679,1,1,-0.009935808074680072,0.2976489677298453,0,0,0,0,0,0,0,0,0,0,1,0,1,0,1,0,0,0,1,0,0,1,0
0,1,1,-0.322572470890268,1,1,1.059957694846521,0.15438418138248666,0,0,0,1,0,0,1,0,1,0,0,0,1,0,1,0,0,0,0,0,0,1,1
0,1,0,-0.5254722477123925,1,0,0.17475508914320903,-0.3376328642600806,0,0,1,0,0,0,0,0,1,0,0,0,0,0,1,0,1,0,0,0,1,0,1
0,0,0,2.1122248509752266,1,1,-1.6393113594718287,-0.2614511103956502,0,0,1,0,1,1,0,1,0,1,0,1,0,1,0,1,0,0,0,0,1,0,0
0,1,1,-0.2718475266847369,1,1,0.4390408081746645,-0.0540336056396031,0,0,1,0,0,0,0,0,1,0,0,0,1,0,1,0,1,0,1,0,1,0,0
0,1,0,-0.22112258247920574,1,1,0.37760596997875634,-0.024999771661138252,1,0,0,0,0,0,1,0,0,0,1,0,0,0,1,0,0,0,1,0,0,1,0
0,1,0,-0.8298219129455794,1,1,-1.6914730145438264,-1.0477370921631484,0,0,0,0,1,1,0,1,0,1,0,1,0,1,0,1,0,0,0,0,0,0,0
0,1,0,-0.8805468571511105,1,1,-0.16796630381132535,-0.7363479403309512,0,0,1,0,0,0,0,0,0,0,0,0,1,0,1,0,0,1,0,1,0,0,0
1,0,1,-1.3370713550008908,0,1,1.1700767444429607,-0.9905607013535258,1,1,0,1,0,0,1,0,1,0,1,0,1,0,0,0,1,0,0,0,0,1,1
0,0,0,-0.4240223593013303,0,1,0.457200791792323,-0.18465379821365518,1,1,0,1,0,0,1,0,0,0,0,0,0,0,0,0,1,0,0,0,0,0,1
1,1,0,-0.22112258247920574,1,1,-1.6389249768416654,-0.8717643581293609,0,0,0,0,1,1,0,1,0,1,0,1,0,1,0,1,0,0,0,0,0,0,0
1,0,0,0.43830169219269904,1,1,-1.7447938175063131,-0.7710821008126968,1,0,0,0,1,1,0,1,0,1,0,1,0,1,0,1,0,0,1,0,0,0,0
0,0,0,2.1122248509752266,1,1,-0.3229057385066674,1.3095563090822029,0,0,0,0,0,0,0,0,0,0,0,0,0,0,1,0,1,0,0,0,0,1,0
0,1,0,-1.0327216897677038,1,0,-1.7447938175063131,-1.1095622306835458,1,0,0,0,1,1,0,1,0,1,0,1,0,1,0,1,0,0,1,0,1,0,0
0,0,0,-0.9819967455621728,1,1,0.10713812886469326,-0.7532501458007466,1,0,0,0,0,0,0,0,1,0,0,0,0,0,1,0,1,0,0,0,1,0,1
0,1,0,-1.3370713550008908,1,1,1.1225516809329181,-0.9861876724724938,0,0,0,0,0,0,1,0,1,0,1,0,0,0,1,0,1,0,0,0,0,1,1
0,0,0,-1.3370713550008908,0,1,-0.003367303361909904,-1.0596122380394994,0,1,0,1,0,0,0,0,0,0,0,0,0,0,0,0,0,0,0,0,1,0,1
0,1,0,1.4020756320977905,1,1,0.6755069778343884,1.7723215105088341,0,0,0,1,0,0,0,0,1,0,0,0,0,0,1,0,1,0,1,0,1,0,1
1,1,0,-0.8298219129455794,1,1,-0.38665887248355363,-0.7549878156347051,0,0,0,0,0,0,1,0,1,0,0,0,0,0,0,0,0,0,0,0,0,0,0
1,0,0,-0.4240223593013303,1,0,1.0912546878897198,0.05626033832320036,1,0,0,1,0,0,1,0,1,0,1,0,0,0,0,0,0,0,0,0,0,0,1
0,1,0,2.1122248509752266,1,1,-1.7208380944362105,-0.3886023753675933,0,0,1,0,1,1,0,1,0,1,0,1,0,1,0,1,0,0,0,0,0,0,0
0,1,0,-0.018222805657081193,1,1,-1.6161284016620516,-0.8037836364333176,0,0,1,0,1,1,0,1,0,1,0,1,0,1,0,1,0,1,0,0,1,0,0
0,1,1,-1.1848965223842973,1,0,0.7670796611830071,-0.8653651164530121,1,0,0,1,0,0,0,0,1,0,1,0,0,0,0,0,1,0,0,0,1,0,1
0,1,1,-0.7790969687400482,0,0,1.3385395711940058,-0.2910620302968318,1,1,0,1,0,0,0,0,1,0,1,0,0,0,1,0,1,0,0,0,1,0,0
0,1,0,-0.4747473035068614,1,1,0.6828482478074843,-0.16896347318156515,0,0,1,1,0,0,1,0,0,0,1,0,0,0,1,0,0,0,0,0,1,0,1
0,0,0,-0.5761971919179237,0,1,0.7562609475384445,-0.2025883462785329,1,1,0,1,0,0,0,0,0,0,1,0,0,0,1,0,1,1,0,1,0,0,1
0,0,0,-0.322572470890268,1,0,0.020974802338355872,-0.24285611955255215,0,0,0,0,0,0,1,0,1,0,0,0,0,0,0,0,1,0,0,0,0,0,0
0,1,0,-0.11967269406814346,1,1,0.7547154170177924,0.2836257798078262,1,0,0,1,0,0,0,0,0,0,0,0,1,0,0,0,1,0,0,0,0,0,0
0,0,1,1.604975408919915,0,1,0.21107505637852597,1.5308815845757255,0,1,0,0,0,0,1,0,0,0,1,0,1,0,1,0,0,0,1,0,0,1,0
0,0,1,0.43830169219269904,1,0,0.5089760642341581,0.6728509984829089,1,0,0,1,0,0,0,0,0,0,0,0,1,0,0,0,0,0,0,0,0,0,1
0,0,0,-0.2718475266847369,1,0,1.8226770067881786,0.556023159461789,1,0,0,1,0,0,1,0,1,0,1,0,0,0,1,0,1,1,0,1,0,0,1
0,0,0,1.9093250741531023,1,1,-1.5083276478465895,-0.1761513989522938,0,0,1,0,1,1,0,1,0,1,0,1,0,1,0,1,0,0,0,0,0,1,0
1,0,0,-1.0834466339732352,1,1,0.30921624443991425,-0.7943386634981854,1,0,1,1,0,0,0,0,0,0,0,0,0,0,0,0,1,0,0,0,0,1,1
1,1,1,-0.5254722477123925,1,1,0.7520107386066521,-0.1766707762827389,1,0,0,1,0,0,0,0,0,0,0,0,0,0,1,0,1,0,0,0,0,1,1
0,0,0,-0.8298219129455794,1,0,0.9363152531943778,-0.46026362283740846,1,0,0,1,0,0,0,0,0,0,0,0,1,0,1,0,0,0,0,0,0,1,1
0,1,0,2.1122248509752266,1,1,-1.7447938175063131,-0.39302670077508906,1,0,1,0,1,1,0,1,0,1,0,1,0,1,0,1,0,0,0,0,0,0,0
0,0,1,1.9093250741531023,1,1,-1.4716212979811094,-0.12227722203377309,0,0,1,0,1,1,0,1,0,1,0,1,0,1,0,1,0,0,0,1,0,0,0
0,1,0,-0.5761971919179237,0,0,0.7160771540014977,-0.2415288219303033,0,1,0,1,0,0,0,0,0,0,0,0,1,0,1,0,1,0,0,0,0,1,1
0,1,0,-0.322572470890268,0,0,-1.7447938175063131,-0.9313003891563146,0,1,0,0,1,1,0,1,0,1,0,1,0,1,0,1,0,0,1,0,1,0,0
1,0,1,-0.5254722477123925,1,0,-0.3464750789466071,-0.548455175960157,1,0,1,0,0,0,0,0,0,0,0,0,0,0,1,0,0,0,0,0,0,1,1
0,0,0,-0.5761971919179237,1,1,0.6851665435884621,-0.26039953160314394,0,0,1,0,0,0,0,0,1,0,1,0,0,0,1,0,1,0,0,0,1,0,1
0,0,0,-0.37329741509579917,1,1,0.8362421519821743,0.012331275472833147,1,0,0,1,0,0,1,0,0,0,0,0,0,0,1,0,1,0,0,0,0,0,0
0,0,0,-1.0327216897677038,1,1,0.8374012998726632,-0.6873982299529475,1,0,1,1,0,0,0,0,0,0,1,0,0,0,1,0,0,0,0,1,0,0,1
0,1,0,0.23540191537057448,1,1,-1.7447938175063131,-0.7917674251091914,0,0,0,0,1,1,0,1,0,1,0,1,0,1,0,1,0,0,1,0,1,0,0
1,1,0,-1.0834466339732352,1,1,0.8497655440378777,-0.7573282196546122,1,0,1,1,0,0,1,0,1,0,1,0,0,0,0,0,0,0,0,0,0,1,1
1,0,1,1.3006257436867283,1,0,-1.7073147023805073,-0.5675374838046604,1,0,0,0,1,1,0,1,0,1,0,1,0,1,0,1,0,0,1,0,0,1,0
0,0,0,-0.1703976382736746,1,1,0.6998490835346539,0.16797776089537203,1,0,0,1,0,0,0,0,0,0,0,0,0,0,1,0,1,0,1,0,0,1,0
0,1,1,-0.06894774986261233,1,1,-0.7966108430864406,-0.44508626306995563,0,0,0,0,0,0,0,0,0,0,0,0,0,0,0,0,0,1,0,1,0,0,0
0,0,0,-0.11967269406814346,1,1,1.1785771623065455,0.47691750358892665,1,0,1,1,0,0,0,0,1,0,0,0,1,0,0,0,1,0,1,0,0,0,0
0,0,1,0.33685180378163676,1,1,0.589343651308051,0.6203682398447166,0,0,0,1,0,0,0,0,0,0,0,0,1,0,0,0,1,0,0,0,1,0,1
1,1,0,1.3006257436867283,1,1,1.972593467291402,2.870875097124221,0,0,1,1,0,0,1,0,1,0,1,0,1,0,1,0,1,0,0,0,0,0,1
0,0,0,-0.22112258247920574,1,1,0.45217781760020487,0.004566263779387772,0,0,1,1,0,0,0,0,1,0,0,0,0,0,0,0,1,0,1,0,1,0,0
0,0,1,0.4890266363982302,1,0,-1.7447938175063131,-0.7577642401295538,0,0,1,0,1,1,0,1,0,1,0,1,0,1,0,1,0,0,0,0,1,0,0
0,0,0,-0.22112258247920574,1,1,0.3521047163880014,0.009618971636064002,1,0,0,1,0,0,0,0,0,0,0,0,0,0,0,0,1,0,1,0,1,0,1
0,1,0,2.0107749625641644,1,1,0.5974576865414732,2.326182930869223,0,0,1,1,0,0,0,0,0,0,1,0,0,0,1,0,0,0,1,0,1,0,1
0,0,1,-0.22112258247920574,1,0,1.037161119666907,0.24791698532326992,0,0,0,1,0,0,1,0,0,0,0,0,0,0,1,0,1,0,0,0,0,1,0
0,0,0,-1.2356214665898284,1,1,0.7508515907161633,-0.9381035909785653,0,0,1,1,0,0,1,0,0,0,0,0,1,0,1,0,0,0,0,0,0,1,1
0,0,0,2.1122248509752266,1,1,0.2926017913429078,2.0550423161136204,0,0,0,1,0,0,0,0,0,0,0,0,0,0,1,0,0,0,0,0,1,0,1
0,1,1,-0.6269221361234548,1,0,0.4514050523398791,-0.382639154166186,1,0,0,1,0,0,0,0,1,0,0,0,0,0,1,0,0,1,0,1,0,0,1
0,1,0,-0.37329741509579917,1,1,1.6700558678738144,0.33968647116686285,1,0,0,1,0,0,1,0,1,0,0,0,1,0,1,0,1,0,1,0,1,0,0
0,0,0,-0.4240223593013303,0,0,-1.7447938175063131,-0.9661756150858355,1,1,0,0,1,1,0,1,0,1,0,1,0,1,0,1,0,0,0,0,0,1,0
0,1,0,-0.22112258247920574,1,0,0.7616703043607258,0.13643039712018507,0,0,1,1,0,0,0,0,0,0,1,0,1,0,1,0,0,0,0,1,0,0,1
0,0,1,-0.677647080328986,1,0,1.0012275350617525,-0.24336267275138135,0,0,1,1,0,0,0,0,1,0,1,0,0,0,0,0,1,0,0,0,0,1,1
0,0,1,-0.5761971919179237,1,0,0.7647613654020293,-0.2223567451644885,1,0,1,1,0,0,0,0,0,0,0,0,0,0,1,0,1,1,0,0,0,0,0
0,0,0,-1.1848965223842973,1,1,-0.595691875401708,-1.011117784333861,1,0,1,0,0,0,0,0,0,0,0,0,0,0,1,0,0,0,0,1,0,0,0
0,0,0,-0.7283720245345171,1,1,0.6840073956979732,-0.39546969784792363,1,0,0,1,0,0,0,0,0,0,0,0,0,0,1,0,1,0,0,1,0,0,0
0,0,0,-0.9819967455621728,1,1,0.0712045442595389,-0.7626181739461833,1,0,0,1,0,0,0,0,0,0,0,0,0,0,1,0,0,0,0,0,0,0,0
0,0,0,1.1991758552756662,1,1,-1.6223105237446587,-0.4751139672486551,1,0,0,0,1,1,0,1,0,1,0,1,0,1,0,1,0,0,1,0,1,0,0
0,0,0,1.3513506878922594,1,1,-1.673699413556331,-0.5108163496674033,0,0,1,0,1,1,0,1,0,1,0,1,0,1,0,1,0,0,0,0,0,0,0
0,1,0,-1.0327216897677038,1,0,-1.6509028383767168,-1.0937693125985282,0,0,0,0,1,1,0,1,0,1,0,1,0,1,0,1,0,0,0,0,0,0,0
0,1,1,-1.1848965223842973,1,1,-1.7223836249568623,-1.1517407995683384,0,0,0,0,1,1,0,1,0,1,0,1,0,1,0,1,0,0,1,0,1,0,0
0,1,0,1.0977259668646038,1,0,-1.6675172914737237,-0.5451273138058232,1,0,1,0,1,1,0,1,0,1,0,1,0,1,0,1,0,1,0,1,0,0,0
1,0,0,-1.3370713550008908,1,1,0.7937400626642503,-1.0238008505020157,1,0,0,1,0,0,1,0,1,0,0,0,0,0,0,0,1,0,1,0,0,0,0
0,0,0,-0.11967269406814346,1,0,-0.32445126902731913,-0.2346358511867411,0,0,0,0,0,0,0,0,0,0,1,0,0,0,0,0,0,0,0,1,0,0,1
0,1,1,-1.0834466339732352,1,1,0.5217266910295353,-0.7968008967684439,1,0,0,1,0,0,1,0,0,0,0,0,0,0,1,0,0,0,1,0,1,0,0
0,0,0,-0.8298219129455794,0,1,-1.7289521296696322,-1.0552199729610434,1,1,0,0,1,1,0,1,0,1,0,1,0,1,0,1,0,0,1,0,0,1,0
0,0,0,1.0977259668646038,1,0,-1.7447938175063131,-0.6242714420735335,1,0,0,0,1,1,0,1,0,1,0,1,0,1,0,1,0,0,1,0,1,0,0
0,1,1,2.1122248509752266,1,0,0.6109810785971761,2.436483286897834,0,0,1,0,0,0,0,0,1,0,0,0,1,0,1,0,1,0,1,0,0,1,0
0,1,1,-1.438521243411953,1,1,1.117915089370963,-1.0967573352650397,1,0,1,1,0,0,1,0,1,0,0,0,0,0,0,0,1,0,1,0,0,0,0
0,1,0,-1.0834466339732352,1,0,0.21571164794048098,-0.8486296246942239,0,0,0,1,0,0,0,0,0,0,1,0,0,0,0,0,0,0,0,0,1,0,1
1,1,0,1.0470010226590727,1,0,0.6349368016672791,1.391617927292537,1,0,0,1,0,0,0,0,1,0,1,0,0,0,0,0,0,0,1,0,0,0,0
0,0,0,-0.6269221361234548,1,0,0.4881114022053592,-0.33824842257764526,0,0,1,0,0,0,1,0,1,0,0,0,1,0,1,0,0,0,1,1,0,0,0
0,1,0,1.9600500183586334,1,1,1.2968102471364076,3.067199728032489,1,0,1,1,0,0,1,0,0,0,0,0,1,0,1,0,1,1,0,1,0,0,1
0,0,0,-0.8298219129455794,1,0,0.15775425341603888,-0.6017715031533848,1,0,1,0,0,0,1,0,1,0,0,0,0,0,0,0,1,1,0,0,0,1,0
0,1,0,-0.8298219129455794,1,1,1.0023866829522414,-0.4323262521121056,1,0,1,1,0,0,0,0,0,0,1,0,1,0,0,0,1,1,0,1,0,0,0
0,1,1,-0.11967269406814346,1,0,1.1839865191288268,0.4848556410591872,1,0,0,1,0,0,0,0,0,0,1,0,1,0,1,0,0,1,0,0,1,0,0
0,0,0,-0.22112258247920574,1,1,-1.7447938175063131,-0.9299217950076022,1,0,0,0,1,1,0,1,0,1,0,1,0,1,0,1,0,1,0,0,1,0,0
0,0,1,0.2861268595761056,1,0,0.7172363018919866,0.6630277136651066,1,0,1,1,0,0,0,0,1,0,1,0,0,0,0,0,0,0,0,0,1,0,1
0,0,0,-0.11967269406814346,1,1,0.779057522718058,0.27200070449798586,1,0,0,1,0,0,0,0,1,0,1,0,0,0,0,0,0,0,0,0,0,0,1
0,0,1,1.6557003531254464,1,0,-0.8244303924581727,0.47791778585496913,1,0,0,0,0,0,0,0,0,0,0,0,0,0,0,0,0,0,0,0,0,1,1
0,1,1,-0.22112258247920574,1,1,-1.724315538107677,-0.905139160659818,1,0,0,0,1,1,0,1,0,1,0,1,0,1,0,1,0,0,0,0,1,0,0
0,0,0,-0.4240223593013303,1,0,-1.7447938175063131,-0.9546467207631146,1,0,1,0,1,1,0,1,0,1,0,1,0,1,0,1,0,0,1,1,0,0,0
0,0,0,1.1484509110701349,1,1,0.2141661174198295,1.1054730785462974,1,0,0,1,0,0,1,0,0,0,0,0,0,0,0,0,0,0,0,0,1,0,1
0,0,1,0.7426513574258858,1,0,-1.7447938175063131,-0.7014342420065827,0,0,0,0,1,1,0,1,0,1,0,1,0,1,0,1,0,0,1,0,0,0,0
1,1,0,-0.322572470890268,1,1,-1.673313030926168,-0.9035874407342906,0,0,1,0,1,1,0,1,0,1,0,1,0,1,0,1,0,1,0,0,0,0,0
0,0,0,-0.6269221361234548,0,0,-0.001821772841258148,-0.48470000563156246,0,1,0,1,0,0,0,0,0,0,0,0,0,0,0,0,0,0,0,0,0,0,0
0,0,0,-0.8805468571511105,1,1,0.6975307877536762,-0.5552840260456396,1,0,0,1,0,0,0,0,0,0,0,0,1,0,0,0,1,0,0,0,0,1,0
0,1,1,2.1122248509752266,1,0,-1.6327428547590583,-0.24511316671695577,0,0,1,0,1,1,0,1,0,1,0,1,0,1,0,1,0,0,0,1,0,0,0
1,1,0,0.6412014690148236,1,0,-0.09725828249150607,0.42745482794628586,0,0,0,0,0,0,0,0,0,0,0,0,0,0,1,0,1,0,0,0,0,0,0
0,0,1,0.18467697116504336,1,0,-0.5431438376995471,-0.1724772852443299,1,0,1,0,0,0,0,0,0,0,0,0,0,0,0,0,1,1,0,0,0,0,0
0,1,0,-0.677647080328986,1,0,1.181668223347849,-0.21011611153708348,0,0,1,1,0,0,0,0,0,0,1,0,0,0,1,0,1,0,0,1,0,0,1
1,0,0,-1.3370713550008908,1,1,0.8837672154922169,-0.9735366666333791,0,0,1,1,0,0,1,0,0,0,1,0,0,0,0,0,1,0,0,0,0,0,1
0,1,1,-1.1848965223842973,1,1,0.0627041263959541,-0.9501582746975393,1,0,1,1,0,0,0,0,0,0,0,0,0,0,0,0,0,0,0,0,0,1,1
0,1,0,0.18467697116504336,1,1,-1.6037641574968373,-0.7350847633667822,0,0,1,0,1,1,0,1,0,1,0,1,0,1,0,1,0,0,0,0,0,0,0
0,1,1,-0.018222805657081193,1,0,0.5441368835789862,0.2532518240754968,1,0,0,1,0,0,0,0,0,0,0,0,0,0,1,0,1,1,0,0,0,0,0
0,0,1,0.4890266363982302,1,1,-0.4183422481569153,0.10906370025179088,0,0,0,0,0,0,1,0,0,0,0,0,0,0,0,0,0,0,0,1,0,0,0
0,1,1,-0.4747473035068614,1,0,-1.6821998314199158,-0.9723889068537535,1,0,0,0,1,1,0,1,0,1,0,1,0,1,0,1,0,0,0,0,1,0,0
0,1,1,-0.018222805657081193,1,1,0.15929978393669092,0.062409509433038746,1,0,1,0,0,0,1,0,0,0,0,0,0,0,0,0,1,0,0,0,0,1,0
0,1,0,-0.7283720245345171,1,0,0.628754679584672,-0.42300952049313273,0,0,1,1,0,0,0,0,0,0,0,0,0,0,1,0,1,0,0,0,1,0,1
0,0,0,1.2499007994811973,1,0,0.4560416439018341,1.4129188099065966,1,0,1,1,0,0,1,0,0,0,0,0,0,0,0,0,0,0,0,0,0,1,0
0,1,0,-0.322572470890268,1,0,0.45526887864150833,-0.07066650434546397,0,0,1,0,0,0,0,0,1,0,1,0,0,0,1,0,1,1,0,0,0,1,0
0,1,0,-1.1341715781787662,1,1,1.4216118366790396,-0.6943168489597416,1,0,1,1,0,0,1,0,0,0,1,0,0,0,1,0,1,0,1,0,0,0,1
0,0,0,0.18467697116504336,1,1,0.022906715489170497,0.1791091071379991,1,0,0,0,0,0,1,0,0,0,0,0,0,0,1,0,1,0,0,1,0,0,0
0,1,0,2.0614999067696957,1,1,-1.7366797822728912,-0.38979501960787466,1,0,0,0,1,1,0,1,0,1,0,1,0,1,0,1,0,0,0,0,1,0,0
0,1,1,-0.7790969687400482,1,0,-1.5488978240136988,-1.0104509294898327,1,0,0,0,1,1,0,1,0,1,0,1,0,1,0,1,0,0,0,0,1,0,1
1,0,0,-1.438521243411953,0,1,-0.09609913460101718,-1.1500287779976117,1,1,0,0,0,0,0,0,0,0,0,0,1,0,1,0,1,0,1,0,0,1,0
0,0,1,-0.677647080328986,1,1,-0.5195744972596074,-0.7000684719894861,0,0,0,0,0,0,0,0,0,0,0,0,1,0,0,0,0,0,1,1,0,0,0
0,0,0,-0.8298219129455794,1,0,-1.5929454438522748,-1.0407928248931226,0,0,0,0,1,1,0,1,0,1,0,1,0,1,0,1,0,0,0,0,1,0,0
0,0,1,0.13395202695951222,1,1,1.2249430779260992,0.7758287753588243,0,0,1,1,0,0,0,0,1,0,0,0,1,0,1,0,1,0,0,0,0,0,1
0,1,0,0.18467697116504336,1,1,-1.6775632398579603,-0.821384757076181,0,0,0,0,1,1,0,1,0,1,0,1,0,1,0,1,0,0,0,1,0,0,1
1,0,1,2.0614999067696957,1,0,-1.6049233053873262,-0.2510571517209392,1,0,0,0,1,1,0,1,0,1,0,1,0,1,0,1,0,1,0,0,1,0,0
0,0,1,-0.9819967455621728,1,1,-0.07484808994205519,-0.786188927856262,0,0,1,0,0,0,1,0,0,0,0,0,0,0,0,0,1,0,1,0,1,0,0
1,1,0,0.08322708275398108,1,1,-1.7447938175063131,-0.8474626287171741,0,0,0,0,1,1,0,1,0,1,0,1,0,1,0,1,0,0,1,1,0,0,0
0,1,0,-0.322572470890268,1,1,-1.4356877133759554,-0.8064382316778149,0,0,0,0,1,1,0,1,0,1,0,1,0,1,0,1,0,0,0,0,0,0,0
1,1,0,-1.2863464107953595,1,1,-0.3912954640455089,-1.0614717371238092,0,0,1,0,0,0,0,0,0,0,0,0,1,0,0,0,0,0,1,0,0,1,0
0,0,0,1.0977259668646038,1,1,-0.8765920475301707,0.1428360508623418,1,0,1,0,0,0,0,0,0,0,0,0,0,0,0,0,0,0,1,1,0,0,0
1,0,0,1.7064252973309777,1,1,0.5622968671966446,1.9995010020850292,1,0,1,0,0,0,1,0,1,0,1,0,0,0,1,0,0,0,0,0,0,1,0
0,1,0,2.1122248509752266,0,1,-0.6072833543065965,0.9549305975068988,1,1,0,0,0,0,0,0,0,0,0,0,0,0,0,0,1,0,0,0,1,0,1
0,1,1,0.2861268595761056,1,0,0.9424973752769849,0.7797593716991068,0,0,0,1,0,0,0,0,1,0,0,0,0,0,1,0,1,0,0,0,0,1,1
0,1,0,-0.22112258247920574,1,1,-1.5295786925055515,-0.8452697022108501,1,0,0,0,1,1,0,1,0,1,0,1,0,1,0,1,0,0,0,0,1,0,0
0,0,0,1.4020756320977905,1,0,1.0653670516688023,2.1536214158452727,0,0,1,1,0,0,0,0,0,0,1,0,0,0,1,0,1,0,1,1,0,0,0
0,0,0,-1.1341715781787662,0,0,0.3138528360018698,-0.8582348992745552,0,1,0,0,0,0,0,0,1,0,0,0,1,0,0,0,1,1,0,0,1,0,0
0,1,1,-0.9819967455621728,1,0,0.42783571189993935,-0.7162140536939414,0,0,0,1,0,0,0,0,0,0,0,0,0,0,1,0,1,0,0,0,0,1,1
1,0,1,-0.4747473035068614,1,0,1.3505174327290572,0.09407870245857708,1,0,0,1,0,0,1,0,0,0,1,0,0,0,1,0,1,0,0,0,1,0,1
0,0,1,-1.1848965223842973,1,1,1.0881636268484158,-0.8135428005930401,1,0,1,1,0,0,0,0,1,0,1,0,1,0,1,0,0,0,1,0,0,1,0
0,0,0,-0.06894774986261233,0,1,0.3567413079499569,0.10933300701572544,0,1,0,1,0,0,0,0,0,0,0,0,0,0,1,0,1,0,0,1,0,0,0
0,1,0,-0.8298219129455794,1,1,0.39267489255511073,-0.5582335763173034,0,0,0,0,0,0,1,0,0,0,1,0,0,0,0,0,1,0,0,0,0,0,1
0,1,1,2.1122248509752266,1,0,0.8884038070541725,2.7442496215485312,1,0,0,1,0,0,1,0,0,0,1,0,1,0,0,0,0,0,1,0,0,1,0
0,0,0,1.3513506878922594,1,0,-1.5651258944805426,-0.3973548451954653,0,0,1,0,1,1,0,1,0,1,0,1,0,1,0,1,0,0,0,0,1,0,0
1,1,1,-0.5761971919179237,1,1,-0.6710364882834827,-0.6484449301695611,1,0,0,0,0,0,0,0,0,0,0,0,0,0,1,0,0,1,0,0,1,0,1
0,0,0,-0.6269221361234548,1,1,-0.11503188347900167,-0.565620276128079,0,0,0,0,0,0,1,0,0,0,1,0,0,0,0,0,0,0,1,0,0,1,0
0,1,0,1.1991758552756662,0,0,-0.3723627151675244,0.6175854032840598,0,1,0,0,0,0,1,0,0,0,1,0,0,0,0,0,0,0,0,1,0,0,0
0,0,0,2.1122248509752266,1,0,0.5085896816039949,2.3255737846174656,0,0,0,1,0,0,0,0,0,0,1,0,0,0,1,0,0,0,0,1,0,0,1
0,1,0,2.1122248509752266,1,0,1.161962709209539,3.078350310472539,0,0,0,1,0,0,0,0,0,0,0,0,1,0,1,0,1,0,0,0,0,1,1
0,1,0,-0.37329741509579917,1,1,-0.19230840951159112,-0.36176146789545227,1,0,0,0,0,0,0,0,1,0,0,0,0,0,0,0,1,0,1,0,1,0,0
0,1,1,0.13395202695951222,1,0,1.2025328853766484,0.7428964053691167,0,0,0,1,0,0,1,0,1,0,1,0,0,0,1,0,0,0,0,0,0,1,1
1,1,0,-0.1703976382736746,1,1,1.5684372361409593,0.5606270227119079,0,0,0,1,0,0,1,0,1,0,1,0,1,0,0,0,1,0,1,1,0,0,0
0,1,0,0.3875767479871679,1,1,-1.674085796186494,-0.7219272043288384,0,0,1,0,1,1,0,1,0,1,0,1,0,1,0,1,0,1,0,1,0,0,0
0,0,1,-0.677647080328986,1,1,-0.38124951566127235,-0.6801590076557551,0,0,1,0,0,0,1,0,0,0,0,0,0,0,0,0,0,0,1,0,0,1,0
0,1,0,-0.8805468571511105,1,0,0.4896569327260107,-0.6035925298428468,1,0,1,1,0,0,0,0,0,0,1,0,0,0,0,0,1,0,1,0,0,0,0
0,1,0,2.1122248509752266,1,0,0.971862455169369,2.8502346572883828,0,0,1,1,0,0,0,0,0,0,1,0,1,0,0,0,1,0,1,0,0,1,0
1,1,0,-0.4240223593013303,1,0,0.6724159167930849,-0.06912119648574439,1,0,0,1,0,0,0,0,1,0,0,0,0,0,0,0,1,0,1,1,0,0,1
0,1,0,-0.9312718013566417,1,1,-1.6655853783229086,-1.0616576870322403,0,0,0,0,1,1,0,1,0,1,0,1,0,1,0,1,0,0,0,1,0,0,0
0,1,1,1.3513506878922594,1,1,1.0112734834459896,2.0495599998478107,1,0,1,1,0,0,0,0,1,0,1,0,0,0,0,0,1,1,0,0,1,0,1
0,0,1,-1.1848965223842973,1,0,0.5823887639651183,-0.8698599745843953,0,0,1,1,0,0,0,0,0,0,0,0,1,0,1,0,0,0,1,0,1,0,0
1,1,0,0.3875767479871679,1,1,0.08588708420573073,0.38544938483830793,0,0,0,0,0,0,1,0,1,0,0,0,0,0,1,0,0,0,1,0,1,0,0
0,0,1,-1.0834466339732352,1,1,-0.7262892043967842,-0.9927023313333861,1,0,1,0,0,0,0,0,0,0,0,0,1,0,0,0,0,1,0,1,0,0,1
0,1,0,-0.677647080328986,1,0,0.035270959654384544,-0.5137081913467955,1,0,0,1,0,0,0,0,0,0,0,0,0,0,0,0,0,1,0,1,0,0,0
0,1,0,-1.0327216897677038,1,1,-0.01418601700647247,-0.8131965490394099,0,0,1,0,0,0,0,0,0,0,0,0,1,0,1,0,0,0,0,0,1,0,1
0,0,0,-0.37329741509579917,1,0,-0.16873906907165137,-0.3707191238291792,1,0,0,0,0,0,0,0,0,0,1,0,0,0,1,0,0,0,1,1,0,0,0
0,1,1,0.032502138548449945,1,1,0.3111481575907289,0.20366090711669652,1,0,0,1,0,0,0,0,0,0,0,0,0,0,0,0,1,0,1,1,0,0,0
0,1,1,-1.2863464107953595,1,1,0.4969982026991066,-1.022633854524966,0,0,0,1,0,0,0,0,1,0,0,0,0,0,0,0,0,0,0,0,1,0,1
0,0,1,-1.2356214665898284,1,0,0.414698702474399,-0.9016061123996294,0,0,1,0,0,0,1,0,0,0,1,0,0,0,0,0,1,1,0,1,0,0,1
0,0,0,-1.1341715781787662,1,0,-0.12353230134258647,-0.9283444268188429,1,0,1,0,0,0,0,0,0,0,1,0,0,0,0,0,1,0,0,1,0,0,0
0,0,1,0.5904765248092925,1,1,-1.6099462795794444,-0.6523819385756514,0,0,0,0,1,1,0,1,0,1,0,1,0,1,0,1,0,0,1,0,1,0,0
0,0,1,0.9455511342480104,0,1,-1.7447938175063131,-0.6913993590171176,0,1,0,0,1,1,0,1,0,1,0,1,0,1,0,1,0,1,0,0,0,0,0
0,0,0,-0.11967269406814346,1,1,-1.6582441083498127,-0.8299063925349665,1,0,0,0,1,1,0,1,0,1,0,1,0,1,0,1,0,0,1,0,0,0,0
0,0,0,1.8078751857420399,1,1,-1.3727073446593947,-0.07502670909488003,0,0,0,0,1,1,0,1,0,1,0,1,0,1,0,1,0,0,1,1,0,0,0
0,0,0,0.13395202695951222,1,1,0.047248821189436,0.14189347718857112,1,0,0,0,0,0,0,0,0,0,0,0,1,0,1,0,1,1,0,0,0,0,0
0,1,0,0.9455511342480104,1,1,0.23657630996928036,0.9580468614895694,1,0,0,0,0,0,0,0,0,0,1,0,0,0,1,0,1,0,0,0,1,0,0
0,1,0,1.3513506878922594,1,1,0.12220705144104767,1.1852199409999562,1,0,0,0,0,0,0,0,1,0,1,0,0,0,0,0,1,0,0,0,0,1,1
0,1,0,-0.677647080328986,1,0,-1.7447938175063131,-1.04527485889289,1,0,0,0,1,1,0,1,0,1,0,1,0,1,0,1,0,0,0,0,0,0,0
0,1,1,-1.1341715781787662,1,1,1.283673237710867,-0.7490951271571854,1,0,1,1,0,0,0,0,1,0,1,0,0,0,1,0,1,1,0,0,0,0,1
0,0,0,0.032502138548449945,1,0,1.3733140079086712,0.7405239410201698,0,0,0,1,0,0,0,0,1,0,1,0,1,0,1,0,0,0,0,1,0,0,1
0,0,0,0.793376301631417,1,1,0.1647091407589722,0.7608822499604583,1,0,1,0,0,0,1,0,0,0,1,0,0,0,0,0,1,0,0,0,0,1,0
0,0,0,0.6412014690148236,1,0,1.3211523528366729,1.469614295780622,0,0,0,1,0,0,0,0,1,0,1,0,0,0,1,0,1,0,1,0,0,1,1
0,1,0,2.1122248509752266,1,1,-1.7447938175063131,-0.3518932986169945,0,0,1,0,1,1,0,1,0,1,0,1,0,1,0,1,0,0,0,0,1,0,0
0,0,0,-0.1703976382736746,1,1,-1.7447938175063131,-0.9047608487771481,1,0,0,0,1,1,0,1,0,1,0,1,0,1,0,1,0,0,1,1,0,0,0
0,1,1,-0.8298219129455794,1,1,0.22382568317390317,-0.6195329254414474,1,0,1,0,0,0,1,0,0,0,0,0,1,0,1,0,0,0,0,0,1,0,0
0,0,0,-1.2863464107953595,1,0,-0.025004730651035038,-1.0470125287268484,0,0,1,0,0,0,0,0,0,0,1,0,0,0,1,0,0,0,1,1,0,0,0
0,0,1,0.6412014690148236,1,1,-0.03157323536380493,0.5062270563971341,1,0,0,0,0,0,0,0,0,0,0,0,1,0,1,0,0,1,0,0,0,1,1
0,1,0,0.13395202695951222,1,0,-0.09030339514857304,0.0585302096192199,1,0,0,0,0,0,0,0,0,0,0,0,1,0,1,0,0,0,0,0,1,0,0
0,0,0,0.23540191537057448,1,0,0.11911599039974416,0.24215253816190938,0,0,0,0,0,0,1,0,0,0,0,0,0,0,0,0,1,0,0,0,0,0,0
0,1,0,-0.2718475266847369,1,0,-1.7447938175063131,-0.9468688849380534,0,0,1,0,1,1,0,1,0,1,0,1,0,1,0,1,0,0,0,0,1,0,0
0,0,0,1.4020756320977905,1,1,-1.701905345558226,-0.5112395460107291,1,0,0,0,1,1,0,1,0,1,0,1,0,1,0,1,0,0,1,1,0,0,0
1,0,1,-0.7790969687400482,1,1,1.0070232745141972,-0.36725660829287826,0,0,0,1,0,0,0,0,0,0,1,0,1,0,1,0,0,0,1,0,0,0,0
0,1,1,-0.6269221361234548,1,1,0.9710896899090432,-0.20231903951459831,1,0,0,1,0,0,1,0,0,0,1,0,1,0,0,0,0,0,0,0,1,0,1
0,1,0,1.0470010226590727,1,0,0.7226456587142679,1.4583931806166834,1,0,1,1,0,0,1,0,1,0,0,0,1,0,0,0,0,0,1,0,1,0,0
0,1,1,1.1484509110701349,1,1,1.146893786633184,1.9479608171206075,0,0,0,1,0,0,1,0,1,0,1,0,0,0,1,0,0,0,0,0,1,0,0
0,1,0,-0.1703976382736746,1,1,0.9853858472250719,0.31203123133711036,1,0,1,1,0,0,1,0,0,0,1,0,0,0,0,0,1,0,0,0,0,1,1
0,1,1,-1.2863464107953595,1,1,-1.7447938175063131,-1.174599814173733,0,0,1,0,1,1,0,1,0,1,0,1,0,1,0,1,0,0,0,0,1,0,1
0,1,0,2.1122248509752266,1,1,-0.2050590363069683,1.4642153363703154,1,0,0,0,0,0,1,0,0,0,0,0,0,0,0,0,1,1,0,0,1,0,0
0,0,0,-0.322572470890268,1,0,-0.27847173603792824,-0.35433629568982905,1,0,1,0,0,0,0,0,0,0,0,0,1,0,0,0,0,0,1,0,0,1,0
0,0,1,-0.8805468571511105,1,1,0.2184163263516219,-0.6312862420674471,0,0,0,0,0,0,1,0,0,0,1,0,0,0,0,0,0,0,0,0,0,1,1
1,0,1,0.08322708275398108,1,1,0.024065863379659384,0.07296376975294877,1,0,0,1,0,0,0,0,0,0,0,0,0,0,0,0,0,0,0,0,1,0,0
0,0,1,-0.06894774986261233,1,1,0.647301045832493,0.2692755765296008,1,0,1,1,0,0,1,0,0,0,0,0,0,0,0,0,1,0,0,0,1,0,1
0,0,0,-1.0834466339732352,1,0,0.8636753187237439,-0.7367262522136212,0,0,0,1,0,0,0,0,1,0,0,0,1,0,1,0,0,0,1,0,0,0,1
0,0,1,0.23540191537057448,1,1,-1.7447938175063131,-0.8195957907157588,0,0,0,0,1,1,0,1,0,1,0,1,0,1,0,1,0,1,0,0,0,0,0
0,0,0,2.1122248509752266,1,0,-1.6211513758541702,-0.24469638243943798,0,0,0,0,1,1,0,1,0,1,0,1,0,1,0,1,0,1,0,0,1,0,1
1,0,0,0.7426513574258858,1,1,0.38378809206136333,0.886635684586265,1,0,1,1,0,0,0,0,0,0,1,0,0,0,0,0,0,0,0,0,0,0,1
0,1,0,-0.6269221361234548,1,0,0.8698574408063509,-0.2454530062047779,0,0,1,1,0,0,1,0,1,0,0,0,0,0,0,0,0,1,0,0,0,0,0
0,1,0,-1.2356214665898284,1,0,0.04222584699731786,-0.9773069613284624,0,0,0,1,0,0,0,0,0,0,0,0,0,0,0,0,0,1,0,0,0,1,0
1,0,1,-1.489246187617484,0,1,-0.09107616040889904,-1.1801398390318147,1,1,0,0,0,0,0,0,0,0,0,0,1,0,0,0,1,0,1,0,0,1,0
0,0,0,0.2861268595761056,1,1,-1.5512161197946766,-0.6968560270196957,1,0,0,0,1,1,0,1,0,1,0,1,0,1,0,1,0,0,0,0,1,0,0
0,0,0,-0.5254722477123925,0,0,-0.00529921651272453,-0.4023562565256779,0,1,0,0,0,0,0,0,1,0,0,0,0,0,1,0,1,0,0,1,0,0,1
1,1,1,-0.1703976382736746,0,0,-0.618488450581322,-0.43073605979173035,1,1,0,0,0,0,0,0,0,0,0,0,0,0,0,0,1,0,0,0,1,0,1
0,1,0,-0.018222805657081193,1,1,1.0259560233921812,0.47973881254443124,1,0,1,0,0,0,1,0,0,0,1,0,0,0,1,0,1,0,1,0,0,0,0
1,0,0,-0.4240223593013303,1,0,-0.02384558276054615,-0.3477190437760094,0,0,0,0,0,0,1,0,0,0,1,0,0,0,0,0,0,0,1,1,0,0,0
0,1,1,-1.0327216897677038,1,0,-0.3089959638208013,-0.8634158484473907,1,0,0,0,0,0,0,0,0,0,0,0,0,0,1,0,1,0,0,0,1,0,1
1,0,0,0.23540191537057448,1,1,0.860970640312603,0.6745181355929796,0,0,0,1,0,0,1,0,0,0,0,0,0,0,1,0,1,1,0,0,0,1,1
0,0,0,-1.0327216897677038,1,1,0.7910353842531094,-0.6888922412862033,1,0,1,1,0,0,0,0,0,0,1,0,1,0,0,0,0,0,0,0,0,1,1
0,1,0,0.793376301631417,1,1,-0.2649483439822253,0.41051415008164266,1,0,0,0,0,0,0,0,1,0,1,0,0,0,0,0,0,1,0,1,0,0,0
0,1,0,1.4020756320977905,1,0,0.9088820864528088,1.9915308042857287,1,0,1,1,0,0,0,0,0,0,1,0,1,0,0,0,0,0,0,1,0,0,1
0,0,0,0.032502138548449945,1,1,0.9726352204296947,0.5181406746683327,0,0,0,1,0,0,1,0,1,0,1,0,0,0,0,0,0,1,0,0,1,0,1
1,0,1,2.0614999067696957,0,1,0.9509977931405695,2.7882043326621297,0,1,0,1,0,0,0,0,0,0,1,0,0,0,1,0,1,0,0,1,0,0,1
0,1,0,-1.2356214665898284,1,0,0.7794439053482211,-0.9172194926420237,1,0,0,1,0,0,0,0,0,0,1,0,0,0,1,0,1,0,1,0,1,0,0
0,1,0,-0.7790969687400482,1,1,-0.3426112526449776,-0.7204652533246222,0,0,0,0,0,0,0,0,1,0,0,0,0,0,0,0,1,0,0,1,0,0,1
1,1,1,2.1122248509752266,0,0,-1.7447938175063131,-0.4148918451802492,1,1,0,0,1,1,0,1,0,1,0,1,0,1,0,1,0,0,0,0,1,0,0
0,1,1,-0.8298219129455794,1,1,0.28603328663013766,-0.5891717938407339,0,0,1,1,0,0,0,0,0,0,0,0,0,0,1,0,0,0,0,0,1,0,1
0,1,1,1.0470010226590727,1,1,0.7114405624395422,1.4367203981857621,0,0,0,1,0,0,1,0,0,0,0,0,0,0,1,0,0,0,0,1,0,0,1
0,0,0,-0.7790969687400482,1,0,0.9436565231674737,-0.3886151994992092,1,0,0,1,0,0,0,0,1,0,1,0,0,0,0,0,1,0,0,0,1,0,1
1,0,1,-0.37329741509579917,1,1,-1.6381522115813398,-0.9320698370532704,0,0,0,0,1,1,0,1,0,1,0,1,0,1,0,1,0,0,0,0,0,1,1
1,0,0,-0.677647080328986,1,0,-0.01920899119859088,-0.5722182918444748,0,0,1,0,0,0,1,0,0,0,0,0,0,0,1,0,0,0,1,0,0,0,0
1,0,0,-0.4747473035068614,1,0,0.853629370339507,-0.08436908897708478,0,0,0,0,0,0,0,0,1,0,1,0,1,0,1,0,0,0,0,1,0,0,0
0,1,0,-0.37329741509579917,1,1,0.8957450770272685,0.024783507271900942,1,0,0,1,0,0,0,0,0,0,1,0,1,0,1,0,0,0,1,0,1,0,1
0,1,1,-0.8805468571511105,1,0,-0.4094554476631674,-0.7722555088555544,0,0,0,0,0,0,1,0,0,0,0,0,0,0,0,0,0,0,0,0,1,0,0
0,1,1,-0.677647080328986,1,1,1.9034309764922348,0.021757012210541514,1,0,1,1,0,0,1,0,1,0,1,0,1,0,1,0,1,0,0,0,0,1,1
0,1,0,-0.6269221361234548,1,0,0.0429986122576436,-0.5086298352268874,1,0,0,0,0,0,0,0,0,0,1,0,1,0,1,0,0,0,0,0,0,0,0
0,0,0,-1.387796299206422,1,0,0.6867120741091141,-1.065472866187979,1,0,0,1,0,0,0,0,0,0,1,0,1,0,0,0,0,1,0,0,1,0,1
0,1,0,1.554250464714384,0,1,0.6360959495577679,1.917086720255257,0,1,0,1,0,0,0,0,1,0,1,0,0,0,0,0,0,0,0,1,0,0,0
0,1,0,0.33685180378163676,1,1,1.1233244461932443,0.9335655942347597,1,0,0,1,0,0,0,0,0,0,1,0,1,0,0,0,1,0,0,0,1,0,1
1,1,0,-1.489246187617484,1,1,-1.582899495468038,-1.2112447702662523,1,0,0,0,1,1,0,1,0,1,0,1,0,1,0,1,0,1,0,0,1,0,0
0,0,1,0.5904765248092925,1,1,0.3891974488836446,0.7587213837831742,1,0,1,1,0,0,1,0,0,0,0,0,0,0,0,0,0,0,0,0,1,0,0
0,0,0,0.08322708275398108,1,0,-1.7447938175063131,-0.8791446458743285,1,0,0,0,1,1,0,1,0,1,0,1,0,1,0,1,0,0,0,0,1,0,0
0,0,0,0.2861268595761056,1,0,0.03565734228454769,0.2451533849600371,0,0,0,0,0,0,0,0,1,0,0,0,0,0,1,0,0,0,1,0,0,0,0
0,0,0,-1.1848965223842973,0,1,1.0074096571443603,-0.822327330749952,1,1,0,1,0,0,1,0,1,0,1,0,0,0,0,0,0,1,0,1,0,0,1
0,0,0,2.1122248509752266,1,0,0.46917865332737446,2.2552334227040913,0,0,0,1,0,0,0,0,0,0,0,0,1,0,1,0,0,0,0,0,0,0,0
0,0,1,1.1484509110701349,1,0,-0.24447006458358905,0.7119133033850308,1,0,0,0,0,0,1,0,0,0,0,0,1,0,0,0,0,0,0,1,0,0,0
0,0,0,0.793376301631417,1,1,0.1523448965937576,0.734503011226491,0,0,0,0,0,0,0,0,1,0,1,0,0,0,0,0,1,0,0,0,0,1,1
0,1,0,2.1122248509752266,1,1,1.5607095835377003,3.580613837276235,0,0,1,1,0,0,1,0,1,0,1,0,1,0,1,0,0,1,0,1,0,0,1
1,0,0,-0.8805468571511105,1,1,-0.16757992118116247,-0.7476011158239296,0,0,1,0,0,0,1,0,0,0,0,0,0,0,0,0,1,0,0,1,0,0,1
0,1,1,1.0470010226590727,1,1,0.5839342944857697,1.3118197683124144,1,0,1,1,0,0,1,0,1,0,1,0,0,0,0,0,0,0,0,1,0,0,0
1,1,1,2.1122248509752266,1,1,0.17823253281467513,1.891547462142133,0,0,0,0,0,0,0,0,1,0,0,0,0,0,1,0,1,0,0,1,0,0,1
0,1,0,-1.1848965223842973,1,0,0.1040470678233892,-0.9131991273804297,0,0,0,0,0,0,0,0,0,0,1,0,1,0,0,0,1,1,0,0,1,0,0
0,0,0,2.1122248509752266,1,0,0.9142914432750895,2.817751131905233,0,0,1,1,0,0,1,0,1,0,0,0,0,0,1,0,0,0,1,0,0,0,0
0,0,0,2.1122248509752266,1,1,0.8806761544509134,2.7645181615675085,0,0,1,1,0,0,0,0,1,0,0,0,0,0,0,0,1,0,0,0,0,0,1
0,0,1,-0.9312718013566417,1,0,0.06309050902611725,-0.7281469081625641,0,0,1,0,0,0,0,0,0,0,1,0,1,0,0,0,0,0,0,0,0,1,1
0,1,0,-0.322572470890268,1,0,-1.6300381763479177,-0.9215284008649763,0,0,0,0,1,1,0,1,0,1,0,1,0,1,0,1,0,0,0,0,0,0,0
0,1,0,-1.1341715781787662,1,1,0.9359288705642146,-0.7724093984349455,1,0,1,1,0,0,1,0,0,0,0,0,1,0,0,0,1,1,0,0,1,0,0
0,0,0,1.2499007994811973,1,1,0.7701707222243106,1.7119198505978055,1,0,0,1,0,0,0,0,1,0,0,0,0,0,1,0,1,0,1,0,0,0,0
0,0,1,1.0977259668646038,1,0,0.21880270898178447,1.0757916259212281,0,0,0,1,0,0,1,0,0,0,0,0,0,0,0,0,0,0,0,0,0,1,1
0,0,1,-0.11967269406814346,1,1,-1.598741183304719,-0.8560932692946949,0,0,1,0,1,1,0,1,0,1,0,1,0,1,0,1,0,1,0,0,0,1,0
0,1,0,2.1122248509752266,1,1,-0.32715594743845977,1.31775734125059,0,0,1,0,0,0,0,0,1,0,0,0,0,0,0,0,1,0,1,0,1,0,0
0,0,1,-1.0327216897677038,1,0,0.6677793252311294,-0.7365146540419584,1,0,0,1,0,0,0,0,0,0,1,0,0,0,1,0,0,0,1,0,0,0,0
0,0,1,-0.322572470890268,1,1,0.3011022092064926,-0.13201073793026363,1,0,1,1,0,0,0,0,0,0,1,0,0,0,0,0,0,1,0,0,1,0,0
0,0,1,-0.9312718013566417,1,1,-0.5064374878340673,-0.8307656093532336,0,0,0,0,0,0,0,0,0,0,1,0,0,0,0,0,0,0,0,1,0,0,1
0,1,0,-0.2718475266847369,1,0,1.1345295424679696,0.26221589207503165,0,0,1,1,0,0,1,0,0,0,0,0,1,0,1,0,1,0,0,0,1,0,1
1,0,0,-1.387796299206422,1,1,0.0997968588915968,-1.1007392281317858,1,0,1,0,0,0,1,0,1,0,0,0,0,0,1,0,0,0,1,1,0,0,0
0,0,0,1.1991758552756662,1,1,1.0259560233921812,1.879467130159927,0,0,0,1,0,0,0,0,1,0,0,0,0,0,1,0,1,0,0,0,1,0,1
0,1,1,-0.322572470890268,1,1,-0.48132261687347555,-0.43130032158283116,1,0,1,0,0,0,0,0,0,0,0,0,0,0,0,0,1,0,0,0,0,1,0
0,0,0,-1.0834466339732352,1,0,-0.6022603801144781,-0.9417264081600656,1,0,1,0,0,0,0,0,0,0,0,0,0,0,0,0,1,0,1,1,0,0,0
0,1,1,0.43830169219269904,1,1,-0.08141659465482537,0.3432708159535153,1,0,0,0,0,0,1,0,0,0,0,0,0,0,0,0,1,0,1,0,1,0,1
0,0,0,-0.37329741509579917,1,1,0.05613562168318394,-0.31075989645889984,0,0,1,0,0,0,0,0,0,0,1,0,1,0,1,0,0,0,0,0,0,1,1
0,0,0,-1.1341715781787662,1,1,-0.1629433296192072,-0.9236187343183727,1,0,1,0,0,0,1,0,0,0,0,0,0,0,0,0,1,0,0,1,0,0,0
0,1,0,-0.22112258247920574,1,0,0.28641966926030027,-0.03034102247917293,0,0,0,0,0,0,1,0,0,0,1,0,1,0,1,0,0,0,1,0,0,1,0
0,1,1,-0.7790969687400482,1,1,-1.7339751038617506,-1.0454736329329368,1,0,0,0,1,1,0,1,0,1,0,1,0,1,0,1,0,0,1,0,1,0,1
0,1,0,0.6412014690148236,1,0,0.8992225206987351,1.157949425118682,0,0,0,1,0,0,1,0,0,0,0,0,0,0,1,0,1,0,0,0,1,0,1
0,1,0,-0.6269221361234548,1,1,0.5344773178249125,-0.35972884303432756,0,0,0,0,0,0,0,0,0,0,1,0,1,0,1,0,1,0,1,0,0,0,1
0,1,0,0.7426513574258858,1,1,0.9023135817400386,1.2882938988629913,0,0,0,1,0,0,1,0,1,0,1,0,0,0,0,0,0,0,0,0,1,0,1
1,0,1,0.6919264132203548,1,1,1.3203795875763473,1.5557155154499738,0,0,0,1,0,0,0,0,1,0,1,0,1,0,1,0,0,0,0,0,1,0,1
0,0,0,-0.4747473035068614,1,1,-1.7447938175063131,-0.9702472768738931,0,0,0,0,1,1,0,1,0,1,0,1,0,1,0,1,0,0,0,0,1,0,0
0,0,0,0.33685180378163676,1,0,0.639573393229234,0.6484787363468343,0,0,0,1,0,0,0,0,0,0,0,0,0,0,1,0,1,1,0,0,1,0,0
0,1,0,-0.11967269406814346,1,0,-1.5384654929992994,-0.8288740499398841,0,0,1,0,1,1,0,1,0,1,0,1,0,1,0,1,0,0,0,0,0,0,0
1,0,0,-0.7283720245345171,1,0,1.169690361812798,-0.2729607685209472,0,0,0,1,0,0,1,0,1,0,1,0,0,0,0,0,0,0,0,1,0,0,1
0,1,1,-1.1341715781787662,1,1,0.2466222583535172,-0.8908210177106325,0,0,0,0,0,0,0,0,1,0,1,0,0,0,1,0,1,0,1,0,0,1,0
0,0,1,0.33685180378163676,1,1,0.0627041263959541,0.3091522137893343,0,0,0,0,0,0,1,0,0,0,1,0,1,0,0,0,0,0,0,0,1,0,1
1,1,1,-0.6269221361234548,1,1,0.42358550296814695,-0.3623385538181692,0,0,0,1,0,0,0,0,0,0,0,0,0,0,0,0,1,0,0,0,0,1,1
0,0,0,1.604975408919915,1,0,0.005519497131837762,1.3205145295480147,1,0,0,0,0,0,0,0,0,0,1,0,1,0,0,0,1,0,0,0,1,0,0
0,1,1,-0.677647080328986,1,1,1.0719355563815725,-0.24185583728650953,1,0,1,1,0,0,1,0,1,0,0,0,0,0,1,0,1,0,0,1,0,0,1
0,0,0,0.8441012458369481,1,0,-0.2769262055172765,0.4536930012324781,1,0,1,0,0,0,0,0,0,0,0,0,1,0,1,0,0,0,0,0,1,0,1
0,1,0,-0.22112258247920574,1,0,0.8876310417938462,0.21772256743356333,1,0,1,1,0,0,0,0,0,0,1,0,0,0,1,0,1,1,0,0,1,0,1
0,1,0,1.4020756320977905,1,1,0.3687191694850084,1.4858624705380044,1,0,0,0,0,0,1,0,1,0,0,0,0,0,0,0,1,0,0,1,0,0,0
0,1,1,-1.3370713550008908,1,1,-1.6644262304324202,-1.1487784251650586,1,0,0,0,1,1,0,1,0,1,0,1,0,1,0,1,0,0,1,0,1,0,0
1,0,0,-1.0834466339732352,1,0,-1.620378610593844,-1.0609844201224037,0,0,1,0,1,1,0,1,0,1,0,1,0,1,0,1,0,0,0,0,0,0,0
0,0,0,-1.0834466339732352,1,0,-0.4295473444316407,-0.9099610341474076,0,0,1,0,0,0,0,0,0,0,0,0,0,0,0,0,1,0,1,0,0,1,0
0,1,0,-0.8805468571511105,1,1,0.9073365559321567,-0.47408803671938066,0,0,0,1,0,0,1,0,1,0,1,0,0,0,0,0,1,1,0,0,0,0,1
0,1,0,2.1122248509752266,1,0,-1.5396246408897882,-0.1622692764780498,0,0,0,0,1,1,0,1,0,1,0,1,0,1,0,1,0,1,0,0,1,0,0
0,1,0,-1.0327216897677038,1,1,0.8416515088044556,-0.6817235517128986,1,0,1,1,0,0,1,0,0,0,0,0,0,0,0,0,1,0,0,1,0,0,1
0,1,0,-0.11967269406814346,1,1,0.2160980305706441,0.03312560488806321,0,0,0,1,0,0,0,0,0,0,1,0,0,0,0,0,0,0,0,0,0,1,1
0,1,0,0.33685180378163676,1,1,-1.6937913103248041,-0.7609125644412645,0,0,1,0,1,1,0,1,0,1,0,1,0,1,0,1,0,0,0,0,0,1,0
0,1,0,-0.018222805657081193,1,0,-0.2541296303376627,-0.14143006260216404,1,0,1,0,0,0,0,0,0,0,0,0,1,0,0,0,0,0,1,0,0,1,0
0,1,0,0.9455511342480104,1,0,0.5437505009488235,1.21920388978217,0,0,0,1,0,0,1,0,0,0,0,0,1,0,0,0,0,1,0,0,0,1,0
0,0,0,0.793376301631417,0,1,0.8652208492443954,1.3205722381402865,1,1,0,1,0,0,1,0,1,0,0,0,0,0,1,0,1,0,0,0,0,0,1
0,0,0,-0.5254722477123925,1,1,-1.7447938175063131,-1.0047570150523601,1,0,0,0,1,1,0,1,0,1,0,1,0,1,0,1,0,0,0,0,0,1,0
0,0,0,-0.5254722477123925,1,1,0.46531482702574517,-0.2590914701783191,1,0,0,0,0,0,0,0,1,0,1,0,0,0,1,0,1,1,0,1,0,0,1
1,0,0,2.1122248509752266,1,1,0.48733863694503293,2.2697695758907477,1,0,0,0,0,0,0,0,0,0,1,0,1,0,1,0,1,1,0,1,0,0,0
1,1,0,-1.0834466339732352,1,1,0.6530967852849375,-0.7616948364698364,1,0,0,1,0,0,0,0,0,0,1,0,0,0,0,0,0,0,1,1,0,0,0
1,0,0,-0.1703976382736746,1,1,-0.14401058074122272,-0.18505134629374892,0,0,0,0,0,0,0,0,0,0,1,0,1,0,0,0,0,0,0,0,0,1,1
0,0,1,-0.5254722477123925,1,0,0.7523971212368147,-0.1714577667808634,0,0,1,0,0,0,0,0,1,0,0,0,1,0,1,0,1,1,0,0,1,0,1
0,0,0,1.4528005763033218,1,0,-0.07716638572303297,1.1109938672069553,0,0,1,0,0,0,0,0,0,0,1,0,0,0,0,0,1,0,0,0,1,0,0
0,1,0,-0.4240223593013303,1,1,-0.10846337876623151,-0.39404621923855543,1,0,0,0,0,0,1,0,1,0,0,0,0,0,0,0,0,0,0,0,1,0,1
0,1,0,-1.2356214665898284,1,1,0.8969042249177573,-0.901118795398224,1,0,0,1,0,0,0,0,1,0,0,0,1,0,0,0,0,0,0,0,1,0,1
1,1,0,-0.8805468571511105,1,0,-0.05050598424178942,-0.7071409805756713,0,0,1,0,0,0,0,0,0,0,0,0,1,0,0,0,1,0,0,0,1,0,0
0,0,0,-0.5761971919179237,1,1,0.5901164165683773,-0.2825852792987024,1,0,1,1,0,0,0,0,0,0,0,0,1,0,1,0,0,0,0,1,0,0,1
1,0,0,-0.2718475266847369,1,0,0.5085896816039949,0.000789557018496409,0,0,1,1,0,0,0,0,0,0,0,0,0,0,1,0,1,0,0,0,0,1,1
0,1,1,-0.322572470890268,1,1,-1.7447938175063131,-0.9452273960912143,0,0,1,0,1,1,0,1,0,1,0,1,0,1,0,1,0,0,0,1,0,0,0
1,1,0,-0.8298219129455794,1,0,-1.7104057634218108,-1.0939167901121114,1,0,1,0,1,1,0,1,0,1,0,1,0,1,0,1,0,1,0,0,1,0,0
0,0,1,-0.9312718013566417,1,1,0.17861891544483827,-0.6983949228136072,1,0,0,0,0,0,1,0,0,0,0,0,0,0,1,0,1,0,0,0,0,1,1
0,0,1,-0.7790969687400482,1,1,0.31848942756382537,-0.5418699843753771,0,0,1,1,0,0,1,0,1,0,0,0,0,0,0,0,0,0,0,0,1,0,1
0,0,0,2.1122248509752266,1,0,0.9150642085354158,2.7625753056276947,0,0,1,1,0,0,1,0,0,0,0,0,0,0,1,0,0,0,0,0,0,1,1
0,0,0,-0.4240223593013303,1,1,-1.7080874676408333,-0.9862774413938052,0,0,0,0,1,1,0,1,0,1,0,1,0,1,0,1,0,0,1,0,1,0,0
0,1,0,0.2861268595761056,1,0,0.26594138986166455,0.3619940481127726,0,0,1,0,0,0,0,0,0,0,1,0,1,0,1,0,1,0,0,0,1,0,0
0,1,1,0.4890266363982302,1,1,-1.7447938175063131,-0.7531219044845873,1,0,1,0,1,1,0,1,0,1,0,1,0,1,0,1,0,0,0,0,0,1,0
0,0,0,0.032502138548449945,1,0,0.7485332949351854,0.3672455300094958,0,0,1,1,0,0,1,0,1,0,0,0,1,0,0,0,0,0,0,0,1,0,0
0,1,0,0.18467697116504336,1,1,-1.7057691718598555,-0.8000133417382342,1,0,1,0,1,1,0,1,0,1,0,1,0,1,0,1,0,0,0,1,0,0,0
0,1,0,0.43830169219269904,1,1,0.7176226845221497,0.8319792356391726,0,0,0,1,0,0,0,0,0,0,0,0,1,0,0,0,1,0,0,0,0,0,1
0,1,0,1.3006257436867283,1,0,-0.039687270597226855,0.9808353433710766,0,0,0,0,0,0,0,0,0,0,0,0,0,0,1,0,1,0,0,0,1,0,0
0,1,0,-1.3370713550008908,1,1,-1.7447938175063131,-1.1526384887814534,1,0,0,0,1,1,0,1,0,1,0,1,0,1,0,1,0,1,0,0,1,0,0
1,1,0,-1.1848965223842973,1,1,-0.3337244521512297,-0.9964405656994296,1,0,0,0,0,0,0,0,0,0,0,0,1,0,0,0,0,0,0,0,0,1,1
0,1,0,-0.2718475266847369,1,0,-0.08953062988824702,-0.25541094440454726,0,0,1,0,0,0,0,0,1,0,0,0,0,0,1,0,1,0,0,0,1,0,1
0,0,1,-1.1341715781787662,1,1,-1.6617215520212796,-1.1310747114692676,0,0,1,0,1,1,0,1,0,1,0,1,0,1,0,1,0,0,0,0,1,0,0
0,0,0,0.6412014690148236,1,0,0.8327647083107077,1.1025940609985214,0,0,1,1,0,0,0,0,0,0,1,0,1,0,0,0,1,1,0,0,1,0,0
0,1,0,-0.322572470890268,0,0,-1.7447938175063131,-0.9261899727073667,1,1,0,0,1,1,0,1,0,1,0,1,0,1,0,1,0,0,1,0,0,0,0
0,1,0,-1.0327216897677038,0,1,0.897676990178083,-0.7087183487644306,1,1,0,1,0,0,1,0,1,0,0,0,1,0,0,0,0,0,0,0,1,0,1
0,0,1,-0.06894774986261233,1,0,0.8733348844778176,0.36089117279380273,0,0,0,1,0,0,1,0,0,0,0,0,1,0,1,0,0,0,0,1,0,0,0
0,1,0,-0.677647080328986,1,1,-0.3588393231118215,-0.6288624811920364,0,0,1,0,0,0,0,0,0,0,0,0,0,0,0,0,1,1,0,0,1,0,0
0,1,0,2.1122248509752266,1,1,0.8768123281492837,2.7556118021602445,1,0,0,1,0,0,1,0,1,0,0,0,0,0,1,0,0,0,1,1,0,0,0
0,0,0,-0.1703976382736746,1,0,0.18132359385597865,-0.043633234899084085,0,0,0,1,0,0,0,0,0,0,0,0,0,0,0,0,0,1,0,0,1,0,1
0,1,1,-0.8298219129455794,1,1,0.999295621910938,-0.4433614173676132,0,0,1,1,0,0,0,0,1,0,0,0,0,0,1,0,1,0,0,0,1,0,1
0,0,0,-0.6269221361234548,1,1,1.5282534426040126,-0.044364210401192,0,0,1,1,0,0,1,0,1,0,1,0,0,0,0,0,1,0,1,1,0,0,0
0,0,0,0.032502138548449945,1,0,0.4313131555714055,0.2742513395965817,1,0,1,0,0,0,1,0,0,0,0,0,1,0,1,0,1,0,0,0,1,0,1
0,1,0,-0.9312718013566417,1,0,1.2063967116782777,-0.4968765186008877,1,0,0,1,0,0,0,0,0,0,1,0,0,0,1,0,1,0,0,0,0,1,1
0,0,0,-0.06894774986261233,1,0,0.6654610294501516,0.27800239809424104,1,0,1,0,0,0,0,0,1,0,1,0,1,0,0,0,1,0,0,0,0,0,1
0,1,1,0.3875767479871679,1,0,0.5990032170621247,0.6928309955405272,1,0,0,1,0,0,1,0,1,0,0,0,0,0,0,0,0,1,0,0,1,0,1
0,1,0,-0.6269221361234548,1,0,0.6843937783281363,-0.30466843394133325,1,0,1,1,0,0,0,0,1,0,0,0,0,0,0,0,1,0,1,0,1,0,0
0,0,1,-0.677647080328986,1,0,-1.7447938175063131,-1.0478781576109237,0,0,0,0,1,1,0,1,0,1,0,1,0,1,0,1,0,0,1,0,0,0,0
0,0,0,0.3875767479871679,1,1,-1.7447938175063131,-0.7613549969820141,0,0,1,0,1,1,0,1,0,1,0,1,0,1,0,1,0,0,1,0,0,1,0
0,1,0,-0.5254722477123925,1,0,0.7883307058419691,-0.1626155280316799,0,0,1,1,0,0,1,0,1,0,0,0,0,0,0,0,0,0,0,0,1,0,1
0,1,1,-0.37329741509579917,1,0,0.36215066477223823,-0.14880393828132363,1,0,1,0,0,0,0,0,1,0,1,0,0,0,1,0,1,0,0,0,0,1,0
0,0,1,0.23540191537057448,1,1,1.4270211935013208,1.023283219019804,0,0,1,1,0,0,1,0,0,0,1,0,1,0,1,0,1,0,0,0,1,0,1
0,1,0,0.2861268595761056,1,1,1.9733662325517283,1.4121942464702966,1,0,1,1,0,0,1,0,1,0,1,0,0,0,1,0,1,1,0,0,1,0,1
0,0,0,0.8441012458369481,1,1,-1.6238560542653104,-0.5961352973081837,1,0,0,0,1,1,0,1,0,1,0,1,0,1,0,1,0,0,0,0,0,0,0
1,0,1,0.33685180378163676,1,1,-1.7447938175063131,-0.8125425183269975,1,0,0,0,1,1,0,1,0,1,0,1,0,1,0,1,0,0,0,1,0,0,0
0,0,0,-1.2863464107953595,1,0,-0.013413251746146455,-1.0609844201224037,0,0,1,0,0,0,0,0,1,0,1,0,0,0,0,0,0,1,0,0,1,0,0
0,1,0,-0.677647080328986,1,0,-0.17221651274311775,-0.5780917441245707,0,0,1,0,0,0,0,0,1,0,1,0,0,0,0,0,0,0,1,0,0,1,0
0,0,1,0.9962760784535415,1,1,0.4255174161189616,1.1536533410273455,1,0,0,1,0,0,0,0,1,0,0,0,0,0,0,0,0,0,0,1,0,0,0
0,1,0,2.0614999067696957,1,1,0.1361168261269143,1.8104220055397615,0,0,1,0,0,0,0,0,0,0,0,0,1,0,1,0,1,1,0,0,1,0,0
0,0,0,2.1122248509752266,1,0,0.36292343003256394,2.1166173840675073,1,0,1,1,0,0,0,0,0,0,0,0,0,0,1,0,0,0,1,0,1,0,0
0,1,0,0.5904765248092925,1,0,0.04531690803862137,0.48988270065263173,0,0,0,1,0,0,0,0,0,0,0,0,0,0,0,0,0,0,0,0,1,0,1
0,0,0,-0.322572470890268,1,0,1.2573992188597871,0.24304381530921668,1,0,1,1,0,0,1,0,0,0,0,0,1,0,1,0,1,1,0,0,1,0,1
0,0,0,-0.322572470890268,1,0,-0.22669646359609344,-0.36187047301418773,1,0,1,0,0,0,0,0,0,0,1,0,0,0,0,0,1,0,0,1,0,0,0
0,1,1,-1.1341715781787662,1,1,-1.3302052553414707,-1.0852092047448951,1,0,0,0,1,1,0,1,0,1,0,1,0,1,0,1,0,1,0,0,1,0,0
0,0,0,-0.8805468571511105,1,1,0.04415776014813248,-0.7096865707014334,0,0,1,0,0,0,1,0,0,0,0,0,1,0,0,0,1,1,0,1,0,0,0
0,0,0,-0.5761971919179237,0,1,0.46879227069721185,-0.33507445000270264,1,1,0,1,0,0,0,0,0,0,0,0,1,0,1,0,0,1,0,0,1,0,1
0,1,0,1.554250464714384,1,0,1.2709226109154899,2.5416219299510336,1,0,1,1,0,0,1,0,0,0,0,0,1,0,1,0,1,0,0,0,0,0,1
1,1,1,-0.018222805657081193,1,1,0.16741381917011255,0.0651346374014238,0,0,0,0,0,0,0,0,1,0,0,0,1,0,0,0,1,0,0,0,1,0,1
0,0,0,-0.11967269406814346,1,1,0.10211515467257457,-0.04454374824381514,0,0,1,0,0,0,0,0,0,0,0,0,0,0,1,0,1,0,1,0,1,0,0
0,1,0,-0.677647080328986,1,0,0.21377973478966633,-0.477505667795026,0,0,0,1,0,0,0,0,1,0,0,0,0,0,0,0,0,0,0,0,0,1,1
0,0,0,0.2861268595761056,1,0,-0.1304871886855195,0.1774547941595442,1,0,0,0,0,0,0,0,0,0,0,0,1,0,1,0,0,1,0,0,0,0,0
0,1,1,-0.11967269406814346,1,1,-0.29431342387460924,-0.24966573344061074,0,0,1,0,0,0,0,0,0,0,0,0,0,0,1,0,0,0,1,0,0,1,0
1,1,1,-1.3370713550008908,1,1,-1.6794951530087747,-1.1661422993730275,0,0,0,0,1,1,0,1,0,1,0,1,0,1,0,1,0,0,1,0,1,0,0
0,1,0,0.8948261900424792,1,1,-1.5879224696601566,-0.5354130341067566,1,0,1,0,1,1,0,1,0,1,0,1,0,1,0,1,0,0,0,0,1,0,0
0,1,0,-0.06894774986261233,1,0,0.949065879989755,0.39596517276337034,1,0,1,1,0,0,1,0,0,0,1,0,0,0,1,0,0,0,0,1,0,0,0
0,0,0,0.2861268595761056,1,1,0.6944397267123726,0.6327050544592407,1,0,1,0,0,0,1,0,1,0,1,0,1,0,0,0,1,0,0,0,1,0,0
0,0,1,1.8078751857420399,1,1,1.0077960397745227,2.534991853905598,0,0,0,1,0,0,1,0,1,0,0,0,0,0,0,0,1,0,0,0,1,0,1
0,1,0,0.43830169219269904,1,0,0.30998900970024057,0.5672378625599197,1,0,0,0,0,0,0,0,1,0,1,0,0,0,0,0,1,0,0,0,0,1,1
0,0,1,-0.018222805657081193,1,0,0.10327430256306346,0.03951202243279623,0,0,1,0,0,0,1,0,1,0,1,0,0,0,0,0,0,0,0,0,1,0,1
0,1,1,2.1122248509752266,1,1,-1.582899495468038,-0.1834355057101418,0,0,0,0,1,1,0,1,0,1,0,1,0,1,0,1,0,0,0,0,0,0,0
0,1,1,-0.2718475266847369,1,1,-1.5148961525593596,-0.8340293508494878,1,0,0,0,1,1,0,1,0,1,0,1,0,1,0,1,0,0,0,0,1,0,0
0,1,1,-0.5254722477123925,1,1,0.5132262731659505,-0.25618680436731106,1,0,0,1,0,0,0,0,0,0,1,0,1,0,0,0,0,0,0,1,0,0,1
0,0,0,-0.7790969687400482,1,1,-1.6930185450644784,-1.025391042822391,1,0,0,0,1,1,0,1,0,1,0,1,0,1,0,1,0,1,0,0,0,0,0
0,0,1,0.793376301631417,1,1,0.43633612976352415,0.989523692540869,0,0,1,0,0,0,1,0,0,0,1,0,1,0,0,0,0,0,0,0,1,0,1
0,0,1,-0.7283720245345171,1,1,0.8868582765335205,-0.34376279917249497,1,0,0,1,0,0,0,0,1,0,1,0,0,0,0,0,1,1,0,0,1,0,1
0,0,0,-1.1341715781787662,1,1,1.044888772270166,-0.8120680254572082,1,0,1,1,0,0,1,0,0,0,1,0,0,0,0,0,1,0,0,0,0,1,1
1,1,1,-0.6269221361234548,1,0,1.4432492639681647,-0.08510006447919284,0,0,0,1,0,0,1,0,1,0,1,0,0,0,1,0,1,0,0,0,0,1,1
0,0,0,0.032502138548449945,1,1,-1.504077438914797,-0.7500889973574199,1,0,0,0,1,1,0,1,0,1,0,1,0,1,0,1,0,0,0,1,0,0,0
1,0,0,-0.4240223593013303,1,1,-0.3545891141800291,-0.4885857175111893,0,0,0,0,0,0,1,0,0,0,0,0,0,0,0,0,0,0,1,1,0,0,1
1,0,1,-1.0834466339732352,1,0,1.2573992188597871,-0.694246316235854,0,0,1,1,0,0,0,0,1,0,1,0,0,0,1,0,0,0,0,0,0,0,1
0,0,1,1.4020756320977905,1,0,-1.6315837068685695,-0.4108714799186552,1,0,1,0,1,1,0,1,0,1,0,1,0,1,0,1,0,0,0,0,1,0,0
0,1,1,-1.3370713550008908,1,0,1.067298964819617,-0.997466496228704,0,0,0,1,0,0,1,0,0,0,0,0,1,0,0,0,1,0,0,0,0,1,1
0,0,0,-0.7283720245345171,1,1,1.652282266886319,-0.14878470208389974,0,0,0,1,0,0,0,0,1,0,1,0,1,0,1,0,1,0,1,0,0,0,0
0,0,0,-0.2718475266847369,1,0,-1.6922457798041524,-0.9199895050710647,1,0,0,0,1,1,0,1,0,1,0,1,0,1,0,1,0,0,1,0,0,0,0
0,0,0,0.2861268595761056,1,1,-1.4503702533221474,-0.6457005660037521,0,0,0,0,1,1,0,1,0,1,0,1,0,1,0,1,0,0,0,0,1,0,0
0,1,0,-0.22112258247920574,1,1,0.6955988746028615,0.13060824136655302,1,0,0,1,0,0,1,0,0,0,1,0,0,0,0,0,0,0,0,1,0,0,0
0,0,0,1.0977259668646038,1,0,0.0920692062883383,0.9284295295225801,1,0,0,0,0,0,0,0,1,0,0,0,1,0,1,0,0,0,0,0,0,0,0
0,1,0,-0.322572470890268,1,1,1.189395875951108,0.21066929504480197,0,0,1,1,0,0,0,0,0,0,1,0,1,0,1,0,0,0,1,0,1,0,1
0,0,0,0.23540191537057448,1,0,1.9613883710166768,1.3212262688526988,1,0,0,1,0,0,1,0,1,0,1,0,1,0,0,0,1,1,0,1,0,0,1
0,0,0,-0.7283720245345171,1,1,1.111732967288356,-0.27732097327036326,0,0,0,1,0,0,0,0,1,0,0,0,1,0,1,0,0,0,0,0,0,1,1
0,0,0,-0.8298219129455794,1,1,0.5252041347010019,-0.5407222245957515,1,0,1,0,0,0,0,0,0,0,0,0,1,0,1,0,1,0,0,0,1,0,1
0,1,0,-1.438521243411953,0,0,-0.2788581186680914,-1.1616987377681078,0,1,0,0,0,0,1,0,1,0,0,0,0,0,0,0,0,0,1,1,0,0,0
0,1,0,-1.2356214665898284,1,1,-0.677604992996253,-1.0591826296303657,1,0,0,0,0,0,0,0,0,0,0,0,0,0,0,0,0,0,0,0,0,1,1
0,1,0,2.1122248509752266,1,1,-0.5075966357245559,1.07654183762076,0,0,0,0,0,0,0,0,0,0,0,0,0,0,0,0,0,0,1,0,1,0,1
0,0,0,-0.37329741509579917,0,1,-1.6095598969492815,-0.9136415599211793,0,1,0,0,1,1,0,1,0,1,0,1,0,1,0,1,0,1,0,0,0,0,1
0,1,1,-1.387796299206422,1,1,-0.49484600892917874,-1.124277921712825,0,0,1,0,0,0,0,0,0,0,1,0,0,0,0,0,0,0,1,0,0,0,1
0,0,0,-0.322572470890268,1,0,-0.49677792207999366,-0.4673297193577857,0,0,1,0,0,0,0,0,0,0,0,0,0,0,0,0,1,0,0,0,1,0,0
1,0,0,-0.677647080328986,1,1,0.23155333577716222,-0.4923047156798089,0,0,0,0,0,0,0,0,1,0,1,0,0,0,1,0,0,1,0,0,1,0,0
0,0,0,0.2861268595761056,1,1,1.3798825126214413,1.050149774755177,0,0,0,1,0,0,1,0,1,0,0,0,1,0,0,0,1,0,0,0,1,0,1
0,0,0,-1.2356214665898284,1,1,-0.05552895843390784,-1.0140160380790613,1,0,1,0,0,0,0,0,0,0,0,0,1,0,1,0,0,0,0,0,1,0,0
0,1,0,2.1122248509752266,1,0,0.16393637549864645,1.9116749367133343,1,0,1,1,0,0,0,0,0,0,0,0,0,0,0,0,0,0,0,0,0,1,1
0,0,0,-0.5254722477123925,1,0,-0.3885907856343683,-0.5516483847325235,0,0,1,0,0,0,0,0,1,0,0,0,0,0,0,0,0,0,1,0,1,0,0
0,0,0,0.5397515806037613,1,0,0.7663068959226808,0.9524876004340642,1,0,0,1,0,0,1,0,0,0,0,0,0,0,1,0,0,0,0,1,0,0,1
0,0,1,-0.7283720245345171,1,1,-1.6663581435832346,-0.9998838450383067,1,0,1,0,1,1,0,1,0,1,0,1,0,1,0,1,0,0,0,0,0,1,0
1,1,1,-0.37329741509579917,1,0,1.1260291246043848,0.14910705122253157,1,0,1,1,0,0,0,0,1,0,0,0,1,0,1,0,0,0,0,0,1,0,0
0,1,1,-0.7790969687400482,1,1,0.4309267729412429,-0.547397185101843,0,0,1,1,0,0,1,0,0,0,0,0,0,0,0,0,0,0,1,0,1,0,0
0,1,1,1.1991758552756662,1,1,0.654642315805589,1.5472580006492678,1,0,0,1,0,0,0,0,1,0,0,0,0,0,1,0,1,0,1,0,0,1,0
0,0,1,-1.438521243411953,1,1,0.4981573505895955,-1.1464444332109596,1,0,1,1,0,0,0,0,0,0,0,0,1,0,0,0,0,0,0,0,0,0,1
0,1,0,0.6919264132203548,1,1,0.7469877644145334,1.109018950938102,1,0,1,1,0,0,1,0,1,0,1,0,0,0,0,0,0,0,1,1,0,0,0
0,0,0,2.1122248509752266,1,0,-0.6633088356802237,0.8998445401506725,0,0,0,0,0,0,0,0,0,0,0,0,1,0,0,0,0,1,0,0,1,0,0
0,1,0,-1.1848965223842973,0,0,0.33008090646871363,-0.885614420274565,1,1,0,1,0,0,0,0,0,0,1,0,0,0,0,0,1,1,0,0,0,1,1
0,0,1,-0.22112258247920574,1,1,-1.6524483688973686,-0.8927831098478698,0,0,1,0,1,1,0,1,0,1,0,1,0,1,0,1,0,0,1,0,0,0,0
0,0,0,-0.018222805657081193,1,1,-1.7447938175063131,-0.9001826337902613,0,0,0,0,1,1,0,1,0,1,0,1,0,1,0,1,0,0,1,0,1,0,0
0,1,0,-1.2863464107953595,1,0,-1.7432482869856614,-1.1705538006489073,0,0,0,0,1,1,0,1,0,1,0,1,0,1,0,1,0,0,0,0,0,1,0
0,1,0,0.18467697116504336,1,0,0.27250989457443414,0.32812551651510236,0,0,0,1,0,0,0,0,0,0,0,0,1,0,0,0,0,0,0,0,1,0,0
0,1,1,-0.37329741509579917,1,1,0.17166402810190495,-0.2418109528258538,0,0,0,0,0,0,1,0,0,0,0,0,1,0,1,0,1,0,1,0,1,0,0
0,1,1,-1.1341715781787662,1,0,0.5070441510833434,-0.8575488082331029,1,0,0,1,0,0,0,0,1,0,0,0,0,0,0,0,0,0,1,0,0,1,0
0,0,0,0.08322708275398108,1,1,0.9274284527006298,0.5430771985955082,0,0,1,1,0,0,0,0,1,0,1,0,0,0,1,0,0,1,0,1,0,0,1
0,1,1,-0.37329741509579917,1,1,0.2968520002747002,-0.19466303293988824,1,0,0,1,0,0,0,0,0,0,1,0,0,0,0,0,0,0,0,0,0,1,0
0,0,1,-0.1703976382736746,1,1,0.2226665352834143,-0.0630874425604494,1,0,0,1,0,0,0,0,0,0,0,0,1,0,0,0,0,0,0,1,0,0,1
0,1,0,-0.5254722477123925,1,1,-1.7192925639155585,-0.9913365613162896,1,0,0,0,1,1,0,1,0,1,0,1,0,1,0,1,0,0,0,0,1,0,0
0,0,0,0.6412014690148236,1,1,0.9784309598821391,1.2189666433472754,1,0,0,1,0,0,0,0,0,0,1,0,0,0,1,0,1,0,1,0,0,0,0
1,1,1,-0.8805468571511105,1,1,0.49158884587682533,-0.5790343177983415,1,0,0,0,0,0,1,0,0,0,1,0,0,0,1,0,0,0,0,1,0,0,1
0,0,1,-1.1848965223842973,1,1,1.0360019717764182,-0.8618705405876713,1,0,1,1,0,0,0,0,1,0,0,0,1,0,0,0,1,0,0,0,1,0,1
1,1,0,-1.1341715781787662,1,1,-1.7447938175063131,-1.1577168449013617,0,0,0,0,1,1,0,1,0,1,0,1,0,1,0,1,0,0,0,0,1,0,0
0,0,0,-0.8298219129455794,1,1,-0.3472478442069329,-0.7298653417990988,1,0,0,0,0,0,0,0,1,0,0,0,0,0,0,0,0,0,1,0,0,1,0
0,0,0,-0.677647080328986,0,1,1.2604902799010904,-0.15235622273893612,0,1,0,1,0,0,1,0,1,0,0,0,1,0,1,0,0,1,0,1,0,0,0
0,1,1,0.3875767479871679,1,1,-1.731656808080773,-0.7893693124970126,1,0,0,0,1,1,0,1,0,1,0,1,0,1,0,1,0,0,1,1,0,0,0
0,1,1,-0.37329741509579917,1,1,0.8721757365873286,0.03585073285644828,0,0,0,1,0,0,0,0,1,0,0,0,0,0,1,0,1,0,1,1,0,0,0
0,0,0,-0.11967269406814346,1,1,-0.5369617156169402,-0.33545276188537254,0,0,1,0,0,0,0,0,0,0,0,0,0,0,0,0,1,0,0,0,1,0,0
0,1,0,-0.5761971919179237,1,1,0.6248908532830422,-0.2768849527954216,1,0,1,1,0,0,0,0,0,0,0,0,1,0,1,0,0,0,0,0,0,0,1
0,1,1,1.9600500183586334,0,1,-0.28619938864118727,1.2269945497388473,1,1,0,0,0,0,0,0,0,0,0,0,0,0,1,0,0,0,0,0,1,0,1
0,1,1,1.3513506878922594,1,1,-0.07755276835319584,1.0189999590600836,1,0,0,0,0,0,0,0,0,0,1,0,0,0,0,0,1,0,1,0,0,0,0
0,0,0,-0.8805468571511105,1,1,-0.6555811830769649,-0.8408710250665864,1,0,0,0,0,0,0,0,0,0,0,0,0,0,0,0,0,1,0,0,0,0,0
0,0,0,-0.7790969687400482,1,1,-0.4268426660205001,-0.7167206068927708,1,0,1,0,0,0,0,0,0,0,1,0,0,0,0,0,0,1,0,1,0,0,0
1,0,0,-0.11967269406814346,1,1,-0.07755276835319584,-0.13663383737780632,1,0,0,0,0,0,0,0,0,0,1,0,0,0,1,0,0,0,1,0,0,0,0
0,0,0,-0.22112258247920574,1,1,0.9853858472250719,0.24582665186987324,0,0,1,1,0,0,0,0,0,0,0,0,1,0,1,0,0,1,0,0,0,1,0
0,1,0,0.23540191537057448,1,0,-0.12894165816486775,0.08551218253913595,0,0,1,0,0,0,1,0,0,0,0,0,0,0,1,0,1,0,0,1,0,0,0
0,1,1,0.6412014690148236,1,1,-1.7359070170125654,-0.7347000394183042,1,0,1,0,1,1,0,1,0,1,0,1,0,1,0,1,0,0,0,0,1,0,0
0,0,0,1.4528005763033218,1,0,0.3378085590719727,1.4973272442026455,0,0,1,1,0,0,1,0,0,0,0,0,0,0,0,0,1,0,1,0,0,1,0
1,0,1,-1.1341715781787662,1,1,1.0665261995592912,-0.7452799480014463,1,0,0,1,0,0,0,0,0,0,1,0,0,0,1,0,1,0,1,0,1,0,0
0,1,0,-0.4240223593013303,1,1,-0.09764466512166894,-0.3661344967764844,1,0,1,0,0,0,0,0,1,0,0,0,0,0,0,0,1,0,0,0,1,0,1
0,1,1,2.1122248509752266,1,1,0.17205041073206812,1.9086484416519753,1,0,0,0,0,0,0,0,0,0,1,0,1,0,0,0,1,0,1,1,0,0,0
0,1,0,-0.1703976382736746,1,1,1.5966431681428548,0.568981944459686,0,0,0,1,0,0,1,0,0,0,1,0,1,0,1,0,1,0,0,0,1,0,0
0,1,0,-0.11967269406814346,1,1,0.7276686329063861,0.23991472719492976,0,0,1,1,0,0,0,0,0,0,1,0,1,0,1,0,0,0,1,0,0,1,0
0,0,0,-1.1341715781787662,1,1,-1.6265607326764515,-1.1219311056271097,0,0,1,0,1,1,0,1,0,1,0,1,0,1,0,1,0,0,1,0,0,1,0
0,1,0,-1.1848965223842973,1,1,1.0831406526562977,-0.8335227976506586,0,0,0,1,0,0,1,0,0,0,1,0,0,0,1,0,1,0,0,0,1,0,1
0,1,0,2.1122248509752266,1,1,1.6078482644175798,3.6208623743528308,0,0,1,1,0,0,1,0,0,0,1,0,1,0,1,0,1,0,0,0,1,0,1
0,1,1,1.3513506878922594,1,0,-1.606468835907978,-0.4439385032903299,0,0,0,0,1,1,0,1,0,1,0,1,0,1,0,1,0,0,0,0,1,0,0
1,0,1,-0.322572470890268,1,1,0.15852701867636518,-0.21262964133380577,1,0,1,0,0,0,0,0,0,0,1,0,0,0,1,0,1,0,1,0,0,1,0
0,1,1,0.032502138548449945,1,1,0.10172877204241197,0.06089626190235896,0,0,1,0,0,0,0,0,0,0,1,0,0,0,1,0,1,1,0,0,0,0,1
0,1,0,0.23540191537057448,1,0,-0.1799441653463768,0.07901675987566764,0,0,0,0,0,0,1,0,0,0,0,0,0,0,1,0,0,0,0,0,1,0,1
0,1,0,-0.7790969687400482,1,1,0.4475412260382493,-0.5197611814695143,1,0,0,1,0,0,0,0,0,0,0,0,0,0,0,0,1,0,0,0,0,1,1
0,1,0,-0.9819967455621728,1,1,-1.7447938175063131,-1.1074462489669172,1,0,0,0,1,1,0,1,0,1,0,1,0,1,0,1,0,1,0,0,1,0,0
0,0,0,1.503525520508853,0,0,0.7500788254558369,1.9471080123681483,1,1,0,1,0,0,0,0,0,0,1,0,0,0,1,0,0,0,1,0,0,1,0
0,0,1,1.554250464714384,1,1,-0.0006626249507692623,1.2571056107730503,0,0,0,0,0,0,1,0,0,0,0,0,0,0,1,0,0,0,0,0,0,0,0
0,0,1,-0.22112258247920574,1,1,-0.1463288765222005,-0.2550326325218774,1,0,0,0,0,0,0,0,0,0,1,0,1,0,1,0,0,0,1,0,0,0,0
0,0,0,1.6557003531254464,1,1,0.8810625370810761,2.2277320724537306,0,0,1,1,0,0,0,0,1,0,0,0,0,0,1,0,0,1,0,0,0,0,0
1,1,0,-1.1848965223842973,1,0,-0.3341108347813928,-0.9872136030017682,0,0,1,0,0,0,0,0,0,0,0,0,1,0,0,0,0,0,1,1,0,0,0
0,0,0,2.1122248509752266,1,1,1.095118514191349,3.0040152315608037,1,0,0,1,0,0,1,0,0,0,1,0,0,0,1,0,0,0,1,0,1,0,0
0,0,1,2.1122248509752266,1,0,1.0626623732576614,2.970948208189128,1,0,0,1,0,0,0,0,1,0,1,0,0,0,1,0,0,0,0,0,1,0,1
0,0,1,-1.0834466339732352,1,1,-1.5786492865362456,-1.1117872175189094,1,0,1,0,1,1,0,1,0,1,0,1,0,1,0,1,0,0,0,0,1,0,1
1,1,0,1.554250464714384,1,1,0.7535562691273036,2.0455524587178324,0,0,0,0,0,0,1,0,1,0,1,0,1,0,0,0,1,1,0,0,1,0,0
0,1,1,0.6412014690148236,0,1,-1.7447938175063131,-0.7196509209670107,1,1,0,0,1,1,0,1,0,1,0,1,0,1,0,1,0,0,0,0,0,1,0
1,1,0,1.3513506878922594,1,0,1.366359120565738,2.388059365916084,0,0,1,1,0,0,0,0,0,0,1,0,1,0,1,0,1,0,0,0,1,0,1
1,1,0,0.9455511342480104,1,1,-0.6300799294862103,0.24974442407853983,1,0,1,0,0,0,0,0,0,0,0,0,0,0,0,0,0,0,0,1,0,0,1
0,0,0,2.1122248509752266,1,1,-1.6725402656658421,-0.3119012441727176,1,0,1,0,1,1,0,1,0,1,0,1,0,1,0,1,0,0,0,0,0,0,0
0,1,0,-0.322572470890268,1,1,0.06656795269758335,-0.23768799451133235,1,0,0,1,0,0,0,0,0,0,0,0,0,0,0,0,0,0,0,0,1,0,0
1,1,0,-0.06894774986261233,1,1,-0.12044124030128296,-0.10488128749676437,0,0,1,0,0,0,0,0,1,0,1,0,0,0,1,0,0,0,0,0,0,0,0
1,1,1,0.23540191537057448,1,0,0.26748692038231603,0.33408232565070173,1,0,1,1,0,0,0,0,0,0,0,0,0,0,1,0,0,0,0,0,0,1,1
0,0,1,-0.1703976382736746,1,1,-1.6825862140500787,-0.8937192714558326,0,0,0,0,1,1,0,1,0,1,0,1,0,1,0,1,0,0,1,0,0,1,0
0,1,0,-1.0327216897677038,1,1,0.200642725364126,-0.7891256539963099,0,0,0,0,0,0,0,0,1,0,0,0,1,0,1,0,1,0,0,0,0,1,1
1,0,0,0.5904765248092925,1,0,-1.518373596230826,-0.5726607243852244,0,0,0,0,1,1,0,1,0,1,0,1,0,1,0,1,0,1,0,0,0,1,0
0,1,0,-1.0834466339732352,1,1,1.3369940406733543,-0.6714963067491947,1,0,1,1,0,0,1,0,1,0,1,0,0,0,0,0,1,1,0,0,0,0,1
1,0,0,-0.6269221361234548,1,0,0.876425945519121,-0.22815966472069665,0,0,1,1,0,0,0,0,0,0,0,0,1,0,1,0,1,1,0,0,0,0,1
0,1,0,-0.677647080328986,1,1,-1.612650957990585,-1.033970386873448,1,0,1,0,1,1,0,1,0,1,0,1,0,1,0,1,0,0,0,1,0,0,0
0,1,0,-0.22112258247920574,1,0,-0.6973105071345632,-0.47778779869057636,1,0,1,0,0,0,0,0,0,0,0,0,0,0,0,0,0,0,1,0,1,0,0
0,0,0,2.1122248509752266,1,1,0.4077438151314657,2.1351931387131815,0,0,0,0,0,0,1,0,1,0,1,0,1,0,0,0,1,0,1,0,1,0,0
1,0,0,-1.0834466339732352,1,1,0.014792680255748572,-0.832349389607801,0,0,1,0,0,0,0,0,1,0,0,0,0,0,1,0,0,1,0,0,0,1,1
0,0,1,-0.7790969687400482,1,1,0.343217915894254,-0.5338997865760768,0,0,1,0,0,0,0,0,0,0,1,0,0,0,1,0,1,0,0,0,0,0,1
0,0,0,1.503525520508853,1,1,1.4675913696684302,2.689612408798863,1,0,0,1,0,0,1,0,1,0,0,0,0,0,1,0,1,0,0,1,0,0,1
0,1,0,0.3875767479871679,1,1,-0.022686434870057264,0.3040353852745783,1,0,1,0,0,0,0,0,0,0,0,0,1,0,1,0,0,0,0,0,1,0,1
0,0,0,-1.1341715781787662,1,0,-0.09300807355971367,-0.8928344063743335,1,0,1,0,0,0,0,0,1,0,1,0,0,0,1,0,0,0,1,1,0,0,0
0,0,1,-1.2356214665898284,1,0,-1.4271872955123706,-1.1293498657669252,1,0,0,0,1,1,0,1,0,1,0,1,0,1,0,1,0,1,0,0,0,0,1
0,0,1,-0.5761971919179237,1,0,-1.681040683529427,-0.9786919675429829,1,0,1,0,1,1,0,1,0,1,0,1,0,1,0,1,0,0,1,0,1,0,0
1,0,0,1.8078751857420399,0,0,-0.5980101711826857,0.783189826906368,0,1,0,0,0,0,0,0,0,0,1,0,0,0,0,0,0,0,0,0,0,1,0
0,1,1,2.1122248509752266,1,0,0.0997968588915968,1.819302716683793,1,0,1,1,0,0,0,0,0,0,1,0,0,0,0,0,0,0,1,0,1,0,0
0,0,1,-0.5761971919179237,1,1,0.4471548434080867,-0.2957107780076063,0,0,0,1,0,0,0,0,0,0,1,0,0,0,0,0,1,1,0,1,0,0,0
0,0,0,1.604975408919915,1,1,-1.5720807818234757,-0.32548841161979514,1,0,1,0,1,1,0,1,0,1,0,1,0,1,0,1,0,0,1,0,1,0,0
1,0,0,-1.1341715781787662,1,1,1.125642741974222,-0.7833996792297974,0,0,1,1,0,0,0,0,1,0,0,0,1,0,1,0,0,1,0,0,0,0,0
0,1,0,-0.9312718013566417,1,0,0.21146143900868858,-0.6755807926688683,0,0,0,1,0,0,0,0,1,0,0,0,0,0,0,0,0,0,0,1,0,0,1
0,0,1,0.08322708275398108,1,0,-1.6412432726226431,-0.7740508872817846,0,0,0,0,1,1,0,1,0,1,0,1,0,1,0,1,0,0,0,0,1,0,1
1,0,1,-0.677647080328986,1,1,-0.03698259218608622,-0.5459865306240906,1,0,1,0,0,0,0,0,1,0,1,0,0,0,0,0,1,0,1,0,0,1,0
0,0,0,0.43830169219269904,1,1,-0.04780130583064878,0.31067828545163,0,0,1,0,0,0,0,0,1,0,0,0,0,0,0,0,1,0,0,1,0,0,1
0,0,0,-0.9819967455621728,0,0,0.30767071391926276,-0.7372712778072982,0,1,0,1,0,0,0,0,1,0,0,0,1,0,0,0,0,0,1,0,0,0,0
0,1,0,1.0470010226590727,1,0,0.5495462404012674,1.326336685301647,1,0,0,0,0,0,1,0,0,0,1,0,1,0,0,0,1,0,1,0,0,0,0
0,1,1,-0.06894774986261233,1,0,0.26632777249182715,0.06126174965341292,0,0,1,0,0,0,0,0,1,0,0,0,0,0,1,0,1,1,0,0,1,0,0
0,0,0,1.4528005763033218,0,0,0.5132262731659505,1.647651715004574,1,1,0,1,0,0,1,0,0,0,0,0,0,0,1,0,0,1,0,0,1,0,1
0,0,0,0.5904765248092925,1,1,-1.6068552185381408,-0.670329310772145,1,0,0,0,1,1,0,1,0,1,0,1,0,1,0,1,0,1,0,0,1,0,0
1,0,0,-0.37329741509579917,1,1,1.4857513532860886,0.277656146540611,1,0,0,1,0,0,0,0,0,0,1,0,1,0,1,0,1,0,0,0,0,0,1
1,0,0,0.4890266363982302,1,1,-1.7447938175063131,-0.7740188269527447,0,0,1,0,1,1,0,1,0,1,0,1,0,1,0,1,0,0,0,0,0,0,0
0,1,0,0.18467697116504336,1,0,-1.642402420513132,-0.74967862514571,1,0,1,0,1,1,0,1,0,1,0,1,0,1,0,1,0,0,0,0,1,0,1
1,0,0,-1.3370713550008908,1,0,0.41933529403635456,-1.0428190376884394,1,0,0,1,0,0,0,0,1,0,0,0,0,0,0,0,0,0,0,0,0,1,1
0,1,0,0.7426513574258858,1,0,-0.030027704843153175,0.5948674541264404,1,0,0,0,0,0,0,0,0,0,1,0,0,0,1,0,0,0,0,0,0,1,1
0,0,0,-0.9819967455621728,0,1,0.3760604394581043,-0.738938414917369,0,1,0,1,0,0,1,0,1,0,0,0,0,0,0,0,0,1,0,0,0,0,0
0,0,0,0.9455511342480104,0,1,-0.10382678720427624,0.6994931319150026,0,1,0,0,0,0,0,0,1,0,1,0,0,0,1,0,0,0,0,0,1,0,0
0,1,0,0.9962760784535415,1,1,1.255853688339135,1.8522158504760766,1,0,0,1,0,0,1,0,0,0,1,0,0,0,1,0,1,1,0,1,0,0,0
0,0,0,0.43830169219269904,1,1,0.5839342944857697,0.747615685803779,1,0,0,1,0,0,0,0,1,0,0,0,0,0,1,0,0,0,0,1,0,0,1
0,1,0,-0.018222805657081193,0,0,-1.7447938175063131,-0.8851014550099279,0,1,0,0,1,1,0,1,0,1,0,1,0,1,0,1,0,0,0,0,1,0,1
0,0,0,1.554250464714384,1,1,-0.34415678316562937,0.8998894246113284,1,0,0,0,0,0,0,0,1,0,0,0,0,0,0,0,1,0,0,0,0,1,0
0,0,0,1.9093250741531023,0,1,-1.7007461976677372,-0.3853578700687631,0,1,0,0,1,1,0,1,0,1,0,1,0,1,0,1,0,0,0,0,1,0,0
1,1,0,0.43830169219269904,1,1,-1.6528347515275315,-0.6994721498693452,0,0,0,0,1,1,0,1,0,1,0,1,0,1,0,1,0,0,0,0,0,1,0
0,0,0,-0.2718475266847369,1,1,0.566547076128437,0.03363215808689241,0,0,1,1,0,0,0,0,1,0,0,0,0,0,1,0,1,0,0,0,0,0,1
0,1,1,0.9455511342480104,1,0,-0.27074408343466944,0.5112861763196183,0,0,1,0,0,0,0,0,0,0,1,0,0,0,0,0,1,0,0,0,1,0,0
0,0,0,-1.3370713550008908,1,0,0.8420378914346187,-1.032284013565953,1,0,0,1,0,0,0,0,1,0,0,0,1,0,0,0,0,1,0,0,0,1,0
0,0,0,-1.1848965223842973,1,1,0.8149911073232123,-0.8576321650886064,0,0,0,1,0,0,0,0,1,0,0,0,0,0,1,0,0,0,0,0,1,0,1
0,1,0,-0.6269221361234548,1,0,-1.73127042545061,-1.0338677938205205,1,0,1,0,1,1,0,1,0,1,0,1,0,1,0,1,0,0,1,0,1,0,0
0,1,1,-0.22112258247920574,1,1,1.0363883544065813,0.2547714836719844,0,0,0,0,0,0,1,0,1,0,1,0,0,0,1,0,1,1,0,0,0,1,1
0,1,0,-1.2863464107953595,1,0,0.9962045608696345,-0.9494785957218951,1,0,1,1,0,0,1,0,0,0,1,0,0,0,0,0,1,0,1,0,1,0,0
0,1,0,0.08322708275398108,1,0,-0.18651267005914696,-0.017055222125069734,1,0,0,0,0,0,0,0,0,0,0,0,0,0,0,0,1,0,0,0,0,0,0
0,0,0,0.18467697116504336,1,1,0.5943666255001697,0.4884784582406874,0,0,1,1,0,0,1,0,0,0,0,0,1,0,0,0,0,0,1,0,0,1,0
0,0,1,1.9600500183586334,1,1,-0.7247436738761325,0.7194795410384291,1,0,1,0,0,0,0,0,0,0,0,0,0,0,0,0,0,0,0,0,0,1,0
0,1,0,2.1122248509752266,1,1,1.0336836759954404,2.934623855387007,0,0,1,1,0,0,1,0,1,0,1,0,0,0,0,0,0,0,0,0,0,0,0
0,1,0,-1.1848965223842973,1,1,0.3548093947991423,-0.92413169958301,1,0,0,0,0,0,1,0,1,0,1,0,0,0,0,0,0,0,0,0,0,1,1
0,1,0,-0.9819967455621728,1,1,0.8064906894596275,-0.6169873353156854,0,0,0,1,0,0,0,0,0,0,0,0,0,0,1,0,1,0,1,1,0,0,0
0,0,0,-0.4747473035068614,1,1,0.3018749744668184,-0.3030141209628784,0,0,0,0,0,0,1,0,0,0,1,0,1,0,0,0,0,0,0,0,0,1,0
0,0,0,0.3875767479871679,1,0,-1.5890816175506453,-0.703922123540073,1,0,0,0,1,1,0,1,0,1,0,1,0,1,0,1,0,0,0,0,1,0,0
0,0,0,-0.8805468571511105,1,1,1.075026617422876,-0.4684518308741796,1,0,0,1,0,0,1,0,0,0,1,0,0,0,1,0,0,0,1,0,0,1,1
0,0,0,-0.8298219129455794,1,0,-1.6192194627033552,-1.0152856271090382,1,0,0,0,1,1,0,1,0,1,0,1,0,1,0,1,0,0,0,0,0,1,1
0,1,1,-1.0834466339732352,1,1,0.37683320471843,-0.7884459750206656,0,0,1,1,0,0,0,0,0,0,0,0,1,0,1,0,0,0,1,0,1,0,1
1,0,0,-1.1341715781787662,1,0,0.8138319594327235,-0.825789846286253,0,0,1,1,0,0,0,0,0,0,0,0,1,0,1,0,1,0,0,0,0,0,1
0,0,0,-0.8298219129455794,1,1,0.9293603658514444,-0.4485359544746408,1,0,0,1,0,0,1,0,0,0,0,0,1,0,0,0,1,0,0,1,0,0,1
0,0,1,1.3513506878922594,0,0,0.34940003797686103,1.4179522815658487,0,1,0,1,0,0,0,0,0,0,0,0,0,0,0,0,1,0,1,0,0,0,0
0,0,1,0.08322708275398108,1,0,-1.7355206343824023,-0.8680581840923574,1,0,0,0,1,1,0,1,0,1,0,1,0,1,0,1,0,0,0,1,0,0,0
0,0,0,0.2861268595761056,1,0,-0.06055193262602597,0.20738631735112406,1,0,1,0,0,0,0,0,1,0,0,0,1,0,1,0,0,1,0,0,0,0,0
0,0,0,-1.2863464107953595,1,1,1.6059163512667654,-0.9009071972265613,1,0,1,1,0,0,1,0,0,0,1,0,1,0,1,0,1,1,0,0,1,0,1
0,1,0,1.2499007994811973,0,0,1.4216118366790396,2.3021825685500104,1,1,0,1,0,0,0,0,1,0,1,0,0,0,1,0,1,0,0,0,0,0,1
0,1,1,2.1122248509752266,1,0,-1.64085688999248,-0.26821583982305314,0,0,0,0,1,1,0,1,0,1,0,1,0,1,0,1,0,0,0,0,1,0,0
0,0,0,0.8441012458369481,1,1,-1.6176739321827034,-0.5852668457636834,1,0,1,0,1,1,0,1,0,1,0,1,0,1,0,1,0,0,0,1,0,0,0
0,1,0,2.1122248509752266,1,1,-0.5114604620261854,1.0779909644933603,0,0,0,0,0,0,1,0,0,0,0,0,0,0,0,0,0,1,0,0,0,1,0
0,1,0,-0.7283720245345171,1,1,-0.2027407405259908,-0.6434306947077325,0,0,0,0,0,0,0,0,1,0,1,0,0,0,0,0,0,0,1,0,0,1,0
0,0,0,-0.37329741509579917,1,1,1.1055508452057485,0.10186295034944634,1,0,0,1,0,0,1,0,1,0,0,0,0,0,1,0,0,0,1,1,0,0,0
0,1,0,-0.2718475266847369,1,1,0.1264572603728406,-0.1678605978625952,0,0,0,0,0,0,0,0,0,0,1,0,1,0,0,0,1,1,0,0,1,0,0
0,1,0,-0.8298219129455794,1,1,1.5197530247404278,-0.30773340139754046,1,0,1,1,0,0,1,0,1,0,1,0,1,0,0,0,0,0,1,0,1,0,0
1,0,1,-0.4747473035068614,1,0,-0.2634028134615733,-0.4672591866338982,1,0,1,0,0,0,0,0,0,0,0,0,0,0,1,0,0,1,0,0,1,0,1
0,0,0,-0.5761971919179237,1,1,0.7458286165240445,-0.23698907933826424,0,0,1,1,0,0,0,0,0,0,1,0,1,0,0,0,0,0,0,1,0,0,1
0,1,0,-0.4747473035068614,1,0,1.3524493458798719,0.08303071307145363,0,0,0,1,0,0,1,0,0,0,1,0,0,0,1,0,1,0,0,1,0,0,1
0,0,0,0.5397515806037613,1,0,0.54065943990752,0.7950585607169111,0,0,1,1,0,0,0,0,0,0,0,0,0,0,1,0,1,0,1,1,0,0,0
0,0,0,1.4528005763033218,1,1,-1.4631208801175246,-0.26277199595209094,1,0,0,0,1,1,0,1,0,1,0,1,0,1,0,1,0,0,0,0,1,0,1
1,0,0,-1.2356214665898284,1,1,0.20605208218640728,-0.9804681097717891,0,0,0,0,0,0,1,0,0,0,1,0,0,0,1,0,0,0,0,1,0,0,1
0,0,0,1.3513506878922594,1,0,1.2577856014899496,2.2968156694687436,0,0,0,1,0,0,1,0,1,0,0,0,1,0,0,0,1,0,0,1,0,0,1
0,0,0,-0.7283720245345171,1,1,-1.6690628219943755,-1.049628651576498,0,0,1,0,1,1,0,1,0,1,0,1,0,1,0,1,0,0,0,0,1,0,1
1,1,0,-1.0834466339732352,1,1,-0.4658673116669577,-0.9293511211506933,0,0,0,0,0,0,0,0,0,0,1,0,0,0,0,0,1,0,1,0,1,0,0
0,1,0,-0.9312718013566417,1,1,0.7929672974039246,-0.5897681159608746,1,0,0,1,0,0,0,0,1,0,1,0,1,0,0,0,0,0,1,0,1,0,1
0,1,0,0.9455511342480104,1,1,-1.5407837887802769,-0.5037823134760658,1,0,0,0,1,1,0,1,0,1,0,1,0,1,0,1,0,0,1,0,0,1,0
0,0,0,-0.9819967455621728,1,0,0.9405654621261702,-0.621822032934891,1,0,0,1,0,0,0,0,1,0,0,0,0,0,1,0,1,1,0,0,0,0,1
0,0,1,-0.5254722477123925,1,1,0.38726553573283,-0.29446683724086126,1,0,1,1,0,0,0,0,0,0,0,0,1,0,1,0,0,0,1,1,0,0,0
0,0,0,1.2499007994811973,1,1,1.0182283707889228,1.9022107275807787,0,0,0,1,0,0,1,0,0,0,0,0,0,0,1,0,0,0,0,1,0,0,1
0,1,1,-0.5254722477123925,1,1,0.398084249377392,-0.27777622994272877,0,0,1,0,0,0,1,0,0,0,1,0,1,0,0,0,1,0,0,1,0,0,0
0,1,1,-0.7790969687400482,1,0,-1.54773867612321,-1.0163692662305843,0,0,1,0,1,1,0,1,0,1,0,1,0,1,0,1,0,0,1,0,0,1,0
0,0,0,-0.11967269406814346,1,0,1.3269480922891175,0.522109743403463,0,0,1,1,0,0,1,0,0,0,1,0,0,0,1,0,1,0,1,1,0,0,0
0,1,1,0.08322708275398108,1,0,0.2813966950681821,0.24904550890547159,1,0,0,0,0,0,1,0,1,0,0,0,0,0,1,0,0,1,0,1,0,0,0
0,0,1,-0.5254722477123925,1,1,0.9834539340742573,-0.08681849811572732,1,0,1,1,0,0,0,0,1,0,1,0,0,0,0,0,1,0,0,0,0,0,1
0,0,0,1.604975408919915,1,1,0.7168499192618235,2.0392942824892595,0,0,1,0,0,0,0,0,1,0,1,0,1,0,0,0,1,0,0,0,0,0,0
0,1,1,-1.1848965223842973,1,1,0.40387998882983644,-0.9119167142188368,1,0,1,1,0,0,0,0,0,0,0,0,0,0,1,0,0,0,0,0,0,1,1
0,0,0,-0.2718475266847369,1,1,0.06502242217693188,-0.16321185015182066,0,0,0,0,0,0,1,0,1,0,1,0,0,0,0,0,0,0,0,1,0,0,1
1,0,0,-0.322572470890268,1,1,1.3995880267597514,0.29597541855396636,1,0,0,1,0,0,0,0,1,0,1,0,0,0,1,0,1,0,1,0,1,0,1
0,1,1,1.0977259668646038,1,1,0.41933529403635456,1.2206850769838102,1,0,1,0,0,0,0,0,1,0,0,0,1,0,1,0,1,0,0,0,1,0,1
0,0,0,2.1122248509752266,0,0,0.0032012013508602648,1.7225895281022592,1,1,0,0,0,0,0,0,0,0,1,0,1,0,1,0,0,0,1,0,1,0,0
0,1,1,-0.8805468571511105,1,1,0.7361690507699709,-0.5452812033852145,1,0,0,1,0,0,0,0,1,0,0,0,0,0,1,0,1,0,0,0,1,0,1
0,0,0,-1.3370713550008908,1,0,1.0441160070098403,-0.9814042713797521,0,0,0,1,0,0,1,0,1,0,1,0,0,0,0,0,0,1,0,0,1,0,1
0,1,0,-1.2863464107953595,0,0,-0.30358660699852,-1.0635364223139738,0,1,0,0,0,0,0,0,0,0,0,0,0,0,1,0,0,0,1,0,1,0,0
0,0,0,-0.9819967455621728,1,0,0.7037129098362837,-0.673067262872146,0,0,0,1,0,0,1,0,1,0,0,0,0,0,0,0,0,0,0,0,1,0,1
0,0,0,0.3875767479871679,1,1,-0.43302478810310713,0.05482403558221623,1,0,0,0,0,0,0,0,0,0,0,0,0,0,1,0,0,1,0,1,0,0,0
0,1,1,-1.2863464107953595,1,0,-1.5566254766169578,-1.1493683352193915,1,0,0,0,1,1,0,1,0,1,0,1,0,1,0,1,0,0,1,0,1,0,0
0,1,1,-0.37329741509579917,1,0,-1.62771988056694,-0.9321403697771581,0,0,1,0,1,1,0,1,0,1,0,1,0,1,0,1,0,0,1,0,0,1,0
0,0,1,-1.387796299206422,1,1,0.39267489255511073,-1.0769440519184283,1,0,0,1,0,0,0,0,1,0,0,0,0,0,0,0,0,0,0,0,0,0,1
0,0,0,0.18467697116504336,1,1,-1.7447938175063131,-0.8506494254237328,0,0,0,0,1,1,0,1,0,1,0,1,0,1,0,1,0,1,0,0,0,0,0
0,0,1,0.8441012458369481,1,0,0.8420378914346187,1.3329347010180428,1,0,1,1,0,0,1,0,0,0,1,0,0,0,1,0,0,0,0,0,1,0,1
1,1,0,-0.4747473035068614,1,0,-1.641629655252806,-0.9582631258788069,1,0,1,0,1,1,0,1,0,1,0,1,0,1,0,1,0,1,0,0,1,0,0
1,1,0,0.9455511342480104,1,0,0.7551017996479557,1.371221145957401,0,0,1,1,0,0,1,0,1,0,0,0,0,0,0,0,1,1,0,0,0,0,0
0,0,0,2.1122248509752266,1,1,-0.08257574254531398,1.6056655080940199,0,0,0,0,0,0,1,0,0,0,0,0,0,0,1,0,1,0,1,0,1,0,0
0,1,0,1.3513506878922594,1,1,0.7520107386066521,1.8191872994992495,0,0,0,1,0,0,0,0,0,0,1,0,1,0,1,0,0,1,0,0,1,0,0
0,1,0,-1.0327216897677038,1,0,0.12838917352365525,-0.7771094426721838,1,0,0,0,0,0,1,0,1,0,1,0,0,0,0,0,0,0,0,0,0,1,0
0,0,1,-0.8298219129455794,1,1,-1.635447533170199,-1.0215181550743802,0,0,0,0,1,1,0,1,0,1,0,1,0,1,0,1,0,0,0,1,0,0,0
0,0,0,-0.5254722477123925,1,1,-1.7447938175063131,-0.9857067675368965,0,0,0,0,1,1,0,1,0,1,0,1,0,1,0,1,0,0,0,0,0,0,0
0,0,0,-1.0834466339732352,1,0,0.25434991095677567,-0.8509315563192832,1,0,1,0,0,0,1,0,0,0,0,0,1,0,1,0,0,0,0,1,0,0,1
0,0,0,0.3875767479871679,1,0,0.9104276169734602,0.8937979620937617,1,0,0,1,0,0,0,0,1,0,0,0,0,0,1,0,0,0,0,0,1,0,1
0,1,0,-0.677647080328986,1,1,0.5352500830852387,-0.40100331064019723,1,0,1,1,0,0,0,0,1,0,0,0,0,0,0,0,0,0,0,0,1,0,1
0,1,1,-0.7283720245345171,1,1,0.11525216409811491,-0.5361375975430566,1,0,0,0,0,0,1,0,0,0,1,0,0,0,0,0,1,0,0,1,0,0,0
0,1,0,-0.8298219129455794,1,1,0.7686251917036585,-0.48328935115381033,1,0,0,0,0,0,1,0,0,0,0,0,1,0,1,0,1,0,0,0,0,1,1
0,1,0,0.9962760784535415,1,0,0.04840796907992488,0.8282538254047451,0,0,1,0,0,0,1,0,0,0,0,0,0,0,0,0,1,0,1,1,0,0,0
0,1,0,0.032502138548449945,1,1,-0.009549425444517203,0.030086285695087863,0,0,0,0,0,0,0,0,1,0,1,0,0,0,0,0,0,1,0,0,1,0,1
0,1,0,-0.11967269406814346,1,1,0.38301532680103706,0.09686795108504173,1,0,1,0,0,0,0,0,1,0,1,0,0,0,1,0,0,0,0,1,0,0,0
0,1,0,0.43830169219269904,1,1,1.0066368918840338,0.989536516672485,1,0,1,1,0,0,0,0,1,0,1,0,0,0,1,0,0,0,1,0,0,1,0
0,1,1,-1.1341715781787662,1,1,0.24082651890107276,-0.8540862926968018,1,0,0,1,0,0,0,0,0,0,1,0,0,0,0,0,0,1,0,0,0,0,1
0,0,0,-0.22112258247920574,1,0,-1.5365335798484845,-0.8234750905295777,1,0,1,0,1,1,0,1,0,1,0,1,0,1,0,1,0,0,0,0,0,0,0
0,0,0,-1.438521243411953,1,0,-1.5875360870299935,-1.202562833162268,1,0,0,0,1,1,0,1,0,1,0,1,0,1,0,1,0,0,1,0,0,0,0
0,1,1,-1.438521243411953,1,1,0.9154505911655784,-1.1014958518971258,0,0,1,1,0,0,1,0,0,0,1,0,1,0,1,0,0,0,0,1,0,0,0
0,0,0,0.23540191537057448,0,0,0.5054986205626913,0.5042264918650491,0,1,0,1,0,0,0,0,0,0,0,0,0,0,1,0,0,0,0,0,1,0,1
0,1,0,0.18467697116504336,1,1,1.1094146715073783,0.7839913351323636,0,0,0,1,0,0,0,0,0,0,1,0,0,0,1,0,1,1,0,0,0,0,1
0,0,1,-0.6269221361234548,1,1,-1.4909404294892568,-0.9559227218588997,0,0,0,0,1,1,0,1,0,1,0,1,0,1,0,1,0,0,0,0,1,0,0
0,0,0,1.8078751857420399,1,1,0.7663068959226808,2.296103930164059,1,0,1,1,0,0,0,0,0,0,0,0,0,0,1,0,1,1,0,0,1,0,0
0,1,0,-0.37329741509579917,1,1,0.8401059782838041,0.01976285974426451,1,0,0,1,0,0,0,0,1,0,0,0,0,0,1,0,0,1,0,0,0,0,1
0,0,0,-0.1703976382736746,1,1,-1.5863769391395046,-0.8330547168466772,0,0,0,0,1,1,0,1,0,1,0,1,0,1,0,1,0,0,0,0,1,0,0
0,1,0,-1.2356214665898284,1,0,-1.7447938175063131,-1.1546390533135384,1,0,1,0,1,1,0,1,0,1,0,1,0,1,0,1,0,0,0,0,1,0,0
0,1,0,-0.37329741509579917,0,0,0.17823253281467513,-0.22468432505277966,1,1,0,1,0,0,0,0,0,0,0,0,0,0,0,0,1,0,1,0,1,0,0
1,0,0,2.1122248509752266,1,1,-1.7227700075870251,-0.40471589674300884,0,0,1,0,1,1,0,1,0,1,0,1,0,1,0,1,0,0,0,0,1,0,0
0,0,0,0.9962760784535415,1,1,1.5444815130708565,2.070880118659294,1,0,1,1,0,0,1,0,1,0,1,0,0,0,1,0,1,0,0,0,0,1,1
0,0,0,1.6557003531254464,1,1,1.1917141717320858,2.5731885299236446,1,0,0,1,0,0,1,0,1,0,1,0,0,0,1,0,0,0,1,0,0,0,0
0,1,1,-0.8805468571511105,1,1,-1.6613351693911163,-1.0491541587067088,0,0,1,0,1,1,0,1,0,1,0,1,0,1,0,1,0,0,1,0,0,1,0
0,0,0,0.032502138548449945,1,1,-0.31517808590340834,-0.13310720118342564,0,0,0,0,0,0,0,0,0,0,0,0,0,0,1,0,0,0,1,0,0,1,0
0,1,1,-0.11967269406814346,0,0,-0.1671935385509996,-0.189969400768458,0,1,0,0,0,0,0,0,0,0,0,0,0,0,1,0,1,0,1,0,1,0,0
0,1,0,1.7571502415365088,1,0,-0.15328376386513354,1.2375103376639098,0,0,1,0,0,0,0,0,1,0,1,0,0,0,0,0,0,1,0,0,0,1,0
1,0,1,-0.1703976382736746,1,1,-1.6458798641845989,-0.8752268736656621,1,0,0,0,1,1,0,1,0,1,0,1,0,1,0,1,0,0,1,1,0,0,1
1,0,1,0.032502138548449945,1,1,1.0062505092538714,0.5386721093854361,1,0,1,1,0,0,0,0,1,0,0,0,1,0,0,0,1,0,1,1,0,0,0
0,1,0,0.5904765248092925,1,1,-1.7447938175063131,-0.7312952324742747,0,0,0,0,1,1,0,1,0,1,0,1,0,1,0,1,0,0,0,1,0,0,0
0,1,1,-0.2718475266847369,1,1,-1.6516756036370426,-0.8926228082026706,0,0,0,0,1,1,0,1,0,1,0,1,0,1,0,1,0,0,0,0,1,0,0
0,1,1,-0.5761971919179237,1,0,1.192100554362249,-0.07453939209347471,0,0,0,1,0,0,1,0,0,0,1,0,0,0,0,0,1,0,0,0,0,1,0
0,1,1,0.23540191537057448,1,1,0.6113674612273393,0.5656669064369684,1,0,1,1,0,0,0,0,0,0,1,0,0,0,0,0,1,0,0,0,0,0,1
0,1,0,-1.387796299206422,1,1,-1.708860232901159,-1.1561330646467942,1,0,0,0,1,1,0,1,0,1,0,1,0,1,0,1,0,1,0,0,0,0,0
0,0,0,-1.1848965223842973,1,0,-1.5743990776044532,-1.1316902697868323,1,0,0,0,1,1,0,1,0,1,0,1,0,1,0,1,0,0,0,0,1,0,0
0,1,0,1.554250464714384,1,1,0.19986996010380026,1.5293362767160061,0,0,0,0,0,0,1,0,0,0,0,0,0,0,1,0,1,0,0,0,0,0,0
0,0,1,2.1122248509752266,1,0,0.05497647379269505,1.782240976313756,0,0,0,1,0,0,0,0,0,0,0,0,0,0,0,0,0,0,1,0,0,0,0
0,1,0,-0.8298219129455794,1,1,-0.13744207602845254,-0.6825507082021259,0,0,0,0,0,0,0,0,1,0,0,0,0,0,0,0,1,0,0,0,1,0,1
0,0,1,0.4890266363982302,1,1,-0.4125465087044711,0.09592537741127104,1,0,0,0,0,0,0,0,0,0,0,0,0,0,0,0,1,0,1,1,0,0,1
1,1,0,-0.9312718013566417,1,1,-0.5783046570443755,-0.8532847844708061,1,0,0,0,0,0,0,0,0,0,0,0,0,0,0,0,0,0,1,0,1,0,0
1,1,0,1.2499007994811973,1,1,0.28757881715078915,1.2383567303505612,1,0,0,1,0,0,0,0,0,0,0,0,0,0,0,0,1,0,0,0,0,0,1
0,1,0,-1.1341715781787662,1,0,0.9996820045411011,-0.8124463373398781,0,0,0,1,0,0,0,0,0,0,1,0,0,0,0,0,1,0,0,0,1,0,1
0,0,0,-0.4240223593013303,1,0,0.2458494930931909,-0.256911367803611,1,0,0,0,0,0,1,0,1,0,0,0,0,0,1,0,0,0,0,0,0,0,1
0,0,0,-1.1341715781787662,0,1,0.2130069695293406,-0.8597994433316987,1,1,0,0,0,0,0,0,1,0,1,0,0,0,1,0,0,0,0,0,1,0,0
1,0,1,-0.4747473035068614,1,1,0.01633821077640033,-0.3389473377507134,1,0,0,1,0,0,0,0,0,0,0,0,0,0,0,0,0,0,1,1,0,0,0
0,0,0,-0.22112258247920574,1,1,-1.7447938175063131,-0.9293639452823093,0,0,0,0,1,1,0,1,0,1,0,1,0,1,0,1,0,0,0,0,0,0,0
0,1,0,-0.06894774986261233,1,0,1.5162755810689617,0.6813021012178064,0,0,0,1,0,0,1,0,1,0,1,0,1,0,0,0,1,0,0,0,1,0,1
1,1,0,1.3006257436867283,1,0,-1.5902407654411341,-0.40449147443973016,1,0,0,0,1,1,0,1,0,1,0,1,0,1,0,1,0,0,0,0,1,0,0
0,0,0,-0.322572470890268,1,1,-1.6478117773354135,-0.9110062008741059,0,0,1,0,1,1,0,1,0,1,0,1,0,1,0,1,0,0,0,1,0,0,0
0,1,0,1.1484509110701349,1,1,0.7732617832656141,1.6070376901769245,1,0,0,1,0,0,1,0,0,0,0,0,0,0,1,0,0,0,0,0,0,1,1
0,1,1,-0.4240223593013303,1,1,-1.7247019207378398,-0.9660217255064444,1,0,0,0,1,1,0,1,0,1,0,1,0,1,0,1,0,0,0,0,0,1,0
0,0,0,-0.7283720245345171,1,1,0.9336105747832368,-0.3297139629872441,1,0,1,1,0,0,0,0,0,0,1,0,0,0,1,0,1,1,0,0,0,0,1
0,1,0,2.0614999067696957,1,1,-0.1409195196999192,1.499661236156745,0,0,1,0,0,0,0,0,0,0,0,0,1,0,0,0,1,0,1,0,0,0,0
1,0,0,0.8441012458369481,1,0,-0.17183013011295487,0.554753570431812,0,0,1,0,0,0,0,0,1,0,0,0,0,0,1,0,0,0,0,1,0,0,1
0,0,1,-1.0327216897677038,1,0,-0.5802365701951901,-0.9279981752652128,1,0,1,0,0,0,1,0,0,0,0,0,0,0,0,0,0,0,0,1,0,0,1
0,1,1,-1.0327216897677038,1,1,-0.17917140008605079,-0.8424804535843854,0,0,0,0,0,0,0,0,0,0,0,0,1,0,1,0,0,0,0,0,1,0,0
0,0,0,2.1122248509752266,1,0,0.5309998741534463,2.334390375103417,0,0,0,1,0,0,0,0,1,0,0,0,0,0,0,0,1,0,0,1,0,0,1
0,0,0,-1.0834466339732352,1,1,0.6372550974482568,-0.7937295172464287,1,0,0,0,0,0,1,0,1,0,1,0,1,0,0,0,0,1,0,0,1,0,1
0,0,0,-1.2356214665898284,1,1,0.3803106483898967,-0.9344551255338334,1,0,0,1,0,0,0,0,0,0,0,0,0,0,1,0,1,1,0,1,0,0,0
1,1,1,-0.5761971919179237,1,1,0.5004756463705733,-0.3029628244364147,1,0,1,0,0,0,1,0,1,0,0,0,0,0,1,0,0,0,1,0,1,0,0
0,1,0,0.13395202695951222,1,0,-0.40713715188218985,-0.09779595477896323,1,0,0,0,0,0,0,0,0,0,0,0,0,0,0,0,1,0,0,0,0,1,0
0,0,0,1.0977259668646038,1,1,1.5220713205214056,2.1974286494452886,0,0,0,1,0,0,1,0,1,0,1,0,0,0,1,0,0,0,0,0,0,1,1
0,1,0,-0.6269221361234548,1,1,-0.4426843538571808,-0.6639364811616042,0,0,1,0,0,0,0,0,0,0,0,0,1,0,0,0,0,0,0,0,0,0,1
0,0,0,-0.018222805657081193,1,1,0.9135186780147637,0.4426065394505069,0,0,0,1,0,0,0,0,0,0,1,0,1,0,1,0,0,0,0,0,0,1,1
1,0,0,-0.06894774986261233,0,0,-1.7447938175063131,-0.8977845211780823,0,1,0,0,1,1,0,1,0,1,0,1,0,1,0,1,0,1,0,0,0,1,0
0,0,0,-0.4747473035068614,1,0,0.20373378640543005,-0.30147522516896674,0,0,1,1,0,0,0,0,0,0,0,0,0,0,1,0,0,1,0,0,1,0,0
0,1,0,-0.677647080328986,1,0,0.039907551216340084,-0.5119128129205653,1,0,1,0,0,0,0,0,0,0,0,0,0,0,1,0,1,1,0,0,1,0,0
0,0,0,0.5397515806037613,1,1,0.8200140815153305,1.0086380607144123,0,0,1,1,0,0,0,0,1,0,0,0,0,0,0,0,1,0,0,0,1,0,1
0,0,1,0.2861268595761056,1,1,-0.37390824568817643,0.022186620619675204,1,0,1,0,0,0,0,0,1,0,0,0,0,0,0,0,0,0,1,1,0,0,0
1,1,1,-0.5761971919179237,1,1,0.3915157446646224,-0.3251678083293969,1,0,0,1,0,0,1,0,0,0,0,0,0,0,0,0,0,0,0,1,0,0,0
0,0,0,-0.7790969687400482,1,1,-1.6748585614468199,-1.0422996603579944,1,0,0,0,1,1,0,1,0,1,0,1,0,1,0,1,0,0,1,0,1,0,0
1,1,0,0.9962760784535415,1,0,-1.6922457798041524,-0.6062471250873442,1,0,0,0,1,1,0,1,0,1,0,1,0,1,0,1,0,0,1,0,0,0,0
0,1,0,-0.9819967455621728,1,0,-0.06789320259912215,-0.8202113490333235,1,0,0,0,0,0,1,0,0,0,1,0,1,0,0,0,0,0,1,0,0,1,0
0,1,0,1.0470010226590727,1,1,1.1805090754573602,1.8326911100908236,1,0,1,1,0,0,0,0,0,0,0,0,1,0,1,0,1,1,0,0,0,1,1
1,1,0,-0.677647080328986,0,1,-0.049733218981463684,-0.5418635723095692,0,1,0,0,0,0,0,0,1,0,1,0,0,0,0,0,1,0,0,0,0,1,0
1,1,0,-1.2863464107953595,0,0,-0.4079099171425156,-1.059849484474394,1,1,0,0,0,0,0,0,0,0,0,0,1,0,0,0,0,0,0,0,1,0,1
0,1,0,-0.9312718013566417,1,0,-0.3344972174115557,-0.8086952788422186,1,0,1,0,0,0,0,0,0,0,0,0,1,0,1,0,0,1,0,0,1,0,0
0,1,1,-0.8805468571511105,1,0,-1.5778765212759198,-1.033758788701785,1,0,1,0,1,1,0,1,0,1,0,1,0,1,0,1,0,0,0,1,0,0,0
0,1,0,-0.677647080328986,1,1,-1.7173606507647439,-0.9662525598755312,1,0,0,0,1,1,0,1,0,1,0,1,0,1,0,1,0,0,0,0,1,0,1
0,0,0,-0.11967269406814346,1,0,0.2056656995562447,0.025508070708200895,0,0,0,1,0,0,0,0,0,0,0,0,1,0,0,0,0,0,0,0,1,0,0
1,1,0,0.7426513574258858,1,1,1.059571312216358,1.387116657095346,1,0,0,1,0,0,1,0,0,0,1,0,0,0,0,0,1,0,1,1,0,0,0
1,0,1,1.858600129947571,1,0,1.8551331477218664,3.5678089418577286,1,0,1,1,0,0,1,0,1,0,1,0,1,0,1,0,1,0,1,0,1,0,0
0,0,0,0.9455511342480104,1,0,0.23503077944862832,0.9268521613338206,0,0,0,1,0,0,0,0,1,0,0,0,0,0,0,0,0,0,1,0,0,0,0
0,1,0,-0.5761971919179237,0,1,0.9347697226737257,-0.18718656420780116,0,1,0,1,0,0,1,0,1,0,0,0,0,0,1,0,0,0,1,0,0,1,0
0,1,1,0.33685180378163676,0,1,0.06656795269758335,0.333460355267329,1,1,0,1,0,0,0,0,0,0,0,0,1,0,0,0,0,0,0,1,0,0,1
0,0,1,-0.4240223593013303,1,1,-0.24678836036456656,-0.4224516707678397,0,0,0,0,0,0,1,0,0,0,0,0,0,0,0,0,0,0,1,1,0,0,0
0,0,0,0.6919264132203548,0,1,0.1836418896369564,0.6625403966637013,1,1,0,0,0,0,1,0,1,0,1,0,1,0,0,0,0,0,0,0,1,0,0
0,0,0,-1.0834466339732352,0,1,0.7342371376191562,-0.7698445721117596,0,1,0,1,0,0,0,0,0,0,1,0,0,0,1,0,1,0,0,0,0,1,1
1,1,0,2.0614999067696957,1,0,-1.7134968244631146,-0.36187047301418773,1,0,0,0,1,1,0,1,0,1,0,1,0,1,0,1,0,1,0,0,0,0,0
0,1,0,0.793376301631417,1,0,0.8949723117669421,1.3496124841845594,0,0,1,1,0,0,1,0,1,0,1,0,0,0,0,0,1,0,0,0,0,0,1
0,1,1,-1.2863464107953595,1,1,0.4452229302572721,-0.9831996498059822,0,0,1,0,0,0,1,0,0,0,1,0,1,0,1,0,1,0,1,1,0,0,0
0,1,1,-1.438521243411953,1,1,-0.4055916213615381,-1.1808002818100352,1,0,1,0,0,0,0,0,1,0,0,0,0,0,0,0,0,0,0,0,1,0,1
0,0,0,-0.322572470890268,1,0,0.5194083952485574,-0.04717910729088863,0,0,1,1,0,0,0,0,1,0,1,0,0,0,0,0,0,0,0,0,0,0,1
0,0,0,0.5397515806037613,0,1,0.8343102388313597,0.989882768226115,1,1,0,1,0,0,0,0,1,0,1,0,0,0,1,0,0,0,1,0,1,0,0
0,1,1,2.0614999067696957,1,1,0.36253704740240134,2.0743618703930187,0,0,1,1,0,0,0,0,0,0,0,0,1,0,0,0,0,0,0,0,0,1,1
0,0,0,-0.9312718013566417,1,1,0.3760604394581043,-0.6447708164615972,0,0,1,0,0,0,1,0,0,0,1,0,0,0,0,0,1,1,0,0,1,0,1
0,1,0,1.554250464714384,1,0,0.36987831737549726,1.5968553296738761,1,0,1,1,0,0,0,0,0,0,0,0,0,0,0,0,1,0,0,0,0,1,0
0,1,1,-1.1848965223842973,0,0,0.8969042249177573,-0.8135107402640003,1,1,0,1,0,0,0,0,0,0,1,0,1,0,1,0,0,1,0,0,0,0,0
0,1,0,1.0977259668646038,1,1,0.46106461809395277,1.2932247774693164,1,0,1,0,0,0,1,0,0,0,1,0,0,0,0,0,1,0,0,0,1,0,1
0,0,0,0.2861268595761056,1,1,0.7755800790465919,0.6830077107227253,1,0,1,1,0,0,0,0,0,0,0,0,1,0,0,0,1,0,1,0,0,0,1
0,0,0,0.7426513574258858,1,1,0.9015408164797123,1.2550601617803094,1,0,1,1,0,0,1,0,1,0,0,0,0,0,0,0,1,0,1,0,0,0,0
0,0,0,0.43830169219269904,0,1,-0.12353230134258647,0.25113584235886827,0,1,0,0,0,0,0,0,1,0,0,0,0,0,0,0,1,0,0,0,1,0,0
0,1,0,-1.2356214665898284,1,1,0.07236369215002779,-0.9838344443209707,0,0,1,0,0,0,1,0,0,0,0,0,1,0,0,0,1,0,1,0,0,0,0
0,1,0,-0.22112258247920574,1,1,1.064594286408476,0.27015402954529194,1,0,0,1,0,0,1,0,0,0,0,0,1,0,1,0,0,0,0,0,1,0,0
0,0,0,-0.8298219129455794,1,1,0.6109810785971761,-0.5045774096362535,0,0,1,1,0,0,0,0,0,0,1,0,0,0,1,0,0,1,0,0,0,0,0
1,0,0,-1.387796299206422,1,1,0.8076498373501164,-1.0693265177385662,1,0,0,1,0,0,0,0,0,0,0,0,1,0,0,0,1,0,0,1,0,0,1
0,1,0,-1.438521243411953,1,1,-1.6095598969492815,-1.2020049834369748,0,0,1,0,1,1,0,1,0,1,0,1,0,1,0,1,0,0,1,0,1,0,0
0,1,0,-0.9819967455621728,1,1,-0.09996296090264671,-0.7996029695265245,1,0,1,0,0,0,1,0,0,0,0,0,0,0,1,0,0,0,0,0,0,0,1
0,0,0,2.1122248509752266,1,1,0.31848942756382537,2.0803379157260418,1,0,1,1,0,0,0,0,0,0,0,0,1,0,1,0,0,0,0,0,1,0,1
1,1,1,0.2861268595761056,0,1,-1.6339020026495474,-0.7420610909658479,1,1,0,0,1,1,0,1,0,1,0,1,0,1,0,1,0,0,1,1,0,0,0
0,0,0,-1.2863464107953595,1,1,-1.5852177912490157,-1.1619616324662343,0,0,0,0,1,1,0,1,0,1,0,1,0,1,0,1,0,0,1,0,0,1,0
0,0,1,-0.1703976382736746,1,1,0.4259037987491247,0.07834349296583136,1,0,1,1,0,0,1,0,0,0,0,0,0,0,1,0,0,0,0,0,1,0,1
0,0,0,1.7571502415365088,1,1,0.4181761461458657,1.8684319649044197,1,0,1,0,0,0,0,0,1,0,0,0,0,0,1,0,1,0,1,1,0,0,0
0,1,0,-0.5254722477123925,1,0,0.13032108667446987,-0.38018333296173534,1,0,1,0,0,0,0,0,0,0,0,0,1,0,1,0,0,0,0,0,1,0,0
0,0,0,-0.677647080328986,1,1,0.9722488377995315,-0.27900093451204994,1,0,0,1,0,0,0,0,1,0,0,0,1,0,1,0,0,0,1,0,1,0,1
0,1,0,-0.5761971919179237,1,1,0.7535562691273036,-0.24947978353217978,1,0,0,1,0,0,0,0,1,0,0,0,0,0,1,0,0,0,1,0,0,1,0
0,0,1,-1.2356214665898284,0,1,-0.36656697571508023,-1.0073987861652416,0,1,0,0,0,0,0,0,0,0,0,0,0,0,0,0,1,1,0,0,0,1,1
0,1,0,2.1122248509752266,1,1,1.4227709845695284,3.3974660016033345,1,0,0,1,0,0,1,0,0,0,0,0,1,0,1,0,1,0,1,0,1,0,0
0,1,1,1.0470010226590727,1,1,-1.6613351693911163,-0.5680696852667215,1,0,1,0,1,1,0,1,0,1,0,1,0,1,0,1,0,0,0,1,0,0,0
0,0,1,2.1122248509752266,1,0,0.4811565148624259,2.274097720311124,0,0,1,0,0,0,1,0,0,0,1,0,1,0,1,0,0,0,0,0,0,1,0
0,1,0,-1.489246187617484,0,1,0.1349576782364254,-1.202338410858989,0,1,0,0,0,0,1,0,0,0,0,0,1,0,0,0,1,0,0,1,0,0,0
0,1,0,2.1122248509752266,1,1,1.0707764084910836,2.9774885153132526,0,0,0,1,0,0,0,0,1,0,0,0,0,0,1,0,1,0,0,0,1,0,1
0,1,0,-0.9819967455621728,1,1,-0.11348635295834993,-0.7874328686230072,1,0,1,0,0,0,0,0,0,0,1,0,0,0,0,0,1,1,0,0,1,0,1
0,0,1,0.032502138548449945,1,1,-1.5461931456025582,-0.7675105801576603,1,0,0,0,1,1,0,1,0,1,0,1,0,1,0,1,0,0,1,0,1,0,0
0,0,0,-0.6269221361234548,1,1,0.42397188559830956,-0.36154345765798157,1,0,0,1,0,0,0,0,0,0,0,0,1,0,0,0,0,0,0,0,1,0,1
0,0,0,0.6919264132203548,0,0,-1.7289521296696322,-0.7129246639344555,1,1,0,0,1,1,0,1,0,1,0,1,0,1,0,1,0,0,0,0,1,0,0
0,1,0,-0.7283720245345171,1,1,0.3969251014869037,-0.4796537098406942,1,0,1,1,0,0,0,0,0,0,1,0,0,0,0,0,0,0,1,0,1,0,0
0,0,0,-0.6269221361234548,1,1,0.354036629538816,-0.3979575793814139,1,0,0,0,0,0,0,0,1,0,0,0,0,0,1,0,1,0,1,0,0,1,0
1,1,0,0.8441012458369481,1,1,-1.7007461976677372,-0.666680845327413,0,0,1,0,1,1,0,1,0,1,0,1,0,1,0,1,0,1,0,1,0,0,0
0,0,0,-0.6269221361234548,1,0,-0.10228125668362448,-0.5096750019535856,0,0,1,0,0,0,0,0,1,0,1,0,0,0,0,0,0,0,1,0,0,1,0
0,1,0,-0.8805468571511105,0,0,0.7771256095672433,-0.5511738918627341,0,1,0,1,0,0,1,0,1,0,1,0,0,0,0,0,0,1,0,0,1,0,0
0,0,0,-1.1341715781787662,1,0,0.2415992841613985,-0.8850501584834641,1,0,0,1,0,0,1,0,0,0,0,0,0,0,0,0,0,0,1,0,0,1,0
1,1,0,-0.018222805657081193,1,0,0.9262693048101409,0.45931638294606325,0,0,0,1,0,0,0,0,0,0,1,0,0,0,0,0,1,0,0,0,1,0,1
0,0,0,0.4890266363982302,1,1,1.0939593663008602,1.1127764215015696,1,0,0,1,0,0,0,0,1,0,0,0,0,0,1,0,1,0,0,0,1,0,0
0,1,1,2.0107749625641644,1,1,0.16741381917011255,1.817481689994331,1,0,0,0,0,0,0,0,1,0,0,0,0,0,1,0,1,0,0,0,0,0,0
1,1,0,-1.0327216897677038,1,0,-1.6481981599655762,-1.1055546895535675,0,0,0,0,1,1,0,1,0,1,0,1,0,1,0,1,0,0,1,0,1,0,0
0,1,0,-0.677647080328986,0,0,-1.7447938175063131,-1.0061804936617282,1,1,0,0,1,1,0,1,0,1,0,1,0,1,0,1,0,0,1,1,0,0,0
0,1,1,1.554250464714384,0,1,0.6075036349257095,1.8708236654507902,0,1,0,1,0,0,1,0,1,0,0,0,0,0,0,0,1,0,0,0,0,0,1
0,1,1,-0.22112258247920574,1,0,0.7377145812906228,0.1485299652998147,1,0,1,1,0,0,0,0,0,0,0,0,0,0,1,0,1,0,1,0,0,1,0
0,0,1,-1.0834466339732352,1,1,0.18557380278777105,-0.8384280279937517,1,0,0,0,0,0,0,0,1,0,1,0,0,0,1,0,1,1,0,0,1,0,0
0,0,0,0.6412014690148236,1,0,-0.13125995394584553,0.42120947584932794,0,0,0,0,0,0,1,0,0,0,0,0,0,0,0,0,1,0,1,0,1,0,0
0,0,0,-0.1703976382736746,1,1,0.8022404805278351,0.2109642500719684,0,0,0,1,0,0,0,0,0,0,0,0,1,0,1,0,1,1,0,0,0,0,1
0,1,0,-0.322572470890268,1,0,0.6384142453387457,-0.015766396897668806,0,0,1,1,0,0,0,0,0,0,0,0,1,0,1,0,0,0,0,1,0,0,1
0,0,0,0.5904765248092925,1,1,-1.7409299912046836,-0.7334753348489829,1,0,1,0,1,1,0,1,0,1,0,1,0,1,0,1,0,0,0,1,0,0,0
1,1,1,0.5904765248092925,1,0,-0.37506739357866503,0.20925222850124173,0,0,1,0,0,0,0,0,0,0,0,0,0,0,1,0,1,0,0,0,0,1,0
0,0,1,0.4890266363982302,1,0,1.3764050689499747,1.314096051674242,1,0,1,1,0,0,1,0,0,0,1,0,0,0,1,0,1,0,0,1,0,0,1
0,0,0,-0.8298219129455794,0,1,0.5039530900420399,-0.5393243942496151,0,1,0,1,0,0,0,0,0,0,0,0,1,0,1,0,0,0,0,0,0,0,1
0,0,0,0.4890266363982302,1,1,0.9594982110041543,1.02402060658772,1,0,1,1,0,0,1,0,0,0,0,0,1,0,0,0,1,1,0,0,1,0,0
0,0,0,0.032502138548449945,0,0,-0.35265720102921416,-0.1501184117719564,0,1,0,0,0,0,0,0,0,0,0,0,0,0,1,0,0,0,1,0,0,0,0
0,0,1,-0.322572470890268,1,0,1.520525790000754,0.35527420314602537,0,0,0,1,0,0,1,0,0,0,1,0,1,0,0,0,1,1,0,0,1,0,0
1,0,0,-0.7790969687400482,1,1,1.0692308779704316,-0.3739508049963936,0,0,1,1,0,0,1,0,1,0,0,0,1,0,0,0,1,0,0,0,1,0,1
1,1,1,0.032502138548449945,1,0,0.36717363896435634,0.22224307382817868,1,0,1,0,0,0,0,0,0,0,0,0,1,0,1,0,1,1,0,0,1,0,1
0,1,0,-0.2718475266847369,1,0,0.7755800790465919,0.11714290316982683,1,0,1,1,0,0,0,0,1,0,0,0,1,0,0,0,1,1,0,0,1,0,1
0,0,0,-1.5399711318230154,1,1,0.6330048885164644,-1.2318018532465875,1,0,0,0,0,0,1,0,0,0,0,0,1,0,1,0,1,1,0,0,0,1,0
0,1,0,-0.5254722477123925,1,0,1.1275746551250367,-0.07500747289745616,1,0,0,1,0,0,1,0,0,0,1,0,1,0,0,0,1,1,0,0,0,1,0
0,0,0,-0.9819967455621728,1,0,0.6380278627085826,-0.6674887656192167,0,0,0,1,0,0,0,0,0,0,1,0,0,0,1,0,0,0,0,0,1,0,1
0,1,0,-0.4240223593013303,1,1,0.16818658443043885,-0.2757692533448357,1,0,0,0,0,0,0,0,1,0,0,0,1,0,1,0,0,0,1,0,0,0,0
0,0,1,0.33685180378163676,1,1,-1.6431751857734578,-0.7528269494574209,0,0,0,0,1,1,0,1,0,1,0,1,0,1,0,1,0,1,0,0,1,0,0
0,1,0,1.3006257436867283,1,0,0.9088820864528088,1.890104747335341,1,0,0,1,0,0,0,0,1,0,1,0,1,0,0,0,1,0,0,0,0,1,0
1,0,0,-0.06894774986261233,0,0,-0.026550261171686792,-0.054488862311968624,0,1,0,0,0,0,1,0,0,0,0,0,0,0,1,0,0,0,0,0,0,1,0
0,1,0,-0.06894774986261233,1,0,0.5344773178249125,0.1966461071227829,1,0,0,0,0,0,1,0,0,0,0,0,0,0,1,0,1,0,0,1,0,0,0
0,0,0,-0.4240223593013303,1,0,0.5978440691716358,-0.12160395512393665,1,0,1,1,0,0,0,0,0,0,1,0,0,0,0,0,1,0,0,1,0,0,1
0,1,1,-0.6269221361234548,0,0,0.06579518743725762,-0.5018458696020605,1,1,0,1,0,0,0,0,0,0,0,0,0,0,0,0,0,0,0,0,1,0,1
0,0,0,1.0470010226590727,1,0,0.372196613156475,1.154448437187533,0,0,1,1,0,0,1,0,0,0,0,0,0,0,0,0,0,0,1,0,1,0,0
0,0,0,-0.37329741509579917,1,1,0.7168499192618235,0.0023348648782159915,0,0,0,0,0,0,0,0,1,0,1,0,1,0,1,0,1,0,0,0,0,0,0
0,1,1,-0.8805468571511105,1,1,-1.5658986597408684,-1.0442232801003837,0,0,0,0,1,1,0,1,0,1,0,1,0,1,0,1,0,0,1,0,1,0,0
1,0,0,-0.018222805657081193,1,0,1.1836001364986641,0.5721238567055889,1,0,1,1,0,0,0,0,0,0,1,0,1,0,1,0,0,1,0,0,1,0,1
0,1,0,-0.677647080328986,1,1,0.9722488377995315,-0.2703189974080656,1,0,1,1,0,0,1,0,1,0,0,0,1,0,1,0,0,0,0,0,1,0,1
0,1,0,-0.37329741509579917,1,0,0.5537964493330598,-0.0758666897157234,0,0,1,1,0,0,0,0,0,0,0,0,0,0,1,0,1,0,0,1,0,0,1
0,1,0,-1.0834466339732352,0,1,0.12684364300300321,-0.8400823409722067,0,1,0,0,0,0,1,0,1,0,0,0,1,0,1,0,0,0,1,0,0,1,0
0,1,0,-0.6269221361234548,1,0,-0.44963924120011384,-0.6267208512121761,0,0,0,0,0,0,0,0,0,0,0,0,0,0,0,0,1,1,0,1,0,0,0
1,0,0,-1.1341715781787662,1,1,0.4143123198442359,-0.8657947248621457,0,0,0,1,0,0,0,0,1,0,0,0,0,0,0,0,0,0,1,0,1,0,0
0,0,0,0.7426513574258858,1,1,0.5932074776096808,1.022924143334558,0,0,1,1,0,0,1,0,0,0,1,0,0,0,0,0,0,1,0,0,1,0,0
0,0,0,-0.4747473035068614,1,0,-1.7293385122997953,-0.98358437375446,0,0,0,0,1,1,0,1,0,1,0,1,0,1,0,1,0,1,0,1,0,0,0
0,1,0,2.0107749625641644,1,0,-1.6829725966802416,-0.33363173519591055,1,0,0,0,1,1,0,1,0,1,0,1,0,1,0,1,0,0,1,0,1,0,0
0,1,1,1.503525520508853,1,1,-1.613423723250911,-0.39098125178234827,1,0,0,0,1,1,0,1,0,1,0,1,0,1,0,1,0,0,0,0,1,0,0
0,0,1,-1.1848965223842973,1,1,-1.5736263123441274,-1.108568360483311,1,0,1,0,1,1,0,1,0,1,0,1,0,1,0,1,0,0,0,0,0,0,0
0,1,0,1.1484509110701349,1,0,0.5051122379325288,1.3858919525260245,0,0,1,1,0,0,1,0,0,0,0,0,0,0,1,0,0,0,1,0,1,0,0
0,1,1,0.43830169219269904,1,0,-1.6141964885112368,-0.6625450628812758,0,0,0,0,1,1,0,1,0,1,0,1,0,1,0,1,0,0,0,0,0,0,0
0,1,0,-0.8298219129455794,0,1,-0.8054976435801883,-0.8599982173717455,1,1,0,0,0,0,0,0,0,0,0,0,0,0,0,0,0,0,0,1,0,0,1
0,0,0,-0.4747473035068614,1,0,1.1051644625755859,0.018743341280798003,0,0,0,1,0,0,1,0,1,0,0,0,1,0,1,0,0,0,0,0,1,0,0
1,1,1,-1.1341715781787662,0,1,-1.7447938175063131,-1.1275160149458472,0,1,0,0,1,1,0,1,0,1,0,1,0,1,0,1,0,0,0,0,1,0,0
0,0,0,-1.1848965223842973,0,0,-0.5207336451500962,-1.013522309011848,1,1,0,0,0,0,0,0,0,0,1,0,0,0,0,0,0,0,1,0,1,0,0
0,1,1,1.1484509110701349,1,1,1.1229380635630812,1.9161569707131023,1,0,0,1,0,0,0,0,1,0,1,0,0,0,1,0,0,0,0,0,0,0,1
0,1,1,2.1122248509752266,1,0,1.177031631785894,3.0849803865179752,0,0,0,1,0,0,0,0,0,0,1,0,1,0,1,0,1,0,1,0,0,0,0
0,1,1,1.6557003531254464,1,0,0.02367948074949624,1.3580058783271853,0,0,1,0,0,0,1,0,0,0,0,0,0,0,0,0,1,0,1,0,1,0,0
1,1,0,1.8078751857420399,1,0,-1.7447938175063131,-0.4711641347109487,0,0,0,0,1,1,0,1,0,1,0,1,0,1,0,1,0,0,0,0,1,0,0
1,0,0,-0.5254722477123925,1,1,0.8068770720897906,-0.131773491495369,1,0,0,1,0,0,0,0,1,0,1,0,0,0,0,0,1,1,0,0,1,0,1
0,1,1,1.0470010226590727,1,1,-0.46625369429712055,0.44895448460039183,1,0,0,0,0,0,0,0,0,0,0,0,0,0,0,0,1,0,0,0,1,0,0
1,0,1,-0.9312718013566417,1,0,1.5464134262216718,-0.4130002857668995,0,0,0,1,0,0,0,0,1,0,1,0,1,0,1,0,1,0,0,1,0,0,1
0,1,0,-0.677647080328986,1,0,1.3084017260412957,-0.1517214282239476,0,0,0,1,0,0,0,0,1,0,1,0,0,0,1,0,0,0,0,0,1,0,0
0,1,0,0.2861268595761056,1,1,0.200642725364126,0.35785826566663537,1,0,0,0,0,0,0,0,1,0,0,0,0,0,1,0,1,0,0,0,0,1,0
0,1,0,-0.4240223593013303,1,1,1.1020734015342823,0.06823166518667079,0,0,1,1,0,0,1,0,0,0,0,0,1,0,1,0,1,0,0,1,0,0,0
0,1,1,-0.4240223593013303,1,1,0.23232610103748796,-0.2513072222874497,0,0,0,1,0,0,0,0,0,0,0,0,1,0,0,0,0,1,0,0,0,0,0
0,0,1,0.13395202695951222,1,1,1.3702229468673677,0.8751324385267759,1,0,0,1,0,0,1,0,1,0,0,0,1,0,1,0,1,0,0,0,1,0,1
0,1,0,-0.4747473035068614,1,1,0.8188549336248415,-0.08361887727755285,0,0,0,1,0,0,1,0,0,0,0,0,1,0,1,0,0,1,0,1,0,0,1
0,1,0,1.0470010226590727,1,1,0.8072634547199533,1.5220329337607346,0,0,1,1,0,0,0,0,0,0,1,0,0,0,1,0,0,0,0,0,1,0,1
0,0,0,-0.8805468571511105,0,1,0.5650015456077855,-0.5549634227552415,1,1,0,1,0,0,0,0,0,0,1,0,0,0,1,0,0,0,0,0,0,0,1
0,0,0,2.1122248509752266,1,1,-1.6211513758541702,-0.25294871113428885,0,0,0,0,1,1,0,1,0,1,0,1,0,1,0,1,0,0,0,1,0,0,0
0,0,1,1.7571502415365088,0,0,-1.7447938175063131,-0.4454132784261618,1,1,0,0,1,1,0,1,0,1,0,1,0,1,0,1,0,1,0,0,0,0,0
0,1,0,-0.22112258247920574,1,1,0.284101373479323,-0.05831686559932366,1,0,1,0,0,0,1,0,1,0,0,0,0,0,0,0,1,0,0,0,0,1,1
0,0,0,-1.489246187617484,1,0,0.217257178461133,-1.1776263092350925,1,0,0,0,0,0,0,0,1,0,1,0,0,0,1,0,0,0,0,0,0,0,1
0,0,0,0.9455511342480104,1,1,0.9467475842087771,1.5272844156574574,0,0,0,1,0,0,0,0,1,0,0,0,0,0,1,0,1,0,0,0,0,0,0
0,1,1,-0.2718475266847369,1,1,-0.08489403832629175,-0.25256398718581086,0,0,0,0,0,0,0,0,1,0,0,0,1,0,0,0,0,0,1,0,0,0,0
1,0,0,-1.3370713550008908,1,0,0.4058119019806511,-1.0586183678392649,1,0,0,1,0,0,0,0,0,0,0,0,0,0,1,0,0,0,0,0,0,0,1
0,0,1,-1.1848965223842973,1,1,0.22962142262634705,-0.9177068096434292,0,0,1,0,0,0,0,0,1,0,0,0,0,0,1,0,1,1,0,0,1,0,0
0,0,0,0.793376301631417,1,1,-0.18689905268930984,0.4835347555027465,0,0,1,0,0,0,0,0,0,0,0,0,0,0,1,0,0,1,0,1,0,0,0
0,1,0,1.7571502415365088,1,1,0.23155333577716222,1.6568402053073876,1,0,1,1,0,0,0,0,0,0,0,0,1,0,0,0,0,0,0,0,0,1,0
0,1,1,-1.0327216897677038,1,1,-0.2761534402569507,-0.8719631321694078,1,0,1,0,0,0,0,0,1,0,0,0,1,0,0,0,0,0,1,0,0,1,0
0,0,0,2.1122248509752266,1,1,1.125256359344059,3.0239631682893817,0,0,1,1,0,0,0,0,0,0,1,0,1,0,1,0,1,0,1,0,0,0,0
0,1,1,-1.2863464107953595,1,0,0.9942726477188198,-0.9406235328410955,0,0,0,1,0,0,0,0,1,0,1,0,0,0,1,0,0,0,0,0,1,0,1
0,0,0,0.032502138548449945,1,1,0.6654610294501516,0.35482535853946795,1,0,1,0,0,0,0,0,1,0,1,0,0,0,1,0,1,0,0,0,1,0,1
1,1,1,-0.1703976382736746,1,1,0.3961523362265774,0.050200936134673545,1,0,0,1,0,0,0,0,0,0,1,0,0,0,0,0,1,0,0,0,0,0,1
0,0,1,0.4890266363982302,1,1,-1.7447938175063131,-0.7545774434229953,0,0,0,0,1,1,0,1,0,1,0,1,0,1,0,1,0,0,1,0,0,1,0
1,0,0,0.032502138548449945,1,1,-1.629651793717755,-0.7939090550890516,1,0,1,0,1,1,0,1,0,1,0,1,0,1,0,1,0,0,0,1,0,0,0
0,1,0,1.9093250741531023,1,1,0.9100412343432971,2.5617365803906194,0,0,1,1,0,0,1,0,1,0,0,0,0,0,1,0,0,0,1,0,0,0,0
0,0,0,-1.0834466339732352,1,1,-0.22128710677381216,-0.9130388257352307,0,0,0,0,0,0,0,0,0,0,1,0,0,0,1,0,1,0,0,0,1,0,1
0,0,1,0.7426513574258858,1,1,0.34128600274343884,0.8490673910173988,0,0,0,0,0,0,0,0,1,0,1,0,0,0,0,0,1,0,0,0,1,0,1
0,0,1,-0.37329741509579917,1,1,-0.6223522768829515,-0.5256923423418818,1,0,1,0,0,0,0,0,0,0,0,0,0,0,0,0,0,1,0,0,0,0,0
0,1,0,-0.8805468571511105,1,0,0.5167037168374171,-0.5718720402908447,0,0,0,1,0,0,1,0,0,0,0,0,0,0,0,0,0,0,0,1,0,0,1
1,0,0,-1.438521243411953,1,1,0.7411920249620896,-1.1350566043360137,0,0,1,1,0,0,0,0,1,0,1,0,0,0,0,0,0,1,0,0,1,0,1
0,1,0,0.8441012458369481,1,1,0.29453370449372246,0.9232806406787841,1,0,0,0,0,0,1,0,0,0,0,0,0,0,1,0,1,0,1,0,0,0,1
0,1,1,-0.4747473035068614,1,1,0.3957659535964148,-0.22108715613451144,0,0,0,1,0,0,0,0,0,0,0,0,0,0,0,0,1,1,0,1,0,0,1
0,0,0,-0.018222805657081193,1,0,-1.6188330800731923,-0.8065023523358947,1,0,0,0,1,1,0,1,0,1,0,1,0,1,0,1,0,0,1,1,0,0,0
0,0,0,1.6557003531254464,1,0,0.32273963649561777,1.6670610382052833,0,0,0,1,0,0,0,0,0,0,0,0,0,0,1,0,0,1,0,1,0,0,0
0,0,0,-0.7790969687400482,1,1,0.5804568508143036,-0.49345888752524253,0,0,1,1,0,0,0,0,0,0,1,0,0,0,0,0,1,0,1,0,1,0,1
0,0,0,1.2499007994811973,1,1,0.6140721396384796,1.5666160273235141,1,0,0,1,0,0,0,0,0,0,0,0,1,0,0,0,1,0,1,0,0,1,0
1,1,0,2.1122248509752266,1,0,0.09438750206931551,1.8005346000638796,0,0,1,0,0,0,1,0,0,0,0,0,0,0,1,0,0,0,0,0,0,1,0
0,1,0,0.032502138548449945,1,1,-1.6454934815544355,-0.8023729819555653,1,0,1,0,1,1,0,1,0,1,0,1,0,1,0,1,0,1,0,1,0,0,0
0,0,0,-0.677647080328986,1,0,1.067298964819617,-0.2097377996544136,1,0,0,1,0,0,0,0,0,0,1,0,0,0,1,0,1,0,1,0,0,0,0
0,1,0,-0.37329741509579917,0,1,0.7771256095672433,-0.001409781553635577,0,1,0,1,0,0,1,0,1,0,0,0,0,0,0,0,0,0,0,1,0,0,1
0,0,0,2.1122248509752266,1,1,0.36253704740240134,2.1210865939356585,0,0,0,1,0,0,0,0,1,0,0,0,0,0,0,0,0,0,0,0,1,0,1
0,1,0,0.4890266363982302,1,1,-0.2703577008045066,0.23329747528110995,1,0,0,0,0,0,0,0,0,0,0,0,1,0,1,0,0,0,1,1,0,0,0
0,0,1,0.23540191537057448,1,1,-1.7447938175063131,-0.8388319881396534,0,0,0,0,1,1,0,1,0,1,0,1,0,1,0,1,0,0,0,0,1,0,0
1,0,0,0.2861268595761056,1,0,0.11641131198860379,0.27806010668651254,1,0,1,0,0,0,0,0,1,0,0,0,1,0,0,0,1,1,0,0,1,0,1
0,1,1,-0.322572470890268,1,0,0.9560207673326883,0.09327078216677366,1,0,0,1,0,0,1,0,0,0,1,0,0,0,1,0,0,0,0,0,1,0,1
0,1,0,0.793376301631417,1,0,-0.5860323096476343,0.18443112175860976,0,0,0,0,0,0,0,0,0,0,0,0,0,0,0,0,1,0,1,0,1,0,0
0,1,1,0.6919264132203548,1,1,-0.10884976139639438,0.48320132808073235,1,0,0,0,0,0,0,0,0,0,0,0,0,0,1,0,1,0,0,0,0,0,1
0,0,0,0.13395202695951222,0,1,-1.6794951530087747,-0.7888819954956072,1,1,0,0,1,1,0,1,0,1,0,1,0,1,0,1,0,0,0,1,0,0,0
0,1,0,-0.677647080328986,1,1,1.2214656342546326,-0.21411724060125356,1,0,0,1,0,0,1,0,0,0,0,0,1,0,1,0,1,1,0,0,1,0,1
0,1,0,1.3006257436867283,1,0,0.816923020474027,1.817077729848429,1,0,1,1,0,0,1,0,1,0,0,0,0,0,0,0,0,0,0,0,0,1,1
0,0,1,-1.1848965223842973,1,1,0.9367016358245409,-0.8203844748101385,1,0,0,1,0,0,1,0,0,0,0,0,0,0,1,0,1,0,0,0,0,1,1
0,0,1,0.13395202695951222,0,0,-1.7447938175063131,-0.8320544345806348,0,1,0,0,1,1,0,1,0,1,0,1,0,1,0,1,0,1,0,0,0,1,0
1,0,0,2.1122248509752266,1,1,-1.7447938175063131,-0.396130140626144,0,0,0,0,1,1,0,1,0,1,0,1,0,1,0,1,0,0,0,0,0,1,0
0,1,0,0.8441012458369481,1,1,-0.1188957097806312,0.5734319181304136,1,0,0,0,0,0,0,0,0,0,1,0,0,0,0,0,1,1,0,0,0,0,0
0,0,0,-1.2863464107953595,0,1,-0.1621705643588812,-1.0221273013261367,0,1,0,0,0,0,1,0,0,0,0,0,0,0,1,0,0,0,0,0,1,0,1
0,0,1,-0.06894774986261233,1,1,-1.7447938175063131,-0.8902182835246838,0,0,0,0,1,1,0,1,0,1,0,1,0,1,0,1,0,0,0,0,0,0,0
1,1,0,-1.1341715781787662,1,1,0.6832346304376474,-0.8207050781005367,1,0,0,1,0,0,1,0,1,0,0,0,0,0,0,0,1,0,0,0,0,0,1
0,1,0,-0.22112258247920574,0,0,-0.31092787697161595,-0.3319966584148795,0,1,0,0,0,0,1,0,0,0,0,0,0,0,1,0,0,0,1,1,0,0,0
0,0,0,-0.37329741509579917,1,0,0.6643018815596626,-0.05550196870962702,1,0,1,1,0,0,1,0,0,0,1,0,0,0,0,0,0,0,1,1,0,0,1
0,1,0,2.1122248509752266,1,0,1.1318248640568291,3.078908160197833,0,0,0,1,0,0,0,0,1,0,1,0,1,0,0,0,0,0,1,0,0,1,0
0,0,1,1.1484509110701349,1,1,-1.7227700075870251,-0.5885498234573613,0,0,1,0,1,1,0,1,0,1,0,1,0,1,0,1,0,0,0,0,0,1,0
0,0,0,-0.018222805657081193,1,0,-0.37274909779768756,-0.21854156600874938,1,0,0,0,0,0,1,0,0,0,0,0,0,0,0,0,0,0,0,0,0,0,1
0,1,0,-0.4747473035068614,1,1,-0.5060511052039042,-0.5625296604086399,0,0,0,0,0,0,0,0,0,0,0,0,0,0,0,0,1,0,0,1,0,0,0
0,1,0,-0.9819967455621728,1,0,0.5715700503205556,-0.6664884833531742,1,0,0,0,0,0,1,0,1,0,0,0,1,0,1,0,0,0,0,1,0,0,1
0,0,0,0.08322708275398108,1,1,0.7373281986604597,0.4611117613722932,1,0,1,1,0,0,0,0,0,0,1,0,0,0,0,0,1,0,0,1,0,0,1
1,1,0,-0.018222805657081193,1,1,0.20605208218640728,0.09574583956864789,0,0,1,0,0,0,0,0,0,0,1,0,1,0,1,0,1,0,0,0,1,0,1
0,1,0,2.1122248509752266,1,0,-1.7447938175063131,-0.378984276655646,0,0,1,0,1,1,0,1,0,1,0,1,0,1,0,1,0,1,0,0,0,0,0
0,1,0,-0.11967269406814346,1,1,0.34901365534669787,0.061447699561844024,0,0,0,1,0,0,0,0,0,0,1,0,0,0,0,0,1,1,0,0,0,0,0
1,1,1,-0.37329741509579917,1,0,0.27328265983476047,-0.19024511959820053,1,0,0,1,0,0,0,0,0,0,0,0,0,0,1,0,0,0,1,0,0,0,0
0,0,0,-0.322572470890268,1,1,0.3320128196195283,-0.12257217706093934,1,0,0,0,0,0,0,0,0,0,0,0,1,0,1,0,1,1,0,0,0,1,0
0,1,0,2.1122248509752266,1,0,0.9054046427813421,2.7841647312031124,1,0,0,1,0,0,1,0,1,0,1,0,0,0,0,0,0,0,1,0,1,0,0
0,1,1,-1.2863464107953595,1,0,0.8377876825028263,-0.9585516688401652,1,0,0,1,0,0,0,0,1,0,0,0,1,0,0,0,0,0,1,0,1,0,1
0,0,0,-0.37329741509579917,0,1,-1.7173606507647439,-0.9465867540425029,0,1,0,0,1,1,0,1,0,1,0,1,0,1,0,1,0,1,0,0,0,0,0
1,1,0,2.1122248509752266,1,0,0.5615241019363189,2.3626868215139663,0,0,1,1,0,0,1,0,0,0,1,0,0,0,0,0,0,1,0,0,1,0,1
0,0,0,-0.4240223593013303,1,0,-0.1969450010735464,-0.40958906675706225,1,0,1,0,0,0,0,0,0,0,0,0,0,0,0,0,1,0,1,1,0,0,0
0,0,0,1.4528005763033218,1,1,0.5611377193061563,1.7098872257366804,1,0,1,1,0,0,0,0,0,0,1,0,1,0,0,0,0,1,0,0,1,0,0
0,1,0,-0.677647080328986,1,1,0.8791306239302614,-0.2952170489403931,1,0,0,1,0,0,0,0,0,0,0,0,1,0,1,0,0,1,0,0,0,1,1
0,0,0,-0.11967269406814346,1,0,0.6496193416134709,0.18818859232207724,1,0,0,1,0,0,0,0,1,0,0,0,0,0,1,0,0,1,0,0,1,0,0
1,1,0,0.8441012458369481,1,0,0.9185416522068824,1.3931824713496805,0,0,0,1,0,0,0,0,0,0,1,0,1,0,0,0,1,0,0,0,1,0,1
0,0,0,0.18467697116504336,1,1,0.48733863694503293,0.43441833141373576,1,0,0,1,0,0,1,0,0,0,0,0,1,0,0,0,0,0,0,1,0,0,0
1,0,0,-0.5254722477123925,1,1,0.6519376373944487,-0.2060893342096816,1,0,0,0,0,0,0,0,1,0,1,0,1,0,1,0,1,1,0,0,1,0,0
0,1,1,0.23540191537057448,1,1,1.5896882807999213,1.127120212713987,0,0,1,1,0,0,1,0,1,0,0,0,1,0,1,0,1,1,0,0,1,0,0
0,1,1,-1.2863464107953595,1,1,0.34514982904506863,-0.9855336417600814,0,0,0,1,0,0,0,0,0,0,0,0,0,0,1,0,0,0,0,0,1,0,1
0,1,0,-0.7283720245345171,1,0,-1.4553932275142656,-0.9696830150827923,1,0,0,0,1,1,0,1,0,1,0,1,0,1,0,1,0,0,0,0,0,0,0
0,1,1,-0.5761971919179237,1,1,-1.6261743500462882,-0.9628734011947335,1,0,0,0,1,1,0,1,0,1,0,1,0,1,0,1,0,0,1,0,1,0,0
0,1,0,1.858600129947571,1,1,0.9683850114979023,2.551515747492724,0,0,0,1,0,0,1,0,0,0,0,0,0,0,1,0,1,0,1,1,0,0,0
0,1,0,-0.9819967455621728,1,0,-0.5686450912903018,-0.9157831899010398,1,0,1,0,0,0,0,0,1,0,0,0,0,0,0,0,0,0,0,0,1,0,0
1,0,0,-0.7790969687400482,1,0,1.46102286495566,-0.2628745890050184,1,0,0,1,0,0,0,0,1,0,1,0,0,0,1,0,1,0,0,0,1,0,1
0,1,1,-0.9312718013566417,1,0,-0.050119601611626555,-0.743478157509408,0,0,0,0,0,0,0,0,0,0,1,0,0,0,1,0,1,0,0,0,0,0,1
0,0,1,-1.0834466339732352,1,1,0.055749239053020795,-0.8554584747797065,1,0,1,0,0,0,0,0,0,0,0,0,0,0,1,0,1,0,0,0,0,0,1
0,0,0,-1.2356214665898284,1,1,-1.620764993224007,-1.1584670566008937,0,0,1,0,1,1,0,1,0,1,0,1,0,1,0,1,0,0,0,0,0,1,0
0,1,0,-0.5254722477123925,1,1,0.276373720876064,-0.3238276865755323,1,0,0,0,0,0,1,0,0,0,0,0,1,0,1,0,0,1,0,0,0,1,1
0,1,1,1.7571502415365088,1,1,1.4061565314725215,2.927179446983961,0,0,1,1,0,0,0,0,0,0,1,0,1,0,1,0,1,0,0,0,0,0,1
0,1,0,-0.4240223593013303,1,0,0.4077438151314657,-0.21934948630055293,1,0,1,1,0,0,0,0,0,0,0,0,0,0,0,0,1,0,1,0,0,1,0
0,1,0,-1.2356214665898284,1,0,1.58814275027927,-0.8426920517560482,1,0,0,1,0,0,0,0,1,0,1,0,0,0,1,0,1,0,0,0,0,1,1
0,0,0,0.5904765248092925,1,0,-1.6439479510337838,-0.6935858734576336,1,0,0,0,1,1,0,1,0,1,0,1,0,1,0,1,0,0,0,0,1,0,0
0,1,0,2.0614999067696957,1,1,0.45410973075101946,2.139566167594214,0,0,1,1,0,0,0,0,1,0,0,0,0,0,0,0,1,0,1,0,0,1,0
0,0,1,-0.4240223593013303,1,0,1.287537064012497,0.1295758987714706,1,0,1,1,0,0,0,0,0,0,1,0,0,0,1,0,1,0,0,0,1,0,1
0,0,0,-0.06894774986261233,1,1,0.8744940323683065,0.39965211060295014,1,0,1,0,0,0,1,0,1,0,0,0,1,0,1,0,1,0,0,0,0,1,1
0,0,0,2.1122248509752266,1,1,1.0549347206544024,2.9667547171507196,0,0,0,1,0,0,0,0,0,0,1,0,0,0,1,0,1,0,0,0,0,0,1
0,0,0,-1.0327216897677038,1,1,0.8999952859590609,-0.6846602778529466,1,0,0,1,0,0,1,0,1,0,0,0,0,0,0,0,1,0,0,0,0,1,1
0,1,0,-0.6269221361234548,1,0,-1.7181334160250696,-1.038522953597103,1,0,1,0,1,1,0,1,0,1,0,1,0,1,0,1,0,0,1,0,0,0,1
0,1,0,2.0107749625641644,0,0,-1.7069283197503444,-0.37786857720506006,1,1,0,0,1,1,0,1,0,1,0,1,0,1,0,1,0,0,0,1,0,0,0
0,1,0,-0.1703976382736746,1,0,0.4000161625282072,0.04639216904474253,1,0,0,1,0,0,0,0,0,0,0,0,0,0,0,0,1,0,1,1,0,0,0
1,0,1,0.6919264132203548,1,1,0.39112936203445925,0.8264712711101307,1,0,1,0,0,0,0,0,1,0,1,0,1,0,0,0,1,0,1,0,1,0,0
1,1,1,0.8441012458369481,1,1,0.5159309515770913,1.0775228836893789,1,0,1,1,0,0,0,0,1,0,0,0,0,0,0,0,0,0,1,0,1,0,1
0,1,1,-0.9819967455621728,1,1,1.131438481426666,-0.5817337975034946,1,0,0,1,0,0,1,0,1,0,0,0,0,0,0,0,1,0,0,0,1,0,1
0,1,1,-1.1341715781787662,1,0,-1.474712359022413,-1.107093585347479,1,0,0,0,1,1,0,1,0,1,0,1,0,1,0,1,0,0,0,0,0,1,0
1,1,0,-0.9312718013566417,1,1,0.13573044349675115,-0.7115396577199351,0,0,1,0,0,0,0,0,1,0,0,0,1,0,0,0,1,0,0,1,0,0,0
0,1,0,-1.0834466339732352,1,0,0.5966849212811469,-0.7702357081260454,0,0,1,1,0,0,1,0,0,0,1,0,0,0,0,0,1,1,0,0,1,0,0
0,1,0,0.8441012458369481,1,1,0.7388737291811117,1.2319254283451724,0,0,0,0,0,0,0,0,0,0,1,0,1,0,1,0,1,1,0,0,1,0,0
0,1,0,-1.0834466339732352,1,1,-0.0729161767912403,-0.8857811339855722,0,0,0,0,0,0,0,0,0,0,1,0,1,0,0,0,1,0,0,0,0,0,0
1,0,0,-0.37329741509579917,1,1,-1.7447938175063131,-0.9721003638923951,0,0,0,0,1,1,0,1,0,1,0,1,0,1,0,1,0,0,1,0,0,0,0
0,1,1,-0.2718475266847369,1,1,-1.6466526294449244,-0.8570614912316976,0,0,1,0,1,1,0,1,0,1,0,1,0,1,0,1,0,1,0,1,0,0,0
0,1,0,-0.22112258247920574,1,1,1.3327438317415619,0.41934356469921025,0,0,0,1,0,0,0,0,1,0,1,0,0,0,0,0,1,0,0,0,0,0,1
0,1,1,1.3006257436867283,1,1,-0.08875786462792128,0.9746669360638144,1,0,1,0,0,0,0,0,0,0,0,0,1,0,1,0,0,0,0,0,0,1,1
0,1,0,0.2861268595761056,1,1,-1.7447938175063131,-0.811388346481564,1,0,1,0,1,1,0,1,0,1,0,1,0,1,0,1,0,1,0,1,0,0,0
1,1,0,0.032502138548449945,1,1,-0.33642913056237034,-0.1417634900241782,1,0,1,0,0,0,0,0,0,0,0,0,0,0,1,0,1,1,0,0,1,0,0
0,1,0,0.18467697116504336,1,1,0.38842468362331833,0.386379134380463,1,0,0,0,0,0,1,0,0,0,1,0,0,0,1,0,1,0,0,0,1,0,1
0,0,0,1.4020756320977905,1,0,0.6214134096115755,1.730970098113269,0,0,1,1,0,0,0,0,0,0,0,0,0,0,1,0,1,1,0,0,0,0,1
0,1,1,-0.22112258247920574,1,0,0.5205675431390464,0.05157953028338604,0,0,0,1,0,0,1,0,0,0,0,0,0,0,0,0,1,0,0,0,1,0,1
0,1,0,-1.1341715781787662,1,1,-0.08334850780563999,-0.9283444268188429,0,0,1,0,0,0,1,0,0,0,0,0,0,0,0,0,1,0,0,1,0,0,0
0,1,0,-1.5399711318230154,1,0,0.19098315961005233,-1.2318018532465875,1,0,0,0,0,0,1,0,1,0,1,0,0,0,1,0,0,0,0,0,1,0,1
0,1,0,0.18467697116504336,0,1,0.684780160958299,0.5507909137624898,1,1,0,0,0,0,1,0,0,0,1,0,1,0,1,0,1,0,0,0,0,0,1
0,0,0,-1.3370713550008908,1,1,-0.3827950461819241,-1.0851386720210074,0,0,1,0,0,0,1,0,0,0,0,0,0,0,0,0,0,0,1,0,0,1,0
0,0,1,-0.4240223593013303,1,1,-1.7447938175063131,-0.9804809339034051,1,0,1,0,1,1,0,1,0,1,0,1,0,1,0,1,0,0,0,0,0,1,0
0,1,0,2.1122248509752266,1,0,0.8076498373501164,2.66409879894897,0,0,1,1,0,0,1,0,1,0,0,0,0,0,1,0,0,0,0,0,0,0,0
0,0,0,-0.6269221361234548,0,0,0.8149911073232123,-0.2542824208223455,1,1,0,1,0,0,0,0,1,0,0,0,0,0,1,0,1,0,0,0,0,1,1
0,1,0,0.2861268595761056,1,1,0.2404401362709096,0.37226617753713226,1,0,0,0,0,0,0,0,1,0,1,0,0,0,0,0,1,0,0,0,0,1,1
0,1,1,-0.4240223593013303,1,0,1.198282676444856,0.09874027430096752,0,0,0,1,0,0,0,0,0,0,1,0,1,0,0,0,1,1,0,0,1,0,0
0,0,0,-0.22112258247920574,1,0,1.0267287886525076,0.2854724547605202,0,0,0,1,0,0,1,0,1,0,0,0,0,0,1,0,1,0,1,1,0,0,0
0,1,0,-0.4747473035068614,1,1,0.32467154964643236,-0.260207169628905,0,0,1,0,0,0,0,0,1,0,1,0,1,0,1,0,0,0,0,0,0,0,1
0,1,0,0.8441012458369481,1,1,-1.5438748498215806,-0.5115280889720875,1,0,0,0,1,1,0,1,0,1,0,1,0,1,0,1,0,0,0,0,1,0,0
0,0,1,-0.4240223593013303,1,1,0.6898031351504176,-0.10412466373142447,0,0,0,1,0,0,0,0,0,0,0,0,0,0,1,0,1,0,0,1,0,0,1
0,1,0,-1.0834466339732352,1,1,0.3845608573216891,-0.7990194715379997,0,0,0,1,0,0,1,0,0,0,1,0,0,0,0,0,0,0,1,1,0,0,0
1,0,1,-0.11967269406814346,0,1,-0.029254939582827433,-0.08452939062228391,0,1,0,0,0,0,1,0,1,0,0,0,1,0,0,0,0,1,0,0,1,0,0
0,0,0,1.4528005763033218,1,1,0.6407325411197229,1.8027595868992436,1,0,1,1,0,0,0,0,0,0,0,0,1,0,1,0,0,0,0,0,0,1,0
0,0,1,0.4890266363982302,1,1,-0.37352186305801327,0.1414318084503975,0,0,0,0,0,0,1,0,0,0,0,0,0,0,0,0,0,0,0,0,1,0,0
0,0,0,0.9455511342480104,1,1,0.33471749803066864,1.036094526504118,1,0,0,0,0,0,0,0,1,0,1,0,0,0,0,0,1,1,0,0,0,1,0
0,0,1,0.6412014690148236,1,1,-1.6624943172816051,-0.6610061670873641,1,0,1,0,1,1,0,1,0,1,0,1,0,1,0,1,0,0,0,0,0,0,0
1,0,0,0.4890266363982302,1,1,-1.6161284016620516,-0.6436935894058591,0,0,0,0,1,1,0,1,0,1,0,1,0,1,0,1,0,0,1,0,1,0,0
0,1,1,-1.2356214665898284,1,1,-1.6655853783229086,-1.1293883381617729,1,0,1,0,1,1,0,1,0,1,0,1,0,1,0,1,0,0,0,0,1,0,0
0,1,1,-0.677647080328986,1,1,0.5735019634713703,-0.37875344228655916,0,0,0,1,0,0,0,0,1,0,0,0,0,0,1,0,0,0,0,0,0,0,1
0,0,0,0.3875767479871679,1,1,-0.24060623828195954,0.16620161866656577,0,0,0,0,0,0,0,0,1,0,0,0,0,0,1,0,0,0,0,1,0,0,0
0,1,0,-1.0327216897677038,0,1,-0.035050679035271586,-0.8546249062246709,0,1,0,0,0,0,1,0,0,0,0,0,0,0,1,0,1,0,0,0,0,1,1
0,1,1,-1.2356214665898284,0,1,-0.08180297728498824,-0.9738444457921615,1,1,0,0,0,0,0,0,0,0,0,0,1,0,0,0,1,0,0,1,0,0,1
0,1,0,-0.1703976382736746,1,1,0.22807589210569557,-0.006680499647782559,0,0,0,1,0,0,0,0,0,0,0,0,0,0,0,0,1,0,0,0,0,0,1
0,1,0,-0.322572470890268,1,1,-0.13705569339828969,-0.30311671401580587,0,0,0,0,0,0,1,0,0,0,0,0,0,0,0,0,1,1,0,0,1,0,1
0,1,0,-1.387796299206422,1,0,0.7589656259495848,-1.0657934694783775,0,0,1,1,0,0,0,0,1,0,1,0,0,0,0,0,1,0,0,0,0,1,1
0,1,0,-0.5254722477123925,1,1,-0.09184892566922478,-0.43451917861842954,1,0,0,0,0,0,0,0,0,0,0,0,1,0,0,0,1,1,0,0,0,1,0
1,0,0,-0.018222805657081193,1,0,0.3401268548529499,0.15886621538225396,0,0,1,0,0,0,0,0,0,0,1,0,1,0,1,0,1,1,0,0,0,0,0
1,1,0,0.13395202695951222,1,0,-0.7038790118473334,-0.2574050968708243,0,0,0,0,0,0,0,0,0,0,1,0,0,0,0,0,0,1,0,0,1,0,0
0,1,1,-0.4240223593013303,1,1,0.7493060601955112,-0.07818144547239865,0,0,0,1,0,0,1,0,1,0,0,0,0,0,0,0,0,0,1,0,0,1,0
0,0,0,1.0470010226590727,1,1,0.6743478299438995,1.427608852672644,1,0,0,1,0,0,0,0,0,0,1,0,0,0,0,0,1,0,0,0,0,0,1
0,0,0,2.1122248509752266,1,1,-0.3572937925911697,1.2992457072629955,1,0,0,0,0,0,0,0,1,0,0,0,0,0,0,0,1,0,0,1,0,0,0
0,0,0,-0.322572470890268,1,1,1.5375266257279236,0.35497924811885895,0,0,0,1,0,0,1,0,1,0,0,0,1,0,1,0,1,0,0,0,1,0,1
0,0,0,2.1122248509752266,1,0,-0.6795369061470675,0.8487916721876564,0,0,1,0,0,0,0,0,0,0,0,0,0,0,0,0,0,0,0,1,0,0,0
0,0,1,-0.22112258247920574,1,1,0.2609184156695459,-0.05241776505599596,0,0,1,0,0,0,0,0,0,0,1,0,0,0,1,0,1,0,0,1,0,0,0
1,1,1,0.33685180378163676,1,1,0.6670065599708036,0.6619953710700242,0,0,1,1,0,0,0,0,1,0,0,0,1,0,0,0,0,0,0,0,0,1,0
0,0,0,-0.677647080328986,0,1,-1.6686764393642126,-1.0267439887078715,0,1,0,0,1,1,0,1,0,1,0,1,0,1,0,1,0,0,0,0,0,0,0
0,0,1,0.3875767479871679,1,1,0.2848741387396488,0.5052716585917474,0,0,1,1,0,0,0,0,1,0,0,0,0,0,0,0,0,0,1,0,0,1,0
0,1,1,-1.0327216897677038,0,1,0.4127667893235844,-0.7650996434138657,0,1,0,1,0,0,1,0,0,0,0,0,1,0,0,0,0,0,0,0,1,0,1
0,0,0,-0.322572470890268,1,0,0.276373720876064,-0.13873699496281877,0,0,1,1,0,0,0,0,0,0,0,0,0,0,0,0,1,0,0,1,0,0,1
1,1,0,-0.8805468571511105,1,0,0.7891034711022948,-0.5450439569503198,0,0,0,1,0,0,0,0,1,0,0,0,0,0,1,0,1,1,0,1,0,0,0
0,0,0,-0.2718475266847369,1,0,-0.572508917591931,-0.4729979855320266,1,0,0,0,0,0,0,0,0,0,1,0,0,0,0,0,0,1,0,0,1,0,0
0,0,1,-0.06894774986261233,1,1,0.28757881715078915,0.09550859313375326,0,0,0,1,0,0,0,0,0,0,0,0,0,0,0,0,1,1,0,0,0,1,1
0,1,1,-0.6269221361234548,1,0,-1.7007461976677372,-0.9720426553001232,0,0,0,0,1,1,0,1,0,1,0,1,0,1,0,1,0,0,0,1,0,0,0
1,1,1,-0.06894774986261233,1,1,0.5425913530583346,0.2181201155136571,0,0,0,1,0,0,0,0,1,0,0,0,0,0,0,0,1,0,0,0,0,0,1
0,0,0,0.9962760784535415,1,1,0.08434155368507924,0.8860137142028924,0,0,0,0,0,0,1,0,0,0,0,0,1,0,1,0,1,1,0,1,0,0,0
1,0,0,-0.9312718013566417,1,1,-1.7447938175063131,-1.1269645772863621,1,0,1,0,1,1,0,1,0,1,0,1,0,1,0,1,0,0,0,0,0,0,0
0,0,0,0.6412014690148236,1,1,0.16161807971766867,0.632871768170248,0,0,0,0,0,0,0,0,1,0,1,0,1,0,0,0,0,0,0,0,0,0,0
0,0,0,0.13395202695951222,1,0,0.6809163346566697,0.5173071061132974,1,0,1,1,0,0,0,0,0,0,0,0,0,0,1,0,1,0,1,0,0,0,0
0,1,0,0.43830169219269904,1,1,-1.732815955971262,-0.731827433936336,0,0,1,0,1,1,0,1,0,1,0,1,0,1,0,1,0,0,1,0,0,0,0
0,1,0,-0.1703976382736746,1,1,0.10636536360436696,-0.07254523962719757,1,0,0,0,0,0,1,0,0,0,1,0,0,0,0,0,1,1,0,0,1,0,0
0,1,0,0.793376301631417,0,1,0.9475203494691035,1.349843318553646,0,1,0,1,0,0,0,0,0,0,1,0,0,0,1,0,1,0,1,0,1,0,0
0,0,0,2.0614999067696957,1,0,0.012860767104933946,1.6592511420511824,1,0,1,0,0,0,1,0,0,0,0,0,0,0,0,0,1,0,0,0,0,1,1
0,0,0,-0.4240223593013303,1,1,-0.22167348940397502,-0.4263758550423143,1,0,0,0,0,0,1,0,1,0,0,0,1,0,0,0,0,0,1,0,0,0,0
0,0,1,1.1991758552756662,1,0,0.6357095669276048,1.5413524880401321,1,0,1,1,0,0,1,0,0,0,0,0,0,0,1,0,1,0,0,0,0,0,1
0,0,1,-0.7283720245345171,0,1,-0.5114604620261854,-0.713758232489491,1,1,0,0,0,0,0,0,0,0,0,0,0,0,1,0,0,0,0,1,0,0,0
0,1,1,2.1122248509752266,1,0,0.9347697226737257,2.822245990036615,1,0,0,1,0,0,0,0,1,0,0,0,0,0,1,0,1,0,1,0,0,1,0
1,1,0,-0.9312718013566417,1,1,-1.6717675004055161,-1.097270300529677,0,0,1,0,1,1,0,1,0,1,0,1,0,1,0,1,0,0,1,0,0,0,0
0,0,1,-0.6269221361234548,1,0,0.38378809206136333,-0.39202641850904646,0,0,1,0,0,0,0,0,1,0,1,0,1,0,1,0,0,0,0,0,1,0,0
0,1,0,0.4890266363982302,1,0,0.1511857487032687,0.48562508895614287,0,0,0,0,0,0,0,0,0,0,1,0,1,0,1,0,0,1,0,1,0,0,0
0,0,1,0.43830169219269904,1,1,-1.5879224696601566,-0.6947208091056433,1,0,0,0,1,1,0,1,0,1,0,1,0,1,0,1,0,0,0,0,0,1,0
0,1,0,-1.438521243411953,1,1,-1.6690628219943755,-1.2059291677114494,1,0,0,0,1,1,0,1,0,1,0,1,0,1,0,1,0,0,1,0,0,0,0
1,0,1,-0.677647080328986,1,0,-0.08180297728498824,-0.5773607686224627,0,0,0,1,0,0,0,0,0,0,0,0,0,0,0,0,0,0,1,0,0,1,0
0,0,0,-0.4747473035068614,1,1,0.5677062240189259,-0.21449555248392357,0,0,1,0,0,0,0,0,1,0,1,0,1,0,1,0,0,0,1,1,0,0,1
0,1,1,-0.5254722477123925,1,1,0.496611820068944,-0.25369251076801264,0,0,0,1,0,0,0,0,0,0,0,0,1,0,0,0,1,0,0,0,0,0,1
0,0,1,1.1991758552756662,1,1,1.0541619553940766,1.915304165960643,1,0,1,1,0,0,1,0,0,0,0,0,0,0,1,0,1,0,0,0,1,0,0
1,0,0,-0.9819967455621728,1,1,0.6886439872599287,-0.6676105948695681,1,0,0,1,0,0,0,0,1,0,0,0,0,0,1,0,0,0,1,0,0,1,1
0,1,1,0.2861268595761056,1,0,0.12143428618072193,0.3209760631392215,1,0,0,0,0,0,1,0,1,0,1,0,0,0,1,0,1,0,1,0,0,1,0
0,0,0,1.8078751857420399,1,1,0.4042663714599996,1.864879680446807,1,0,1,1,0,0,0,0,0,0,0,0,0,0,1,0,0,1,0,0,1,0,0
0,0,0,-0.018222805657081193,1,0,0.921632713248186,0.44974316869477154,0,0,0,1,0,0,0,0,0,0,1,0,1,0,1,0,1,1,0,0,0,1,0
0,1,0,1.7064252973309777,1,1,1.2179881905831667,2.6696195876096285,0,0,0,1,0,0,1,0,1,0,0,0,0,0,1,0,1,0,0,1,0,0,0
0,0,0,-0.8298219129455794,0,0,1.043343241749514,-0.39869496694932993,1,1,0,1,0,0,1,0,1,0,1,0,0,0,1,0,0,1,0,1,0,0,0
1,1,0,2.1122248509752266,1,1,0.5746611113618592,2.3767741300940655,0,0,1,0,0,0,1,0,1,0,1,0,0,0,0,0,1,0,1,1,0,0,0
0,1,0,-0.8805468571511105,0,0,-1.7447938175063131,-1.074456170384938,1,1,0,0,1,1,0,1,0,1,0,1,0,1,0,1,0,0,0,1,0,0,0
0,1,0,-0.11967269406814346,1,1,-0.31285979012243054,-0.22526782304130452,1,0,0,0,0,0,0,0,0,0,1,0,0,0,0,0,1,1,0,0,1,0,0
0,0,1,-0.5254722477123925,1,1,-1.642788803143295,-0.9614883949802132,0,0,0,0,1,1,0,1,0,1,0,1,0,1,0,1,0,0,0,0,0,0,0
0,0,0,-1.2863464107953595,1,1,0.14616277451115056,-1.0276673261842184,0,0,1,0,0,0,0,0,1,0,1,0,0,0,1,0,0,1,0,0,0,0,0
0,1,0,-0.22112258247920574,1,1,1.27749111562826,0.3725354843010668,1,0,1,1,0,0,0,0,0,0,1,0,1,0,1,0,0,0,0,0,0,0,1
1,1,0,-0.322572470890268,1,1,0.9989092392807754,0.12813318396467852,0,0,0,1,0,0,0,0,1,0,0,0,1,0,0,0,0,0,0,0,0,1,1
0,1,0,0.08322708275398108,1,0,1.1924869369924116,0.6863355728770587,0,0,0,1,0,0,1,0,1,0,0,0,0,0,1,0,0,0,0,0,0,0,1
0,1,0,-0.1703976382736746,1,1,-1.3935720066881943,-0.7483962119841171,1,0,0,0,1,1,0,1,0,1,0,1,0,1,0,1,0,0,1,0,0,0,0
0,1,0,2.1122248509752266,1,0,0.1604589318271798,1.886975659221054,0,0,1,1,0,0,0,0,1,0,0,0,0,0,0,0,0,1,0,0,1,0,0
1,0,0,-0.5761971919179237,1,0,-1.5975820354142303,-0.9501903350265791,0,0,1,0,1,1,0,1,0,1,0,1,0,1,0,1,0,0,1,0,0,0,0
0,1,0,-0.6269221361234548,1,1,-1.7447938175063131,-1.0050134976846785,1,0,0,0,1,1,0,1,0,1,0,1,0,1,0,1,0,0,0,0,0,0,0
0,1,1,0.793376301631417,1,1,-0.05475619317358182,0.6009460925123911,1,0,0,0,0,0,1,0,0,0,1,0,0,0,1,0,0,0,0,0,1,0,1
0,0,0,-1.387796299206422,1,1,0.8200140815153305,-1.0367788716973365,1,0,1,1,0,0,0,0,0,0,1,0,0,0,0,0,1,0,0,0,0,0,1
0,1,1,0.18467697116504336,1,0,0.173209558622557,0.2594907641066466,1,0,0,0,0,0,0,0,1,0,0,0,0,0,1,0,0,0,0,1,0,0,0
0,1,1,-0.677647080328986,1,0,0.0004965229397196234,-0.5436461266041834,0,0,0,0,0,0,1,0,1,0,0,0,1,0,0,0,0,0,0,0,0,0,1
0,1,0,2.1122248509752266,1,1,0.7296005460572013,2.5737912641095937,1,0,1,1,0,0,0,0,1,0,0,0,0,0,0,0,1,0,0,0,0,1,1
1,1,0,-0.1703976382736746,1,1,0.3563549253197938,0.016415761392506837,0,0,1,0,0,0,0,0,0,0,1,0,0,0,1,0,1,0,1,1,0,0,1
0,0,0,-0.1703976382736746,1,1,-0.2197415762531604,-0.21942001902444064,0,0,1,0,0,0,0,0,0,0,0,0,0,0,1,0,1,1,0,0,0,0,0
0,1,1,-0.5254722477123925,1,0,-1.717747033394907,-0.9664385097839621,1,0,1,0,1,1,0,1,0,1,0,1,0,1,0,1,0,0,0,1,0,0,0
1,1,0,0.032502138548449945,1,1,1.2098741553497443,0.6483761432939069,1,0,0,1,0,0,0,0,0,0,1,0,0,0,1,0,1,1,0,0,1,0,0
0,1,0,-0.9819967455621728,1,1,0.40272084093934757,-0.7068588496801209,1,0,0,0,0,0,1,0,1,0,0,0,1,0,0,0,0,1,0,0,0,0,0
0,1,1,2.1122248509752266,1,1,0.8223323772963083,2.6600527854241447,1,0,0,1,0,0,0,0,0,0,1,0,1,0,0,0,0,0,0,1,0,0,1
1,1,0,-1.3370713550008908,1,1,0.4398135734349908,-1.044152747376496,0,0,0,0,0,0,1,0,0,0,1,0,0,0,1,0,1,1,0,0,0,0,1
0,1,1,-0.8805468571511105,1,0,-0.24215176880261127,-0.7728069465150395,1,0,0,0,0,0,0,0,1,0,0,0,0,0,1,0,0,0,1,0,0,0,0
0,0,0,-0.5254722477123925,1,1,0.2883515824111154,-0.2983589611862959,1,0,0,1,0,0,0,0,0,0,0,0,0,0,0,0,1,0,1,0,0,0,0
0,0,1,-1.0327216897677038,1,0,1.0727083216418982,-0.632940555045902,0,0,1,1,0,0,0,0,1,0,1,0,0,0,1,0,0,0,0,0,1,0,1
0,0,0,-1.1341715781787662,1,0,0.5642287803474597,-0.811939784141049,0,0,1,1,0,0,0,0,0,0,0,0,0,0,1,0,1,0,0,0,0,0,1
0,0,1,0.18467697116504336,1,0,0.2500997020249833,0.30600388947762364,0,0,1,1,0,0,0,0,0,0,0,0,0,0,0,0,1,1,0,0,1,0,0
1,0,0,1.9600500183586334,1,0,-1.7447938175063131,-0.4292548725900905,0,0,1,0,1,1,0,1,0,1,0,1,0,1,0,1,0,0,1,0,0,1,0
0,0,0,0.5397515806037613,1,1,0.8493791614077146,1.023270394888188,1,0,0,1,0,0,0,0,1,0,1,0,0,0,0,0,0,0,0,0,0,1,0
0,1,0,-1.0327216897677038,1,1,0.6554150810659153,-0.7246202719681835,1,0,0,1,0,0,1,0,0,0,0,0,0,0,0,0,1,1,0,1,0,0,0
0,1,0,-0.37329741509579917,1,1,1.6789426683675623,0.3232331103036251,1,0,1,1,0,0,1,0,1,0,1,0,0,0,1,0,1,0,1,0,1,0,1
0,1,0,0.13395202695951222,1,1,0.5418185877980088,0.43714345938212085,0,0,0,0,0,0,0,0,0,0,1,0,1,0,1,0,1,0,0,0,0,0,0
0,0,0,1.3006257436867283,1,0,0.12066152092039618,1.1638485256620095,1,0,1,0,0,0,1,0,1,0,0,0,0,0,1,0,0,0,0,0,0,1,0
0,1,0,0.7426513574258858,1,1,1.569210001401285,1.784683973386591,0,0,1,1,0,0,1,0,1,0,1,0,1,0,1,0,0,0,0,0,1,0,1
0,0,0,-0.5254722477123925,0,1,0.4015616930488587,-0.2651508723668459,1,1,0,0,0,0,0,0,1,0,1,0,0,0,1,0,1,1,0,0,0,0,0
0,0,1,1.858600129947571,1,1,0.4757471580401446,2.037896452143123,0,0,0,1,0,0,0,0,0,0,0,0,0,0,1,0,1,0,0,1,0,0,1
0,0,0,1.0470010226590727,1,1,-1.702678110818552,-0.575283259300682,1,0,0,0,1,1,0,1,0,1,0,1,0,1,0,1,0,0,0,0,1,0,0
0,1,0,-0.1703976382736746,1,1,-1.6532211341576948,-0.8478922371263078,1,0,1,0,1,1,0,1,0,1,0,1,0,1,0,1,0,0,1,0,1,0,0
0,1,1,0.13395202695951222,1,0,1.792152779005306,1.0662632961305922,1,0,1,1,0,0,1,0,0,0,1,0,1,0,1,0,1,0,1,0,1,0,0
0,1,0,-0.677647080328986,1,1,1.1766452491557309,-0.2100071064183482,1,0,1,1,0,0,1,0,1,0,0,0,0,0,0,0,1,0,0,1,0,0,1
0,1,0,1.0470010226590727,1,1,0.2330988662978137,1.011029761260783,1,0,0,0,0,0,0,0,1,0,0,0,1,0,1,0,0,0,0,0,0,0,1
0,0,0,-0.5254722477123925,0,0,0.8404923609139667,-0.1581270819661045,1,1,0,1,0,0,0,0,1,0,1,0,0,0,1,0,1,0,0,1,0,0,1
0,1,1,-1.1341715781787662,1,1,0.393447657815437,-0.825392298206159,1,0,1,0,0,0,1,0,1,0,1,0,0,0,0,0,0,1,0,0,0,0,0
0,1,1,-0.9312718013566417,1,1,-1.7447938175063131,-1.0739688533835325,0,0,1,0,1,1,0,1,0,1,0,1,0,1,0,1,0,0,1,0,0,1,0
0,0,0,0.5904765248092925,1,1,-0.062097463146678,0.4236460608563547,0,0,0,0,0,0,0,0,0,0,1,0,0,0,1,0,0,0,0,0,1,0,0
0,1,0,-1.0834466339732352,1,1,-0.26224366557108464,-0.9066331719930739,1,0,1,0,0,0,0,0,0,0,1,0,0,0,1,0,0,0,0,0,0,0,1
0,0,0,0.5904765248092925,1,1,1.3130383176032514,1.3933363609290716,0,0,0,1,0,0,0,0,1,0,1,0,0,0,1,0,1,1,0,0,0,0,1
0,0,0,-0.8298219129455794,1,1,0.47922460171161124,-0.5545402264119157,0,0,1,1,0,0,0,0,0,0,0,0,1,0,0,0,0,0,0,1,0,0,1
0,0,0,-1.0327216897677038,1,1,-0.3205874427256896,-0.8201151680462041,0,0,0,0,0,0,0,0,1,0,0,0,0,0,0,0,1,0,0,0,0,0,1
0,1,1,-1.1848965223842973,1,0,0.43788166028417563,-0.87850985135934,1,0,1,1,0,0,1,0,0,0,0,0,0,0,1,0,0,0,0,0,0,0,1
0,1,0,-0.322572470890268,1,0,-1.708473850270996,-0.9219580092741099,0,0,0,0,1,1,0,1,0,1,0,1,0,1,0,1,0,0,1,0,0,0,0
1,1,0,1.4528005763033218,1,1,1.0298198496938111,2.1747812330115566,1,0,1,1,0,0,0,0,1,0,0,0,0,0,1,0,1,0,0,1,0,0,1
0,1,1,0.6919264132203548,1,1,0.3760604394581043,0.8289783888410449,1,0,0,0,0,0,0,0,1,0,0,0,1,0,1,0,0,0,1,0,0,1,0
0,0,1,-0.2718475266847369,1,1,-0.060165549995863106,-0.24523499596730713,0,0,1,0,0,0,0,0,0,0,0,0,1,0,0,0,1,0,0,0,0,0,0
0,1,1,2.1122248509752266,1,1,0.599775982322451,2.4122136178146873,0,0,0,1,0,0,1,0,0,0,0,0,1,0,0,0,0,0,0,0,0,1,1
0,1,0,-0.8805468571511105,0,0,-1.7447938175063131,-1.0816120358266268,1,1,0,0,1,1,0,1,0,1,0,1,0,1,0,1,0,0,0,0,1,0,0
0,0,0,-0.5254722477123925,1,0,-1.6964959887359448,-0.9557624202137006,1,0,1,0,1,1,0,1,0,1,0,1,0,1,0,1,0,0,0,0,0,0,0
1,1,0,0.23540191537057448,1,1,0.5503190056615936,0.49304384909595833,1,0,1,1,0,0,0,0,0,0,1,0,1,0,0,0,1,0,0,0,0,0,1
0,1,0,0.2861268595761056,1,1,0.5870253555270732,0.5888849967276089,1,0,1,1,0,0,1,0,0,0,1,0,0,0,0,0,0,0,0,0,0,1,1
0,0,0,-0.22112258247920574,0,1,1.4328169329537648,0.44013148204863234,0,1,0,1,0,0,1,0,1,0,0,0,1,0,0,0,1,1,0,1,0,0,1
0,0,1,1.3006257436867283,0,0,0.2910562608222558,1.3069658344957853,0,1,0,0,0,0,1,0,0,0,1,0,1,0,1,0,0,1,0,0,0,0,0
0,0,0,-0.5254722477123925,1,1,0.8980633728082462,-0.11750023300683923,1,0,1,1,0,0,0,0,1,0,1,0,0,0,0,0,1,0,0,0,1,0,1
1,1,1,0.8948261900424792,1,1,1.3570859374418274,1.7963154607622387,1,0,1,1,0,0,1,0,0,0,0,0,1,0,1,0,1,0,0,0,1,0,1
0,0,1,0.08322708275398108,1,1,0.23928098838042072,0.1691191086091899,1,0,0,0,0,0,0,0,0,0,1,0,0,0,1,0,1,0,0,0,1,0,0
1,0,0,0.5904765248092925,1,1,0.9173825043163936,1.1393800825388156,1,0,1,1,0,0,0,0,1,0,0,0,0,0,1,0,1,0,0,0,0,0,1
0,0,1,1.0977259668646038,1,0,-0.27924450129825423,0.630839143309123,1,0,1,0,0,0,0,0,0,0,1,0,0,0,1,0,0,0,1,0,1,0,0
0,0,0,2.1122248509752266,1,1,0.3957659535964148,2.1638550728747843,1,0,0,0,0,0,0,0,1,0,1,0,0,0,1,0,1,0,0,0,0,0,0
0,1,1,-0.7790969687400482,1,1,0.7010082314251428,-0.4333201223123402,0,0,0,1,0,0,0,0,1,0,1,0,0,0,0,0,0,0,1,0,0,0,1
0,0,0,-0.677647080328986,1,0,0.1322529998252845,-0.5146892374154141,0,0,1,0,0,0,1,0,0,0,0,0,1,0,1,0,1,0,0,0,1,0,1
0,0,1,-1.1848965223842973,1,1,0.7701707222243106,-0.8386652744286465,0,0,1,1,0,0,1,0,0,0,0,0,0,0,0,0,1,0,0,1,0,0,1
0,0,0,-0.22112258247920574,1,0,0.14423086136033594,-0.11350551600847712,1,0,0,1,0,0,0,0,0,0,0,0,0,0,0,0,0,0,0,0,0,0,0
1,1,0,-1.387796299206422,1,0,-1.6895411013930117,-1.1780238573151864,0,0,0,0,1,1,0,1,0,1,0,1,0,1,0,1,0,1,0,0,0,0,0
1,0,0,0.5904765248092925,1,0,0.5986168344319621,0.9063720231431809,1,0,0,1,0,0,0,0,0,0,0,0,0,0,1,0,1,0,1,0,1,0,0
0,1,1,-0.322572470890268,1,0,-1.5570118592471207,-0.8884485533616855,0,0,1,0,1,1,0,1,0,1,0,1,0,1,0,1,0,1,0,0,1,0,0
0,0,0,1.4020756320977905,1,0,-1.6926321624343152,-0.5014611456535827,1,0,1,0,1,1,0,1,0,1,0,1,0,1,0,1,0,1,0,0,1,0,0
0,0,1,-0.677647080328986,0,1,0.6480738110928194,-0.35722172530341323,0,1,0,0,0,0,1,0,0,0,0,0,1,0,1,0,1,0,0,0,1,0,0
0,0,0,0.6919264132203548,1,1,-0.28967683231265395,0.3512346016870077,1,0,0,0,0,0,1,0,0,0,0,0,0,0,0,0,0,0,0,0,0,1,1
0,1,0,-0.6269221361234548,1,0,0.6372550974482568,-0.3419610086804569,0,0,0,1,0,0,0,0,0,0,0,0,1,0,1,0,0,0,0,0,1,0,1
0,1,0,-1.489246187617484,1,0,-0.14826078967301512,-1.2005430324327588,0,0,0,0,0,0,0,0,1,0,1,0,0,0,0,0,0,0,0,0,1,0,1
0,0,0,1.8078751857420399,1,1,-1.6451070989242729,-0.3462635048376013,1,0,1,0,1,1,0,1,0,1,0,1,0,1,0,1,0,1,0,0,1,0,0
0,0,0,-0.7790969687400482,0,1,0.21648441320080725,-0.5782841060988095,0,1,0,0,0,0,0,0,0,0,1,0,1,0,0,0,1,1,0,0,0,0,0
0,0,1,-0.4747473035068614,1,0,0.7670796611830071,-0.08184914711455456,0,0,1,1,0,0,0,0,1,0,1,0,1,0,0,0,0,0,0,0,0,1,1
1,0,0,-0.322572470890268,1,1,-0.4353430838840849,-0.4272222477289656,0,0,0,0,0,0,0,0,0,0,0,0,0,0,1,0,0,0,0,1,0,0,1
0,0,1,2.1122248509752266,1,1,-1.576330990755268,-0.20595468082771443,1,0,0,0,1,1,0,1,0,1,0,1,0,1,0,1,0,0,0,0,1,0,0
1,1,0,-0.4747473035068614,1,1,0.6160040527892943,-0.12534860155578822,1,0,0,1,0,0,0,0,0,0,1,0,0,0,0,0,1,0,0,1,0,0,0
0,0,0,1.7571502415365088,0,1,-1.6791087703786123,-0.40915304628212057,1,1,0,0,1,1,0,1,0,1,0,1,0,1,0,1,0,1,0,0,0,1,0
0,1,0,-0.9819967455621728,0,1,-0.6946058287234225,-0.9160781449282062,0,1,0,0,0,0,0,0,0,0,1,0,0,0,0,0,0,1,0,0,0,0,1
0,0,0,-1.1848965223842973,1,0,0.4189489114061914,-0.8994516582881531,0,0,1,0,0,0,1,0,0,0,1,0,0,0,0,0,1,0,1,1,0,0,1
1,0,0,-0.2718475266847369,1,1,-1.6787223877484492,-0.8839280469670703,1,0,0,0,1,1,0,1,0,1,0,1,0,1,0,1,0,1,0,1,0,0,0
0,0,0,-1.1848965223842973,1,0,0.7945128279245761,-0.8495337259731468,1,0,0,1,0,0,0,0,1,0,0,0,0,0,1,0,0,1,0,0,0,1,1
0,0,0,2.1122248509752266,1,1,-1.6760177093373085,-0.33826765877506915,1,0,1,0,1,1,0,1,0,1,0,1,0,1,0,1,0,0,1,0,0,0,0
0,1,1,-0.677647080328986,1,1,-0.04161918374804176,-0.5628182033699984,1,0,1,0,0,0,0,0,0,0,1,0,1,0,0,0,0,0,0,0,1,0,1
0,0,0,0.33685180378163676,1,1,-1.6651989956927462,-0.7744484353618784,1,0,0,0,1,1,0,1,0,1,0,1,0,1,0,1,0,0,0,1,0,0,0
0,0,0,-0.7790969687400482,1,0,0.2500997020249833,-0.5525845463404865,1,0,1,1,0,0,0,0,1,0,0,0,0,0,0,0,0,1,0,1,0,0,0
0,1,0,-0.8805468571511105,1,1,-0.5226655583009109,-0.8015842978611856,1,0,0,0,0,0,0,0,0,0,0,0,0,0,1,0,0,0,0,0,1,0,1
0,0,0,0.8948261900424792,1,0,-0.011481338595331828,0.7147730847353831,1,0,1,0,0,0,0,0,0,0,1,0,0,0,1,0,0,1,0,0,0,0,1
0,0,1,-0.9819967455621728,1,0,0.2516452325456353,-0.7302436536817687,1,0,0,1,0,0,0,0,1,0,0,0,0,0,1,0,0,0,0,0,1,0,1
0,0,0,-0.677647080328986,1,1,0.9115867648639491,-0.2897924412668549,0,0,0,0,0,0,1,0,1,0,1,0,1,0,1,0,0,0,0,0,0,0,1
1,1,1,-0.4240223593013303,1,0,-1.626947115306614,-0.9365454589872299,1,0,0,0,1,1,0,1,0,1,0,1,0,1,0,1,0,0,1,0,1,0,0
0,0,1,2.1122248509752266,1,1,0.19871081221331138,1.9452485132838386,1,0,1,1,0,0,1,0,0,0,0,0,0,0,0,0,0,1,0,0,1,0,1
0,0,0,-1.2356214665898284,1,1,-0.15251099860480752,-1.0021601284001342,0,0,0,0,0,0,0,0,1,0,1,0,1,0,0,0,0,0,0,0,0,0,0
0,0,0,2.0107749625641644,0,1,0.44908675655890135,2.138161925182269,0,1,0,1,0,0,0,0,0,0,0,0,0,0,1,0,1,1,0,0,0,1,0
0,1,1,0.43830169219269904,1,1,1.3594042332228051,1.2022311515884871,1,0,0,1,0,0,0,0,0,0,1,0,0,0,1,0,1,0,1,0,0,1,0
0,0,0,0.5397515806037613,0,1,0.7419647902224152,0.9759814095544473,0,1,0,1,0,0,0,0,1,0,1,0,0,0,0,0,0,0,1,0,1,0,0
0,0,0,-1.2356214665898284,1,0,0.3393540895926242,-0.9694072962530498,0,0,1,1,0,0,0,0,1,0,0,0,0,0,0,0,0,0,0,1,0,0,1
0,0,0,1.0470010226590727,1,1,-1.6192194627033552,-0.5444668710276029,0,0,0,0,1,1,0,1,0,1,0,1,0,1,0,1,0,1,0,1,0,0,0
1,0,1,-0.9312718013566417,1,1,0.7307596939476896,-0.5708525218273783,0,0,1,1,0,0,0,0,0,0,0,0,0,0,1,0,1,0,0,0,0,0,1
0,1,0,0.08322708275398108,1,0,-1.663653465172094,-0.8063612868881195,0,0,1,0,1,1,0,1,0,1,0,1,0,1,0,1,0,0,1,0,0,1,0
0,1,0,0.5397515806037613,1,1,-0.36231676678328784,0.1963575641614246,0,0,1,0,0,0,0,0,0,0,0,0,0,0,0,0,1,0,0,0,0,1,1
0,1,0,-0.5254722477123925,1,0,-1.6466526294449244,-0.9564869836500006,1,0,0,0,1,1,0,1,0,1,0,1,0,1,0,1,0,1,0,0,0,1,0
0,0,1,-1.1848965223842973,1,0,1.419679923528225,-0.7636505165412655,0,0,0,1,0,0,1,0,1,0,0,0,0,0,1,0,1,0,1,0,0,0,0
0,0,0,-0.5761971919179237,1,0,-1.5500569719041877,-0.9633991905909868,1,0,1,0,1,1,0,1,0,1,0,1,0,1,0,1,0,1,0,0,0,1,0
0,1,0,1.4020756320977905,1,1,-1.563193981329728,-0.3918084082715757,1,0,0,0,1,1,0,1,0,1,0,1,0,1,0,1,0,0,0,1,0,0,1
0,1,0,-1.2356214665898284,0,1,0.23966737101058386,-0.939084637047184,0,1,0,1,0,0,0,0,1,0,0,0,0,0,0,0,0,0,1,0,1,0,0
1,0,0,-0.06894774986261233,1,0,0.040680316476665826,-0.019812410422494594,1,0,1,0,0,0,0,0,0,0,1,0,0,0,1,0,1,0,1,0,0,0,0
0,0,1,0.23540191537057448,1,1,0.6840073956979732,0.5729830735238562,0,0,0,0,0,0,1,0,1,0,1,0,0,0,1,0,1,1,0,1,0,0,0
0,0,0,-0.1703976382736746,1,1,0.5669334587586001,0.10101014559698705,1,0,0,0,0,0,0,0,0,0,1,0,1,0,0,0,1,0,0,0,1,0,1
0,1,0,-1.1341715781787662,1,0,-1.4414834528283995,-1.0815094427736993,0,0,0,0,1,1,0,1,0,1,0,1,0,1,0,1,0,1,0,0,1,0,0
0,0,0,-0.5761971919179237,1,1,0.5460687967298012,-0.32795064489005377,1,0,0,1,0,0,0,0,1,0,1,0,0,0,0,0,0,0,0,0,0,1,1
0,1,0,-1.387796299206422,1,0,0.23773545785976924,-1.052360191610691,1,0,1,1,0,0,0,0,0,0,0,0,1,0,0,0,0,1,0,0,0,1,1
0,1,0,2.0107749625641644,1,1,1.4069292967328473,3.2551822613245944,1,0,1,1,0,0,0,0,1,0,0,0,0,0,1,0,1,0,0,0,0,0,1
0,0,0,-1.0327216897677038,1,1,-0.018049843308101998,-0.7714668247611747,1,0,1,1,0,0,0,0,0,0,0,0,0,0,0,0,0,0,0,0,0,1,1
0,0,0,0.6919264132203548,1,0,0.7230320413444311,1.094611039067605,0,0,0,1,0,0,0,0,0,0,0,0,1,0,0,0,1,0,0,0,0,0,1
0,1,0,-0.018222805657081193,1,0,-1.7447938175063131,-0.8701549296115618,0,0,0,0,1,1,0,1,0,1,0,1,0,1,0,1,0,0,1,0,0,1,0
0,1,0,-0.7790969687400482,1,0,0.055362856422858195,-0.5923906508763322,1,0,0,0,0,0,1,0,0,0,0,0,0,0,1,0,1,0,0,0,0,0,0
0,1,0,1.3006257436867283,1,1,1.4378399071458834,2.3879118884025003,1,0,0,1,0,0,0,0,1,0,0,0,1,0,1,0,1,1,0,1,0,0,0
0,1,0,0.5904765248092925,1,1,-0.1884445832099616,0.3568066868741292,1,0,0,0,0,0,0,0,0,0,0,0,1,0,1,0,0,0,0,1,0,0,1
1,0,1,-0.11967269406814346,1,1,0.4228127377078207,0.09597667393773471,0,0,1,0,0,0,0,0,1,0,0,0,0,0,1,0,1,0,0,0,0,0,1
0,1,0,0.3875767479871679,0,1,-0.16835268644148849,0.20044205008109817,0,1,0,0,0,0,0,0,1,0,1,0,0,0,0,0,0,1,0,1,0,0,0
0,1,0,0.23540191537057448,1,0,0.29569285238421134,0.3869369841057559,1,0,1,0,0,0,0,0,1,0,0,0,0,0,1,0,1,0,0,0,1,0,0
0,0,1,-1.1341715781787662,1,0,0.8354693867218486,-0.7579053055773289,0,0,1,1,0,0,0,0,0,0,1,0,0,0,1,0,1,0,1,0,0,1,0
0,1,0,-0.8805468571511105,1,0,0.3760604394581043,-0.6349475316437949,1,0,1,1,0,0,0,0,0,0,0,0,1,0,1,0,0,0,0,0,1,0,1
0,1,0,0.9455511342480104,1,1,1.1584852655380724,1.7023786966755536,0,0,1,1,0,0,1,0,1,0,0,0,1,0,0,0,1,0,1,0,1,0,0
0,1,1,-0.8298219129455794,1,0,-0.06093831525618912,-0.6612818859171067,1,0,0,0,0,0,0,0,1,0,0,0,1,0,0,0,1,0,1,0,0,0,1
0,0,0,-0.4240223593013303,1,1,1.4668186044081044,0.19551758354058096,1,0,1,1,0,0,0,0,1,0,1,0,1,0,1,0,1,0,0,1,0,0,0
0,0,0,-1.5399711318230154,1,1,0.9104276169734602,-1.2318018532465875,0,0,0,0,0,0,0,0,1,0,0,0,1,0,1,0,1,0,0,0,1,0,1
0,0,1,0.33685180378163676,1,1,0.010156088693793305,0.28297816116122165,1,0,0,0,0,0,0,0,1,0,0,0,0,0,0,0,1,0,0,0,0,1,1
0,0,0,-0.8298219129455794,1,0,-0.3089959638208013,-0.7657985585869338,0,0,1,0,0,0,0,0,0,0,0,0,0,0,1,0,1,0,1,0,0,1,0
0,1,1,2.1122248509752266,1,0,1.1994418243353449,3.10362026182173,0,0,1,1,0,0,0,0,0,0,1,0,1,0,1,0,1,0,0,0,1,0,0
1,0,0,2.1122248509752266,1,1,1.2647404888328828,3.1993075198739893,1,0,1,1,0,0,0,0,1,0,1,0,0,0,0,0,1,0,0,0,0,0,0
0,0,1,-0.06894774986261233,1,1,1.1005278710136304,0.4702297189512194,1,0,1,1,0,0,0,0,0,0,1,0,1,0,1,0,0,0,1,0,1,0,0
0,1,0,0.032502138548449945,1,1,-1.4951906384210492,-0.7437795246023825,0,0,0,0,1,1,0,1,0,1,0,1,0,1,0,1,0,0,1,0,1,0,0
0,0,0,-0.8298219129455794,1,1,-1.6926321624343152,-1.0581887594301311,1,0,0,0,1,1,0,1,0,1,0,1,0,1,0,1,0,0,0,0,1,0,0
1,0,1,1.1484509110701349,1,1,0.2601456504092201,1.1548908697282827,1,0,1,1,0,0,0,0,0,0,0,0,0,0,1,0,0,0,1,0,1,0,0
0,0,0,-0.06894774986261233,1,0,0.17823253281467513,0.05441366337050656,1,0,0,0,0,0,1,0,0,0,1,0,0,0,0,0,0,0,0,0,0,0,1
0,1,0,-0.5254722477123925,1,1,-0.03080047010347919,-0.4373917841003978,1,0,0,0,0,0,0,0,1,0,0,0,0,0,1,0,0,1,0,1,0,0,0
0,0,1,-0.22112258247920574,1,0,-1.6903138666533373,-0.9274723858689597,1,0,0,0,1,1,0,1,0,1,0,1,0,1,0,1,0,1,0,0,0,0,0
0,1,1,-0.9819967455621728,1,1,0.5309998741534463,-0.6950670606592734,0,0,1,1,0,0,0,0,1,0,0,0,0,0,0,0,0,1,0,0,1,0,0
0,1,0,0.6919264132203548,1,1,1.2434894441739208,1.4906971681572099,1,0,0,1,0,0,1,0,0,0,1,0,1,0,0,0,0,0,0,0,0,0,0
0,1,0,1.2499007994811973,1,0,0.20218825588477804,1.192286037520334,1,0,0,0,0,0,1,0,1,0,0,0,0,0,0,0,0,1,0,0,1,0,0
0,1,1,2.1122248509752266,1,0,-1.553920798205817,-0.1425970585792136,0,0,0,0,1,1,0,1,0,1,0,1,0,1,0,1,0,0,0,0,1,0,0
0,1,0,-0.4747473035068614,1,0,0.6217997922417388,-0.13091427467710162,0,0,1,1,0,0,0,0,1,0,0,0,0,0,1,0,0,0,1,1,0,0,0
0,0,0,-0.5254722477123925,1,0,0.2412129015312359,-0.3352539878453256,1,0,1,1,0,0,0,0,0,0,0,0,0,0,1,0,0,0,0,0,1,0,0
0,0,0,1.8078751857420399,1,0,-0.3959320556074644,1.030201838026598,1,0,0,0,0,0,0,0,0,0,0,0,0,0,0,0,1,0,1,1,0,0,0
0,0,1,-0.018222805657081193,0,1,0.26478224197117567,0.08838478802110422,0,1,0,0,0,0,0,0,0,0,1,0,1,0,1,0,1,0,1,0,0,1,0
0,0,1,0.032502138548449945,1,0,-0.2711304660648323,-0.08359322901432102,0,0,0,0,0,0,0,0,0,0,1,0,0,0,0,0,0,0,1,0,0,1,0
1,1,0,1.8078751857420399,1,0,-1.725088303368003,-0.43782780457533943,1,0,0,0,1,1,0,1,0,1,0,1,0,1,0,1,0,1,0,0,0,0,0
0,1,0,-0.4747473035068614,1,1,0.8636753187237439,-0.058239920809628004,1,0,1,1,0,0,0,0,0,0,0,0,1,0,1,0,1,0,0,0,0,0,0
0,0,0,0.2861268595761056,1,1,-1.5871497043998306,-0.7409197432520301,1,0,1,0,1,1,0,1,0,1,0,1,0,1,0,1,0,0,0,0,0,1,1
1,0,1,-0.322572470890268,1,1,-1.7223836249568623,-0.9528962267975403,0,0,0,0,1,1,0,1,0,1,0,1,0,1,0,1,0,0,0,0,1,0,0
0,0,0,0.5904765248092925,1,0,0.8497655440378777,1.0463794800600934,0,0,0,1,0,0,0,0,0,0,1,0,0,0,1,0,1,0,0,0,0,0,1
1,0,0,0.23540191537057448,1,1,-1.738225312793543,-0.8033027314977202,1,0,1,0,1,1,0,1,0,1,0,1,0,1,0,1,0,0,0,1,0,0,0
0,0,0,0.5904765248092925,1,1,0.3339447327703429,0.6910292050484891,0,0,0,0,0,0,1,0,1,0,1,0,0,0,1,0,0,0,0,0,0,0,0
0,0,1,-1.1341715781787662,1,1,-1.6084007490587926,-1.1210783008746503,0,0,1,0,1,1,0,1,0,1,0,1,0,1,0,1,0,0,0,0,1,0,0
0,0,0,0.08322708275398108,1,0,0.1971652816926599,0.1633931338426771,1,0,1,0,0,0,1,0,1,0,0,0,0,0,0,0,0,0,0,0,0,1,0
0,0,0,-0.1703976382736746,1,1,-1.73127042545061,-0.8932191303228114,1,0,1,0,1,1,0,1,0,1,0,1,0,1,0,1,0,0,0,0,1,0,1
0,1,0,0.18467697116504336,1,1,0.34399068115457976,0.34337340900644264,1,0,0,0,0,0,0,0,0,0,1,0,1,0,1,0,1,1,0,0,1,0,0
0,0,0,-0.37329741509579917,1,1,-0.048574071090974794,-0.3270144832820909,0,0,0,0,0,0,0,0,0,0,1,0,0,0,0,0,1,1,0,0,1,0,0
0,0,0,-0.4747473035068614,0,1,0.8281281167487526,-0.09046696356045936,0,1,0,1,0,0,0,0,0,0,0,0,1,0,1,0,1,0,0,0,1,0,1
1,1,1,-0.8298219129455794,1,0,0.9784309598821391,-0.4360388382149173,0,0,0,1,0,0,0,0,1,0,1,0,1,0,0,0,0,0,0,0,0,0,1
0,1,0,-0.4747473035068614,0,0,0.14964021818261725,-0.3312464467153476,1,1,0,1,0,0,0,0,1,0,0,0,0,0,0,0,0,0,0,0,1,0,1
0,1,0,-0.22112258247920574,1,0,-0.259538987159944,-0.2792445930127527,1,0,1,0,0,0,0,0,0,0,1,0,0,0,0,0,0,0,0,0,1,0,1
0,1,0,-0.018222805657081193,1,1,0.34167238537360195,0.15305047169443,1,0,1,1,0,0,0,0,0,0,1,0,0,0,0,0,0,0,0,0,1,0,1
1,0,0,-1.1848965223842973,1,1,1.0958912794516749,-0.7926971746513464,0,0,1,1,0,0,1,0,0,0,1,0,1,0,0,0,1,0,0,0,0,1,1
0,0,1,-1.2356214665898284,1,1,0.18827848119891197,-0.9610844348343114,1,0,0,0,0,0,0,0,0,0,1,0,0,0,1,0,1,1,0,1,0,0,0
0,1,0,1.1484509110701349,1,0,-1.724315538107677,-0.5750267766683634,0,0,1,0,1,1,0,1,0,1,0,1,0,1,0,1,0,1,0,0,0,1,0
0,1,1,0.5397515806037613,1,1,0.30998900970024057,0.6311597465995213,1,0,0,1,0,0,0,0,1,0,0,0,0,0,0,0,0,0,0,0,1,0,1
0,0,0,-0.677647080328986,1,1,1.3563131721815016,-0.15801807684736904,0,0,0,1,0,0,1,0,1,0,1,0,1,0,0,0,1,0,1,0,1,0,0
0,0,0,0.5397515806037613,1,1,0.2454631104630283,0.5937774029390861,1,0,1,1,0,0,0,0,0,0,1,0,0,0,0,0,0,0,1,0,1,0,1
0,0,1,-0.22112258247920574,1,0,0.7419647902224152,0.1589752205009894,1,0,0,1,0,0,1,0,1,0,0,0,0,0,0,0,1,0,0,0,0,0,1
0,0,1,-0.11967269406814346,1,1,0.12104790355055933,-0.025057480253409883,0,0,1,0,0,0,1,0,1,0,1,0,0,0,0,0,0,0,0,0,1,0,0
0,0,1,0.2861268595761056,1,1,1.2678315498741863,0.991357543361947,0,0,0,1,0,0,1,0,1,0,0,0,0,0,1,0,1,0,0,0,1,0,1
0,0,0,-0.8805468571511105,1,1,-1.7447938175063131,-1.0770787053003956,0,0,1,0,1,1,0,1,0,1,0,1,0,1,0,1,0,0,0,0,1,0,1
0,0,0,-1.1341715781787662,1,0,1.25121709677718,-0.7719990262232357,0,0,0,1,0,0,1,0,1,0,1,0,0,0,1,0,0,1,0,0,1,0,1
0,0,0,-0.6269221361234548,1,1,-1.6288790284574288,-0.9705229957036356,1,0,0,0,1,1,0,1,0,1,0,1,0,1,0,1,0,0,0,0,0,1,0
0,1,0,-0.8298219129455794,1,1,-0.09725828249150607,-0.7058072708876145,1,0,0,0,0,0,0,0,0,0,0,0,0,0,1,0,1,0,0,0,0,1,0
1,1,1,0.08322708275398108,1,1,1.3543812590306865,0.7903841647429044,0,0,0,1,0,0,1,0,1,0,1,0,0,0,0,0,1,1,0,0,1,0,0
0,1,0,2.0614999067696957,1,0,0.3335583501401803,2.052778856883409,0,0,1,0,0,0,0,0,0,0,1,0,0,0,1,0,1,0,0,1,0,0,0
1,0,0,-0.5761971919179237,1,0,0.07159092688970205,-0.4356861745954792,1,0,0,1,0,0,0,0,0,0,0,0,0,0,0,0,0,1,0,0,0,1,1
0,0,0,-0.9312718013566417,1,1,-1.5716943991933128,-1.0618244007432474,1,0,0,0,1,1,0,1,0,1,0,1,0,1,0,1,0,1,0,0,0,1,0
1,1,0,-0.7790969687400482,1,0,0.7075767361379129,-0.428228942060816,1,0,0,1,0,0,0,0,1,0,1,0,0,0,1,0,0,1,0,0,0,1,0
0,1,1,1.1991758552756662,1,1,-1.642016037882969,-0.5242816878641295,1,0,0,0,1,1,0,1,0,1,0,1,0,1,0,1,0,0,1,0,0,0,0
0,1,0,-1.0327216897677038,1,1,0.3011022092064926,-0.7747305662574289,1,0,1,0,0,0,1,0,0,0,0,0,1,0,1,0,1,1,0,1,0,0,0
0,1,1,-1.2863464107953595,1,1,0.5939802428700065,-0.9884447196368974,1,0,1,1,0,0,1,0,0,0,0,0,0,0,0,0,0,0,0,1,0,0,1
0,0,0,-0.22112258247920574,0,0,0.343217915894254,-0.029917826135847196,1,1,0,0,0,0,1,0,0,0,1,0,1,0,0,0,1,0,0,0,0,1,0
0,0,1,-0.22112258247920574,1,1,-1.5450339977120693,-0.8406786630923473,0,0,0,0,1,1,0,1,0,1,0,1,0,1,0,1,0,1,0,0,1,0,0
0,0,0,0.3875767479871679,1,1,0.18325550700679383,0.43274478223785684,1,0,1,0,0,0,0,0,1,0,1,0,0,0,1,0,0,0,1,0,0,1,0
0,0,0,-1.1341715781787662,1,1,1.374086773168997,-0.7102636566241503,0,0,0,1,0,0,1,0,0,0,0,0,1,0,1,0,1,0,0,0,0,0,1
0,1,0,2.1122248509752266,1,1,1.8779297229014804,3.947781549571918,0,0,1,1,0,0,1,0,1,0,1,0,0,0,1,0,1,1,0,0,0,1,0
1,0,0,-0.22112258247920574,1,1,0.3521047163880014,-0.0038527786264701516,1,0,1,0,0,0,0,0,1,0,0,0,0,0,1,0,1,0,0,0,1,0,0
0,1,0,2.1122248509752266,1,1,0.3772195873485932,2.1649258878647144,1,0,0,0,0,0,1,0,1,0,0,0,1,0,0,0,1,0,1,0,1,0,0
1,1,1,-0.7283720245345171,0,0,0.4560416439018341,-0.48371895956294386,1,1,0,0,0,0,0,0,0,0,1,0,1,0,1,0,1,0,0,0,1,0,1
0,1,0,-0.22112258247920574,1,0,0.1395942697983804,-0.1190968373930225,0,0,1,0,0,0,0,0,1,0,0,0,1,0,1,0,0,0,1,0,1,0,0
0,0,0,-1.0834466339732352,1,0,0.16200446234783128,-0.852784643337785,0,0,1,0,0,0,0,0,1,0,0,0,0,0,0,0,1,0,0,0,0,1,1
0,1,0,-0.677647080328986,1,1,-1.5461931456025582,-0.9542299364855971,1,0,1,0,1,1,0,1,0,1,0,1,0,1,0,1,0,1,0,0,1,0,0
1,1,0,-1.5399711318230154,1,1,0.22614397895488095,-1.2318018532465875,1,0,1,0,0,0,1,0,0,0,0,0,1,0,1,0,0,0,1,0,0,1,0
0,1,1,-1.1848965223842973,1,1,0.7450558512637188,-0.8683595511853317,1,0,0,0,0,0,0,0,1,0,1,0,1,0,0,0,1,0,0,0,1,0,1
0,1,0,1.4528005763033218,1,1,-0.11078167454720927,1.0435838193678206,1,0,0,0,0,0,0,0,0,0,0,0,0,0,1,0,1,1,0,0,0,1,0
1,1,0,0.33685180378163676,1,1,-0.0729161767912403,0.24950717764364522,0,0,1,0,0,0,0,0,0,0,0,0,1,0,1,0,0,0,0,0,0,1,0
0,0,0,0.13395202695951222,1,1,0.6585061421072188,0.4812969445357666,0,0,1,1,0,0,0,0,0,0,1,0,0,0,1,0,0,0,0,0,1,0,0
0,1,1,0.33685180378163676,1,1,0.0032012013508602648,0.28253572862047205,0,0,0,0,0,0,0,0,1,0,0,0,0,0,1,0,1,0,1,0,1,0,0
0,1,0,-0.5761971919179237,1,1,0.853629370339507,-0.16904683003706863,0,0,0,1,0,0,1,0,0,0,0,0,1,0,1,0,0,0,0,0,1,0,1
0,1,0,0.8948261900424792,1,1,-0.11155443980753502,0.6235870968803149,0,0,0,0,0,0,0,0,0,0,0,0,0,0,1,0,1,0,1,0,0,0,0
0,0,0,-1.1341715781787662,1,1,0.9865449951155608,-0.7836433377305001,0,0,1,1,0,0,0,0,1,0,1,0,0,0,1,0,1,0,0,0,0,0,1
0,0,1,-0.9819967455621728,1,0,0.7833077316498509,-0.6213026556044458,1,0,1,1,0,0,1,0,0,0,1,0,1,0,0,0,0,0,1,0,1,0,1
0,1,0,-1.2863464107953595,1,1,0.9927271171981679,-0.9412198549612363,1,0,1,1,0,0,0,0,0,0,1,0,1,0,0,0,1,0,0,0,1,0,1
0,0,0,-1.1341715781787662,1,1,-1.4468928096506808,-1.0694996435153812,0,0,0,0,1,1,0,1,0,1,0,1,0,1,0,1,0,0,0,0,0,0,0
0,1,0,-0.5761971919179237,1,1,-0.02809579169233855,-0.42508702981491336,1,0,0,1,0,0,0,0,0,0,0,0,0,0,0,0,0,0,0,0,0,0,1
0,1,0,0.2861268595761056,1,1,0.9625892720454579,0.7782717724316589,1,0,1,1,0,0,0,0,0,0,1,0,0,0,1,0,1,0,0,0,1,0,1
0,0,0,-0.8298219129455794,1,0,0.6983035530140024,-0.5157857006685761,1,0,1,0,0,0,1,0,1,0,0,0,0,0,1,0,1,1,0,0,0,0,1
0,0,0,-0.6269221361234548,1,0,0.2056656995562447,-0.4296395965385683,0,0,1,1,0,0,1,0,0,0,0,0,0,0,0,0,0,0,1,0,1,0,0
1,1,0,-1.438521243411953,1,1,0.21648441320080725,-1.117692730128045,0,0,0,1,0,0,0,0,0,0,0,0,0,0,0,0,0,0,0,0,1,0,1
0,0,0,1.858600129947571,1,1,0.6990763182743281,2.271218702763348,0,0,1,0,0,0,1,0,0,0,0,0,1,0,1,0,1,0,0,0,0,1,0
1,0,0,0.33685180378163676,1,0,-0.324837651657482,0.09179600703094164,1,0,0,0,0,0,0,0,1,0,0,0,0,0,0,0,0,0,0,0,1,0,1
0,0,0,1.9600500183586334,1,0,-0.22592369833576742,1.3195655438084362,0,0,0,0,0,0,0,0,1,0,0,0,0,0,1,0,0,0,0,0,1,0,0
0,0,0,-0.8298219129455794,1,0,0.826196203597938,-0.45019667951890363,1,0,0,1,0,0,1,0,1,0,1,0,0,0,0,0,0,0,0,0,1,0,1
0,0,1,-0.5254722477123925,1,1,-0.5566672297552504,-0.6071127539714195,0,0,1,0,0,0,0,0,0,0,0,0,0,0,1,0,0,0,0,1,0,0,1
0,1,0,-1.3370713550008908,1,1,-0.5188017319992816,-1.1272980047083763,0,0,1,0,0,0,0,0,0,0,0,0,0,0,0,0,1,0,1,0,1,0,0
0,1,0,-1.2863464107953595,0,1,0.49854373321975864,-0.9635274319071461,1,1,0,1,0,0,0,0,0,0,0,0,0,0,1,0,1,0,0,1,0,0,1
0,1,0,-0.4240223593013303,1,1,-0.2974044849159127,-0.4516522184573116,1,0,0,0,0,0,0,0,1,0,0,0,0,0,0,0,1,1,0,1,0,0,0
0,0,1,2.0107749625641644,1,1,-1.674085796186494,-0.34511574505797565,0,0,1,0,1,1,0,1,0,1,0,1,0,1,0,1,0,0,1,0,1,0,0
0,0,0,-1.387796299206422,1,1,1.7133307224520646,-1.032694385777663,1,0,1,1,0,0,1,0,1,0,1,0,1,0,1,0,0,1,0,1,0,0,1
0,0,1,-0.4747473035068614,1,0,0.2953064697540482,-0.288676741816269,0,0,1,0,0,0,1,0,1,0,1,0,0,0,1,0,0,0,1,1,0,0,0
1,0,0,-0.11967269406814346,1,1,0.8992225206987351,0.3034326510886296,1,0,0,1,0,0,0,0,1,0,0,0,0,0,0,0,1,0,0,0,0,0,1
0,0,0,-0.8805468571511105,1,0,0.22846227473585817,-0.6545107444238958,0,0,1,1,0,0,1,0,0,0,0,0,0,0,0,0,0,0,0,1,0,0,1
0,0,0,-0.11967269406814346,1,1,-1.7447938175063131,-0.8671348466160104,1,0,0,0,1,1,0,1,0,1,0,1,0,1,0,1,0,1,0,0,0,0,0
0,0,0,2.1122248509752266,1,1,1.468750517558919,3.4634333346356776,0,0,0,1,0,0,0,0,1,0,1,0,1,0,0,0,1,0,0,1,0,0,0
0,1,1,-1.1848965223842973,1,1,0.09052367576768626,-0.9312939770905067,0,0,0,0,0,0,0,0,0,0,0,0,1,0,1,0,0,0,0,1,0,0,0
0,1,1,-0.9312718013566417,1,0,-1.669835587254701,-1.0824584285132781,0,0,1,0,1,1,0,1,0,1,0,1,0,1,0,1,0,0,0,0,0,1,0
0,1,1,-0.2718475266847369,1,1,-0.08721233410726952,-0.25446195866496846,0,0,1,0,0,0,1,0,0,0,0,0,0,0,1,0,0,1,0,0,0,0,0
0,1,1,0.793376301631417,0,1,0.832378325680545,1.2973990323103015,0,1,0,1,0,0,0,0,1,0,1,0,0,0,1,0,0,0,1,0,0,1,0
0,1,0,1.0977259668646038,1,0,-1.6199922279636811,-0.5065138535102589,1,0,1,0,1,1,0,1,0,1,0,1,0,1,0,1,0,0,0,0,0,1,0
0,1,0,2.1122248509752266,1,1,0.8003085673770205,2.644952370446387,1,0,0,1,0,0,0,0,0,0,1,0,1,0,1,0,0,0,0,0,0,1,1
0,1,0,-1.1848965223842973,1,0,2.1383516156313065,-0.7019920917318755,1,0,1,1,0,0,1,0,1,0,1,0,1,0,1,0,1,0,1,0,1,0,0
0,0,0,1.7064252973309777,1,0,1.1990554417051817,2.6419899960431077,1,0,1,1,0,0,1,0,0,0,1,0,0,0,0,0,1,0,1,0,1,0,0
0,1,0,-1.1341715781787662,1,1,-0.3426112526449776,-0.9292870004926137,0,0,0,0,0,0,0,0,0,0,0,0,0,0,1,0,0,0,1,0,0,1,0
0,1,0,2.1122248509752266,1,0,0.13843512190789153,1.8520747850283013,1,0,0,1,0,0,0,0,0,0,0,0,0,0,0,0,0,0,0,1,0,0,0
0,1,0,1.9600500183586334,1,1,0.9026999643702012,2.6239720911227264,0,0,1,1,0,0,0,0,0,0,1,0,0,0,1,0,1,0,0,0,0,0,1
0,1,1,0.3875767479871679,1,1,0.6264363838036943,0.7290527552897208,1,0,1,1,0,0,0,0,0,0,0,0,0,0,1,0,1,0,0,0,1,0,1
0,0,0,-1.1848965223842973,1,0,1.3493582848385683,-0.7861696916588381,1,0,1,1,0,0,1,0,1,0,0,0,1,0,1,0,0,0,0,1,0,0,1
0,1,0,0.6919264132203548,1,1,0.7612839217305626,1.1118081995645668,1,0,0,1,0,0,1,0,0,0,1,0,0,0,1,0,0,0,0,0,1,0,0
1,1,0,0.6412014690148236,1,0,-0.106145082985254,0.45406490104934,0,0,0,0,0,0,0,0,0,0,0,0,1,0,1,0,0,0,1,1,0,0,0
0,0,0,0.9962760784535415,1,0,0.9007680512193865,1.5626341344567678,1,0,1,1,0,0,0,0,0,0,1,0,0,0,1,0,1,0,1,0,1,0,0
0,1,1,-0.37329741509579917,0,1,1.279809411409238,0.1791604036644628,1,1,0,1,0,0,0,0,1,0,1,0,0,0,1,0,1,0,0,0,0,0,1
0,1,0,0.793376301631417,1,0,0.6805299520265066,1.1181753809118757,0,0,1,1,0,0,0,0,1,0,0,0,0,0,0,0,1,0,0,0,1,0,1
0,0,0,0.5397515806037613,1,0,0.2566682067377535,0.6168864881109914,0,0,0,1,0,0,0,0,0,0,0,0,1,0,0,0,0,0,1,0,1,0,0
0,0,1,-0.322572470890268,0,0,-0.09532636934069144,-0.2832008376162669,0,1,0,1,0,0,0,0,0,0,0,0,0,0,0,0,0,0,0,0,1,0,0
0,1,0,1.7571502415365088,0,0,0.6534831679151001,2.108595889741743,0,1,0,1,0,0,1,0,0,0,1,0,0,0,0,0,0,0,1,0,1,0,0
0,1,0,1.4528005763033218,1,1,1.0325245281049515,2.193331339393999,1,0,0,1,0,0,0,0,0,0,1,0,1,0,0,0,1,1,0,0,0,0,0
0,1,0,-0.06894774986261233,1,1,0.5155445689469282,0.20519339084480004,1,0,1,1,0,0,0,0,0,0,0,0,0,0,1,0,1,1,0,0,1,0,0
0,0,0,-0.9819967455621728,1,1,1.1716222749636127,-0.5495901116081668,0,0,1,1,0,0,0,0,0,0,1,0,1,0,1,0,1,0,0,0,1,0,0
0,1,0,0.8948261900424792,1,0,-0.10575870035509087,0.6433875560953102,1,0,1,0,0,0,1,0,0,0,0,0,1,0,1,0,0,1,0,1,0,0,0
0,0,0,2.0614999067696957,1,0,-0.2073773320879461,1.4273716062377493,1,0,1,0,0,0,1,0,0,0,1,0,0,0,0,0,0,1,0,0,0,0,0
0,1,0,-0.7790969687400482,1,0,-1.6914730145438264,-1.0200177316753163,0,0,0,0,1,1,0,1,0,1,0,1,0,1,0,1,0,0,0,0,0,0,0
0,1,0,-0.1703976382736746,0,0,-1.7447938175063131,-0.9306655946413263,0,1,0,0,1,1,0,1,0,1,0,1,0,1,0,1,0,0,0,0,0,0,0
0,1,0,-0.37329741509579917,1,0,-0.1988769142243613,-0.35726660976406893,1,0,1,0,0,0,0,0,0,0,0,0,0,0,1,0,0,0,0,0,1,0,0
0,0,0,-0.2718475266847369,1,0,0.8605842576824404,0.14383633312838429,1,0,1,1,0,0,0,0,0,0,0,0,1,0,0,0,1,1,0,0,0,0,0
0,0,1,-0.5254722477123925,1,0,0.7539426517574668,-0.17520241321271496,1,0,1,0,0,0,1,0,1,0,1,0,1,0,1,0,0,1,0,0,0,0,0
0,1,0,-0.37329741509579917,1,1,-0.5752135960030716,-0.49563257783414266,0,0,0,0,0,0,0,0,0,0,0,0,0,0,0,0,0,0,0,1,0,0,0
0,0,0,0.23540191537057448,1,0,-0.022300052239894393,0.19740273088812266,1,0,0,0,0,0,0,0,1,0,1,0,0,0,1,0,0,0,1,0,0,1,0
0,1,0,-0.2718475266847369,1,1,0.03565734228454769,-0.1717719580054537,1,0,0,0,0,0,1,0,0,0,0,0,0,0,0,0,1,1,0,0,0,1,0
0,1,0,-0.6269221361234548,0,1,-0.3422248700148147,-0.5966931470334766,1,1,0,0,0,0,0,0,1,0,0,0,0,0,0,0,0,0,0,0,1,0,1
0,1,0,-1.1341715781787662,1,0,-1.7138832070932772,-1.152349945820095,1,0,0,0,1,1,0,1,0,1,0,1,0,1,0,1,0,0,0,0,1,0,0
0,0,1,0.33685180378163676,1,0,-1.6767904745976345,-0.737662413821584,0,0,1,0,1,1,0,1,0,1,0,1,0,1,0,1,0,0,1,0,1,0,0
0,0,0,0.793376301631417,1,1,0.9517705584008959,1.3674380271307016,1,0,0,1,0,0,0,0,0,0,0,0,1,0,1,0,1,0,0,0,0,1,1
0,0,0,2.1122248509752266,1,1,-0.19617223581322066,1.4611696051115322,0,0,0,0,0,0,0,0,0,0,1,0,0,0,0,0,1,0,0,1,0,0,0
0,1,1,-0.2718475266847369,1,0,1.1221652983027555,0.24054952170991814,1,0,1,1,0,0,0,0,0,0,1,0,1,0,0,0,1,0,0,0,0,0,1
1,1,0,-1.2863464107953595,1,0,0.10327430256306346,-1.0229288095521325,0,0,1,0,0,0,0,0,0,0,1,0,1,0,0,0,1,0,0,0,0,1,0
1,1,1,2.1122248509752266,1,0,-0.3514980531387253,1.2545087241208248,0,0,0,0,0,0,0,0,0,0,1,0,0,0,0,0,0,0,0,1,0,0,0
0,1,1,-0.37329741509579917,1,1,0.1921423075005412,-0.23816889944692973,0,0,1,0,0,0,1,0,0,0,1,0,0,0,1,0,0,1,0,0,0,1,0
0,1,0,-0.22112258247920574,1,0,0.7222592760841048,0.12148387172181903,1,0,0,1,0,0,1,0,0,0,0,0,0,0,1,0,1,1,0,1,0,0,0
0,1,0,0.5397515806037613,1,1,-0.2073773320879461,0.3002073819872234,0,0,0,0,0,0,1,0,1,0,0,0,0,0,0,0,0,0,0,0,0,1,1
0,0,0,-0.5254722477123925,1,1,0.621027026981413,-0.216425584292121,0,0,1,1,0,0,1,0,0,0,0,0,0,0,0,0,1,0,1,1,0,0,0
0,0,1,-1.3370713550008908,1,0,-1.716974268134581,-1.202735958939083,0,0,0,0,1,1,0,1,0,1,0,1,0,1,0,1,0,0,0,0,0,0,0
0,1,1,-0.37329741509579917,1,1,1.2755592024774456,0.19495973381528808,0,0,0,1,0,0,1,0,1,0,1,0,0,0,0,0,1,0,0,0,1,0,1
0,0,1,0.18467697116504336,1,0,0.20180187325461488,0.28031715385091616,1,0,1,0,0,0,0,0,1,0,0,0,1,0,0,0,1,0,0,0,0,0,0
0,1,0,2.1122248509752266,1,1,0.4432910171064569,2.2164596607633285,1,0,0,0,0,0,1,0,0,0,1,0,1,0,1,0,0,0,0,0,0,1,0
0,0,0,0.6412014690148236,1,0,-1.7447938175063131,-0.730545020774743,1,0,0,0,1,1,0,1,0,1,0,1,0,1,0,1,0,0,0,0,1,0,0
1,0,0,-0.7283720245345171,1,1,0.5499326230314305,-0.4360260140833013,1,0,1,1,0,0,0,0,0,0,1,0,0,0,1,0,0,0,0,0,1,0,1
0,1,0,1.0470010226590727,0,1,1.0727083216418982,1.7537329317315442,1,1,0,1,0,0,0,0,0,0,1,0,0,0,1,0,1,0,0,0,1,0,1
0,0,0,2.1122248509752266,1,1,0.09168282365817515,1.8448291506653007,0,0,0,0,0,0,0,0,0,0,0,0,1,0,1,0,1,0,0,0,1,0,0
0,0,1,-0.11967269406814346,1,1,0.9826811688139315,0.36922044627834893,1,0,0,1,0,0,0,0,1,0,0,0,0,0,1,0,1,0,0,0,0,1,1
1,1,0,1.554250464714384,0,1,-1.605309688017489,-0.39080171393972524,1,1,0,0,1,1,0,1,0,1,0,1,0,1,0,1,0,0,0,0,0,1,0
1,1,1,0.4890266363982302,1,1,-0.18767181794963586,0.2665632726928317,1,0,1,0,0,0,0,0,0,0,0,0,0,0,1,0,1,0,0,1,0,0,0
0,1,0,-0.8298219129455794,1,1,0.921632713248186,-0.46151397566996166,1,0,1,1,0,0,0,0,1,0,0,0,1,0,0,0,1,0,0,0,1,0,1
1,0,0,0.6919264132203548,1,1,0.297624765535026,0.7871204232466505,1,0,1,1,0,0,0,0,0,0,1,0,0,0,0,0,0,0,1,0,0,0,0
0,0,1,0.33685180378163676,1,0,0.006292262392163777,0.3034518872860536,1,0,0,0,0,0,1,0,0,0,0,0,1,0,0,0,1,1,0,1,0,0,0
0,1,0,-0.4240223593013303,1,1,-1.6976551366264336,-0.9620462447055061,0,0,0,0,1,1,0,1,0,1,0,1,0,1,0,1,0,0,0,0,1,0,0
1,0,0,-0.22112258247920574,1,1,0.217257178461133,-0.07370582353843931,0,0,0,0,0,0,1,0,0,0,0,0,1,0,0,0,1,0,0,1,0,0,0
0,1,0,0.5397515806037613,1,1,0.9127459127544381,1.0645961590205215,1,0,0,1,0,0,0,0,1,0,1,0,0,0,1,0,0,0,1,0,0,1,0
0,0,1,0.6919264132203548,1,1,0.6519376373944487,1.0500343575706332,0,0,1,1,0,0,0,0,0,0,0,0,1,0,0,0,1,1,0,0,0,1,0
0,1,1,-1.3370713550008908,1,0,-1.599513948565045,-1.1785945311720951,1,0,0,0,1,1,0,1,0,1,0,1,0,1,0,1,0,0,0,0,0,0,0
0,1,0,-0.1703976382736746,1,0,0.7794439053482211,0.23743966979305525,0,0,0,1,0,0,0,0,0,0,1,0,0,0,1,0,0,0,0,0,0,0,0
0,0,0,1.503525520508853,1,0,0.7253503371254089,1.9820858313505967,1,0,0,1,0,0,0,0,1,0,1,0,0,0,0,0,1,0,1,1,0,0,0
0,1,1,-1.3370713550008908,1,1,-0.19346755740208002,-1.0733981795266239,1,0,0,0,0,0,1,0,0,0,1,0,0,0,0,0,0,1,0,0,1,0,1
0,0,0,-0.5761971919179237,1,0,0.5306134915232832,-0.31293358676780003,1,0,0,0,0,0,1,0,1,0,0,0,1,0,1,0,0,0,0,1,0,0,1
0,0,0,0.793376301631417,1,1,1.0688444953402685,1.467953570736359,1,0,1,1,0,0,0,0,1,0,0,0,1,0,1,0,1,0,0,0,0,0,1
0,1,1,-0.9312718013566417,1,0,1.2566264535994613,-0.4858092930163404,1,0,0,1,0,0,0,0,1,0,1,0,1,0,0,0,1,0,0,1,0,0,0
0,1,1,-0.4747473035068614,1,0,-0.5763727438935606,-0.6069781005894522,1,0,0,0,0,0,0,0,0,0,1,0,0,0,0,0,0,1,0,1,0,0,1
0,0,0,-0.7790969687400482,1,1,0.4850203411640551,-0.4979793939198577,0,0,1,0,0,0,0,0,1,0,1,0,0,0,1,0,1,1,0,0,0,1,0
1,1,1,-1.387796299206422,0,1,1.783265978511558,-0.9897335448642984,1,1,0,1,0,0,1,0,1,0,1,0,1,0,1,0,1,0,0,0,0,0,0
0,0,1,1.0470010226590727,1,0,-1.7146559723536032,-0.5916019667819526,0,0,0,0,1,1,0,1,0,1,0,1,0,1,0,1,0,0,0,0,0,0,0
0,1,0,1.7571502415365088,1,1,0.5221130736596984,1.9751992726728425,1,0,1,1,0,0,0,0,1,0,0,0,0,0,1,0,0,0,0,1,0,0,0
0,1,1,0.5904765248092925,1,0,-1.732815955971262,-0.7353797183939484,0,0,1,0,1,1,0,1,0,1,0,1,0,1,0,1,0,1,0,0,1,0,0
1,1,0,0.2861268595761056,1,0,-0.6980832723948889,-0.18953338029351635,0,0,0,0,0,0,0,0,0,0,0,0,0,0,0,0,0,0,1,1,0,0,0
0,1,0,-0.5254722477123925,1,1,-1.6512892210068797,-0.9504468176588977,1,0,0,0,1,1,0,1,0,1,0,1,0,1,0,1,0,0,1,0,0,1,1
0,0,0,-0.5254722477123925,1,0,0.37876511786924466,-0.3137415070596036,0,0,1,1,0,0,0,0,0,0,0,0,1,0,0,0,0,0,0,0,1,0,0
0,1,1,0.9455511342480104,1,0,1.621758039103446,2.072906331454611,1,0,0,1,0,0,1,0,1,0,1,0,1,0,1,0,1,1,0,1,0,0,0
0,0,0,1.604975408919915,1,1,0.05768115220383597,1.3333386611639444,1,0,1,0,0,0,1,0,0,0,0,0,1,0,1,0,0,1,0,0,1,0,0
1,0,0,0.13395202695951222,1,0,0.08202325790410146,0.16702236308998542,0,0,0,0,0,0,0,0,0,0,0,0,1,0,0,0,1,0,0,0,1,0,1
0,0,1,-0.4747473035068614,1,0,-1.5512161197946766,-0.9032924857071242,0,0,1,0,1,1,0,1,0,1,0,1,0,1,0,1,0,1,0,0,0,1,0
1,0,0,0.2861268595761056,1,0,-1.7393844606840319,-0.8081502532485416,0,0,0,0,1,1,0,1,0,1,0,1,0,1,0,1,0,0,0,0,0,1,0
0,1,0,0.6412014690148236,0,1,-1.7447938175063131,-0.7300256434442979,1,1,0,0,1,1,0,1,0,1,0,1,0,1,0,1,0,1,0,0,0,0,0
0,0,0,-0.06894774986261233,1,0,1.3447216932766128,0.5736819886969244,0,0,1,1,0,0,0,0,1,0,1,0,1,0,1,0,0,1,0,0,1,0,1
1,1,0,1.0470010226590727,0,1,-1.7185197986552327,-0.6011495327700123,0,1,0,0,1,1,0,1,0,1,0,1,0,1,0,1,0,0,1,0,1,0,0
0,0,1,-1.0834466339732352,1,1,0.4475412260382493,-0.7922611541764047,0,0,1,1,0,0,0,0,0,0,0,0,0,0,1,0,0,0,0,0,0,0,1
0,0,1,-1.1341715781787662,1,0,1.1492120824141618,-0.758835055119484,1,0,0,1,0,0,1,0,0,0,0,0,0,0,1,0,1,0,0,0,0,0,1
0,0,1,0.5397515806037613,1,0,0.37103746526598613,0.7116247604236722,1,0,1,0,0,0,0,0,0,0,1,0,1,0,1,0,0,0,1,0,0,0,0
0,1,0,1.3006257436867283,1,1,-0.21819604573250864,0.8410074242967871,0,0,0,0,0,0,1,0,0,0,1,0,0,0,0,0,0,0,0,0,1,0,0
1,1,0,0.7426513574258858,1,1,0.4116076414330955,0.8665659186073351,0,0,0,0,0,0,0,0,1,0,1,0,0,0,0,0,1,0,1,0,0,0,0
0,0,0,0.33685180378163676,0,0,0.9853858472250719,0.8961383661136689,1,1,0,1,0,0,0,0,1,0,1,0,0,0,0,0,1,0,0,0,0,0,0
0,1,0,0.08322708275398108,1,0,-0.7042653944774963,-0.35754874065961945,1,0,1,0,0,0,0,0,0,0,0,0,0,0,0,0,0,1,0,0,0,1,0
0,1,0,-0.5254722477123925,1,1,0.3598323689912604,-0.3320287187439193,1,0,1,0,0,0,0,0,1,0,1,0,1,0,1,0,0,0,1,1,0,0,0
1,0,1,0.8948261900424792,1,1,0.07506837056116815,0.7812726192297866,0,0,1,1,0,0,0,0,0,0,0,0,0,0,0,0,0,0,1,0,0,1,0
0,0,0,0.23540191537057448,1,1,-0.5303932109041699,-0.1522472176202007,0,0,0,0,0,0,0,0,0,0,0,0,1,0,0,0,0,1,0,1,0,0,0
0,0,1,0.3875767479871679,1,1,0.5959121560208211,0.6960498525761255,1,0,1,1,0,0,1,0,0,0,0,0,0,0,1,0,0,0,1,0,0,0,0
0,1,0,-0.322572470890268,1,0,0.8837672154922169,0.10016375291033588,1,0,1,1,0,0,0,0,0,0,0,0,1,0,0,0,1,0,0,0,1,0,1
0,1,1,0.3875767479871679,1,0,0.04377137751796989,0.3246373527155695,0,0,0,0,0,0,0,0,1,0,0,0,0,0,0,0,1,0,1,0,0,1,0
0,1,0,0.08322708275398108,1,1,0.6523240200246118,0.42809603452708234,1,0,0,1,0,0,0,0,0,0,1,0,0,0,1,0,1,0,1,0,0,0,0
1,0,1,0.4890266363982302,1,1,-1.5825131128378753,-0.6672194588552821,0,0,1,0,1,1,0,1,0,1,0,1,0,1,0,1,0,1,0,0,1,0,0
0,1,0,-1.3370713550008908,0,1,0.7659205132925182,-1.0018715854387759,0,1,0,1,0,0,0,0,1,0,0,0,0,0,1,0,0,0,0,0,0,0,1
0,0,0,2.1122248509752266,1,0,0.3602187516214236,2.1395854037916373,1,0,0,0,0,0,0,0,1,0,1,0,1,0,1,0,0,1,0,0,0,1,0
0,1,0,-0.8298219129455794,1,1,-1.7150423549837661,-1.0577463268893816,1,0,1,0,1,1,0,1,0,1,0,1,0,1,0,1,0,0,0,0,1,0,0
0,1,0,0.9455511342480104,1,0,0.4313131555714055,1.1333399165477127,0,0,1,0,0,0,1,0,1,0,0,0,1,0,0,0,1,1,0,0,0,0,0
0,1,1,1.0977259668646038,1,0,0.7879443232118059,1.5683088126968163,1,0,0,1,0,0,0,0,0,0,1,0,0,0,0,0,1,0,0,1,0,0,1
0,1,0,-0.2718475266847369,1,1,0.02908883757177752,-0.2229274190213973,0,0,0,0,0,0,1,0,0,0,0,0,1,0,1,0,0,1,0,0,0,0,0
1,1,1,0.6412014690148236,0,0,0.6728022994232474,1.0013603660223722,1,1,0,1,0,0,0,0,0,0,1,0,1,0,0,0,0,0,0,1,0,0,1
0,0,0,0.33685180378163676,1,0,-1.7447938175063131,-0.8003595932918642,0,0,1,0,1,1,0,1,0,1,0,1,0,1,0,1,0,0,0,1,0,0,0
0,0,1,1.1991758552756662,1,0,0.5565011277442007,1.4754172153368297,1,0,0,1,0,0,0,0,1,0,0,0,0,0,0,0,1,0,0,1,0,0,0
0,1,1,0.13395202695951222,1,1,-0.6501718262546836,-0.2464148160759726,1,0,0,0,0,0,0,0,0,0,0,0,0,0,0,0,0,0,0,1,0,0,0
0,0,0,-1.438521243411953,1,1,-0.405205238731375,-1.1730609183798215,1,0,1,0,0,0,0,0,0,0,0,0,0,0,0,0,1,1,0,0,0,0,0
0,1,0,-1.1341715781787662,1,0,1.1654401528810052,-0.776705482526282,1,0,0,1,0,0,0,0,1,0,1,0,1,0,1,0,0,0,0,0,1,0,1
0,1,0,-0.5761971919179237,1,1,-0.258766221899618,-0.5386960118004346,1,0,0,0,0,0,0,0,1,0,1,0,0,0,0,0,0,0,0,1,0,0,0
0,0,1,-1.0834466339732352,1,1,0.25048608465514643,-0.846417461990476,0,0,0,0,0,0,0,0,0,0,1,0,1,0,1,0,1,0,1,0,0,0,0
0,1,0,0.23540191537057448,1,1,0.8358557693520117,0.6758454332152285,0,0,0,1,0,0,0,0,1,0,0,0,1,0,1,0,0,1,0,0,1,0,1
0,1,1,-0.22112258247920574,1,0,-1.6895411013930117,-0.9393539438111186,1,0,1,0,1,1,0,1,0,1,0,1,0,1,0,1,0,0,0,0,0,1,0
0,0,0,0.33685180378163676,1,0,-1.5821267302077122,-0.7162781743520212,1,0,0,0,1,1,0,1,0,1,0,1,0,1,0,1,0,1,0,1,0,0,0
0,1,0,-1.1848965223842973,1,1,-1.531510605656366,-1.1264387878901092,1,0,0,0,1,1,0,1,0,1,0,1,0,1,0,1,0,0,0,0,0,1,0
0,1,0,2.1122248509752266,1,0,0.45835993968281186,2.2355034962129836,0,0,0,1,0,0,0,0,1,0,0,0,0,0,1,0,0,0,0,1,0,0,1
0,0,0,1.554250464714384,1,1,0.9830675514440942,2.235381666962632,0,0,0,1,0,0,0,0,1,0,1,0,1,0,0,0,0,0,0,0,1,0,0
1,0,0,1.858600129947571,1,1,-0.4195013960474042,1.020154130905517,0,0,0,0,0,0,0,0,1,0,0,0,0,0,0,0,0,0,0,0,1,0,0
0,1,0,1.0470010226590727,1,1,-1.5504433545343506,-0.45322317458026307,0,0,0,0,1,1,0,1,0,1,0,1,0,1,0,1,0,0,1,0,1,0,1
0,0,1,-1.1341715781787662,1,1,-1.6771768572277974,-1.133395879291751,1,0,1,0,1,1,0,1,0,1,0,1,0,1,0,1,0,0,0,1,0,0,0
0,1,0,2.1122248509752266,1,1,0.030247985462266407,1.7269497328516754,1,0,0,0,0,0,1,0,0,0,1,0,0,0,0,0,1,0,0,1,0,0,0
0,0,0,0.23540191537057448,1,0,0.15466319237473536,0.29326311471719724,0,0,0,0,0,0,0,0,1,0,0,0,0,0,1,0,1,0,0,0,0,1,1
0,0,0,1.4528005763033218,1,1,0.5093624468643212,1.6536085241401732,0,0,0,0,0,0,1,0,0,0,0,0,1,0,1,0,1,0,0,0,1,0,0
0,0,1,1.1484509110701349,1,0,-1.7123376765726257,-0.5705768029976358,0,0,1,0,1,1,0,1,0,1,0,1,0,1,0,1,0,1,0,0,1,0,0
0,1,0,-0.1703976382736746,1,1,1.6542141800371337,0.5687575221564073,0,0,1,1,0,0,1,0,0,0,1,0,1,0,1,0,1,1,0,0,1,0,1
0,1,1,-0.4240223593013303,1,0,-0.47282219900989075,-0.5269683434376669,1,0,0,0,0,0,0,0,0,0,0,0,1,0,0,0,0,0,0,0,1,0,0
0,0,0,0.08322708275398108,1,1,0.21493888268015524,0.20918169577735432,1,0,0,1,0,0,0,0,1,0,0,0,0,0,0,0,0,0,0,0,1,0,1
0,1,1,-0.677647080328986,1,1,0.7118269450697053,-0.3408901936905267,0,0,0,1,0,0,0,0,0,0,0,0,0,0,1,0,1,0,0,1,0,0,1
0,1,1,-0.1703976382736746,0,1,-0.4469345627889732,-0.33184276883548836,0,1,0,0,0,0,0,0,0,0,1,0,0,0,0,0,1,1,0,0,1,0,0
0,0,0,-0.5254722477123925,1,0,-0.35806655785149544,-0.5474228333650748,0,0,1,0,0,0,0,0,0,0,0,0,1,0,0,0,1,0,0,0,1,0,0
1,1,0,0.6919264132203548,1,1,0.6627563510390112,1.0403136658057586,0,0,1,1,0,0,0,0,1,0,0,0,0,0,0,0,1,0,0,0,0,0,1
0,1,1,0.6919264132203548,1,0,0.5244313694406761,0.9364959083089998,1,0,0,1,0,0,1,0,0,0,0,0,0,0,0,0,0,0,0,1,0,0,0
0,1,1,0.793376301631417,1,0,0.5418185877980088,1.0306057981724999,1,0,0,1,0,0,0,0,0,0,0,0,0,0,1,0,1,0,0,0,0,0,0
0,1,0,-0.677647080328986,1,1,0.921632713248186,-0.2621115531738706,1,0,1,1,0,0,0,0,1,0,1,0,0,0,1,0,0,0,0,0,0,1,1
0,1,1,0.18467697116504336,1,0,-1.4998272299830047,-0.7083336248159526,0,0,0,0,1,1,0,1,0,1,0,1,0,1,0,1,0,0,0,0,0,1,0
0,1,0,0.13395202695951222,1,1,0.8273553514884263,0.5667633696901301,0,0,1,1,0,0,0,0,0,0,1,0,0,0,0,0,1,0,0,0,1,0,1
0,0,0,0.43830169219269904,1,1,-1.5148961525593596,-0.6163333046032731,1,0,1,0,1,1,0,1,0,1,0,1,0,1,0,1,0,1,0,0,0,1,0
0,0,0,2.1122248509752266,1,1,-1.7447938175063131,-0.40500443970436734,1,0,1,0,1,1,0,1,0,1,0,1,0,1,0,1,0,1,0,0,0,1,0
0,0,0,0.3875767479871679,1,0,0.08936452787719738,0.3425911369778711,1,0,1,0,0,0,0,0,1,0,1,0,1,0,0,0,0,0,0,0,0,0,0
0,1,0,2.1122248509752266,1,1,-0.581395718085679,1.0106899217729612,0,0,0,0,0,0,0,0,0,0,0,0,0,0,0,0,0,0,0,0,0,1,0
0,0,0,0.5397515806037613,0,1,0.5325454046740978,0.8029966981871713,1,1,0,1,0,0,0,0,0,0,1,0,0,0,0,0,1,0,0,0,1,0,1
0,1,0,-0.8298219129455794,1,0,0.8540157529696701,-0.45742307768448,1,0,1,1,0,0,1,0,0,0,0,0,0,0,1,0,1,0,0,1,0,0,1
0,1,1,-1.3370713550008908,1,0,0.10675174623453011,-1.0432486460975732,1,0,0,0,0,0,0,0,0,0,0,0,0,0,1,0,1,0,0,0,0,0,0
0,0,0,-1.2356214665898284,1,1,-0.1884445832099616,-1.0145674757385463,0,0,1,0,0,0,1,0,1,0,0,0,0,0,0,0,0,0,0,1,0,0,1
0,1,0,0.13395202695951222,1,0,0.4591327049431382,0.3509652949230731,0,0,0,1,0,0,0,0,0,0,0,0,0,0,0,0,1,0,1,1,0,0,0
0,0,0,2.1122248509752266,1,0,-1.58444502598869,-0.20210102927712742,0,0,0,0,1,1,0,1,0,1,0,1,0,1,0,1,0,0,0,0,1,0,0
1,0,1,-0.1703976382736746,1,1,0.6415053063800492,0.1237858033468782,1,0,1,1,0,0,0,0,1,0,0,0,0,0,1,0,0,0,0,0,1,0,1
0,0,1,-1.1341715781787662,1,1,0.5727291982110445,-0.8423842725972659,1,0,0,1,0,0,0,0,1,0,1,0,0,0,0,0,0,0,1,0,0,1,0
0,0,0,-0.7790969687400482,1,1,-1.7281793644093064,-1.0432101737027253,1,0,1,0,1,1,0,1,0,1,0,1,0,1,0,1,0,0,1,0,1,0,0
0,0,0,-1.2356214665898284,1,1,0.1082972767551816,-0.9692149342788109,0,0,1,0,0,0,1,0,1,0,1,0,0,0,1,0,0,0,1,0,1,0,0
1,0,0,-0.4240223593013303,1,1,0.8447425698457591,-0.007328118294387003,1,0,0,1,0,0,1,0,0,0,1,0,0,0,1,0,0,0,0,0,0,0,1
0,1,0,-0.677647080328986,1,0,-0.6749003145851122,-0.7284995717820023,0,0,1,0,0,0,0,0,0,0,0,0,0,0,0,0,0,0,0,0,0,1,1
0,1,0,-0.4240223593013303,0,1,0.4811565148624259,-0.1477908318836652,1,1,0,0,0,0,1,0,0,0,1,0,1,0,0,0,0,0,1,0,0,1,0
0,1,0,-0.4747473035068614,1,0,-1.4905540468590939,-0.8928344063743335,0,0,1,0,1,1,0,1,0,1,0,1,0,1,0,1,0,1,0,0,1,0,0
0,0,1,-0.5254722477123925,1,1,0.5700245197999037,-0.22117692505582287,1,0,1,1,0,0,0,0,0,0,0,0,1,0,1,0,1,1,0,0,1,0,1
0,1,0,-0.11967269406814346,1,0,0.5630696324569708,0.16916399306984548,1,0,0,0,0,0,1,0,1,0,0,0,1,0,1,0,0,0,0,0,0,1,0
0,0,0,0.5397515806037613,1,0,1.0989823404929784,1.1764418229088527,1,0,1,1,0,0,1,0,1,0,1,0,1,0,1,0,0,0,1,1,0,0,1
1,1,0,0.6919264132203548,1,1,0.29066987819209317,0.7851070345829494,0,0,1,0,0,0,0,0,0,0,1,0,1,0,0,0,1,0,1,0,1,0,0
0,1,0,1.4020756320977905,1,1,-1.6145828711413999,-0.4185146623617494,1,0,1,0,1,1,0,1,0,1,0,1,0,1,0,1,0,0,0,1,0,0,0
0,0,0,-0.06894774986261233,1,1,0.5120671252754616,0.17327412725275115,0,0,1,1,0,0,0,0,0,0,0,0,1,0,0,0,0,0,1,0,1,0,0
0,0,1,-1.387796299206422,1,0,1.2307388173785436,-1.048910500206006,0,0,1,1,0,0,1,0,1,0,1,0,1,0,0,0,1,0,0,0,1,0,1
0,0,0,2.1122248509752266,1,1,-1.7080874676408333,-0.33548482221441245,1,0,0,0,1,1,0,1,0,1,0,1,0,1,0,1,0,1,0,0,1,0,0
1,1,0,1.554250464714384,1,0,0.05845391746416171,1.3265995799997734,0,0,1,0,0,0,1,0,0,0,1,0,0,0,1,0,0,0,0,0,0,0,1
0,0,0,1.1484509110701349,0,1,0.2531907630662868,1.1183998032151548,1,1,0,1,0,0,0,0,0,0,0,0,0,0,1,0,0,0,1,0,1,0,0
1,1,0,-0.677647080328986,1,1,0.6202542617210867,-0.33865879478935496,1,0,1,1,0,0,0,0,0,0,1,0,0,0,0,0,0,1,0,0,0,1,1
0,1,0,-0.8298219129455794,1,1,0.200642725364126,-0.6392564398667474,1,0,0,0,0,0,0,0,1,0,1,0,0,0,1,0,0,0,0,0,1,0,1
0,1,1,-0.9819967455621728,1,1,0.9081093211924824,-0.5929485006016252,0,0,1,1,0,0,1,0,0,0,0,0,1,0,0,0,1,0,0,0,1,0,1
0,1,0,0.7426513574258858,1,1,-1.577490138645757,-0.5587657777793645,0,0,1,0,1,1,0,1,0,1,0,1,0,1,0,1,0,0,0,0,1,0,0
0,1,0,0.43830169219269904,0,1,-1.7447938175063131,-0.7580784313541441,0,1,0,0,1,1,0,1,0,1,0,1,0,1,0,1,0,0,1,1,0,0,0
0,0,0,-0.4747473035068614,1,0,1.1839865191288268,0.0035082729210735132,0,0,0,1,0,0,0,0,0,0,1,0,0,0,1,0,1,0,1,0,1,0,0
0,0,1,-0.322572470890268,1,1,-0.5103013141356966,-0.4950106074507701,0,0,0,0,0,0,1,0,0,0,0,0,0,0,0,0,0,0,0,1,0,0,1
0,0,0,-0.37329741509579917,1,0,-0.3920682293058349,-0.417655445543482,1,0,1,0,0,0,0,0,0,0,0,0,0,0,1,0,0,0,1,1,0,0,0
0,0,0,-0.5761971919179237,1,0,1.3999744093899145,0.004207188094141776,0,0,0,1,0,0,0,0,1,0,0,0,1,0,1,0,1,1,0,0,0,0,0
0,1,0,0.43830169219269904,1,0,-0.5083694009848819,0.02372551641358668,1,0,1,0,0,0,0,0,0,0,0,0,0,0,0,0,0,0,1,0,1,0,0
1,0,0,0.6412014690148236,1,0,-1.50446382154496,-0.5352078480009016,0,0,1,0,1,1,0,1,0,1,0,1,0,1,0,1,0,0,0,0,1,0,0
0,0,1,0.9962760784535415,1,1,-1.6076279837984666,-0.529129209614951,1,0,0,0,1,1,0,1,0,1,0,1,0,1,0,1,0,0,0,0,0,0,0
0,0,0,1.4528005763033218,1,0,0.37026470000565986,1.5344915776256098,0,0,1,1,0,0,0,0,0,0,0,0,1,0,0,0,0,0,0,0,0,1,1
0,0,0,-0.8298219129455794,1,0,-1.5975820354142303,-1.0147149532521296,1,0,1,0,1,1,0,1,0,1,0,1,0,1,0,1,0,0,0,0,0,1,0
0,0,1,-0.322572470890268,1,0,-0.1598522685779034,-0.2836817425518643,0,0,1,0,0,0,0,0,0,0,0,0,0,0,0,0,1,0,0,0,1,0,0
0,1,0,-0.4240223593013303,1,0,-0.4102282129234934,-0.48836770727371837,1,0,0,0,0,0,0,0,0,0,0,0,1,0,0,0,0,0,0,0,0,0,1
0,1,0,-0.4240223593013303,1,1,-1.531510605656366,-0.9146418421872219,1,0,0,0,1,1,0,1,0,1,0,1,0,1,0,1,0,0,1,0,1,0,0
0,0,0,1.554250464714384,1,1,1.2419439136532688,2.4943265325514847,1,0,1,1,0,0,1,0,0,0,0,0,1,0,1,0,1,0,0,1,0,0,0
0,1,0,-0.22112258247920574,1,1,0.07468198793100556,-0.13819196936914183,0,0,1,0,0,0,1,0,1,0,0,0,0,0,0,0,1,0,1,1,0,0,1
1,0,0,-0.4747473035068614,1,1,-0.23365135093902648,-0.45415933618822596,1,0,0,0,0,0,0,0,0,0,0,0,0,0,1,0,1,0,0,0,0,1,0
0,1,1,-0.7283720245345171,1,0,0.8725621192174913,-0.3367287629811575,1,0,1,1,0,0,0,0,0,0,1,0,0,0,1,0,1,0,0,0,0,1,1
0,1,0,-1.2356214665898284,1,0,1.132597629317155,-0.8867814162516147,1,0,1,0,0,0,0,0,1,0,1,0,1,0,1,0,1,0,0,0,1,0,0
0,1,0,-0.37329741509579917,1,0,-0.07214341153091455,-0.34839231068584564,1,0,0,0,0,0,0,0,1,0,1,0,0,0,0,0,0,0,0,0,0,1,1
0,0,0,0.43830169219269904,1,0,0.7145316234808463,0.8056641175632849,0,0,1,0,0,0,1,0,1,0,1,0,1,0,0,0,0,1,0,0,0,0,0
0,1,0,2.1122248509752266,1,0,-1.7447938175063131,-0.39525168761045276,0,0,0,0,1,1,0,1,0,1,0,1,0,1,0,1,0,1,0,0,1,0,0
0,0,0,0.18467697116504336,1,1,1.079663208984831,0.755662828392775,0,0,0,1,0,0,1,0,1,0,1,0,0,0,0,0,1,0,0,0,1,0,1
0,0,0,-1.2863464107953595,1,1,0.34901365534669787,-1.0040965722741397,1,0,0,0,0,0,0,0,1,0,1,0,0,0,0,0,1,0,0,0,1,0,1
0,1,1,1.6557003531254464,1,0,-1.6084007490587926,-0.3347153743174566,0,0,1,0,1,1,0,1,0,1,0,1,0,1,0,1,0,0,0,1,0,0,0
0,1,0,-1.1848965223842973,1,0,1.1519167608253023,-0.8080540722614221,0,0,1,1,0,0,0,0,1,0,1,0,1,0,0,0,1,0,0,0,0,1,0
0,0,0,1.3006257436867283,1,0,-0.390909081415346,0.68103920651968,1,0,0,0,0,0,0,0,0,0,0,0,0,0,1,0,0,0,1,1,0,0,0
0,1,0,-0.2718475266847369,1,1,0.02908883757177752,-0.18080655872887627,1,0,0,0,0,0,0,0,0,0,0,0,0,0,1,0,1,0,0,0,0,1,1
0,1,1,0.6412014690148236,1,1,0.2215073873929254,0.650024044206554,0,0,0,0,0,0,1,0,0,0,1,0,0,0,1,0,1,0,0,1,0,0,0
0,1,0,0.08322708275398108,1,0,-1.4774170374335536,-0.7261014591698233,1,0,1,0,1,1,0,1,0,1,0,1,0,1,0,1,0,1,0,1,0,0,0
0,0,0,0.13395202695951222,1,0,0.6051853391447317,0.454802288617256,1,0,1,1,0,0,0,0,1,0,0,0,1,0,0,0,0,0,0,0,0,1,0
0,0,0,0.032502138548449945,1,1,0.40890296302195456,0.2508024149368541,1,0,1,1,0,0,0,0,1,0,0,0,0,0,0,0,0,0,1,0,0,1,0
1,0,0,-1.2356214665898284,1,0,0.4969982026991066,-0.9338972758085404,0,0,1,1,0,0,0,0,0,0,1,0,0,0,0,0,0,0,0,0,1,0,1
0,0,1,-0.4240223593013303,1,1,-1.7447938175063131,-0.9639378041188558,0,0,0,0,1,1,0,1,0,1,0,1,0,1,0,1,0,0,0,0,0,0,1
0,0,1,-0.37329741509579917,1,1,0.5429777356884973,-0.07952797929207135,0,0,0,1,0,0,0,0,1,0,0,0,0,0,0,0,1,0,0,0,0,1,1
0,0,0,-0.5254722477123925,1,0,0.4869522543148703,-0.2546543206392074,0,0,1,1,0,0,0,0,0,0,1,0,0,0,0,0,0,0,0,0,1,0,1
0,1,0,1.0470010226590727,1,0,-1.6350611505400363,-0.5691212640592278,0,0,0,0,1,1,0,1,0,1,0,1,0,1,0,1,0,1,0,0,1,0,0
0,1,1,1.4020756320977905,1,0,0.678984421505855,1.7769959064828407,0,0,0,0,0,0,1,0,1,0,1,0,1,0,1,0,0,0,0,0,0,1,0
0,1,1,-1.3370713550008908,1,1,0.3563549253197938,-1.0399400201406632,1,0,0,1,0,0,0,0,0,0,1,0,0,0,0,0,1,0,1,0,0,0,1
0,1,0,-0.5254722477123925,1,0,-1.6767904745976345,-0.9866236929474355,1,0,1,0,1,1,0,1,0,1,0,1,0,1,0,1,0,0,0,0,1,0,1
0,1,0,-0.2718475266847369,0,1,0.5503190056615936,-0.03222616982671463,0,1,0,1,0,0,0,0,0,0,1,0,0,0,1,0,0,0,0,1,0,0,1
0,0,0,-0.8298219129455794,1,1,-1.6138101058810739,-1.0299307854144302,0,0,0,0,1,1,0,1,0,1,0,1,0,1,0,1,0,0,0,1,0,0,0
0,1,0,0.33685180378163676,1,0,0.33239920224969144,0.47501312004396123,1,0,1,0,0,0,0,0,1,0,0,0,1,0,1,0,1,0,1,0,0,0,0
1,1,0,1.0470010226590727,1,0,0.9610437415248064,1.6893622030853848,1,0,0,1,0,0,1,0,0,0,1,0,1,0,0,0,0,0,0,1,0,0,1
0,1,1,-1.2863464107953595,1,1,0.9525433236612216,-0.9471253675703719,0,0,0,1,0,0,0,0,0,0,0,0,1,0,1,0,1,0,1,0,0,1,1
1,0,0,0.08322708275398108,1,1,0.06540880480709448,0.10135639715061713,1,0,0,1,0,0,0,0,0,0,0,0,0,0,0,0,0,0,0,0,0,1,1
1,0,0,1.9600500183586334,1,1,0.1963925164323336,1.7816959507200787,1,0,0,0,0,0,0,0,0,0,1,0,0,0,1,0,1,0,1,0,0,1,0
0,1,0,0.8441012458369481,1,1,0.4977709679594329,1.0765738979498,0,0,0,0,0,0,1,0,1,0,0,0,0,0,1,0,1,0,1,0,1,0,0
0,0,0,0.6919264132203548,1,1,0.3320128196195283,0.7793425874215891,0,0,0,0,0,0,1,0,0,0,0,0,1,0,1,0,0,0,0,0,1,0,0
0,1,0,0.13395202695951222,1,1,1.27749111562826,0.8165838656342489,0,0,0,1,0,0,0,0,0,0,1,0,1,0,1,0,1,1,0,0,0,0,1
0,1,0,1.3513506878922594,1,0,-1.6721538830356788,-0.4978832129327383,1,0,0,0,1,1,0,1,0,1,0,1,0,1,0,1,0,0,0,0,0,0,0
0,1,0,-0.9312718013566417,1,1,-0.4589124243240247,-0.8390179380480843,1,0,1,0,0,0,0,0,0,0,0,0,0,0,1,0,0,0,1,0,0,0,0
0,0,0,0.9455511342480104,1,1,0.09013729313752311,0.8398019559248897,1,0,1,1,0,0,0,0,0,0,0,0,0,0,0,0,0,0,0,1,0,0,1
0,1,0,-0.7283720245345171,1,0,1.3992016441295887,-0.19364992654222984,1,0,0,1,0,0,1,0,1,0,1,0,0,0,1,0,1,0,1,0,0,0,1
0,1,1,-0.6269221361234548,1,1,0.6217997922417388,-0.2828802343258687,0,0,0,1,0,0,0,0,0,0,1,0,0,0,1,0,0,0,0,0,1,0,1
0,0,1,0.3875767479871679,1,0,-1.583285878098201,-0.697138157915246,1,0,0,0,1,1,0,1,0,1,0,1,0,1,0,1,0,0,0,1,0,0,0
0,1,1,-0.06894774986261233,1,1,0.45101866970971594,0.15634627351972386,1,0,1,0,0,0,0,0,1,0,1,0,1,0,1,0,0,1,0,0,1,0,0
0,0,1,0.5904765248092925,0,1,0.4119940240632581,0.7456920660613895,0,1,0,1,0,0,0,0,0,0,0,0,0,0,0,0,1,0,1,1,0,0,0
0,0,1,-0.5254722477123925,1,1,-0.405205238731375,-0.5408184055828709,1,0,0,0,0,0,0,0,1,0,0,0,0,0,0,0,0,1,0,0,0,1,1
0,1,0,-1.3370713550008908,1,1,-1.5937182091126005,-1.1581272171130714,1,0,0,0,1,1,0,1,0,1,0,1,0,1,0,1,0,0,0,0,0,0,0
0,0,0,0.9455511342480104,1,0,0.467633122806723,1.136411296069728,0,0,0,1,0,0,0,0,1,0,0,0,0,0,0,0,1,0,0,0,1,0,1
0,1,0,0.032502138548449945,1,1,-1.7104057634218108,-0.8378830024000746,0,0,0,0,1,1,0,1,0,1,0,1,0,1,0,1,0,0,1,0,0,0,0
0,0,1,0.23540191537057448,1,1,0.16393637549864645,0.27341777104154613,0,0,0,0,0,0,0,0,1,0,0,0,0,0,1,0,1,0,1,0,0,1,0
1,0,0,1.4020756320977905,1,1,0.6855529262186252,1.8116787704381225,0,0,1,1,0,0,0,0,0,0,0,0,1,0,1,0,0,0,0,0,0,1,0
0,1,1,-0.9312718013566417,1,1,0.2160980305706441,-0.7140211271876176,1,0,0,0,0,0,0,0,0,0,1,0,1,0,1,0,0,0,1,0,1,0,1
0,1,0,1.0977259668646038,1,1,0.5410458225376826,1.3639562753969765,1,0,0,0,0,0,0,0,0,0,0,0,1,0,1,0,1,0,0,0,0,1,0
1,0,0,-1.0834466339732352,1,1,-1.5438748498215806,-1.108369586443264,1,0,0,0,1,1,0,1,0,1,0,1,0,1,0,1,0,0,0,0,0,0,0
0,1,0,0.13395202695951222,1,0,0.024065863379659384,0.10016375291033588,0,0,1,0,0,0,1,0,0,0,0,0,0,0,1,0,1,0,0,0,0,1,0
0,1,0,-1.0834466339732352,1,0,0.7299869286873638,-0.7692290137941951,0,0,1,1,0,0,1,0,0,0,0,0,0,0,1,0,0,0,0,0,1,0,0
0,0,0,0.9962760784535415,1,1,-1.6628806999117685,-0.5638441338992727,0,0,1,0,1,1,0,1,0,1,0,1,0,1,0,1,0,0,0,0,0,0,0
1,0,0,-1.3370713550008908,1,1,-1.613423723250911,-1.1853656726653061,1,0,1,0,1,1,0,1,0,1,0,1,0,1,0,1,0,0,0,0,0,1,0
0,0,0,-0.9819967455621728,1,0,0.48154289749258905,-0.6849424087484969,0,0,0,1,0,0,0,0,1,0,0,0,0,0,0,0,0,0,1,0,1,0,0
0,1,0,-0.1703976382736746,1,0,0.8115136636517457,0.23340006833403756,0,0,0,1,0,0,1,0,0,0,0,0,0,0,1,0,0,0,0,1,0,0,0
0,0,0,0.08322708275398108,1,0,-0.13782845865861543,-0.028744418092989676,1,0,0,0,0,0,0,0,0,0,1,0,0,0,1,0,0,1,0,1,0,0,0
0,1,1,-0.5761971919179237,1,0,-1.6690628219943755,-0.9884639558343213,1,0,0,0,1,1,0,1,0,1,0,1,0,1,0,1,0,0,0,0,1,0,0
0,0,0,1.554250464714384,1,1,0.5136126557961136,1.7845621441362391,1,0,1,0,0,0,1,0,1,0,1,0,0,0,0,0,1,1,0,0,1,0,0
1,1,0,-0.7283720245345171,1,0,-1.7335887212315877,-1.056015069121231,0,0,0,0,1,1,0,1,0,1,0,1,0,1,0,1,0,0,1,1,0,0,0
0,1,0,-0.2718475266847369,1,0,0.10172877204241197,-0.18617986987595073,1,0,1,0,0,0,0,0,1,0,0,0,0,0,0,0,1,0,1,0,0,0,0
0,1,0,0.23540191537057448,1,1,0.5549555972235487,0.4991096633502931,0,0,0,1,0,0,1,0,0,0,0,0,1,0,0,0,0,0,1,0,0,1,0
0,0,0,0.8441012458369481,1,0,0.838174065132989,1.3265867558681577,1,0,1,1,0,0,0,0,1,0,0,0,0,0,1,0,0,0,0,0,1,0,1
0,1,0,-0.7790969687400482,1,0,1.012046248706315,-0.3614921611315179,1,0,0,1,0,0,0,0,0,0,0,0,1,0,1,0,1,0,0,1,0,0,1
1,1,1,-0.6269221361234548,1,1,-1.5608756855487502,-0.9746138936891173,1,0,0,0,1,1,0,1,0,1,0,1,0,1,0,1,0,0,0,1,0,0,1
0,1,0,-0.11967269406814346,1,1,0.9865449951155608,0.358627713563591,0,0,0,1,0,0,1,0,0,0,1,0,0,0,0,0,1,1,0,0,1,0,0
0,0,0,-0.11967269406814346,1,1,-1.5338289014373439,-0.8078232378923355,1,0,1,0,1,1,0,1,0,1,0,1,0,1,0,1,0,0,0,0,0,1,0
0,0,1,-0.5761971919179237,1,1,-0.1146455008488388,-0.4993131036079145,0,0,1,0,0,0,0,0,1,0,1,0,0,0,0,0,0,0,0,0,0,1,1
0,1,0,-0.5761971919179237,1,1,0.6979171703838393,-0.2547569136921349,0,0,1,1,0,0,0,0,0,0,0,0,1,0,0,0,1,0,0,0,0,1,1
0,1,1,0.5904765248092925,1,0,0.7705571048544732,0.9844517484867689,1,0,0,1,0,0,0,0,0,0,1,0,1,0,0,0,0,0,0,0,1,0,1
0,0,0,2.1122248509752266,1,1,0.007451410282652663,1.7259238023224008,0,0,0,0,0,0,0,0,1,0,0,0,1,0,0,0,0,0,0,0,1,0,1
0,1,1,-1.0834466339732352,1,0,0.3973114841170663,-0.8161845717059217,1,0,1,1,0,0,0,0,0,0,0,0,1,0,0,0,0,0,0,0,1,0,1
0,0,0,-0.1703976382736746,1,1,-1.7247019207378398,-0.9277160443696623,0,0,1,0,1,1,0,1,0,1,0,1,0,1,0,1,0,0,0,0,1,0,1
0,0,0,-0.6269221361234548,1,0,1.0997551057533046,-0.17644635397946004,0,0,1,1,0,0,0,0,1,0,0,0,0,0,1,0,1,0,0,1,0,0,1
0,0,0,1.503525520508853,1,0,0.5781385550333259,1.7732063755903333,1,0,0,1,0,0,1,0,0,0,1,0,0,0,0,0,1,0,0,0,1,0,1
0,1,1,-0.018222805657081193,0,1,-0.2541296303376627,-0.1251049430550855,0,1,0,0,0,0,0,0,1,0,0,0,0,0,0,0,1,0,1,0,0,1,0
1,0,1,-1.0834466339732352,1,0,-1.4971225515718638,-1.09524408773436,0,0,1,0,1,1,0,1,0,1,0,1,0,1,0,1,0,0,1,0,1,0,0
1,0,1,-0.7790969687400482,1,0,0.06579518743725762,-0.5883189890882746,0,0,1,0,0,0,0,0,1,0,0,0,1,0,0,0,0,0,1,0,0,1,0
0,0,1,-0.6269221361234548,1,1,1.4301122545426244,-0.06390818698386888,0,0,0,1,0,0,1,0,1,0,0,0,1,0,1,0,1,0,0,1,0,0,0
0,1,0,2.1122248509752266,1,0,-1.7447938175063131,-0.3890704561715747,1,0,0,0,1,1,0,1,0,1,0,1,0,1,0,1,0,1,0,0,1,0,0
0,0,1,-0.7283720245345171,1,1,0.9591118283739918,-0.3416083450610189,1,0,0,1,0,0,0,0,1,0,1,0,0,0,1,0,0,0,0,0,0,1,0
1,1,0,-0.5761971919179237,0,1,-1.7447938175063131,-1.0018908216361997,1,1,0,0,1,1,0,1,0,1,0,1,0,1,0,1,0,1,0,1,0,0,0
0,0,0,-0.06894774986261233,1,1,0.17282317599239386,0.02273164621335216,0,0,0,0,0,0,0,0,0,0,1,0,1,0,1,0,0,0,0,1,0,0,0
0,1,0,0.18467697116504336,1,0,0.9417246100166591,0.6785705611836135,0,0,0,1,0,0,0,0,0,0,1,0,1,0,0,0,1,0,0,1,0,0,1
0,0,0,-0.8298219129455794,1,0,1.6047572033762765,-0.2826173396277422,0,0,1,1,0,0,1,0,1,0,0,0,1,0,1,0,1,0,1,0,0,1,0
0,0,0,1.1484509110701349,1,1,-0.19346755740208002,0.7316496419419464,1,0,0,0,0,0,0,0,0,0,1,0,0,0,1,0,0,0,1,0,0,0,0
1,1,0,-0.5254722477123925,1,1,0.1361168261269143,-0.3587542090315169,0,0,1,0,0,0,1,0,0,0,1,0,1,0,0,0,0,0,0,0,0,0,0
0,0,0,-0.2718475266847369,1,0,0.6689384731216182,0.06281988164474842,0,0,0,1,0,0,1,0,1,0,1,0,0,0,0,0,0,0,1,1,0,0,0
0,0,0,1.858600129947571,1,1,0.34553621167523124,1.907257023371647,0,0,0,0,0,0,0,0,1,0,0,0,0,0,1,0,1,0,1,1,0,0,0
0,0,1,-0.7790969687400482,1,0,0.6214134096115755,-0.43621837605754027,0,0,1,0,0,0,0,0,1,0,0,0,1,0,1,0,1,0,1,1,0,0,0
0,1,0,-0.677647080328986,0,0,0.6511648721341229,-0.35543275894299103,1,1,0,1,0,0,0,0,0,0,1,0,0,0,0,0,1,0,0,0,0,0,0
0,1,0,1.554250464714384,0,1,0.6445963674213527,1.8803135228465784,0,1,0,1,0,0,1,0,0,0,0,0,1,0,0,0,0,0,1,1,0,0,0
0,0,0,0.032502138548449945,1,0,0.9266556874403041,0.5117606691894078,1,0,1,1,0,0,0,0,1,0,1,0,0,0,0,0,0,0,1,0,0,0,0
1,0,1,-1.1341715781787662,1,1,0.3011022092064926,-0.853893930722563,0,0,0,1,0,0,0,0,0,0,0,0,1,0,0,0,0,1,0,0,0,0,1
0,0,1,-1.2863464107953595,1,1,0.326603462797247,-0.9877393923980212,1,0,0,1,0,0,1,0,0,0,0,0,0,0,1,0,0,1,0,0,1,0,1
0,1,0,1.0470010226590727,1,0,-1.7447938175063131,-0.6472266376660477,0,0,0,0,1,1,0,1,0,1,0,1,0,1,0,1,0,0,1,1,0,0,0
0,0,0,0.6412014690148236,1,0,0.6882576046297656,0.9998791788207323,1,0,1,1,0,0,0,0,1,0,0,0,0,0,0,0,1,0,0,0,0,0,0
0,1,0,-0.4747473035068614,1,1,0.10443345045355235,-0.33116308985984416,1,0,1,1,0,0,0,0,0,0,0,0,0,0,0,0,0,1,0,0,0,1,0
0,1,1,-0.7283720245345171,1,1,0.2130069695293406,-0.5129515675814558,1,0,0,1,0,0,1,0,0,0,0,0,0,0,0,0,0,0,1,0,1,0,0
1,1,0,1.1991758552756662,1,1,0.8891765723144982,1.7638832319055526,0,0,0,1,0,0,0,0,1,0,0,0,0,0,1,0,1,0,1,0,0,0,0
0,1,0,1.2499007994811973,1,1,-1.7447938175063131,-0.5916789115716482,0,0,1,0,1,1,0,1,0,1,0,1,0,1,0,1,0,1,0,0,1,0,0
0,0,0,-0.9312718013566417,1,0,0.6990763182743281,-0.5912364790308986,0,0,0,1,0,0,1,0,0,0,0,0,0,0,1,0,1,0,0,0,1,0,1
0,1,0,-1.438521243411953,1,1,0.8559476661204848,-1.1447965322983125,1,0,0,1,0,0,0,0,1,0,0,0,1,0,0,0,0,1,0,0,0,0,0
0,0,0,1.2499007994811973,1,1,0.22305291791357743,1.1985057413540596,1,0,0,0,0,0,0,0,1,0,0,0,0,0,1,0,1,0,1,1,0,0,0
0,0,0,-0.9312718013566417,1,1,-1.6026050096063484,-1.0590030917877427,0,0,1,0,1,1,0,1,0,1,0,1,0,1,0,1,0,1,0,0,0,0,0
0,0,1,-0.5761971919179237,1,0,0.5082032989738323,-0.2684146138631,0,0,0,1,0,0,0,0,0,0,1,0,0,0,0,0,1,0,0,0,1,0,1
0,1,1,1.858600129947571,1,0,0.00976970606363016,1.507150529020448,1,0,1,0,0,0,1,0,0,0,0,0,0,0,0,0,1,0,0,1,0,0,0
0,1,0,-0.22112258247920574,1,1,0.7663068959226808,0.18070571152418222,1,0,1,0,0,0,0,0,0,0,1,0,1,0,1,0,1,0,1,0,1,0,0
0,0,0,1.858600129947571,1,1,0.2118478216388517,1.7354585441788444,1,0,0,0,0,0,0,0,1,0,0,0,1,0,0,0,1,0,0,0,1,0,0
0,1,0,-0.4747473035068614,1,0,0.949065879989755,-0.0586310568239138,0,0,0,1,0,0,0,0,1,0,0,0,0,0,1,0,1,0,0,1,0,0,0
0,1,0,0.793376301631417,1,1,-1.7447938175063131,-0.6893731462218007,1,0,0,0,1,1,0,1,0,1,0,1,0,1,0,1,0,0,0,1,0,0,0
1,0,0,0.23540191537057448,1,0,0.6836210130678101,0.5877115886847514,1,0,1,0,0,0,0,0,1,0,1,0,0,0,1,0,1,0,0,0,1,0,0
0,1,0,0.43830169219269904,1,0,-1.7104057634218108,-0.7627015308016867,0,0,0,0,1,1,0,1,0,1,0,1,0,1,0,1,0,1,0,0,1,0,0
1,1,0,-0.5254722477123925,0,0,0.6758933604645515,-0.21123181098766938,0,1,0,1,0,0,1,0,1,0,1,0,0,0,0,0,0,0,0,0,0,1,0
0,0,0,-0.11967269406814346,1,1,0.2555090588472646,0.045968972701416796,0,0,0,0,0,0,1,0,1,0,1,0,0,0,0,0,0,0,1,1,0,0,0
0,0,1,-0.7283720245345171,1,1,0.9598845936343176,-0.3320543670071512,1,0,0,1,0,0,1,0,0,0,1,0,0,0,0,0,1,1,0,1,0,0,1
0,0,0,-0.9312718013566417,1,0,-0.039300887967063984,-0.7832265534529823,1,0,1,0,0,0,0,0,1,0,1,0,1,0,0,0,0,0,0,0,1,0,0
0,1,0,1.6557003531254464,1,0,-1.7281793644093064,-0.455967538746072,0,0,1,0,1,1,0,1,0,1,0,1,0,1,0,1,0,1,0,1,0,0,0
0,1,0,0.9455511342480104,1,1,0.6851665435884621,1.3216622893276406,1,0,0,1,0,0,0,0,0,0,0,0,1,0,1,0,0,1,0,0,0,1,1
0,0,1,1.1991758552756662,1,0,1.0101143355555005,1.8476119872259575,0,0,0,1,0,0,0,0,1,0,1,0,0,0,0,0,1,0,0,1,0,0,0
1,1,0,-0.11967269406814346,1,1,0.4058119019806511,0.10151028673000845,1,0,0,1,0,0,0,0,0,0,0,0,0,0,1,0,0,1,0,0,1,0,0
0,0,0,2.1122248509752266,1,0,-0.20467265367680545,1.4592588095007584,0,0,1,0,0,0,1,0,0,0,0,0,1,0,0,0,0,0,0,0,0,0,0
1,1,0,0.08322708275398108,1,1,1.3327438317415619,0.7816765793756882,0,0,1,1,0,0,1,0,1,0,0,0,0,0,1,0,1,0,0,0,0,1,1
0,1,0,-1.438521243411953,1,1,0.3497864206070236,-1.1561138284493704,0,0,0,1,0,0,0,0,0,0,0,0,0,0,0,0,1,0,0,0,0,1,0
0,1,1,-0.1703976382736746,1,1,0.9660667157169246,0.28472224306098826,0,0,1,1,0,0,0,0,1,0,1,0,0,0,0,0,1,0,0,0,0,1,1
0,1,0,1.1484509110701349,0,0,0.9096548517131345,1.7201914154900804,0,1,0,1,0,0,1,0,0,0,0,0,0,0,1,0,1,0,0,0,1,0,1
0,0,0,0.8948261900424792,1,0,0.2160980305706441,0.9049357204021966,1,0,1,0,0,0,1,0,0,0,1,0,0,0,0,0,1,0,0,0,0,0,0
0,1,0,-0.8805468571511105,1,1,0.44792760866841247,-0.6134735232529207,1,0,0,0,0,0,1,0,0,0,1,0,0,0,1,0,1,0,1,0,0,1,0
0,1,1,1.604975408919915,1,1,0.9730216030598579,2.289627743698015,1,0,0,1,0,0,1,0,0,0,0,0,0,0,1,0,0,0,0,0,0,0,0
1,1,0,-1.2356214665898284,1,0,0.31269368811138093,-0.9623283756010566,1,0,0,1,0,0,0,0,0,0,0,0,1,0,0,0,0,1,0,0,0,1,1
0,1,0,-1.0834466339732352,1,1,-0.0423919490083675,-0.8399989841167032,1,0,0,0,0,0,0,0,1,0,0,0,0,0,1,0,0,0,1,1,0,0,0
1,1,1,-0.322572470890268,1,1,-1.7359070170125654,-0.9629567580502372,1,0,1,0,1,1,0,1,0,1,0,1,0,1,0,1,0,0,0,0,0,0,0
0,0,0,-1.2863464107953595,1,1,0.8601978750522772,-0.9922919591216763,1,0,0,1,0,0,1,0,1,0,0,0,0,0,1,0,0,0,0,0,0,0,1
0,0,1,0.18467697116504336,1,0,-0.08103021202466222,0.11475120262345592,0,0,0,0,0,0,1,0,0,0,0,0,1,0,0,0,0,0,0,0,0,1,0
0,1,0,-0.9312718013566417,1,0,0.10636536360436696,-0.7095198569904263,1,0,0,0,0,0,1,0,0,0,0,0,0,0,1,0,1,0,0,0,1,0,1
1,0,0,-0.9819967455621728,0,1,0.8455153351060853,-0.6453286661868901,1,1,0,0,0,0,1,0,1,0,1,0,1,0,1,0,0,1,0,0,0,1,1
0,1,1,1.0977259668646038,1,1,-1.6300381763479177,-0.5186518940847364,0,0,0,0,1,1,0,1,0,1,0,1,0,1,0,1,0,0,1,0,1,0,0
0,0,0,-0.5254722477123925,1,1,0.6055717217748948,-0.206025213551602,0,0,1,1,0,0,1,0,0,0,1,0,0,0,0,0,0,0,0,0,0,1,1
0,0,1,1.7571502415365088,1,1,-1.7447938175063131,-0.4678811570172706,1,0,1,0,1,1,0,1,0,1,0,1,0,1,0,1,0,0,0,0,0,0,0
0,1,0,1.1484509110701349,1,1,-0.18148969586702857,0.7444865976894921,0,0,0,0,0,0,1,0,0,0,0,0,1,0,0,0,0,0,0,0,1,0,0
0,0,0,-0.677647080328986,1,1,-1.7247019207378398,-1.0099059038961558,1,0,0,0,1,1,0,1,0,1,0,1,0,1,0,1,0,1,0,0,0,1,0
0,0,0,-0.5761971919179237,0,1,-1.7447938175063131,-1.0159909543479144,1,1,0,0,1,1,0,1,0,1,0,1,0,1,0,1,0,0,1,1,0,0,0
0,0,0,-0.6269221361234548,1,1,0.7435103207430673,-0.28892681238277956,1,0,0,1,0,0,0,0,1,0,0,0,0,0,1,0,0,0,0,0,1,0,1
0,0,0,-0.1703976382736746,0,1,-1.7447938175063131,-0.9300436242579535,1,1,0,0,1,1,0,1,0,1,0,1,0,1,0,1,0,0,0,0,1,0,0
0,0,1,-0.9312718013566417,1,0,0.2926017913429078,-0.6804796109461533,1,0,0,0,0,0,0,0,1,0,1,0,0,0,1,0,0,0,1,1,0,0,0
0,1,1,0.33685180378163676,1,1,-1.7447938175063131,-0.7901195241965445,1,0,1,0,1,1,0,1,0,1,0,1,0,1,0,1,0,0,0,1,0,0,0
0,1,0,-0.11967269406814346,1,1,0.7875579405816433,0.2586187231567633,1,0,0,1,0,0,1,0,1,0,0,0,0,0,1,0,0,1,0,0,0,0,1
1,1,0,-0.7790969687400482,1,1,0.04338499488780674,-0.6320108055037471,0,0,1,0,0,0,1,0,0,0,1,0,1,0,0,0,1,1,0,1,0,0,0
0,0,0,1.7571502415365088,1,1,-1.6617215520212796,-0.3679491114001384,0,0,0,0,1,1,0,1,0,1,0,1,0,1,0,1,0,0,1,0,1,0,0
0,0,1,0.793376301631417,1,1,-0.48132261687347555,0.23719601129235252,0,0,0,0,0,0,0,0,0,0,0,0,0,0,0,0,1,0,0,0,1,0,0
0,0,1,0.032502138548449945,1,0,1.1244835940837332,0.591238224879132,0,0,1,1,0,0,0,0,0,0,1,0,1,0,1,0,1,0,1,0,0,0,1
0,1,1,0.4890266363982302,1,1,-0.4009550297995826,0.11216072803703786,0,0,1,0,0,0,0,0,0,0,1,0,0,0,0,0,0,1,0,1,0,0,0
0,0,0,-0.1703976382736746,1,1,0.8354693867218486,0.25116790268790823,0,0,1,1,0,0,0,0,0,0,0,0,1,0,1,0,1,0,0,0,0,0,1
1,1,0,-0.2718475266847369,1,1,0.6523240200246118,0.053124838143105625,0,0,1,1,0,0,1,0,0,0,0,0,0,0,1,0,0,0,0,1,0,0,1
0,0,1,-0.22112258247920574,1,0,-0.1409195196999192,-0.23954108152983428,1,0,0,0,0,0,0,0,1,0,1,0,0,0,0,0,0,1,0,0,1,0,0
0,1,1,1.4528005763033218,1,1,0.8064906894596275,1.9582072982817358,1,0,0,1,0,0,1,0,0,0,1,0,0,0,0,0,0,1,0,0,0,1,1
0,0,0,0.5397515806037613,1,0,1.5015930411227694,1.4575019034693761,0,0,0,1,0,0,1,0,1,0,1,0,0,0,1,0,0,0,1,0,0,1,0
0,0,1,-0.8298219129455794,1,1,0.759352008579748,-0.4798396597491252,1,0,1,1,0,0,1,0,0,0,0,0,0,0,0,0,1,0,1,0,1,0,0
0,0,0,-1.3370713550008908,0,0,-1.7247019207378398,-1.1720926964428189,0,1,0,0,1,1,0,1,0,1,0,1,0,1,0,1,0,0,0,0,0,1,0
0,0,0,-0.5761971919179237,1,1,1.1202333851519408,-0.09369864472767363,1,0,1,1,0,0,1,0,1,0,1,0,1,0,0,0,0,0,0,0,0,1,1
0,0,1,0.4890266363982302,1,1,1.3114927870825992,1.246576998716372,1,0,1,1,0,0,0,0,1,0,0,0,0,0,1,0,1,0,0,0,0,1,1
1,0,0,1.3006257436867283,1,1,0.6245044706528791,1.6308136301928582,0,0,0,0,0,0,1,0,1,0,0,0,0,0,1,0,1,0,0,0,0,1,1
0,1,0,0.33685180378163676,1,0,-0.015731547527124225,0.24647427051647783,0,0,0,0,0,0,0,0,1,0,0,0,1,0,0,0,0,0,0,0,0,1,0
0,0,0,-0.22112258247920574,1,1,-0.02075452171924264,-0.20355656821553558,0,0,1,0,0,0,0,0,0,0,1,0,0,0,1,0,1,0,1,0,1,0,0
1,0,0,0.4890266363982302,1,1,0.9266556874403041,0.9973977093530499,1,0,1,1,0,0,0,0,0,0,1,0,0,0,1,0,1,0,0,0,0,1,1
0,1,0,2.1122248509752266,1,0,0.6558014636960778,2.451295158914233,0,0,1,1,0,0,0,0,0,0,0,0,1,0,0,0,1,0,0,0,0,0,1
0,0,0,-1.1341715781787662,1,1,-0.3082231985604753,-0.942002126989808,1,0,0,0,0,0,0,0,0,0,0,0,1,0,1,0,0,0,1,0,1,0,0
0,1,0,0.9962760784535415,1,1,0.8091953678707678,1.4686204255803872,0,0,0,1,0,0,0,0,1,0,1,0,0,0,0,0,1,0,0,0,1,0,1
0,0,0,0.032502138548449945,0,1,-1.7447938175063131,-0.8953864085659036,1,1,0,0,1,1,0,1,0,1,0,1,0,1,0,1,0,0,0,0,0,1,0
0,0,0,0.33685180378163676,1,1,0.5248177520708388,0.6002215290760909,0,0,0,1,0,0,1,0,0,0,0,0,0,0,0,0,0,1,0,0,0,1,0
0,0,0,-1.0834466339732352,1,0,1.1812818407176864,-0.6891166635894821,1,0,0,1,0,0,1,0,1,0,0,0,1,0,1,0,0,0,1,1,0,0,1
0,0,0,-1.489246187617484,1,1,0.07197730951986464,-1.1801654872950467,1,0,0,0,0,0,0,0,0,0,1,0,1,0,1,0,0,1,0,0,0,1,0
0,0,0,-0.5761971919179237,1,1,-1.6122645753604221,-0.9712924436005914,1,0,0,0,1,1,0,1,0,1,0,1,0,1,0,1,0,0,1,0,1,0,0
0,1,0,-0.11967269406814346,1,1,-0.22360540255478994,-0.19373328339773332,0,0,0,0,0,0,0,0,1,0,0,0,0,0,1,0,0,1,0,1,0,0,0
0,1,0,-0.7790969687400482,1,0,0.6932805788218838,-0.49247142939081595,0,0,0,1,0,0,1,0,1,0,0,0,0,0,0,0,0,0,0,0,0,1,1
0,0,0,-0.22112258247920574,1,0,1.0360019717764182,0.2667941070619185,0,0,0,1,0,0,0,0,1,0,0,0,1,0,1,0,0,1,0,0,0,0,0
0,0,0,-1.387796299206422,1,1,0.9088820864528088,-1.0743279290687788,0,0,1,1,0,0,0,0,1,0,0,0,0,0,0,0,1,0,0,0,1,0,1
0,1,0,0.2861268595761056,1,0,-0.05050598424178942,0.17890392103214411,1,0,1,0,0,0,1,0,0,0,0,0,0,0,0,0,1,0,0,0,1,0,0
1,0,0,0.08322708275398108,1,0,0.5128398905357878,0.34002631065468514,0,0,0,1,0,0,0,0,0,0,0,0,0,0,0,0,1,0,0,1,0,0,1
0,1,0,-0.8805468571511105,1,1,-0.434183935993596,-0.7967496002419802,1,0,0,0,0,0,0,0,0,0,0,0,0,0,1,0,0,0,1,0,0,1,0
0,1,0,1.8078751857420399,1,1,-0.12275953608226073,1.3130637090791597,1,0,0,0,0,0,0,0,1,0,0,0,0,0,1,0,0,1,0,0,1,0,0
0,0,1,-1.0327216897677038,1,1,0.8416515088044556,-0.7071281564440554,1,0,1,1,0,0,1,0,1,0,0,0,0,0,0,0,1,1,0,0,0,0,1
0,0,0,-0.8805468571511105,1,1,-0.12778251027437887,-0.7607522627960653,0,0,1,0,0,0,0,0,0,0,1,0,0,0,0,0,1,1,0,0,1,0,1
0,0,1,-0.7283720245345171,1,1,0.525590517331165,-0.4361157830046128,0,0,0,0,0,0,1,0,0,0,1,0,1,0,1,0,1,0,1,0,0,0,0
0,0,1,0.13395202695951222,1,1,1.096664044712001,0.7093805373908845,0,0,0,1,0,0,0,0,1,0,0,0,0,0,1,0,1,0,1,1,0,0,0
1,0,0,-0.018222805657081193,1,1,-0.36849888886589516,-0.18708397115487382,0,0,0,0,0,0,0,0,0,0,0,0,0,0,0,0,1,1,0,1,0,0,1
0,1,0,-0.9312718013566417,1,1,0.10134238941224882,-0.7333791538618634,0,0,1,0,0,0,0,0,0,0,0,0,1,0,1,0,1,0,0,0,0,1,0
0,0,0,-0.5254722477123925,1,1,0.5352500830852387,-0.25816813270197214,0,0,1,0,0,0,1,0,1,0,1,0,1,0,1,0,0,0,0,1,0,0,1
0,0,1,0.032502138548449945,1,0,-0.33720189582269633,-0.13292766334080264,0,0,0,0,0,0,0,0,0,0,1,0,0,0,0,0,1,0,1,0,0,1,0
1,0,0,0.13395202695951222,1,1,1.4950245364099992,0.9480568629607603,1,0,0,1,0,0,1,0,0,0,0,0,1,0,1,0,1,1,0,1,0,0,1
0,1,1,-0.4747473035068614,1,1,-1.4519157838427992,-0.8864864612244483,1,0,0,0,1,1,0,1,0,1,0,1,0,1,0,1,0,0,1,0,1,0,0
1,1,0,0.23540191537057448,1,0,0.3594459863610973,0.38201892963104683,0,0,0,1,0,0,0,0,0,0,0,0,0,0,0,0,1,0,1,0,0,0,0
0,1,1,0.8441012458369481,1,1,0.7825349663895246,1.3046190184100699,1,0,0,0,0,0,0,0,1,0,0,0,1,0,1,0,1,1,0,0,0,0,0
1,0,0,-1.3370713550008908,1,0,1.312651934973088,-0.9678042798010585,1,0,1,1,0,0,0,0,1,0,1,0,1,0,1,0,0,0,1,0,1,0,0
0,1,0,-1.438521243411953,1,0,-1.4793489505843684,-1.206172826212152,1,0,1,0,1,1,0,1,0,1,0,1,0,1,0,1,0,1,0,0,1,0,0
0,0,1,2.1122248509752266,1,0,1.4614092475858231,3.46263823847549,1,0,0,1,0,0,1,0,1,0,0,0,0,0,1,0,1,0,0,0,1,0,1
1,1,0,-0.4747473035068614,1,0,-1.5941045917427636,-0.9223619694200117,0,0,1,0,1,1,0,1,0,1,0,1,0,1,0,1,0,0,0,0,1,0,0
0,0,0,-1.2356214665898284,1,1,-1.5168280657101743,-1.1260925363364789,1,0,1,0,1,1,0,1,0,1,0,1,0,1,0,1,0,0,1,0,0,1,0
0,1,0,-1.0834466339732352,1,0,0.5746611113618592,-0.7514291191112845,0,0,0,1,0,0,1,0,0,0,1,0,0,0,0,0,0,0,0,0,0,1,1
0,0,0,0.6412014690148236,1,0,-0.26958493554418056,0.34198199072611424,0,0,0,0,0,0,0,0,1,0,1,0,0,0,0,0,0,0,0,0,0,0,1
0,0,0,-0.7283720245345171,1,1,-0.30242745910803115,-0.649002779894854,1,0,0,0,0,0,0,0,0,0,0,0,0,0,0,0,1,0,0,0,0,1,0
1,1,1,0.2861268595761056,1,0,0.5696381371697411,0.579234837686622,1,0,1,0,0,0,0,0,1,0,0,0,1,0,1,0,1,0,0,0,0,0,0
0,0,1,-1.1848965223842973,1,0,-0.2073773320879461,-0.9718310571284604,0,0,1,0,0,0,0,0,0,0,0,0,0,0,1,0,1,0,0,1,0,0,1
0,0,1,-0.322572470890268,1,0,0.8188549336248415,0.056824600114301335,0,0,0,1,0,0,1,0,0,0,1,0,0,0,0,0,1,1,0,0,0,1,1
0,0,1,-1.0327216897677038,1,0,1.697489034615384,-0.5299178937093306,0,0,1,1,0,0,1,0,1,0,0,0,1,0,1,0,1,1,0,0,0,0,0
0,0,0,-0.018222805657081193,1,1,0.5232722215501873,0.22308946651482983,1,0,1,0,0,0,1,0,1,0,0,0,0,0,1,0,1,1,0,0,0,0,0
0,1,1,0.3875767479871679,0,0,0.5765930245126738,0.684873621872843,1,1,0,1,0,0,1,0,1,0,0,0,1,0,0,0,0,1,0,0,1,0,0
0,0,1,0.7426513574258858,1,1,-1.7447938175063131,-0.6647764617824475,0,0,0,0,1,1,0,1,0,1,0,1,0,1,0,1,0,0,0,0,0,1,0
0,0,0,-0.7283720245345171,1,1,-1.5894680001808081,-1.0030385814158254,0,0,1,0,1,1,0,1,0,1,0,1,0,1,0,1,0,0,0,0,0,1,0
0,0,1,0.2861268595761056,1,0,-1.6825862140500787,-0.7917033044511117,0,0,1,0,1,1,0,1,0,1,0,1,0,1,0,1,0,1,0,1,0,0,0
0,1,1,0.032502138548449945,1,1,-1.7447938175063131,-0.9060753222677809,1,0,1,0,1,1,0,1,0,1,0,1,0,1,0,1,0,0,0,0,0,0,0
1,0,0,-0.7283720245345171,1,0,-1.5809675823172233,-0.986309501722845,1,0,0,0,1,1,0,1,0,1,0,1,0,1,0,1,0,0,1,0,0,0,0
0,0,1,1.1991758552756662,1,0,-0.20853647997843497,0.7631585333222859,0,0,0,0,0,0,0,0,0,0,1,0,1,0,0,0,0,1,0,0,0,1,0
0,1,1,0.33685180378163676,1,0,0.9382471663451925,0.8548382502445672,0,0,0,1,0,0,0,0,1,0,0,0,1,0,0,0,1,0,0,0,0,1,1
0,1,0,0.9455511342480104,0,0,1.1287338030155256,1.6759738096783547,0,1,0,1,0,0,1,0,1,0,1,0,1,0,0,0,1,0,0,0,1,0,1
1,0,0,-0.9819967455621728,1,1,1.4142705667059436,-0.5260001215006641,1,0,1,1,0,0,0,0,1,0,1,0,1,0,1,0,0,1,0,0,1,0,0
0,1,0,-0.5254722477123925,1,1,0.2736690424649231,-0.3383381914989567,1,0,0,0,0,0,1,0,1,0,0,0,1,0,0,0,0,0,1,0,0,1,0
0,0,0,-0.018222805657081193,1,1,-1.7332023386014246,-0.8732711935942327,1,0,0,0,1,1,0,1,0,1,0,1,0,1,0,1,0,0,0,1,0,0,0
0,0,0,1.858600129947571,1,0,-0.27808535340776536,1.1670802068292236,0,0,0,0,0,0,1,0,1,0,0,0,0,0,0,0,0,0,0,1,0,0,1
0,0,0,-1.0834466339732352,1,1,0.38262894417087445,-0.8141647709764127,0,0,0,1,0,0,0,0,0,0,1,0,0,0,0,0,0,0,1,0,0,0,1
0,1,1,-0.6269221361234548,1,1,0.3018749744668184,-0.42438811464184506,0,0,1,0,0,0,0,0,1,0,1,0,1,0,1,0,1,0,1,0,0,1,0
1,1,1,-0.5761971919179237,1,1,-0.08914424725808415,-0.4991399778310993,1,0,0,0,0,0,0,0,1,0,0,0,0,0,0,0,1,1,0,0,0,0,1
0,0,0,0.8948261900424792,1,0,0.7995358021166942,1.3637575013569296,0,0,1,1,0,0,0,0,0,0,0,0,1,0,0,0,1,1,0,0,0,0,0
0,0,0,0.33685180378163676,1,1,-1.64085688999248,-0.7322185699506217,1,0,0,0,1,1,0,1,0,1,0,1,0,1,0,1,0,0,1,1,0,0,0
0,0,0,-0.322572470890268,1,1,0.3664008737040306,-0.13828815035626119,1,0,1,1,0,0,0,0,1,0,0,0,0,0,0,0,0,0,0,0,0,0,0
0,0,0,0.18467697116504336,1,0,0.3888110662534815,0.37908220349099897,0,0,0,1,0,0,0,0,0,0,0,0,0,0,1,0,0,0,0,0,1,0,1
0,0,0,0.8948261900424792,1,0,1.0004547698014268,1.5423014737797112,1,0,0,1,0,0,1,0,1,0,0,0,0,0,0,0,1,0,1,0,0,0,0
0,0,0,0.5397515806037613,1,0,1.638372492200453,1.54428921418018,0,0,1,1,0,0,1,0,1,0,1,0,0,0,1,0,1,0,1,0,1,0,0
1,0,1,-0.677647080328986,1,1,0.7106677971792165,-0.3470906613268288,1,0,0,1,0,0,0,0,0,0,0,0,0,0,1,0,1,1,0,0,1,0,1
0,0,0,0.3875767479871679,1,1,0.23850822312009498,0.45483434894629565,0,0,0,0,0,0,0,0,0,0,1,0,0,0,1,0,1,0,0,0,0,1,0
0,0,1,-0.2718475266847369,1,0,-1.7351342517522395,-0.9066844685195375,0,0,1,0,1,1,0,1,0,1,0,1,0,1,0,1,0,0,1,0,0,0,0
0,0,1,1.554250464714384,1,0,1.2655132540932086,2.5349149091159027,1,0,1,1,0,0,1,0,1,0,0,0,0,0,1,0,1,0,0,0,1,0,1
0,0,1,0.5904765248092925,1,1,0.4061982846108142,0.7557782455773182,0,0,1,1,0,0,0,0,0,0,0,0,0,0,0,0,1,0,0,1,0,0,0
0,0,0,-1.0834466339732352,1,1,0.4904296979863364,-0.7835471567433806,1,0,0,1,0,0,0,0,1,0,0,0,0,0,1,0,0,0,0,0,1,0,1
0,1,0,0.43830169219269904,1,1,0.3822425615407113,0.5967846618030217,0,0,1,0,0,0,1,0,0,0,0,0,1,0,1,0,1,1,0,0,0,1,0
0,1,0,-1.2863464107953595,1,0,-0.32020106009552673,-1.0473074837540148,1,0,0,0,0,0,0,0,1,0,0,0,0,0,1,0,0,0,0,0,1,0,1
0,0,0,0.18467697116504336,1,1,0.6554150810659153,0.5040918384830818,0,0,0,1,0,0,0,0,1,0,0,0,0,0,0,0,1,0,0,0,0,1,0
1,1,0,-0.6269221361234548,1,0,0.9347697226737257,-0.2181632541260795,1,0,0,1,0,0,0,0,0,0,0,0,1,0,1,0,1,0,0,0,0,1,0
0,0,0,-0.8298219129455794,1,0,0.4548824960113458,-0.5510520626123828,0,0,1,0,0,0,0,0,1,0,0,0,1,0,1,0,1,0,1,0,0,1,0
0,0,1,1.0470010226590727,1,0,0.17398232388288273,0.9827846113766981,0,0,0,0,0,0,1,0,0,0,1,0,0,0,0,0,1,1,0,0,1,0,0
1,1,0,0.33685180378163676,0,1,-0.47398134690037963,0.0036557504346567166,1,1,0,0,0,0,0,0,1,0,0,0,0,0,0,0,0,0,1,1,0,0,0
0,0,0,-1.1848965223842973,1,0,-1.7447938175063131,-1.1586145341144767,0,0,0,0,1,1,0,1,0,1,0,1,0,1,0,1,0,1,0,0,0,1,0
0,1,0,-0.322572470890268,1,1,-1.6883819535025228,-0.917213080576216,1,0,1,0,1,1,0,1,0,1,0,1,0,1,0,1,0,0,0,1,0,0,0
0,0,0,0.08322708275398108,0,0,-1.7440210522459871,-0.8745279584925938,0,1,0,0,1,1,0,1,0,1,0,1,0,1,0,1,0,0,0,0,0,0,0
0,0,1,0.032502138548449945,1,1,0.5800704681841404,0.3268366912877013,1,0,1,1,0,0,1,0,0,0,0,0,1,0,0,0,0,0,0,0,1,0,1
0,1,0,2.1122248509752266,0,0,-1.7447938175063131,-0.37547046459288125,0,1,0,0,1,1,0,1,0,1,0,1,0,1,0,1,0,0,0,0,1,0,0
0,0,0,-1.0327216897677038,1,1,-0.16796630381132535,-0.8378509420710349,1,0,0,0,0,0,1,0,0,0,0,0,1,0,0,0,0,0,0,0,1,0,0
0,0,0,-1.387796299206422,1,1,-0.13628292813796367,-1.1149932504228917,1,0,0,0,0,0,0,0,0,0,0,0,1,0,1,0,0,0,1,0,0,1,0
0,1,0,-0.1703976382736746,1,1,1.0487525985717954,0.34140490480339764,1,0,1,1,0,0,0,0,1,0,1,0,0,0,1,0,0,0,0,1,0,0,1
0,1,0,-0.6269221361234548,1,1,-1.7447938175063131,-1.0172861916411233,0,0,0,0,1,1,0,1,0,1,0,1,0,1,0,1,0,0,1,0,0,0,0
0,0,1,0.032502138548449945,1,1,0.385720005212178,0.21865872904152622,0,0,0,1,0,0,0,0,1,0,0,0,0,0,0,0,0,0,0,1,0,0,1
0,1,0,0.33685180378163676,1,1,-1.6219241411144958,-0.723241677819471,1,0,0,0,1,1,0,1,0,1,0,1,0,1,0,1,0,0,0,1,0,0,0
1,1,0,-0.06894774986261233,1,1,0.0797049621231237,-0.005814870763707362,0,0,1,0,0,0,0,0,1,0,0,0,1,0,0,0,0,0,0,0,0,0,0
0,0,0,-1.1848965223842973,1,0,0.9962045608696345,-0.8481230714953947,0,0,1,1,0,0,1,0,1,0,1,0,0,0,0,0,1,0,0,0,1,0,1
0,0,0,0.18467697116504336,1,0,0.7543290343876299,0.5756120205051217,0,0,0,0,0,0,1,0,0,0,1,0,1,0,1,0,1,0,0,0,1,0,0
0,1,0,0.23540191537057448,1,0,0.970316924648717,0.7734563110098774,0,0,0,1,0,0,0,0,1,0,1,0,0,0,1,0,0,0,0,0,0,1,1
0,0,0,0.5397515806037613,1,0,1.0379338849272328,1.1901059351456258,1,0,0,1,0,0,1,0,1,0,0,0,1,0,0,0,0,0,1,0,0,0,0
0,1,0,-0.06894774986261233,1,1,0.6558014636960778,0.2667107502064149,1,0,0,1,0,0,0,0,0,0,0,0,1,0,1,0,0,1,0,1,0,0,0
0,0,0,2.1122248509752266,1,0,0.5677062240189259,2.388501798456833,0,0,0,1,0,0,0,0,0,0,1,0,0,0,1,0,0,0,0,1,0,0,1
0,1,1,-1.0834466339732352,1,0,0.09902409363127106,-0.8685519131595706,1,0,1,0,0,0,0,0,0,0,1,0,1,0,1,0,0,1,0,0,0,0,0
0,1,0,0.793376301631417,1,1,-0.05630172369423358,0.5924629294484535,0,0,1,0,0,0,0,0,1,0,1,0,0,0,0,0,0,1,0,0,1,0,1
0,0,0,-1.0327216897677038,1,0,-0.4762996426813574,-0.8826071614106294,0,0,0,0,0,0,0,0,0,0,0,0,1,0,0,0,0,0,0,0,0,1,0
0,0,0,-0.8805468571511105,1,1,-0.22669646359609344,-0.7540324178293182,0,0,0,0,0,0,1,0,0,0,0,0,0,0,0,0,1,0,0,0,0,0,0
0,1,0,-0.5254722477123925,1,1,-0.22901475937707122,-0.4872135354282847,0,0,1,0,0,0,0,0,0,0,1,0,0,0,0,0,1,1,0,0,1,0,0
0,1,1,-0.8805468571511105,1,0,0.7044856750966094,-0.5100981982969114,1,0,1,1,0,0,0,0,1,0,0,0,0,0,1,0,1,0,0,1,0,0,1
1,0,0,0.18467697116504336,0,0,0.28332860821899675,0.31796880427528595,0,1,0,1,0,0,0,0,0,0,1,0,0,0,0,0,0,0,0,1,0,0,1
0,0,1,-0.322572470890268,1,0,1.1322112466869918,0.19136256489702003,0,0,1,1,0,0,1,0,1,0,0,0,0,0,1,0,1,0,0,0,0,0,1
0,1,0,-1.0327216897677038,1,0,1.1148240283296595,-0.6451491283442671,1,0,1,1,0,0,1,0,0,0,1,0,0,0,1,0,0,1,0,0,1,0,1
0,0,0,-0.11967269406814346,1,1,1.110187436767704,0.4043329186427646,0,0,0,1,0,0,1,0,0,0,1,0,0,0,1,0,1,0,1,0,0,1,0
0,0,0,0.793376301631417,1,1,-1.7386116954237059,-0.7261078712356315,0,0,1,0,1,1,0,1,0,1,0,1,0,1,0,1,0,0,0,0,1,0,0
0,1,1,-0.322572470890268,1,0,0.5112943600151358,-0.05634836139627834,1,0,0,1,0,0,0,0,0,0,1,0,0,0,0,0,1,0,1,1,0,0,1
1,1,1,1.2499007994811973,1,0,0.729214163427038,1.6496715157340827,0,0,0,1,0,0,0,0,0,0,1,0,0,0,0,0,1,0,0,1,0,0,1
0,0,0,-0.5254722477123925,0,1,-0.14903355493334114,-0.457237127776049,1,1,0,0,0,0,0,0,1,0,1,0,0,0,0,0,0,0,0,0,1,0,1
0,0,0,-0.8805468571511105,1,0,0.00011014030955647847,-0.714668745834222,0,0,0,0,0,0,0,0,1,0,0,0,0,0,1,0,0,1,0,1,0,0,0
0,0,0,-0.2718475266847369,1,1,-1.7355206343824023,-0.9267093500378119,0,0,1,0,1,1,0,1,0,1,0,1,0,1,0,1,0,0,0,0,1,0,0
0,0,0,0.8948261900424792,1,1,-1.6644262304324202,-0.612883613198588,1,0,0,0,1,1,0,1,0,1,0,1,0,1,0,1,0,0,0,0,0,1,0
0,1,0,0.032502138548449945,1,0,1.3172885265350438,0.7151001000915892,1,0,0,1,0,0,1,0,0,0,1,0,1,0,0,0,0,0,0,0,0,0,1
0,1,0,-0.8298219129455794,1,1,-1.4619617322270357,-1.0065203331495505,1,0,0,0,1,1,0,1,0,1,0,1,0,1,0,1,0,0,0,0,1,0,1
0,0,0,-0.37329741509579917,1,0,0.02754330705112604,-0.2988334540560853,1,0,0,1,0,0,0,0,0,0,0,0,0,0,0,0,0,0,0,0,1,0,1
0,0,0,1.4528005763033218,1,0,1.0162964576381075,2.152973797198668,1,0,1,1,0,0,0,0,0,0,1,0,0,0,1,0,1,0,0,0,0,0,1
1,1,0,-0.5254722477123925,1,1,0.8768123281492837,-0.16403259457524014,0,0,0,1,0,0,0,0,0,0,1,0,0,0,1,0,1,0,0,0,1,0,1
0,1,1,-0.322572470890268,1,0,-0.5203472625199334,-0.4678939811488867,1,0,0,0,0,0,0,0,1,0,0,0,0,0,0,0,0,0,1,0,0,1,0
0,0,0,-0.2718475266847369,1,1,0.10134238941224882,-0.14984269294221386,1,0,1,0,0,0,0,0,0,0,0,0,1,0,0,0,1,0,0,0,0,1,1
0,1,0,-1.3370713550008908,1,1,1.1998282069655075,-0.9804809339034051,0,0,1,1,0,0,1,0,0,0,1,0,0,0,1,0,1,1,0,0,0,1,0
1,0,1,0.5397515806037613,1,1,-1.6891547187628484,-0.6938551802215681,0,0,0,0,1,1,0,1,0,1,0,1,0,1,0,1,0,0,0,1,0,0,0
0,1,0,0.032502138548449945,1,1,0.2045065516657558,0.14540728925133586,1,0,1,1,0,0,0,0,0,0,0,0,0,0,0,0,0,1,0,0,1,0,0
0,0,1,-0.677647080328986,1,0,-1.6029913922365113,-0.9764028600495395,1,0,1,0,1,1,0,1,0,1,0,1,0,1,0,1,0,0,0,0,0,0,0
0,0,0,0.18467697116504336,1,1,0.9444292884277994,0.6834822035925145,0,0,0,1,0,0,0,0,0,0,1,0,1,0,0,0,0,1,0,0,0,0,1
0,1,1,2.1122248509752266,1,1,0.17127764547174237,1.9145154818662629,1,0,1,0,0,0,1,0,1,0,1,0,0,0,1,0,0,0,1,0,0,1,0
0,1,0,0.08322708275398108,1,0,0.750465208086,0.49295408017464687,0,0,1,1,0,0,1,0,0,0,0,0,0,0,1,0,0,0,0,0,1,0,1
0,1,1,1.1991758552756662,1,0,-1.6138101058810739,-0.4559162422196083,0,0,1,0,1,1,0,1,0,1,0,1,0,1,0,1,0,0,0,0,0,1,0
0,0,0,-1.0834466339732352,1,1,0.5248177520708388,-0.8040208828682123,1,0,1,0,0,0,0,0,0,0,1,0,1,0,1,0,1,1,0,1,0,0,1
0,1,1,2.1122248509752266,1,1,-1.4109592250455267,0.011722129221076457,0,0,1,0,1,1,0,1,0,1,0,1,0,1,0,1,0,0,0,0,1,0,0
0,0,0,2.1122248509752266,1,1,0.7013946140553059,2.5444240027091145,1,0,0,0,0,0,0,0,1,0,1,0,1,0,1,0,1,0,0,0,1,0,1
0,1,1,-1.0327216897677038,1,0,0.19407422065135638,-0.789856629498418,1,0,0,1,0,0,0,0,1,0,0,0,0,0,0,0,0,0,0,0,0,0,1
1,0,0,1.8078751857420399,1,1,0.5653879282379487,2.10482559504666,1,0,0,1,0,0,0,0,0,0,1,0,0,0,0,0,0,0,0,1,0,0,1
0,1,0,-0.677647080328986,1,1,0.9432701405373105,-0.28757386649729905,1,0,0,1,0,0,0,0,0,0,0,0,1,0,1,0,1,0,0,1,0,0,1
0,1,1,-0.2718475266847369,1,1,0.9413382273864959,0.19524186471083857,0,0,1,1,0,0,1,0,0,0,0,0,1,0,1,0,0,0,0,0,0,1,0
0,0,1,0.9962760784535415,1,0,-1.6026050096063484,-0.5702113152465819,1,0,0,0,1,1,0,1,0,1,0,1,0,1,0,1,0,0,0,0,1,0,0
0,1,0,-0.6269221361234548,1,0,0.16239084497799441,-0.44003355521327936,1,0,0,0,0,0,0,0,0,0,1,0,0,0,1,0,1,0,0,0,0,1,0
0,1,1,1.3513506878922594,0,1,0.3594459863610973,1.4275960285410279,1,1,0,0,0,0,0,0,1,0,1,0,0,0,1,0,1,0,0,0,0,1,0
0,0,0,-0.22112258247920574,1,1,-1.460416201706384,-0.7930883106656321,0,0,0,0,1,1,0,1,0,1,0,1,0,1,0,1,0,0,0,0,0,0,0
1,1,0,-0.1703976382736746,1,1,0.47033780121786334,0.06953331454568763,0,0,0,1,0,0,0,0,1,0,0,0,0,0,1,0,0,0,1,0,0,0,0
0,0,0,-0.1703976382736746,1,0,1.2898553597934748,0.46993476392405303,0,0,0,1,0,0,1,0,1,0,1,0,0,0,1,0,1,1,0,0,1,0,1
0,1,0,-0.7790969687400482,1,1,-1.65785772571965,-1.0238649711600953,0,0,0,0,1,1,0,1,0,1,0,1,0,1,0,1,0,0,0,0,0,1,1
0,0,1,2.1122248509752266,1,1,-1.7189061812853956,-0.3593505311516575,0,0,0,0,1,1,0,1,0,1,0,1,0,1,0,1,0,1,0,0,0,0,0
0,1,0,1.604975408919915,1,0,-1.6226969063748216,-0.3854412269242665,0,0,1,0,1,1,0,1,0,1,0,1,0,1,0,1,0,0,1,0,1,0,0
0,1,1,0.7426513574258858,1,1,-0.02848217432250142,0.551470592738134,1,0,0,0,0,0,0,0,0,0,0,0,0,0,1,0,1,0,0,0,1,0,1
0,0,1,0.032502138548449945,1,1,0.31655751441301017,0.19746043948039443,0,0,0,0,0,0,1,0,0,0,0,0,0,0,0,0,1,0,1,1,0,0,0
0,1,0,1.8078751857420399,1,1,0.9386335489753556,2.4766292309215023,0,0,0,0,0,0,1,0,1,0,1,0,1,0,0,0,1,1,0,0,0,1,0
0,0,1,1.858600129947571,1,0,-1.7212244770663734,-0.43114001993763207,1,0,0,0,1,1,0,1,0,1,0,1,0,1,0,1,0,0,1,0,0,1,0
0,1,1,0.08322708275398108,1,0,-1.6246288195256364,-0.8178581208818003,0,0,0,0,1,1,0,1,0,1,0,1,0,1,0,1,0,0,0,1,0,0,0
0,0,0,0.13395202695951222,1,1,-0.15135185071431861,0.02933607399555593,0,0,0,0,0,0,1,0,0,0,0,0,0,0,0,0,1,0,0,0,1,0,0
0,0,0,-0.9819967455621728,1,0,1.8358140162137189,-0.4622257149746457,1,0,0,1,0,0,1,0,1,0,1,0,1,0,1,0,1,0,0,0,1,0,1
0,0,0,-1.2356214665898284,1,1,0.6380278627085826,-0.9316851131047925,1,0,0,1,0,0,1,0,0,0,0,0,0,0,1,0,0,0,0,0,0,1,1
0,0,0,2.1122248509752266,1,0,-1.6470390120750873,-0.25843102740009877,1,0,1,0,1,1,0,1,0,1,0,1,0,1,0,1,0,0,0,1,0,0,0
1,0,1,-0.6269221361234548,1,0,-1.613423723250911,-0.9901375050102003,0,0,0,0,1,1,0,1,0,1,0,1,0,1,0,1,0,0,0,0,1,0,0
0,0,0,-0.5254722477123925,1,0,0.28796519978095225,-0.3318555929671043,0,0,0,1,0,0,0,0,0,0,0,0,0,0,1,0,0,0,1,0,0,1,0
0,1,0,-0.9312718013566417,1,0,0.7373281986604597,-0.5921726406388614,0,0,0,1,0,0,1,0,0,0,1,0,0,0,0,0,0,0,0,1,0,0,0
0,0,0,-1.0834466339732352,1,1,-1.7447938175063131,-1.165097132646329,0,0,0,0,1,1,0,1,0,1,0,1,0,1,0,1,0,1,0,0,0,1,0
0,0,0,-0.018222805657081193,1,1,-1.6512892210068797,-0.8319133691328593,0,0,0,0,1,1,0,1,0,1,0,1,0,1,0,1,0,0,0,0,1,0,0
0,0,0,-1.387796299206422,1,1,0.5607513366759931,-1.0896976508104705,0,0,1,1,0,0,0,0,1,0,0,0,1,0,0,0,0,1,0,1,0,0,0
0,1,0,-0.8805468571511105,1,0,1.1812818407176864,-0.47410086085099656,0,0,1,1,0,0,1,0,1,0,0,0,1,0,0,0,1,0,0,0,0,0,1
0,1,0,2.1122248509752266,1,1,0.4684058880670487,2.2525082947357062,0,0,0,1,0,0,0,0,0,0,1,0,0,0,0,0,1,1,0,0,1,0,1
0,1,0,-0.5761971919179237,1,0,0.47458801014965574,-0.299237414201987,0,0,0,1,0,0,0,0,0,0,0,0,0,0,1,0,1,1,0,1,0,0,0
0,0,0,2.1122248509752266,1,1,0.7906490016229468,2.6520184669667644,1,0,1,1,0,0,0,0,1,0,1,0,0,0,1,0,0,0,0,0,0,0,1
0,0,0,-1.0834466339732352,0,1,-1.7447938175063131,-1.099283689193378,0,1,0,0,1,1,0,1,0,1,0,1,0,1,0,1,0,0,0,0,1,0,0
0,0,0,-1.3370713550008908,1,1,-1.6319700894987323,-1.187013573577953,0,0,1,0,1,1,0,1,0,1,0,1,0,1,0,1,0,0,0,0,0,1,0
0,0,0,1.3006257436867283,1,1,-1.5203055093816409,-0.37408545837836077,1,0,1,0,1,1,0,1,0,1,0,1,0,1,0,1,0,0,0,0,0,0,0
1,0,0,0.43830169219269904,1,1,1.1936460848829005,1.1517489574823798,1,0,1,1,0,0,1,0,0,0,0,0,1,0,1,0,1,0,0,0,0,1,1
0,1,0,-1.0327216897677038,1,0,1.0761857653133649,-0.6260604084339557,0,0,0,1,0,0,0,0,0,0,1,0,0,0,1,0,1,0,0,1,0,0,1
0,1,0,0.8948261900424792,1,1,0.7276686329063861,1.312839286775881,0,0,0,1,0,0,0,0,1,0,0,0,0,0,0,0,1,0,0,0,0,1,1
0,1,0,0.6919264132203548,1,1,0.49429352428796625,0.9324819551132136,1,0,1,1,0,0,0,0,0,0,1,0,0,0,0,0,0,0,1,0,0,0,0
1,0,0,0.5904765248092925,1,1,-1.7428619043554983,-0.7417981962677213,1,0,1,0,1,1,0,1,0,1,0,1,0,1,0,1,0,0,0,0,0,1,0
0,0,0,0.18467697116504336,1,1,-1.5960365048935783,-0.7424714631775577,0,0,0,0,1,1,0,1,0,1,0,1,0,1,0,1,0,0,0,0,1,0,0
0,0,0,0.5397515806037613,0,1,0.22807589210569557,0.5623646925458664,1,1,0,0,0,0,1,0,0,0,1,0,0,0,1,0,1,1,0,0,0,0,0
0,1,0,0.08322708275398108,1,0,-0.008776660184191187,0.09539958801501781,0,0,1,0,0,0,1,0,0,0,0,0,1,0,0,0,1,0,0,0,1,0,0
0,0,1,1.2499007994811973,1,0,0.6843937783281363,1.6484788714938015,0,0,0,1,0,0,0,0,0,0,1,0,0,0,1,0,0,0,0,0,1,0,0
0,0,0,0.5397515806037613,1,0,-0.18689905268930984,0.3228035018944914,1,0,0,0,0,0,1,0,1,0,0,0,0,0,0,0,0,1,0,1,0,0,0
0,0,1,-0.2718475266847369,1,1,0.5688653719094148,0.04516105240961323,0,0,0,1,0,0,0,0,0,0,0,0,0,0,1,0,1,0,0,0,0,0,1
1,1,0,-0.9312718013566417,1,1,0.9880905256362128,-0.5531488081315873,0,0,1,1,0,0,0,0,1,0,1,0,1,0,0,0,1,0,0,0,1,0,1
0,1,0,-0.322572470890268,1,1,-1.7447938175063131,-0.9616743448886442,0,0,1,0,1,1,0,1,0,1,0,1,0,1,0,1,0,0,0,0,1,0,0
0,1,0,-0.11967269406814346,1,0,0.23193971840732483,-0.0006980422489513965,1,0,1,1,0,0,0,0,0,0,0,0,0,0,0,0,1,0,1,0,0,0,1
0,1,1,2.1122248509752266,1,0,0.999295621910938,2.899472910627744,0,0,1,1,0,0,1,0,0,0,0,0,0,0,1,0,1,0,0,0,1,0,1
0,0,0,-1.3370713550008908,1,1,1.0321381454747889,-1.0362659064326993,0,0,1,1,0,0,0,0,1,0,0,0,0,0,1,0,1,0,0,0,0,0,1
1,1,0,-1.1848965223842973,1,0,-1.6852908924612193,-1.148528354598548,0,0,1,0,1,1,0,1,0,1,0,1,0,1,0,1,0,0,0,0,1,0,1
0,0,0,-0.8298219129455794,1,1,1.2813549419298893,-0.35984426021887095,0,0,0,1,0,0,1,0,0,0,0,0,0,0,1,0,1,0,0,0,0,1,1
1,0,0,1.3006257436867283,1,0,-0.0014353902110952775,1.0515411930355052,1,0,1,0,0,0,1,0,0,0,1,0,0,0,0,0,1,0,0,1,0,0,1
0,0,1,-1.2863464107953595,1,1,0.010156088693793305,-1.0422868362263784,0,0,0,0,0,0,1,0,0,0,0,0,1,0,1,0,0,1,0,0,1,0,0
1,1,0,-1.0327216897677038,1,1,0.41933529403635456,-0.7573731041152679,0,0,1,1,0,0,0,0,0,0,1,0,0,0,0,0,0,0,1,0,0,1,1
0,0,0,-0.8298219129455794,1,1,0.7493060601955112,-0.48239807400650314,1,0,0,1,0,0,0,0,1,0,0,0,1,0,0,0,1,1,0,0,0,0,1
0,1,1,-0.677647080328986,1,0,0.9324514268927485,-0.2809373783860553,1,0,1,1,0,0,0,0,1,0,0,0,0,0,1,0,1,0,0,0,0,0,1
0,1,0,0.5904765248092925,1,0,0.4954526721784551,0.8010346060499342,1,0,1,1,0,0,0,0,1,0,0,0,1,0,0,0,0,0,1,1,0,0,0
0,1,1,0.5397515806037613,1,1,0.2655550072315014,0.6310635656124018,0,0,0,0,0,0,0,0,1,0,1,0,0,0,1,0,1,0,0,0,1,0,0
0,0,0,-0.6269221361234548,1,0,1.1457346387426952,-0.1463994136033368,1,0,0,1,0,0,1,0,1,0,1,0,0,0,1,0,0,0,0,0,0,0,1
1,0,0,2.1122248509752266,1,1,0.8837672154922169,2.740543447511527,0,0,1,1,0,0,0,0,0,0,0,0,0,0,1,0,1,0,0,0,0,1,0
0,0,0,-0.677647080328986,1,1,1.4065429141026846,-0.13210691891738316,1,0,1,1,0,0,0,0,1,0,1,0,0,0,1,0,1,0,1,0,0,0,0
0,1,0,-0.4747473035068614,1,1,-0.035050679035271586,-0.39158398596829697,1,0,0,0,0,0,0,0,1,0,0,0,1,0,0,0,0,1,0,0,0,1,1
1,0,0,-1.3370713550008908,1,0,0.5735019634713703,-1.0460891912505015,0,0,0,1,0,0,0,0,0,0,0,0,1,0,1,0,0,0,0,0,0,0,1
0,1,0,-0.8805468571511105,1,0,-1.548125058753373,-1.0369327612767276,1,0,1,0,1,1,0,1,0,1,0,1,0,1,0,1,0,0,1,0,0,1,0
1,0,1,0.13395202695951222,1,0,1.0580257816957064,0.6999996851138321,1,0,0,1,0,0,1,0,1,0,0,0,0,0,0,0,1,0,0,0,1,0,1
0,1,0,-0.37329741509579917,1,1,0.8644480839840696,0.024610381495085903,1,0,1,1,0,0,1,0,0,0,0,0,0,0,1,0,0,0,0,0,0,0,1
0,0,0,1.858600129947571,1,1,1.044502389640003,2.6615339726257843,1,0,0,1,0,0,0,0,1,0,0,0,0,0,1,0,1,1,0,0,1,0,0
0,0,1,2.1122248509752266,1,1,1.5676644708806338,3.5912706906490723,1,0,0,1,0,0,1,0,0,0,1,0,1,0,0,0,1,1,0,0,0,1,0
0,1,0,-0.677647080328986,1,0,0.2806239298078564,-0.470554988459192,0,0,1,1,0,0,0,0,1,0,0,0,0,0,0,0,0,0,1,0,1,0,1
1,0,0,-1.2356214665898284,1,1,-0.11309997032818705,-1.0259360684160679,0,0,0,0,0,0,0,0,0,0,1,0,1,0,0,0,0,0,0,0,1,0,1
0,0,0,-1.2356214665898284,1,0,0.2160980305706441,-0.9676439781558595,1,0,0,0,0,0,0,0,0,0,0,0,1,0,1,0,1,1,0,1,0,0,0
0,0,1,-0.37329741509579917,1,0,0.3594459863610973,-0.16124334594877548,0,0,0,1,0,0,0,0,0,0,1,0,0,0,0,0,0,0,1,0,1,0,0
0,0,0,2.1122248509752266,1,1,-0.1579203554270888,1.5200836657551127,1,0,1,0,0,0,1,0,1,0,0,0,0,0,0,0,0,0,1,1,0,0,0
0,0,1,-0.8298219129455794,1,1,0.8022404805278351,-0.47324164403272934,1,0,0,1,0,0,1,0,0,0,1,0,1,0,0,0,0,0,0,0,1,0,1
0,1,0,-0.4747473035068614,1,1,-1.6315837068685695,-0.9323006714223572,1,0,0,0,1,1,0,1,0,1,0,1,0,1,0,1,0,0,0,0,0,0,0
1,0,1,1.554250464714384,1,1,-1.4905540468590939,-0.2542118880984579,0,0,1,0,1,1,0,1,0,1,0,1,0,1,0,1,0,1,0,0,0,0,0
0,0,1,-1.1848965223842973,1,1,0.3664008737040306,-0.9083067211689527,0,0,1,0,0,0,0,0,0,0,0,0,1,0,1,0,1,0,1,1,0,0,0
0,1,0,-1.0327216897677038,1,1,0.03488457702422195,-0.8167295972995987,1,0,0,0,0,0,1,0,1,0,0,0,1,0,0,0,0,0,0,0,0,1,0
0,1,0,-0.6269221361234548,1,1,1.0077960397745227,-0.20417212653310007,0,0,0,1,0,0,1,0,0,0,0,0,0,0,1,0,1,0,0,0,0,0,1
0,1,0,-1.0834466339732352,1,1,-1.6582441083498127,-1.1438218982955017,0,0,0,0,1,1,0,1,0,1,0,1,0,1,0,1,0,0,0,0,0,1,0
0,0,0,-1.0327216897677038,1,0,0.2717371293141084,-0.7661704584037958,0,0,1,1,0,0,1,0,0,0,0,0,0,0,0,0,0,0,0,1,0,0,0
0,1,0,0.33685180378163676,1,1,-1.5098731783672412,-0.6391602588796279,0,0,0,0,1,1,0,1,0,1,0,1,0,1,0,1,0,0,1,0,1,0,0
0,0,0,0.5397515806037613,1,1,-0.1304871886855195,0.3372114137649883,0,0,0,0,0,0,0,0,0,0,1,0,0,0,0,0,1,0,1,0,0,1,0
0,1,0,-0.22112258247920574,0,0,-0.47784517320200914,-0.3929048715247377,0,1,0,0,0,0,0,0,0,0,0,0,0,0,0,0,1,0,0,0,0,0,0
0,0,1,-1.1848965223842973,1,0,1.197123528554367,-0.7956531369888181,0,0,1,1,0,0,0,0,1,0,0,0,0,0,1,0,1,1,0,0,1,0,1
0,0,0,-0.8298219129455794,1,1,0.8787442413000989,-0.45366560712101267,0,0,0,1,0,0,0,0,0,0,1,0,0,0,1,0,0,0,1,0,1,0,0
0,1,0,-0.9819967455621728,1,0,0.6859393088487878,-0.6268170321992955,0,0,0,1,0,0,1,0,0,0,0,0,0,0,0,0,1,0,0,0,0,1,1
0,0,1,1.0470010226590727,1,1,-1.5261012488340848,-0.4374879650875173,1,0,1,0,1,1,0,1,0,1,0,1,0,1,0,1,0,1,0,1,0,0,0
1,1,1,-1.0327216897677038,1,1,0.5476143272504528,-0.7229980193187684,0,0,0,1,0,0,0,0,0,0,1,0,0,0,1,0,0,0,0,0,0,0,1
0,0,0,0.2861268595761056,1,1,-0.30976872908112707,0.04864921620914615,1,0,0,0,0,0,1,0,0,0,0,0,1,0,0,0,0,0,1,0,1,0,0
0,0,0,-0.7283720245345171,1,1,1.1032325494247708,-0.2703061732764497,1,0,1,1,0,0,0,0,0,0,1,0,1,0,0,0,1,1,0,1,0,0,0
0,1,1,-0.37329741509579917,1,1,1.108641906247052,0.1250810406400871,0,0,0,1,0,0,1,0,0,0,0,0,1,0,1,0,0,0,0,0,1,0,0
1,1,1,0.8948261900424792,1,1,0.5595921887855042,1.16888840938707,1,0,1,1,0,0,0,0,0,0,1,0,0,0,1,0,0,0,0,0,0,0,1
0,0,0,-1.2356214665898284,1,0,-0.10807699613606864,-0.9864377430390043,0,0,0,0,0,0,1,0,0,0,0,0,0,0,1,0,0,0,1,0,1,0,1
0,1,1,-1.438521243411953,1,1,-1.5562390939867947,-1.1865711410372035,0,0,1,0,1,1,0,1,0,1,0,1,0,1,0,1,0,0,0,0,0,1,0
0,0,0,-0.5761971919179237,1,0,0.5765930245126738,-0.2583733188078271,0,0,1,1,0,0,0,0,1,0,1,0,0,0,0,0,0,0,0,0,0,1,1
0,0,0,1.1484509110701349,0,0,0.4170169982553768,1.2895827240903923,0,1,0,1,0,0,1,0,0,0,0,0,1,0,0,0,0,0,0,0,0,1,0
0,0,0,0.3875767479871679,1,0,-1.6234696716351475,-0.6901490061845644,1,0,1,0,1,1,0,1,0,1,0,1,0,1,0,1,0,1,0,0,1,0,0
0,0,1,-0.322572470890268,1,1,0.4401999560651534,-0.08319568093422727,1,0,0,1,0,0,0,0,1,0,0,0,0,0,0,0,1,0,1,0,0,0,0
0,0,1,-0.06894774986261233,1,1,0.808036219980279,0.33460811504695465,0,0,0,1,0,0,1,0,0,0,0,0,0,0,1,0,0,0,1,0,0,0,0
0,0,1,-0.2718475266847369,1,0,-1.4426426007188884,-0.8287458086237247,0,0,0,0,1,1,0,1,0,1,0,1,0,1,0,1,0,1,0,1,0,0,0
0,1,0,-0.2718475266847369,1,0,0.041066699106828974,-0.20941078429820742,1,0,0,0,0,0,1,0,1,0,0,0,1,0,0,0,0,0,1,0,1,0,0
0,1,0,-0.018222805657081193,1,0,0.15389042711440962,0.07299583008198872,1,0,0,0,0,0,0,0,1,0,1,0,0,0,1,0,0,1,0,0,0,1,0
0,1,0,0.18467697116504336,1,1,0.8860855112731948,0.6549420986812627,0,0,0,1,0,0,1,0,1,0,1,0,0,0,0,0,0,0,0,0,1,0,1
0,1,0,-1.489246187617484,1,1,0.7396464944414375,-1.1728813805371985,1,0,0,1,0,0,1,0,0,0,0,0,1,0,0,0,0,0,1,1,0,0,0
0,1,1,-0.8805468571511105,1,1,0.08086411001361259,-0.692790777297446,1,0,0,0,0,0,0,0,0,0,1,0,0,0,1,0,1,0,0,1,0,0,0
0,0,0,1.6557003531254464,1,1,1.0904819226293936,2.4803482290901213,1,0,0,1,0,0,1,0,0,0,1,0,1,0,0,0,1,1,0,1,0,0,1
0,1,0,-1.387796299206422,1,0,0.7612839217305626,-1.0733148226711202,0,0,0,1,0,0,0,0,1,0,0,0,0,0,1,0,0,0,0,0,1,0,1
0,0,0,0.5904765248092925,1,1,-1.6632670825419313,-0.6826661253866695,0,0,0,0,1,1,0,1,0,1,0,1,0,1,0,1,0,0,1,0,0,1,0
0,1,0,1.4020756320977905,1,1,0.3551957774293049,1.4465244468061402,1,0,0,0,0,0,0,0,1,0,1,0,0,0,1,0,0,1,0,0,0,1,0
0,1,0,1.1484509110701349,1,0,-1.7447938175063131,-0.5855938611198895,1,0,1,0,1,1,0,1,0,1,0,1,0,1,0,1,0,0,0,0,0,0,0
0,0,0,0.23540191537057448,0,0,0.9726352204296947,0.7614913962122148,1,1,0,1,0,0,1,0,1,0,0,0,0,0,0,0,1,0,1,0,0,0,0
0,0,0,0.23540191537057448,1,1,0.2953064697540482,0.36317386822143816,1,0,0,0,0,0,1,0,1,0,0,0,1,0,0,0,0,0,0,1,0,0,0
0,1,0,-0.22112258247920574,1,1,0.1028879199329003,-0.1101840659199513,0,0,1,0,0,0,0,0,1,0,1,0,0,0,0,0,1,0,0,0,0,0,0
0,0,0,0.793376301631417,1,1,0.0008829055698824938,0.6464974080121734,1,0,1,0,0,0,0,0,0,0,1,0,0,0,1,0,1,0,1,0,1,0,0
1,1,1,-1.3370713550008908,1,0,0.7296005460572013,-1.0222170702474482,1,0,0,1,0,0,0,0,0,0,0,0,1,0,0,0,1,0,1,0,1,0,1
0,1,0,0.2861268595761056,1,0,1.166599300771494,0.9502305532696605,0,0,0,1,0,0,1,0,1,0,1,0,0,0,1,0,0,0,0,0,1,0,0
0,0,1,-1.1341715781787662,1,1,-0.4164103350061004,-0.9285752611879295,1,0,1,0,0,0,1,0,0,0,0,0,0,0,0,0,0,1,0,0,1,0,1
0,1,0,-0.6269221361234548,1,1,-1.7401572259443578,-1.0489297364034298,1,0,0,0,1,1,0,1,0,1,0,1,0,1,0,1,0,0,0,0,0,1,0
1,1,0,-0.9312718013566417,1,0,1.182827371238338,-0.48728406815217246,1,0,1,1,0,0,1,0,1,0,0,0,1,0,0,0,1,1,0,0,1,0,1
0,1,1,2.1122248509752266,1,0,0.11447939883778917,1.8288631068034684,0,0,1,1,0,0,0,0,0,0,0,0,0,0,0,0,0,0,1,1,0,0,0
0,0,1,0.3875767479871679,1,1,-0.29817725017623875,0.11337902054055124,1,0,1,0,0,0,1,0,0,0,1,0,0,0,0,0,0,0,0,1,0,0,0
0,0,0,0.43830169219269904,1,1,-1.65785772571965,-0.7152201834937071,0,0,0,0,1,1,0,1,0,1,0,1,0,1,0,1,0,0,1,1,0,0,0
0,0,1,-0.37329741509579917,0,1,0.2056656995562447,-0.21189225376588988,1,1,0,0,0,0,0,0,1,0,1,0,0,0,1,0,0,0,0,0,1,0,1
0,0,0,-1.3370713550008908,1,1,1.1383933687695993,-0.996530334620741,1,0,0,1,0,0,1,0,0,0,0,0,0,0,1,0,1,1,0,0,0,1,0
0,1,0,0.7426513574258858,1,0,-0.318655529574875,0.3569285161244803,0,0,1,0,0,0,1,0,0,0,0,0,0,0,1,0,0,0,0,0,1,0,0
0,0,1,0.6919264132203548,0,1,-0.14594249389203734,0.4623813504022703,1,1,0,0,0,0,0,0,1,0,0,0,1,0,1,0,0,1,0,1,0,0,0
0,0,0,0.13395202695951222,1,0,-0.08528042095645462,0.0602358191241386,1,0,0,0,0,0,1,0,0,0,1,0,0,0,0,0,0,0,0,0,0,1,0
0,0,0,1.7571502415365088,1,0,-1.7281793644093064,-0.42894709343130816,1,0,0,0,1,1,0,1,0,1,0,1,0,1,0,1,0,0,0,0,0,1,0
0,1,0,-0.11967269406814346,1,0,1.8899075844365312,0.8178278064009942,1,0,1,1,0,0,0,0,1,0,1,0,1,0,1,0,1,0,0,0,1,0,1
0,0,1,-0.7283720245345171,1,1,-1.6215377584843327,-0.9963828571071579,0,0,1,0,1,1,0,1,0,1,0,1,0,1,0,1,0,0,1,0,0,1,0
0,0,0,0.4890266363982302,1,1,-1.6856772750913822,-0.7111741699688812,1,0,1,0,1,1,0,1,0,1,0,1,0,1,0,1,0,1,0,1,0,0,0
0,0,0,-0.8805468571511105,0,0,-0.325610416917808,-0.7872469187145763,1,1,0,0,0,0,0,0,0,0,0,0,1,0,1,0,0,0,0,0,0,1,0
0,0,1,-0.6269221361234548,1,1,-0.049346836351300535,-0.538227930996453,0,0,1,0,0,0,0,0,1,0,1,0,0,0,0,0,0,0,1,0,1,0,0
0,0,0,-0.06894774986261233,1,0,0.44367739973662007,0.18046846508928757,0,0,0,0,0,0,0,0,1,0,1,0,0,0,1,0,1,0,1,0,1,0,0
0,0,1,0.6412014690148236,1,0,0.6360959495577679,0.9821369927300935,0,0,1,1,0,0,0,0,0,0,1,0,1,0,0,0,0,0,0,0,1,0,1
0,1,1,-0.7283720245345171,1,1,-0.43572946651424777,-0.7048646972138438,1,0,0,0,0,0,0,0,0,0,0,0,0,0,0,0,1,0,0,0,0,0,1
1,1,0,0.9455511342480104,1,1,-0.10459955246460198,0.6955304752456805,1,0,1,0,0,0,0,0,0,0,1,0,1,0,0,0,0,0,0,0,0,0,1
0,0,0,-0.677647080328986,1,1,-1.6157420190318887,-0.9471830761626435,1,0,1,0,1,1,0,1,0,1,0,1,0,1,0,1,0,1,0,0,0,1,0
0,1,0,0.13395202695951222,1,0,-0.1231459187124236,0.017339098868853663,0,0,1,0,0,0,0,0,0,0,0,0,0,0,1,0,1,1,0,0,0,1,0
0,1,0,1.6557003531254464,1,1,0.18518742015760845,1.5166019140213882,1,0,0,0,0,0,1,0,1,0,0,0,0,0,1,0,0,0,0,0,0,1,0
0,0,0,1.3513506878922594,1,0,-1.496349786311538,-0.3489950448717944,1,0,0,0,1,1,0,1,0,1,0,1,0,1,0,1,0,1,0,0,1,0,0
0,1,1,0.7426513574258858,1,0,0.9135186780147637,1.300060039620607,0,0,0,1,0,0,0,0,0,0,1,0,0,0,1,0,0,1,0,0,1,0,0
0,1,0,-0.677647080328986,0,0,0.2806239298078564,-0.46979836469385217,1,1,0,1,0,0,0,0,1,0,0,0,0,0,0,0,0,0,1,1,0,0,0
0,0,0,1.0977259668646038,1,1,1.4177480103774098,2.1301981394487766,0,0,0,1,0,0,1,0,0,0,0,0,0,0,1,0,1,0,0,0,0,0,1
0,1,1,2.1122248509752266,1,0,-0.07562085520238093,1.5932517486898001,0,0,0,0,0,0,0,0,0,0,1,0,0,0,0,0,1,0,0,0,1,0,0
0,1,0,0.08322708275398108,1,1,-1.5952637396332525,-0.8023024492316777,1,0,1,0,1,1,0,1,0,1,0,1,0,1,0,1,0,0,0,0,0,0,0
0,0,0,-0.5254722477123925,1,1,-0.4422979712270179,-0.5295588180240847,0,0,0,0,0,0,0,0,1,0,0,0,0,0,0,0,0,0,1,0,0,1,0
1,1,0,-1.387796299206422,1,0,-1.702678110818552,-1.1942848562041852,0,0,1,0,1,1,0,1,0,1,0,1,0,1,0,1,0,0,1,0,1,0,0
0,1,0,1.9600500183586334,1,1,1.1043916973152597,2.822220341773384,0,0,1,1,0,0,0,0,1,0,0,0,0,0,1,0,1,0,0,0,0,1,0
1,1,1,-0.6269221361234548,1,1,1.1206197677821035,-0.1905657228885988,0,0,0,1,0,0,1,0,0,0,0,0,1,0,1,0,1,1,0,0,0,0,0
0,1,0,0.032502138548449945,1,1,-1.4781898026938796,-0.723600753504717,1,0,1,0,1,1,0,1,0,1,0,1,0,1,0,1,0,0,1,0,0,1,0
0,1,0,-0.9312718013566417,1,1,0.17436870651304587,-0.7387588770747461,0,0,1,0,0,0,0,0,0,0,1,0,0,0,0,0,1,0,0,1,0,0,0
0,1,1,1.858600129947571,0,1,-0.08334850780563999,1.4030762888913704,0,1,0,1,0,0,0,0,0,0,0,0,0,0,0,0,0,0,0,0,0,1,0
0,0,1,-1.2356214665898284,1,1,-0.3638622973039396,-1.0268016973001433,0,0,0,0,0,0,0,0,0,0,0,0,0,0,1,0,0,1,0,0,0,0,1
0,0,0,1.2499007994811973,1,1,-1.7447938175063131,-0.5334573540353273,0,0,0,0,1,1,0,1,0,1,0,1,0,1,0,1,0,1,0,0,0,1,0
0,1,0,-0.37329741509579917,1,0,-0.07678000309286982,-0.324795908512535,0,0,0,0,0,0,0,0,0,0,1,0,0,0,1,0,0,1,0,0,0,1,1
1,0,1,2.1122248509752266,1,0,-1.5164416830800111,-0.1343447298843629,0,0,0,0,1,1,0,1,0,1,0,1,0,1,0,1,0,0,1,1,0,0,0
0,1,0,-0.9819967455621728,1,1,-0.3290878605892744,-0.8348500952729072,0,0,1,0,0,0,1,0,0,0,0,0,0,0,0,0,0,1,0,1,0,0,0
0,0,1,-0.37329741509579917,1,0,0.44367739973662007,-0.1341651920417399,1,0,0,0,0,0,1,0,0,0,0,0,1,0,1,0,1,0,0,0,1,0,0
1,0,0,1.1991758552756662,0,1,0.35442301216897915,1.285972731040508,1,1,0,0,0,0,1,0,0,0,1,0,0,0,1,0,0,0,0,0,0,1,1
0,0,0,1.9600500183586334,1,1,0.5306134915232832,2.171581612173382,0,0,1,1,0,0,0,0,0,0,1,0,0,0,1,0,0,0,0,0,1,0,0
0,1,1,-0.9819967455621728,1,0,0.6832346304376474,-0.6824545272150065,1,0,0,1,0,0,0,0,0,0,0,0,0,0,1,0,1,0,0,0,0,1,1
0,1,0,-1.3370713550008908,1,0,1.0800495916149941,-0.9623219635352486,0,0,1,1,0,0,1,0,1,0,0,0,0,0,0,0,1,0,0,1,0,0,1
0,1,1,0.3875767479871679,1,0,-0.390909081415346,0.0802991730372606,1,0,1,0,0,0,1,0,0,0,0,0,1,0,0,0,0,0,0,0,0,1,0
1,0,0,-0.22112258247920574,1,0,1.0043185961030567,0.23561223103778534,1,0,0,1,0,0,1,0,0,0,0,0,0,0,1,0,1,0,0,0,0,0,0
0,1,0,1.6557003531254464,1,0,-1.4577115232952433,-0.19792677443614232,1,0,1,0,1,1,0,1,0,1,0,1,0,1,0,1,0,0,1,0,1,0,0
1,1,0,1.503525520508853,1,0,-1.7285657470394693,-0.5180299237013638,0,0,1,0,1,1,0,1,0,1,0,1,0,1,0,1,0,0,1,0,0,1,0
0,1,0,0.3875767479871679,0,1,0.27676010350622654,0.4712941218753415,1,1,0,0,0,0,1,0,0,0,0,0,1,0,0,0,1,0,1,0,0,0,0
0,0,0,0.793376301631417,1,1,1.1264155072345479,1.510619456622557,0,0,0,1,0,0,0,0,1,0,1,0,1,0,1,0,0,0,1,1,0,0,0
0,1,1,-0.11967269406814346,1,0,-1.7447938175063131,-0.9152702246364024,1,0,0,0,1,1,0,1,0,1,0,1,0,1,0,1,0,0,0,1,0,0,0
0,0,0,-0.11967269406814346,1,1,-1.6783360051182863,-0.8761630352736249,0,0,0,0,1,1,0,1,0,1,0,1,0,1,0,1,0,0,1,0,1,0,0
0,1,1,0.7426513574258858,1,0,-1.5964228875237414,-0.5930126212597049,1,0,0,0,1,1,0,1,0,1,0,1,0,1,0,1,0,0,1,0,1,0,0
1,1,0,-0.37329741509579917,1,0,0.9069501733019936,0.03162518148899949,1,0,0,1,0,0,0,0,0,0,1,0,1,0,1,0,0,0,0,1,0,0,1
0,1,0,-0.37329741509579917,1,1,0.9981364740204491,0.06105015148175012,1,0,1,1,0,0,1,0,1,0,1,0,1,0,0,0,0,0,0,1,0,0,0
1,1,1,-0.2718475266847369,1,1,0.2980111481651891,-0.0798806429115094,1,0,1,0,0,0,0,0,0,0,1,0,1,0,1,0,1,0,0,1,0,0,0
0,0,0,0.5904765248092925,1,1,0.6399597758593972,0.912745616556298,1,0,1,1,0,0,0,0,1,0,0,0,0,0,1,0,0,0,0,0,0,1,1
0,1,0,1.1991758552756662,1,1,-0.7776780942084561,0.2522900142043021,0,0,0,0,0,0,0,0,0,0,0,0,0,0,0,0,0,0,1,0,0,1,0
0,0,0,0.08322708275398108,1,0,0.17050488021141608,0.17218407606539693,0,0,0,0,0,0,0,0,1,0,0,0,0,0,0,0,1,0,0,0,0,1,0
0,0,0,0.33685180378163676,1,0,0.7991494194865316,0.7386259695410122,0,0,1,1,0,0,0,0,0,0,1,0,0,0,1,0,0,0,0,0,0,0,1
0,1,1,0.6412014690148236,0,1,1.3396987190844947,1.4824576635939752,0,1,0,1,0,0,0,0,1,0,1,0,1,0,1,0,0,0,0,1,0,0,1
0,0,0,0.7426513574258858,1,1,0.4544961133811826,0.9324819551132136,0,0,0,1,0,0,0,0,0,0,0,0,0,0,1,0,0,0,0,1,0,0,1
0,1,0,0.5397515806037613,1,1,0.8926540159859649,1.0601525974156019,1,0,0,1,0,0,0,0,0,0,1,0,0,0,1,0,1,0,1,0,1,0,0
0,1,0,-0.1703976382736746,1,0,0.9846130819647462,0.3017013933204792,1,0,0,1,0,0,0,0,1,0,1,0,0,0,1,0,0,0,1,0,1,0,0
0,1,0,-1.0834466339732352,1,1,1.5684372361409593,-0.6316324936210772,0,0,0,1,0,0,0,0,1,0,1,0,1,0,0,0,1,1,0,1,0,0,1
0,0,0,-1.2356214665898284,0,1,0.2574409719980792,-0.9715425141671021,1,1,0,1,0,0,0,0,0,0,0,0,1,0,0,0,0,1,0,0,0,1,1
0,0,0,-1.2863464107953595,0,1,0.42899485979042823,-1.0094249989605584,1,1,0,1,0,0,0,0,0,0,1,0,1,0,0,0,0,1,0,1,0,0,1
0,0,0,-0.9312718013566417,1,1,0.7377145812906228,-0.6163140684058491,0,0,0,1,0,0,0,0,0,0,0,0,1,0,0,0,1,0,1,1,0,0,0
1,0,0,-0.677647080328986,1,1,0.09284197154866404,-0.5272376502016014,1,0,1,1,0,0,0,0,0,0,0,0,0,0,0,0,0,0,0,0,1,0,1
0,0,1,-0.1703976382736746,1,1,-1.6226969063748216,-0.8685583252253786,0,0,1,0,1,1,0,1,0,1,0,1,0,1,0,1,0,0,1,0,0,1,0
1,0,0,-1.1341715781787662,1,1,0.09477388469947866,-0.8963161581080584,1,0,0,0,0,0,0,0,0,0,1,0,0,0,1,0,1,0,0,1,0,0,0
0,0,0,0.8948261900424792,1,0,0.6538695505452633,1.2297325018388483,0,0,0,1,0,0,0,0,1,0,1,0,0,0,0,0,0,0,0,1,0,0,1
0,1,0,-0.1703976382736746,1,1,-0.009549425444517203,-0.16970086074948101,1,0,1,0,0,0,0,0,0,0,0,0,0,0,1,0,1,0,0,0,1,0,1
0,0,1,-0.2718475266847369,1,1,0.8741076497381433,0.15305688376023782,1,0,1,1,0,0,0,0,0,0,1,0,0,0,1,0,1,0,0,0,0,1,1
0,1,0,0.13395202695951222,1,1,0.3103753923304031,0.24994319811858673,0,0,0,1,0,0,0,0,0,0,0,0,0,0,1,0,1,0,0,1,0,0,1
0,1,0,-1.2863464107953595,1,1,1.1975099111845302,-0.934352532480906,1,0,1,1,0,0,0,0,0,0,1,0,0,0,1,0,1,1,0,0,1,0,1
0,0,0,0.4890266363982302,1,1,0.35712769058012006,0.6336540401988195,0,0,1,0,0,0,1,0,1,0,1,0,1,0,1,0,0,0,0,0,0,1,0
0,0,0,-1.1848965223842973,1,1,0.26400947671084934,-0.9132696601043175,1,0,0,1,0,0,0,0,0,0,0,0,1,0,0,0,0,0,0,1,0,0,1
0,1,1,-0.018222805657081193,1,0,-1.688768336132686,-0.8352989398794649,1,0,1,0,1,1,0,1,0,1,0,1,0,1,0,1,0,0,0,0,0,0,0
0,0,0,-0.9819967455621728,1,1,-1.7447938175063131,-1.1186224796702,0,0,0,0,1,1,0,1,0,1,0,1,0,1,0,1,0,0,0,0,0,0,0
0,0,1,0.793376301631417,1,1,0.130707469304633,0.7570606587389113,0,0,0,0,0,0,0,0,0,0,1,0,0,0,1,0,1,0,0,0,0,1,1
0,0,1,0.43830169219269904,1,0,-1.5021455257639822,-0.6127297236191968,1,0,0,0,1,1,0,1,0,1,0,1,0,1,0,1,0,0,1,0,1,0,0
0,1,1,-1.3370713550008908,1,0,-0.028868556952664565,-1.0581631111668994,1,0,1,0,0,0,0,0,0,0,0,0,0,0,1,0,1,0,1,0,1,0,0
0,1,0,-1.0327216897677038,1,1,0.7149180061110089,-0.7238828844002675,0,0,1,0,0,0,0,0,0,0,1,0,1,0,1,0,1,0,0,1,0,0,1
0,0,1,1.4020756320977905,1,0,0.042612229627481006,1.1800389918271208,0,0,0,0,0,0,0,0,0,0,1,0,1,0,0,0,0,0,1,0,1,0,0
0,1,0,-0.4747473035068614,1,0,-1.619605845333518,-0.924657488979263,1,0,1,0,1,1,0,1,0,1,0,1,0,1,0,1,0,0,0,1,0,0,0
0,0,0,0.43830169219269904,1,1,0.6874848393694398,0.7997265446251093,0,0,0,1,0,0,1,0,0,0,1,0,0,0,0,0,0,0,0,0,1,0,1
0,0,0,-1.2863464107953595,1,1,0.091296441028012,-0.9791151638863086,1,0,1,0,0,0,1,0,0,0,0,0,0,0,0,0,1,0,1,0,0,0,0
1,0,0,0.9455511342480104,1,1,-1.5728535470838017,-0.5332906403243203,1,0,0,0,1,1,0,1,0,1,0,1,0,1,0,1,0,0,0,0,0,1,0
1,1,0,1.554250464714384,1,0,-0.5319387414248217,0.6980375929765946,1,0,1,0,0,0,0,0,0,0,0,0,0,0,0,0,1,0,0,0,0,1,1
0,1,0,-0.6269221361234548,1,1,0.18286912437663067,-0.45846183234537036,0,0,1,0,0,0,1,0,0,0,1,0,0,0,0,0,1,0,1,0,0,1,0
0,0,1,-0.322572470890268,1,0,0.08859176261687164,-0.18417930534386576,1,0,0,1,0,0,0,0,0,0,0,0,0,0,0,0,1,1,0,0,0,0,0
0,1,0,-0.677647080328986,1,1,0.3876519183629926,-0.4374238444294376,0,0,0,1,0,0,0,0,1,0,0,0,0,0,0,0,0,0,0,0,1,0,0
0,1,0,-0.322572470890268,1,0,-1.6462662468147613,-0.9096596670544332,1,0,0,0,1,1,0,1,0,1,0,1,0,1,0,1,0,0,0,0,0,1,0
1,1,0,-0.37329741509579917,1,1,0.051112647491065796,-0.28295717911556434,1,0,1,0,0,0,1,0,0,0,0,0,1,0,0,0,0,0,1,0,0,0,0
0,1,0,-0.5761971919179237,1,0,0.3393540895926242,-0.34469896078045786,1,0,0,1,0,0,0,0,0,0,0,0,0,0,0,0,0,0,0,0,0,1,1
0,1,1,-0.8298219129455794,1,1,1.4656594565176155,-0.28757386649729905,1,0,0,1,0,0,1,0,0,0,0,0,1,0,1,0,1,0,0,0,0,0,1
1,1,1,-0.1703976382736746,1,0,1.2821277071902157,0.41963210766056885,1,0,0,1,0,0,1,0,1,0,1,0,0,0,0,0,1,1,0,0,1,0,1
1,0,1,-1.0327216897677038,1,0,-1.6984279018867596,-1.114191742196896,1,0,1,0,1,1,0,1,0,1,0,1,0,1,0,1,0,0,0,0,1,0,0
0,0,0,-0.9819967455621728,1,0,-0.44963924120011384,-0.8811965069328773,1,0,0,0,0,0,0,0,0,0,0,0,0,0,1,0,0,0,0,0,1,0,0
1,0,0,-0.9819967455621728,0,0,0.5147718036866025,-0.6781648551894782,1,1,0,0,0,0,1,0,1,0,1,0,0,0,1,0,1,0,1,0,0,0,0
0,1,0,1.0977259668646038,1,1,-1.6049233053873262,-0.5049813697821554,0,0,1,0,1,1,0,1,0,1,0,1,0,1,0,1,0,0,0,0,0,0,0
0,0,0,1.8078751857420399,1,1,0.35017280323718675,1.8086266271135312,0,0,1,0,0,0,0,0,0,0,1,0,1,0,1,0,1,0,0,0,1,0,1
0,0,0,-0.8298219129455794,1,0,1.3706093294975303,-0.3465969322596155,1,0,0,1,0,0,1,0,1,0,1,0,1,0,1,0,0,1,0,1,0,0,0
0,1,0,2.1122248509752266,1,1,1.2612630451614162,3.2021288288294936,0,0,0,1,0,0,1,0,0,0,0,0,1,0,1,0,1,0,1,0,0,1,0
0,1,0,-1.2863464107953595,1,0,1.134143159837807,-0.9285303767272738,0,0,0,1,0,0,0,0,1,0,0,0,0,0,1,0,1,0,0,0,1,0,1
0,1,0,-1.1341715781787662,1,0,0.37103746526598613,-0.8591774729483259,1,0,0,0,0,0,1,0,0,0,0,0,1,0,0,0,1,0,0,1,0,0,1
1,0,0,-0.06894774986261233,1,1,0.1434580961000102,0.02636728752646828,1,0,0,0,0,0,0,0,1,0,0,0,0,0,1,0,1,0,0,0,1,0,1
0,1,1,2.1122248509752266,0,1,0.7875579405816433,2.667875505709861,1,1,0,1,0,0,1,0,1,0,0,0,0,0,1,0,0,0,0,0,1,0,1
0,0,1,-0.322572470890268,1,1,1.518980259480102,0.3845260473619613,1,0,0,1,0,0,0,0,1,0,1,0,0,0,1,0,1,0,0,0,0,0,1
1,1,0,0.33685180378163676,1,0,0.7875579405816433,0.75032157757474,1,0,0,1,0,0,0,0,1,0,0,0,0,0,0,0,1,1,0,0,1,0,0
1,1,0,2.1122248509752266,0,1,1.3091744913016221,3.247987923488058,0,1,0,1,0,0,1,0,1,0,1,0,0,0,1,0,0,0,1,0,0,1,0
0,1,1,-1.1341715781787662,1,0,-0.10150849142329847,-0.9163153913631008,1,0,1,0,0,0,0,0,1,0,1,0,0,0,0,0,0,1,0,1,0,0,0
0,1,0,-0.9819967455621728,1,0,0.391902127294785,-0.7116486628386706,1,0,1,1,0,0,0,0,0,0,0,0,0,0,0,0,1,0,0,0,1,0,0
0,0,1,-0.11967269406814346,1,0,0.9019271991098754,0.3158271742954256,0,0,1,1,0,0,0,0,1,0,1,0,0,0,1,0,0,0,0,0,1,0,1
1,0,0,-0.37329741509579917,1,1,-1.7447938175063131,-0.9896694242062188,0,0,0,0,1,1,0,1,0,1,0,1,0,1,0,1,0,0,1,0,1,0,0
0,0,1,0.4890266363982302,1,1,0.9397926968658444,1.0093946844797523,1,0,0,1,0,0,1,0,1,0,0,0,0,0,1,0,0,0,1,0,0,0,1
0,0,0,-0.4747473035068614,1,1,-1.7285657470394693,-0.9842512285984885,1,0,1,0,1,1,0,1,0,1,0,1,0,1,0,1,0,0,1,0,0,1,0
0,1,0,-0.2718475266847369,1,1,0.19484698591168212,-0.14135311781246854,0,0,0,0,0,0,1,0,1,0,1,0,0,0,0,0,1,0,0,1,0,0,1
0,0,0,2.1122248509752266,1,1,0.2423720494217248,1.9377079238936719,0,0,0,1,0,0,0,0,0,0,0,0,1,0,0,0,0,0,0,1,0,0,1
0,1,0,-0.2718475266847369,1,1,-0.5910552838397527,-0.46400826926925987,0,0,1,0,0,0,0,0,0,0,0,0,0,0,0,0,0,1,0,1,0,0,0
0,0,1,2.1122248509752266,0,0,0.5120671252754616,2.298142967090992,1,1,0,1,0,0,1,0,0,0,0,0,1,0,0,0,0,1,0,1,0,0,0
0,0,0,2.1122248509752266,1,0,-1.562421216069402,-0.15029153754877142,0,0,0,0,1,1,0,1,0,1,0,1,0,1,0,1,0,0,0,0,1,0,0
0,0,0,-0.322572470890268,1,1,0.7945128279245761,0.05337490870961618,0,0,0,1,0,0,0,0,1,0,0,0,0,0,1,0,1,0,0,0,1,0,1
0,0,1,-0.018222805657081193,1,1,0.3273762280575727,0.1446891378808436,0,0,0,1,0,0,0,0,0,0,0,0,0,0,0,0,1,0,1,0,0,1,1
0,0,1,-0.322572470890268,1,1,1.4807283790939705,0.3283499388183811,0,0,0,1,0,0,1,0,1,0,1,0,1,0,1,0,0,0,0,0,1,0,1
0,1,1,-1.0834466339732352,1,1,-0.03195961799396808,-0.8343243058766543,0,0,0,0,0,0,1,0,0,0,0,0,0,0,1,0,0,0,0,1,0,0,1
0,1,0,1.7064252973309777,1,0,0.4170169982553768,1.8082867876257092,1,0,1,1,0,0,0,0,1,0,0,0,0,0,0,0,0,0,0,0,1,0,1
0,0,1,-0.4240223593013303,1,0,-1.6841317445707304,-0.9893872933106683,1,0,0,0,1,1,0,1,0,1,0,1,0,1,0,1,0,0,0,0,0,1,0
0,0,0,-0.2718475266847369,1,1,-0.472049433749565,-0.38773033441770993,0,0,0,0,0,0,0,0,1,0,0,0,0,0,0,0,0,0,0,0,0,1,1
0,0,1,1.4020756320977905,1,0,0.991567969307679,2.0700144897752186,1,0,0,1,0,0,1,0,1,0,1,0,0,0,0,0,0,0,0,0,0,0,0
0,1,1,-1.1848965223842973,1,0,-1.6609487867609534,-1.1612498931615503,0,0,1,0,1,1,0,1,0,1,0,1,0,1,0,1,0,0,1,1,0,0,0
0,0,0,-0.37329741509579917,1,1,0.9907952040473532,0.09606644285904613,0,0,1,1,0,0,1,0,1,0,0,0,0,0,1,0,0,0,1,0,0,0,0
1,0,0,-0.06894774986261233,1,0,1.038320267557396,0.4462550048952389,0,0,1,1,0,0,0,0,1,0,1,0,0,0,0,0,1,1,0,0,1,0,1
0,1,1,0.08322708275398108,1,1,0.7554881822781182,0.5109271006343722,0,0,1,1,0,0,1,0,1,0,0,0,0,0,0,0,0,0,0,0,1,0,1
0,1,0,1.858600129947571,1,1,0.07004539636905001,1.5700977790572386,1,0,0,0,0,0,0,0,0,0,1,0,0,0,1,0,1,0,0,1,0,0,0
0,0,0,-0.2718475266847369,1,1,-0.15753397279692594,-0.2611561553684838,1,0,1,0,0,0,0,0,0,0,1,0,0,0,0,0,1,1,0,0,0,1,0
0,1,0,-1.2863464107953595,1,0,0.8652208492443954,-0.9481128257047985,0,0,0,1,0,0,1,0,1,0,0,0,0,0,1,0,0,0,0,0,0,1,1
1,0,1,0.7426513574258858,0,1,-0.3395201916036741,0.3610130020441541,1,1,0,0,0,0,0,0,1,0,0,0,0,0,1,0,0,1,0,1,0,0,0
0,0,0,0.6412014690148236,1,0,0.4212672071871692,0.7923783172091816,1,0,1,1,0,0,0,0,1,0,0,0,0,0,0,0,0,0,0,0,1,0,0
0,0,0,0.8948261900424792,1,0,-1.7189061812853956,-0.6544081513709683,0,0,0,0,1,1,0,1,0,1,0,1,0,1,0,1,0,1,0,0,0,0,0
0,0,1,-0.018222805657081193,1,0,0.2624639461901979,0.1319034786597619,0,0,1,0,0,0,0,0,0,0,1,0,1,0,1,0,1,0,1,0,0,1,0
1,1,0,2.1122248509752266,1,1,0.9193144174672082,2.773110329750181,1,0,0,1,0,0,1,0,1,0,0,0,0,0,0,0,1,0,0,0,0,0,0
0,1,0,-0.06894774986261233,1,0,0.803399628418324,0.34366836403360906,0,0,1,1,0,0,1,0,0,0,0,0,0,0,0,0,1,0,0,0,1,0,1
1,0,1,0.3875767479871679,1,0,-1.5910135307014601,-0.6961827601098594,0,0,0,0,1,1,0,1,0,1,0,1,0,1,0,1,0,0,0,0,1,0,1
1,0,1,1.4020756320977905,1,0,-1.7447938175063131,-0.5436140662751436,1,0,1,0,1,1,0,1,0,1,0,1,0,1,0,1,0,0,0,1,0,0,0
0,1,0,-0.06894774986261233,1,0,-1.708473850270996,-0.8952068707232804,0,0,0,0,1,1,0,1,0,1,0,1,0,1,0,1,0,0,0,1,0,0,0
0,1,0,0.8948261900424792,0,1,1.088936392108742,1.5568889234928314,1,1,0,1,0,0,0,0,1,0,0,0,1,0,0,0,1,0,0,1,0,0,1
0,0,0,1.7571502415365088,1,1,-0.6953785939837486,0.6684459092728371,0,0,0,0,0,0,0,0,0,0,0,0,0,0,0,0,1,0,0,0,0,1,0
1,1,0,1.2499007994811973,1,1,0.5105215947548101,1.4645936482529849,0,0,1,1,0,0,0,0,1,0,1,0,0,0,0,0,0,1,0,0,0,1,0
0,0,0,0.6919264132203548,1,1,0.8872446591636837,1.2132663168439948,0,0,1,1,0,0,0,0,1,0,0,0,0,0,1,0,1,0,0,0,1,0,0
0,0,1,-0.5254722477123925,1,1,-0.41988777867756705,-0.5856066852515055,1,0,1,0,0,0,0,0,0,0,0,0,1,0,0,0,0,0,0,0,1,0,1
0,0,0,-0.677647080328986,0,1,-1.701905345558226,-1.0312773192341027,1,1,0,0,1,1,0,1,0,1,0,1,0,1,0,1,0,1,0,1,0,0,0
0,0,1,-1.387796299206422,1,0,0.7906490016229468,-1.0729429228542582,1,0,0,1,0,0,1,0,0,0,0,0,1,0,0,0,0,0,0,0,0,0,1
1,1,0,-0.22112258247920574,1,1,-0.35304358365937705,-0.3544773611376043,0,0,0,0,0,0,0,0,1,0,0,0,0,0,0,0,0,0,1,1,0,0,0
1,1,0,-0.37329741509579917,1,0,1.474932639641526,0.2638124964612148,1,0,1,1,0,0,0,0,1,0,1,0,1,0,0,0,1,0,1,0,1,0,1
0,0,0,-1.2863464107953595,1,0,0.06309050902611725,-1.0290972168593946,1,0,0,1,0,0,0,0,0,0,0,0,0,0,0,0,0,0,1,1,0,0,1
0,1,1,-0.37329741509579917,1,0,-1.7057691718598555,-0.9394693609956618,1,0,0,0,1,1,0,1,0,1,0,1,0,1,0,1,0,0,1,0,1,0,0
0,1,1,-1.2863464107953595,1,1,1.1492120824141618,-0.9435410227837195,0,0,0,1,0,0,0,0,0,0,0,0,1,0,1,0,1,0,0,0,0,1,1
0,1,1,-0.6269221361234548,1,1,0.15543595763506166,-0.44686240529876187,0,0,1,0,0,0,1,0,0,0,1,0,0,0,0,0,0,1,0,0,0,0,0
1,1,0,-0.7283720245345171,1,1,-1.681040683529427,-1.0245702983989713,1,0,1,0,1,1,0,1,0,1,0,1,0,1,0,1,0,0,1,1,0,0,0
0,0,0,-1.1848965223842973,1,1,0.44058633869531655,-0.879247238927256,1,0,0,1,0,0,0,0,0,0,0,0,0,0,1,0,0,0,1,0,0,1,0
1,1,0,0.23540191537057448,1,1,0.5611377193061563,0.5290924830683366,1,0,1,0,0,0,1,0,1,0,1,0,0,0,0,0,1,0,1,0,1,0,0
0,1,1,-1.387796299206422,1,1,0.1963925164323336,-1.1305232738097826,0,0,0,0,0,0,1,0,1,0,1,0,0,0,0,0,0,0,0,0,1,0,1
0,0,0,-0.7283720245345171,0,1,-1.6779496224881234,-1.031918525814899,1,1,0,0,1,1,0,1,0,1,0,1,0,1,0,1,0,0,0,0,0,0,0
0,1,0,2.1122248509752266,1,1,-1.5999003311952078,-0.22695419634879935,0,0,0,0,1,1,0,1,0,1,0,1,0,1,0,1,0,0,0,1,0,0,0
0,1,1,0.33685180378163676,1,1,-1.7069283197503444,-0.7843550770351839,1,0,1,0,1,1,0,1,0,1,0,1,0,1,0,1,0,1,0,0,1,0,0
0,0,0,-0.1703976382736746,1,0,0.993113499828331,0.3006882869228208,1,0,1,1,0,0,1,0,0,0,1,0,0,0,1,0,1,0,0,1,0,0,1
0,0,1,-1.0327216897677038,1,0,-0.46625369429712055,-0.9317364096312563,1,0,1,0,0,0,0,0,0,0,0,0,0,0,1,0,1,0,1,1,0,0,0
0,0,0,-1.1341715781787662,0,1,-0.10846337876623151,-0.9006955990548984,0,1,0,0,0,0,0,0,0,0,1,0,0,0,0,0,1,1,0,0,0,1,0
0,0,0,1.0470010226590727,1,0,0.8802897718207503,1.5772600565647354,0,0,1,1,0,0,0,0,1,0,0,0,0,0,0,0,1,0,0,1,0,0,1
1,1,0,1.3513506878922594,1,1,1.2890825945331483,2.292853012799421,0,0,0,1,0,0,1,0,0,0,1,0,0,0,1,0,1,1,0,0,0,1,0
0,1,0,-0.677647080328986,1,0,-1.4990544647226787,-1.0114063272952196,0,0,1,0,1,1,0,1,0,1,0,1,0,1,0,1,0,0,0,0,1,0,0
0,1,0,2.1122248509752266,1,1,0.1886648638290751,1.936617872706318,0,0,0,0,0,0,0,0,1,0,0,0,0,0,1,0,0,0,0,0,0,0,1
0,0,1,-1.489246187617484,1,0,-0.11232720506786104,-1.1765747304425862,0,0,0,0,0,0,0,0,0,0,1,0,1,0,0,0,0,0,0,0,1,0,1
0,0,0,0.08322708275398108,1,0,0.5731155808412072,0.36595029271628693,1,0,0,0,0,0,1,0,1,0,1,0,1,0,0,0,0,0,1,1,0,0,0
0,0,0,2.1122248509752266,1,1,0.24778140624400552,1.9768792339145294,1,0,0,0,0,0,1,0,0,0,1,0,0,0,1,0,1,0,1,0,0,1,0
0,0,0,-1.438521243411953,0,1,0.4429046344762943,-1.1074975454933809,0,1,0,0,0,0,0,0,0,0,1,0,1,0,1,0,1,0,0,0,1,0,0
0,1,0,-0.37329741509579917,1,0,-0.12971442342519376,-0.3252126927900526,0,0,0,0,0,0,0,0,0,0,0,0,1,0,0,0,1,0,0,1,0,0,0
1,1,0,0.8948261900424792,1,1,-1.6624943172816051,-0.5954043218060757,0,0,0,0,1,1,0,1,0,1,0,1,0,1,0,1,0,0,1,0,1,0,0
0,0,0,2.1122248509752266,1,1,-1.4917131947495825,-0.06544067071197256,1,0,0,0,1,1,0,1,0,1,0,1,0,1,0,1,0,0,1,0,0,1,0
0,0,1,-0.7790969687400482,1,0,0.47729268856079665,-0.48418062830111736,0,0,1,1,0,0,0,0,1,0,1,0,0,0,0,0,0,1,0,0,0,0,1
0,1,0,0.032502138548449945,1,1,1.0240241102413667,0.5552472994990255,0,0,1,0,0,0,1,0,1,0,1,0,1,0,1,0,1,0,0,1,0,0,0
0,0,0,0.33685180378163676,0,1,0.5924347123493545,0.6232408453266848,0,1,0,1,0,0,0,0,0,0,0,0,0,0,1,0,1,0,1,1,0,0,0
0,1,0,-1.0834466339732352,1,1,0.46376929650509313,-0.805707256175707,0,0,0,0,0,0,0,0,0,0,1,0,1,0,0,0,1,0,0,0,0,1,0
0,1,0,-1.2356214665898284,1,0,0.692507813561558,-0.9245869562553755,0,0,0,1,0,0,1,0,0,0,1,0,0,0,0,0,0,0,0,0,1,0,1
0,1,0,1.1484509110701349,1,1,0.9548616194421994,1.7725523448779212,1,0,0,1,0,0,0,0,1,0,0,0,1,0,0,0,1,0,0,0,1,0,1
0,0,0,-0.2718475266847369,1,1,-1.6891547187628484,-0.9293831814797332,0,0,0,0,1,1,0,1,0,1,0,1,0,1,0,1,0,0,1,0,0,1,0
0,1,1,-0.7790969687400482,1,0,0.9745671335805094,-0.3955787029666589,0,0,0,1,0,0,0,0,0,0,0,0,1,0,1,0,1,0,0,0,0,1,0
0,0,1,2.1122248509752266,1,0,-1.518373596230826,-0.11463403959067893,0,0,1,0,1,1,0,1,0,1,0,1,0,1,0,1,0,0,0,0,1,0,0
0,1,1,-0.11967269406814346,1,0,0.9386335489753556,0.3590765581701487,0,0,0,1,0,0,1,0,1,0,0,0,1,0,0,0,0,0,0,1,0,0,1
1,1,0,-1.0327216897677038,1,0,-1.5384654929992994,-1.0739303809886849,1,0,1,0,1,1,0,1,0,1,0,1,0,1,0,1,0,1,0,0,1,0,0
0,1,1,0.5904765248092925,1,0,-1.6215377584843327,-0.6380766197580818,1,0,1,0,1,1,0,1,0,1,0,1,0,1,0,1,0,0,1,0,0,0,0
0,1,1,0.13395202695951222,1,0,-1.6532211341576948,-0.7702228839944294,1,0,1,0,1,1,0,1,0,1,0,1,0,1,0,1,0,0,0,1,0,0,1
0,1,0,-0.5254722477123925,1,1,1.052230042243262,-0.05795137784826956,0,0,0,1,0,0,0,0,0,0,1,0,0,0,1,0,1,0,0,0,0,0,0
0,1,0,1.7571502415365088,1,0,-0.6223522768829515,0.7165043425035335,1,0,0,0,0,0,0,0,0,0,0,0,0,0,0,0,0,0,1,0,0,1,0
0,0,0,-0.8805468571511105,1,1,0.398084249377392,-0.6126591908953092,1,0,1,0,0,0,0,0,0,0,1,0,1,0,1,0,1,0,1,1,0,0,0
1,1,0,1.1484509110701349,1,0,-1.7208380944362105,-0.5896206384472914,1,0,1,0,1,1,0,1,0,1,0,1,0,1,0,1,0,0,0,1,0,0,0
0,0,1,0.793376301631417,1,1,1.213351599021211,1.5541766196560618,1,0,0,1,0,0,1,0,0,0,1,0,1,0,1,0,0,1,0,0,0,0,1
0,1,1,-0.6269221361234548,1,1,1.0703900258609205,-0.18608368888883134,0,0,0,1,0,0,1,0,1,0,1,0,0,0,0,0,0,0,0,0,1,0,1
1,0,0,-0.8298219129455794,1,1,0.02367948074949624,-0.6571717517342012,1,0,1,1,0,0,0,0,0,0,0,0,0,0,0,0,0,0,1,0,1,0,1
0,0,0,-0.9312718013566417,1,1,1.1268018898647105,-0.5286931891400094,1,0,0,1,0,0,0,0,1,0,1,0,0,0,0,0,1,0,0,0,1,0,1
0,0,0,-1.2356214665898284,1,0,-0.12739612764421598,-0.973921390581857,0,0,1,0,0,0,1,0,0,0,0,0,0,0,1,0,1,0,0,1,0,0,1
0,1,1,-0.322572470890268,1,0,-0.17839863482572504,-0.2970380756298552,0,0,1,0,0,0,0,0,0,0,0,0,1,0,0,0,1,0,0,1,0,0,1
0,0,0,2.1122248509752266,1,1,0.08047772738344944,1.789031354004391,0,0,0,0,0,0,1,0,0,0,1,0,1,0,0,0,0,0,0,1,0,0,0
0,1,0,-1.387796299206422,1,0,-1.7447938175063131,-1.1649175948037063,1,0,1,0,1,1,0,1,0,1,0,1,0,1,0,1,0,1,0,0,0,0,0
0,0,0,2.1122248509752266,1,1,0.589343651308051,2.3796916200366893,0,0,1,1,0,0,1,0,0,0,0,0,0,0,1,0,0,0,1,1,0,0,0
0,1,0,-1.0834466339732352,1,1,-0.5330978893153105,-0.9433743090727125,1,0,1,0,0,0,1,0,0,0,0,0,0,0,0,0,0,0,0,0,0,1,1
0,0,0,1.0977259668646038,1,0,-0.2324922030485376,0.682648635037479,1,0,1,0,0,0,0,0,0,0,0,0,1,0,1,0,0,1,0,1,0,0,0
0,1,0,-1.2356214665898284,1,0,0.5901164165683773,-0.933044471056081,0,0,0,1,0,0,1,0,0,0,0,0,0,0,0,0,0,1,0,0,1,0,1
0,1,0,-1.1341715781787662,1,0,-0.00491283388256166,-0.9173349098265672,1,0,0,0,0,0,1,0,0,0,0,0,0,0,1,0,0,0,1,0,0,0,0
0,1,1,1.604975408919915,1,0,-1.6141964885112368,-0.37470742876173335,1,0,0,0,1,1,0,1,0,1,0,1,0,1,0,1,0,0,0,0,1,0,0
1,1,0,-0.322572470890268,1,1,0.20643846481657044,-0.183942058908971,0,0,1,1,0,0,0,0,0,0,0,0,0,0,1,0,0,0,0,0,1,0,0
0,1,0,-0.8805468571511105,1,1,-1.7208380944362105,-1.0886396599521562,0,0,0,0,1,1,0,1,0,1,0,1,0,1,0,1,0,0,0,1,0,0,0
0,0,0,2.1122248509752266,1,0,0.11757045987909268,1.8369423097215045,1,0,1,0,0,0,0,0,0,0,1,0,1,0,1,0,0,1,0,1,0,0,0
1,1,0,-0.9819967455621728,1,1,0.1921423075005412,-0.7801423497993513,0,0,1,1,0,0,0,0,0,0,0,0,0,0,1,0,0,1,0,0,1,0,1
0,0,0,1.7571502415365088,1,0,0.9409518447563333,2.4150733991650397,0,0,1,1,0,0,1,0,0,0,1,0,1,0,0,0,0,1,0,1,0,0,1
0,0,0,1.858600129947571,1,0,-1.563193981329728,-0.23414853418533577,1,0,0,0,1,1,0,1,0,1,0,1,0,1,0,1,0,0,0,0,1,0,1
0,1,1,-0.5254722477123925,1,1,0.8022404805278351,-0.1599609327871825,1,0,1,1,0,0,0,0,1,0,0,0,0,0,0,0,1,1,0,0,0,0,0
0,1,0,0.23540191537057448,1,0,-1.7104057634218108,-0.8105804261897602,1,0,1,0,1,1,0,1,0,1,0,1,0,1,0,1,0,1,0,0,0,0,0
0,0,0,2.1122248509752266,1,1,-1.6632670825419313,-0.309105583480445,1,0,1,0,1,1,0,1,0,1,0,1,0,1,0,1,0,1,0,0,0,1,0
0,0,0,1.4020756320977905,1,1,-1.655925812568835,-0.4824878429278147,0,0,0,0,1,1,0,1,0,1,0,1,0,1,0,1,0,0,1,0,0,0,0
0,0,1,2.0614999067696957,1,1,0.6554150810659153,2.4546294331343748,0,0,0,1,0,0,0,0,0,0,0,0,0,0,1,0,1,0,1,1,0,0,0
0,0,0,0.23540191537057448,1,1,0.6237317053925533,0.5558115612901262,1,0,0,1,0,0,0,0,1,0,0,0,0,0,0,0,1,0,1,0,1,0,0
0,0,0,0.23540191537057448,1,0,0.8586523445316252,0.6859893213234287,1,0,0,1,0,0,0,0,0,0,0,0,1,0,1,0,1,1,0,1,0,0,1
0,1,0,2.1122248509752266,1,0,0.10675174623453011,1.8225985185090872,0,0,0,0,0,0,0,0,0,0,1,0,0,0,1,0,1,1,0,0,1,0,1
1,1,1,-0.5254722477123925,1,0,-1.5639667465900537,-0.908043826470826,1,0,1,0,1,1,0,1,0,1,0,1,0,1,0,1,0,0,1,1,0,0,0
0,1,0,0.23540191537057448,1,1,0.8207868467756567,0.7111951520145384,0,0,0,1,0,0,0,0,1,0,1,0,1,0,0,0,0,0,1,0,0,0,0
0,1,1,-0.018222805657081193,1,0,0.39962977989804405,0.18226384351551786,1,0,0,1,0,0,0,0,1,0,0,0,1,0,0,0,0,0,0,0,0,0,1
1,0,0,-1.0327216897677038,1,1,0.7168499192618235,-0.6934383959440503,0,0,0,1,0,0,0,0,1,0,1,0,0,0,1,0,0,0,1,0,0,1,1
0,1,0,-0.1703976382736746,1,1,-0.1671935385509996,-0.22974985704107195,0,0,1,0,0,0,0,0,0,0,0,0,1,0,0,0,1,0,0,1,0,0,0
0,0,0,-0.018222805657081193,1,1,-1.6172875495525403,-0.8242188901633015,1,0,0,0,1,1,0,1,0,1,0,1,0,1,0,1,0,0,0,0,0,0,0
0,0,0,-1.387796299206422,1,1,0.4684058880670487,-1.0848821893886889,1,0,1,1,0,0,0,0,1,0,0,0,0,0,1,0,0,0,1,0,1,0,0
1,1,0,-0.9819967455621728,1,0,-1.6184466974430292,-1.0791241542931362,1,0,0,0,1,1,0,1,0,1,0,1,0,1,0,1,0,0,1,0,0,0,0
0,1,1,-1.0327216897677038,1,1,-0.2711304660648323,-0.873938048438261,1,0,1,0,0,0,0,0,0,0,1,0,0,0,0,0,0,0,0,1,0,0,1
0,0,1,1.8078751857420399,1,0,0.515158186316765,2.0290221530648993,0,0,0,0,0,0,1,0,0,0,0,0,0,0,1,0,1,0,0,0,0,0,0
0,0,0,0.18467697116504336,0,1,0.02986160283210381,0.13460295836491484,0,1,0,0,0,0,0,0,1,0,1,0,0,0,0,0,1,0,1,0,1,0,1
0,0,1,-0.2718475266847369,1,0,-0.09919019564232069,-0.24374739669985918,1,0,0,0,0,0,1,0,0,0,0,0,0,0,0,0,1,0,1,0,0,1,0
0,0,1,-0.5254722477123925,1,0,0.3675600215945195,-0.3244817172879447,1,0,0,1,0,0,0,0,0,0,0,0,0,0,1,0,0,0,0,0,0,1,0
1,1,1,0.9962760784535415,1,0,1.291400890314126,1.872606219745405,0,0,0,1,0,0,0,0,1,0,0,0,0,0,1,0,1,0,0,0,0,1,0
0,1,1,-1.3370713550008908,1,1,-1.4828263942558348,-1.1419046906189203,0,0,1,0,1,1,0,1,0,1,0,1,0,1,0,1,0,0,1,0,0,0,0
0,1,1,-0.6269221361234548,1,1,0.18827848119891197,-0.43911662980274035,0,0,0,0,0,0,1,0,0,0,0,0,1,0,1,0,1,0,1,0,1,0,0
0,0,1,1.4020756320977905,1,1,0.7168499192618235,1.784972516347949,0,0,0,1,0,0,0,0,1,0,1,0,0,0,0,0,0,0,1,1,0,0,0
0,1,1,0.8441012458369481,0,1,-1.7447938175063131,-0.6839934230089181,0,1,0,0,1,1,0,1,0,1,0,1,0,1,0,1,0,0,1,0,0,1,0
1,1,0,-0.9819967455621728,1,0,0.633391271146627,-0.661416539299074,0,0,1,0,0,0,1,0,1,0,1,0,0,0,1,0,1,0,0,0,0,1,0
0,1,1,0.13395202695951222,1,0,0.7952855931849018,0.5530479609268933,0,0,0,1,0,0,1,0,0,0,0,0,1,0,1,0,0,0,0,1,0,0,1
0,0,0,-0.018222805657081193,1,1,-1.6806543008992636,-0.8455967175670565,1,0,0,0,1,1,0,1,0,1,0,1,0,1,0,1,0,0,0,0,0,1,0
0,0,1,2.1122248509752266,1,1,-0.053597045283092934,1.6414063629076157,1,0,1,0,0,0,0,0,1,0,1,0,0,0,1,0,0,0,0,0,1,0,0
0,0,0,0.793376301631417,1,1,0.2489405541344944,0.8211877288843679,1,0,0,1,0,0,0,0,0,0,1,0,0,0,0,0,0,0,0,0,0,1,0
0,0,1,-0.06894774986261233,0,1,-0.31092787697161595,-0.18638505598180558,1,1,0,0,0,0,0,0,1,0,1,0,0,0,0,0,0,0,0,0,1,0,1
0,1,1,1.7571502415365088,1,0,0.729214163427038,2.193376223854655,0,0,1,1,0,0,0,0,0,0,0,0,1,0,1,0,0,0,1,0,0,0,0
0,1,1,-0.11967269406814346,1,1,1.3671318858260642,0.5542341931013668,1,0,1,1,0,0,0,0,1,0,1,0,0,0,1,0,1,0,0,0,1,0,0
0,0,0,-0.4240223593013303,1,0,1.4753190222716892,0.20434699815814886,1,0,0,1,0,0,0,0,1,0,1,0,1,0,1,0,1,0,0,0,0,0,0
0,1,0,-0.06894774986261233,0,0,-1.7447938175063131,-0.9033181339703561,1,1,0,0,1,1,0,1,0,1,0,1,0,1,0,1,0,0,0,0,0,0,1
0,0,0,0.5904765248092925,1,0,0.6206406443512498,0.9127071441614499,1,0,0,1,0,0,0,0,1,0,0,0,1,0,1,0,0,0,1,0,0,1,0
0,0,0,0.5397515806037613,1,1,0.5483870925107786,0.7832026510379839,1,0,1,1,0,0,1,0,0,0,0,0,0,0,1,0,1,1,0,1,0,0,0
0,0,0,0.7426513574258858,1,0,0.3424451506339277,0.8433670645141181,0,0,0,0,0,0,1,0,1,0,0,0,0,0,1,0,1,1,0,0,0,0,0
1,1,1,-0.37329741509579917,1,1,0.7898762363626205,0.016582475103513915,1,0,1,1,0,0,0,0,1,0,1,0,1,0,0,0,0,0,0,0,0,0,0
0,1,1,-0.5254722477123925,1,0,-1.6682900567340497,-0.9862902655254213,0,0,0,0,1,1,0,1,0,1,0,1,0,1,0,1,0,0,0,0,0,0,0
0,1,0,1.4020756320977905,1,1,0.62720914906402,1.7382477928053093,1,0,1,1,0,0,0,0,0,0,0,0,1,0,0,0,1,0,0,0,0,1,0
1,1,1,-0.4747473035068614,1,1,0.3389677069624616,-0.2354630076759687,0,0,0,0,0,0,1,0,1,0,0,0,0,0,1,0,0,0,0,0,1,0,1
1,0,0,2.1122248509752266,0,1,-0.1579203554270888,1.5056436935555761,1,1,0,0,0,0,0,0,0,0,0,0,0,0,1,0,1,0,1,0,0,0,0
0,0,0,0.793376301631417,1,0,0.4382680429143388,0.9961537685863048,0,0,0,1,0,0,1,0,0,0,0,0,0,0,0,0,1,0,0,0,0,0,0
0,1,1,-0.2718475266847369,1,0,0.795671975815065,0.11888698506959314,1,0,1,1,0,0,0,0,0,0,1,0,0,0,1,0,0,0,0,0,0,1,1
0,1,1,-1.1848965223842973,1,0,0.6758933604645515,-0.8931485975989237,1,0,0,1,0,0,0,0,1,0,0,0,0,0,0,0,1,0,0,0,0,0,1
1,1,0,1.0470010226590727,1,0,0.7361690507699709,1.4739424402009982,0,0,1,1,0,0,0,0,0,0,1,0,0,0,0,0,1,0,1,1,0,0,0
1,0,0,-1.1341715781787662,1,0,-1.524942100943596,-1.1275801356039268,1,0,0,0,1,1,0,1,0,1,0,1,0,1,0,1,0,0,0,1,0,0,0
0,0,0,-0.322572470890268,0,0,0.06424965691660559,-0.2366364157188262,0,1,0,0,0,0,1,0,0,0,0,0,1,0,1,0,0,0,0,0,0,1,0
0,1,0,0.793376301631417,1,0,-1.67099473514519,-0.6405709133573803,1,0,0,0,1,1,0,1,0,1,0,1,0,1,0,1,0,0,1,1,0,0,0
0,1,0,-1.0327216897677038,1,1,0.2500997020249833,-0.7663692324438427,0,0,1,1,0,0,0,0,0,0,1,0,0,0,0,0,0,0,0,0,1,0,1
0,0,0,-1.1848965223842973,1,1,-1.6138101058810739,-1.1300038964793375,1,0,1,0,1,1,0,1,0,1,0,1,0,1,0,1,0,0,0,1,0,0,0
0,0,1,0.3875767479871679,0,1,0.7369418160302972,0.7821574843112856,1,1,0,1,0,0,0,0,0,0,0,0,0,0,1,0,1,0,0,0,1,0,1
0,0,0,1.3513506878922594,1,1,0.5020211768912253,1.5490084946148426,1,0,1,1,0,0,0,0,0,0,0,0,0,0,1,0,1,1,0,0,1,0,1
1,1,0,1.4020756320977905,1,1,-0.661376922529409,0.4982568585978338,1,0,1,0,0,0,0,0,0,0,0,0,0,0,0,0,0,0,0,0,1,0,1
0,1,0,-0.5761971919179237,1,1,1.2597175146407649,-0.04371017968877959,0,0,0,1,0,0,1,0,0,0,1,0,1,0,1,0,0,0,0,1,0,0,0
0,0,1,0.5904765248092925,1,0,1.1805090754573602,1.3130829452765835,0,0,1,1,0,0,1,0,0,0,1,0,0,0,1,0,0,0,0,0,0,0,1
0,0,0,-0.11967269406814346,0,1,-1.7447938175063131,-0.891814887910867,0,1,0,0,1,1,0,1,0,1,0,1,0,1,0,1,0,0,1,0,1,0,0
1,1,1,-0.1703976382736746,1,1,1.37447315579916,0.48974163520485636,1,0,0,1,0,0,1,0,0,0,1,0,1,0,0,0,1,0,0,1,0,0,1
0,0,0,0.5397515806037613,1,1,-1.5172144483403371,-0.5879663254688365,1,0,0,0,1,1,0,1,0,1,0,1,0,1,0,1,0,0,0,0,1,0,0
0,0,1,-1.387796299206422,1,0,0.41933529403635456,-1.092512547700167,1,0,0,0,0,0,1,0,0,0,0,0,1,0,1,0,1,1,0,0,0,1,0
1,1,0,0.9455511342480104,1,1,1.0317517628446258,1.6051653669609987,0,0,1,1,0,0,0,0,1,0,0,0,1,0,1,0,1,0,0,0,1,0,1
1,0,0,-1.1848965223842973,1,1,1.2403983831326175,-0.8143443088190357,1,0,0,1,0,0,0,0,1,0,0,0,1,0,1,0,1,0,0,0,0,0,1
1,1,0,0.6412014690148236,1,1,0.13727597401740263,0.6116414182800763,1,0,0,0,0,0,0,0,1,0,1,0,0,0,1,0,0,0,0,0,0,1,1
0,0,0,-0.7283720245345171,1,0,0.07584113582149445,-0.5659537035500931,0,0,1,0,0,0,0,0,0,0,0,0,0,0,1,0,1,0,1,0,0,0,0
0,1,0,0.8441012458369481,1,1,-0.5566672297552504,0.23781156960991717,1,0,0,0,0,0,0,0,0,0,0,0,0,0,0,0,0,0,0,0,0,1,0
0,0,0,-1.0327216897677038,1,1,-1.5121914741482188,-1.0507828234219319,0,0,1,0,1,1,0,1,0,1,0,1,0,1,0,1,0,0,0,0,0,0,0
0,0,0,2.1122248509752266,1,0,-1.6478117773354135,-0.28293794291814045,0,0,0,0,1,1,0,1,0,1,0,1,0,1,0,1,0,0,0,0,1,0,0
0,0,0,-0.9312718013566417,1,0,0.8791306239302614,-0.6005275623866396,0,0,1,1,0,0,0,0,0,0,1,0,0,0,1,0,0,0,1,0,1,0,0
0,0,0,-1.2356214665898284,1,1,-1.7447938175063131,-1.1792677980819315,1,0,1,0,1,1,0,1,0,1,0,1,0,1,0,1,0,0,0,0,0,1,0
0,0,1,-0.9819967455621728,1,0,-1.50446382154496,-1.0629978087861047,0,0,1,0,1,1,0,1,0,1,0,1,0,1,0,1,0,0,0,0,0,0,0
0,0,0,-1.3370713550008908,1,1,1.425862045610832,-0.9773197854600784,1,0,0,1,0,0,1,0,1,0,1,0,1,0,0,0,1,0,1,0,0,1,1
0,0,0,-0.8805468571511105,1,1,0.5159309515770913,-0.5686852435842862,1,0,0,1,0,0,0,0,0,0,0,0,0,0,1,0,0,1,0,0,0,1,0
0,1,1,0.9455511342480104,1,0,0.6326185058863013,1.2849852729060816,0,0,1,1,0,0,0,0,0,0,1,0,1,0,0,0,0,1,0,0,1,0,1
0,0,0,-0.9819967455621728,1,0,0.753169886497141,-0.6381984490084331,0,0,0,1,0,0,0,0,1,0,0,0,0,0,0,0,1,0,0,0,1,0,1
0,1,0,0.23540191537057448,1,1,0.20798399533722245,0.3117042159809043,0,0,1,0,0,0,0,0,1,0,0,0,0,0,0,0,1,0,0,0,0,1,0
1,0,1,-0.7790969687400482,1,1,-0.10730423087574262,-0.6359221656466056,0,0,1,0,0,0,1,0,0,0,0,0,1,0,0,0,0,0,0,0,1,0,1
0,0,0,0.9962760784535415,1,0,0.7056448229870983,1.4020439462962881,0,0,1,0,0,0,1,0,1,0,1,0,0,0,1,0,0,0,0,0,0,0,0
0,1,0,-0.2718475266847369,1,0,0.9838403167044204,0.21020121424082056,0,0,0,1,0,0,1,0,0,0,1,0,0,0,0,0,1,0,0,1,0,0,1
0,0,0,-0.677647080328986,1,1,-1.738998078053869,-1.0296999510453433,1,0,0,0,1,1,0,1,0,1,0,1,0,1,0,1,0,0,0,0,1,0,0
0,0,0,-1.1848965223842973,1,1,0.57079728506023,-0.8862748630527855,0,0,1,1,0,0,0,0,0,0,1,0,0,0,1,0,0,0,1,1,0,0,0
0,1,0,1.1484509110701349,1,1,-1.6006730964555338,-0.5070781153013598,0,0,1,0,1,1,0,1,0,1,0,1,0,1,0,1,0,0,0,1,0,0,0
0,1,0,-0.2718475266847369,1,1,0.42165358981733175,-0.024942063068866475,0,0,1,0,0,0,0,0,1,0,1,0,1,0,0,0,1,0,0,0,1,0,0
0,1,1,1.2499007994811973,1,0,-1.5933318264824377,-0.4502736243085993,0,0,0,0,1,1,0,1,0,1,0,1,0,1,0,1,0,0,0,0,1,0,0
0,0,0,-0.06894774986261233,1,1,0.2771464861363897,0.06442931016254759,1,0,1,0,0,0,1,0,0,0,1,0,0,0,0,0,1,1,0,1,0,0,0
0,0,1,0.3875767479871679,1,1,-1.694950458215293,-0.7773338649754625,1,0,1,0,1,1,0,1,0,1,0,1,0,1,0,1,0,0,0,1,0,0,1
0,0,0,-1.0327216897677038,1,1,-0.4337975533634331,-0.8941104074701184,1,0,1,0,0,0,0,0,0,0,0,0,1,0,1,0,0,0,0,0,0,1,1
0,0,0,0.6412014690148236,1,1,0.7234184239745937,1.0367677934139539,0,0,1,1,0,0,0,0,1,0,0,0,0,0,1,0,0,0,1,0,0,1,0
1,0,0,1.1484509110701349,1,1,0.15968616656685405,1.0519323290497908,1,0,0,1,0,0,0,0,0,0,0,0,0,0,0,0,0,1,0,0,0,0,0
1,0,0,-1.1341715781787662,1,0,0.30342050498747036,-0.8595750210284198,1,0,0,0,0,0,0,0,1,0,0,0,0,0,1,0,1,0,0,0,0,0,1
0,1,1,0.08322708275398108,1,1,0.5398866746471938,0.3739012543181634,1,0,0,1,0,0,0,0,0,0,0,0,1,0,1,0,0,0,0,0,0,1,1
0,0,0,-0.37329741509579917,1,0,1.1233244461932443,0.13157646330355557,0,0,0,1,0,0,1,0,1,0,0,0,0,0,1,0,1,1,0,0,1,0,1
0,0,1,-0.8298219129455794,1,0,-1.7447938175063131,-1.0771684742217071,1,0,1,0,1,1,0,1,0,1,0,1,0,1,0,1,0,0,0,0,1,0,0
0,0,1,-0.9312718013566417,1,0,0.3965387188567405,-0.666494895418982,1,0,1,0,0,0,1,0,0,0,1,0,0,0,1,0,0,0,1,1,0,0,0
0,0,0,2.1122248509752266,1,0,0.5565011277442007,2.3549410460179447,1,0,0,1,0,0,0,0,0,0,0,0,0,0,1,0,1,1,0,0,0,1,0
0,0,0,0.032502138548449945,1,0,0.3103753923304031,0.18286657770146658,1,0,0,0,0,0,1,0,1,0,1,0,0,0,0,0,0,0,0,1,0,0,0
1,1,0,2.1122248509752266,1,1,0.21957547424211077,1.9726536825470804,0,0,1,0,0,0,0,0,0,0,1,0,1,0,1,0,0,0,1,0,1,0,0
0,0,0,1.3513506878922594,1,1,0.12684364300300321,1.2009807987559342,1,0,0,0,0,0,1,0,1,0,0,0,0,0,0,0,1,0,1,0,1,0,0
0,1,0,-0.8805468571511105,0,1,-0.07252979416107742,-0.7296088591667801,0,1,0,1,0,0,0,0,0,0,0,0,0,0,1,0,0,0,1,0,0,1,1
1,1,0,0.23540191537057448,1,0,0.8119000462819088,0.6636432719826713,0,0,0,1,0,0,0,0,1,0,1,0,0,0,0,0,0,1,0,0,1,0,1
1,0,1,-0.9819967455621728,0,1,-1.7281793644093064,-1.0671464153638581,0,1,0,0,1,1,0,1,0,1,0,1,0,1,0,1,0,0,0,0,0,0,0
0,0,1,0.793376301631417,1,0,1.4869105011765775,1.7685191554847115,0,0,1,1,0,0,1,0,0,0,0,0,1,0,1,0,1,0,1,0,0,1,0
0,0,0,0.08322708275398108,1,1,1.0549347206544024,0.60951902449764,1,0,0,1,0,0,1,0,0,0,1,0,1,0,0,0,0,0,0,0,1,0,1
0,0,0,-1.489246187617484,1,0,1.4965700669306512,-1.1562613059629536,1,0,1,1,0,0,1,0,1,0,1,0,1,0,1,0,0,0,0,0,0,0,1
1,1,0,0.793376301631417,1,0,0.5808432334444662,1.0601974818762578,0,0,0,1,0,0,0,0,0,0,0,0,0,0,1,0,1,0,0,1,0,0,0
0,0,0,0.23540191537057448,1,1,-1.7447938175063131,-0.807707820707792,1,0,0,0,1,1,0,1,0,1,0,1,0,1,0,1,0,0,1,0,1,0,0
0,1,0,-0.7790969687400482,1,0,1.132597629317155,-0.33969113738443735,1,0,1,1,0,0,1,0,1,0,0,0,1,0,1,0,0,1,0,1,0,0,0
1,1,1,1.2499007994811973,1,1,0.6677793252311294,1.589372448875981,1,0,0,0,0,0,1,0,1,0,0,0,0,0,1,0,1,0,1,0,1,0,0
0,1,0,1.9093250741531023,1,1,0.9019271991098754,2.5236232612280767,0,0,1,1,0,0,0,0,0,0,0,0,1,0,1,0,1,0,0,0,0,1,0
0,0,0,-0.4747473035068614,1,1,0.025611393900310864,-0.38151063058398416,0,0,0,0,0,0,1,0,0,0,0,0,0,0,1,0,0,0,0,0,0,0,0
0,1,0,-0.22112258247920574,1,1,-1.7447938175063131,-0.9632965975380593,0,0,1,0,1,1,0,1,0,1,0,1,0,1,0,1,0,0,1,0,0,0,0
0,0,0,-1.489246187617484,0,1,0.29453370449372246,-1.1810247041133137,0,1,0,1,0,0,0,0,0,0,0,0,0,0,0,0,1,0,0,0,1,0,1
1,0,0,-0.9819967455621728,1,0,-1.5604893029185871,-1.0674028979961767,1,0,1,0,1,1,0,1,0,1,0,1,0,1,0,1,0,1,0,0,0,0,1
0,1,0,0.9962760784535415,1,1,0.5711836676903925,1.2798620323255177,0,0,0,1,0,0,0,0,1,0,0,0,0,0,0,0,1,0,0,1,0,0,1
0,0,0,-0.7283720245345171,1,1,-0.2541296303376627,-0.6387178263388783,0,0,0,0,0,0,1,0,0,0,1,0,0,0,0,0,0,0,1,0,0,1,0
0,0,1,-0.11967269406814346,1,1,0.46801950543688553,0.10454319385717584,0,0,0,0,0,0,1,0,1,0,1,0,0,0,0,0,0,0,0,0,1,0,1
0,1,0,-0.677647080328986,0,1,0.5190220126183949,-0.3975023227090484,0,1,0,1,0,0,0,0,0,0,1,0,1,0,0,0,0,0,0,0,1,0,1
0,1,0,2.1122248509752266,1,1,-1.578262903906083,-0.22777494077221883,1,0,0,0,1,1,0,1,0,1,0,1,0,1,0,1,0,0,0,0,1,0,0
0,1,0,-0.22112258247920574,1,1,-1.6184466974430292,-0.8765990557485664,1,0,0,0,1,1,0,1,0,1,0,1,0,1,0,1,0,1,0,0,0,1,0
0,1,0,-0.4747473035068614,1,0,-1.7293385122997953,-0.9552366308174475,1,0,0,0,1,1,0,1,0,1,0,1,0,1,0,1,0,0,1,0,1,0,0
0,1,0,-0.8298219129455794,1,0,1.140325281920414,-0.4121731292776721,0,0,0,1,0,0,0,0,1,0,0,0,1,0,1,0,1,0,1,0,0,0,0
0,1,0,1.2499007994811973,1,1,-1.6300381763479177,-0.5113613752610804,1,0,1,0,1,1,0,1,0,1,0,1,0,1,0,1,0,0,0,1,0,0,0
0,0,0,-0.5254722477123925,1,1,0.918928034837045,-0.12810578985321308,1,0,0,1,0,0,1,0,0,0,1,0,0,0,1,0,0,0,0,0,0,1,1
0,1,1,-0.8298219129455794,0,1,1.3068561955206444,-0.3522395501706245,0,1,0,1,0,0,1,0,1,0,1,0,1,0,0,0,1,0,1,0,0,1,0
0,1,1,-0.2718475266847369,1,0,1.1167559414804742,0.2557140573457551,1,0,1,1,0,0,0,0,0,0,0,0,1,0,1,0,1,1,0,0,0,1,0
0,0,0,-0.1703976382736746,1,1,-1.6910866319136635,-0.8658075489937617,0,0,0,0,1,1,0,1,0,1,0,1,0,1,0,1,0,1,0,0,0,0,0
0,0,0,-0.7283720245345171,1,1,0.2288486573660213,-0.49763314236622763,1,0,0,0,0,0,1,0,1,0,0,0,0,0,0,0,1,0,0,0,1,0,0
1,1,1,2.1122248509752266,1,0,0.9146778259052526,2.7560606467668025,1,0,0,1,0,0,1,0,1,0,1,0,0,0,0,0,0,0,0,0,0,1,1
0,1,1,-1.3370713550008908,1,0,0.8215596120359825,-1.0181646446568144,0,0,0,0,0,0,1,0,0,0,1,0,1,0,1,0,0,1,0,0,0,0,1
0,0,0,-0.1703976382736746,1,0,0.1805508285956529,-0.05732299539908899,1,0,0,0,0,0,1,0,1,0,1,0,0,0,0,0,1,0,1,0,1,0,0
0,1,1,2.1122248509752266,1,0,1.54757257411216,3.5330876055075993,1,0,1,1,0,0,1,0,1,0,0,0,1,0,1,0,1,1,0,0,0,0,1
0,1,0,-1.438521243411953,1,1,-1.732043190710936,-1.226460602428553,0,0,1,0,1,1,0,1,0,1,0,1,0,1,0,1,0,0,0,0,0,1,0
0,0,0,-1.0327216897677038,1,0,0.3296945238385505,-0.7652150605984089,0,0,0,1,0,0,0,0,0,0,0,0,0,0,1,0,0,0,0,0,0,1,1
0,1,1,0.18467697116504336,1,0,0.3103753923304031,0.34590617500058896,0,0,1,0,0,0,1,0,0,0,1,0,1,0,0,0,1,0,1,0,0,0,0
0,0,0,0.18467697116504336,1,1,0.34824089008637216,0.34697698999051885,1,0,1,1,0,0,0,0,0,0,0,0,1,0,0,0,0,1,0,0,0,1,1
0,1,1,-0.1703976382736746,1,1,-1.5535344155756543,-0.8437564546801706,0,0,1,0,1,1,0,1,0,1,0,1,0,1,0,1,0,0,0,0,0,0,0
0,1,0,1.1991758552756662,1,1,0.2215073873929254,1.1294477926022783,1,0,0,0,0,0,0,0,1,0,0,0,0,0,1,0,1,0,0,0,1,0,1
0,1,0,-1.0327216897677038,1,1,0.2203482395024365,-0.8411339197647129,0,0,0,0,0,0,1,0,0,0,0,0,1,0,1,0,0,1,0,0,0,1,0
0,1,0,1.2499007994811973,1,0,0.612140226487665,1.5665903790602822,0,0,1,1,0,0,0,0,0,0,0,0,1,0,0,0,1,1,0,1,0,0,0
0,0,0,-1.2863464107953595,1,0,0.665074646819989,-0.9944143529041127,1,0,1,0,0,0,0,0,1,0,0,0,1,0,1,0,1,0,0,1,0,0,1
0,1,0,-0.8298219129455794,0,1,0.9884769082663755,-0.4120961844879764,0,1,0,1,0,0,0,0,1,0,0,0,1,0,1,0,0,0,0,0,1,0,1
0,1,0,1.3513506878922594,1,0,1.1924869369924116,2.2028083726581706,1,0,0,1,0,0,0,0,1,0,1,0,1,0,1,0,0,0,1,0,1,0,0
0,1,0,-0.322572470890268,1,0,0.510135212124647,-0.05014789375997643,1,0,0,1,0,0,1,0,0,0,0,0,0,0,1,0,0,0,0,0,0,0,1
0,0,0,-0.677647080328986,1,0,-1.7447938175063131,-1.0052763923828052,1,0,1,0,1,1,0,1,0,1,0,1,0,1,0,1,0,0,0,0,0,0,0
0,1,0,1.9093250741531023,1,1,1.1530759087157911,2.838244094227488,0,0,0,1,0,0,0,0,1,0,0,0,0,0,1,0,1,0,0,0,0,0,1
0,0,1,-0.7283720245345171,1,0,1.1105738193978671,-0.29317801201346033,1,0,0,1,0,0,0,0,1,0,0,0,1,0,0,0,1,0,0,0,0,1,1
0,0,1,-0.7790969687400482,1,1,-1.58444502598869,-1.0099251400935798,0,0,0,0,1,1,0,1,0,1,0,1,0,1,0,1,0,0,1,1,0,0,0
0,0,0,0.2861268595761056,1,0,0.29144264345241894,0.3965679069493191,0,0,0,1,0,0,0,0,1,0,0,0,0,0,0,0,0,1,0,1,0,0,1
1,1,0,-1.1848965223842973,1,0,0.5735019634713703,-0.8940462868120388,0,0,0,1,0,0,1,0,0,0,0,0,0,0,0,0,0,0,0,0,0,1,0
0,0,0,-1.387796299206422,1,0,0.5959121560208211,-1.0905696917603536,0,0,0,1,0,0,0,0,1,0,0,0,0,0,1,0,0,0,0,0,1,0,1
0,1,1,1.9093250741531023,1,1,-1.6257879674161253,-0.3227440474539862,1,0,1,0,1,1,0,1,0,1,0,1,0,1,0,1,0,0,1,0,0,1,0
0,0,0,0.18467697116504336,0,1,0.7265094850158972,0.5671993901650719,0,1,0,1,0,0,0,0,1,0,0,0,0,0,1,0,1,1,0,0,0,0,0
1,0,0,-0.5761971919179237,1,1,0.07931857949296055,-0.44608013327019014,1,0,1,0,0,0,0,0,1,0,0,0,1,0,1,0,0,0,0,1,0,0,1
0,0,1,-0.6269221361234548,1,1,-1.7447938175063131,-1.007347489638778,1,0,1,0,1,1,0,1,0,1,0,1,0,1,0,1,0,0,0,0,1,0,0
0,1,0,-0.7283720245345171,1,0,-0.09223530829938766,-0.5916724995058401,0,0,0,0,0,0,1,0,0,0,0,0,0,0,1,0,0,1,0,0,1,0,1
0,0,0,-0.1703976382736746,1,1,0.3111481575907289,-0.009559517195558784,0,0,0,0,0,0,0,0,0,0,1,0,1,0,0,0,1,0,0,1,0,0,0
0,1,0,-0.9312718013566417,1,1,0.48154289749258905,-0.6693931491641821,0,0,1,1,0,0,0,0,0,0,0,0,0,0,1,0,0,0,1,0,1,0,0
0,1,0,1.1484509110701349,1,1,0.8211732294058194,1.6400470049563272,1,0,0,0,0,0,1,0,1,0,1,0,0,0,1,0,0,1,0,1,0,0,0
0,0,1,1.0977259668646038,1,1,1.052616424873425,1.7952318216406928,1,0,0,1,0,0,1,0,0,0,1,0,0,0,1,0,0,0,1,0,0,1,0
0,1,1,-1.0834466339732352,1,0,0.3111481575907289,-0.8050660495949106,1,0,1,1,0,0,0,0,0,0,0,0,0,0,1,0,0,1,0,0,1,0,1
0,1,1,-0.9819967455621728,1,1,0.15389042711440962,-0.73036548293212,0,0,1,0,0,0,1,0,0,0,0,0,1,0,1,0,0,0,0,0,0,1,1
1,0,0,0.5904765248092925,0,1,-0.4797770863528238,0.14356061429864192,0,1,0,0,0,0,1,0,0,0,0,0,0,0,0,0,0,1,0,0,0,0,0
0,1,0,-0.2718475266847369,1,1,1.1349159250981327,0.2597793070680049,0,0,0,1,0,0,0,0,0,0,1,0,0,0,1,0,1,0,1,0,0,1,0
1,1,0,0.9962760784535415,1,0,0.8068770720897906,1.459092095789751,0,0,0,1,0,0,1,0,1,0,0,0,0,0,0,0,0,0,0,0,0,1,1
0,0,0,0.793376301631417,1,1,-1.6489709252259024,-0.580746339369068,1,0,0,0,1,1,0,1,0,1,0,1,0,1,0,1,0,0,0,0,1,0,0
0,1,0,-1.5399711318230154,1,1,0.31192092285105516,-1.2318018532465875,0,0,0,0,0,0,0,0,0,0,0,0,1,0,1,0,1,0,0,1,0,0,1
0,0,0,1.1991758552756662,1,0,-1.7447938175063131,-0.5979883843266856,0,0,0,0,1,1,0,1,0,1,0,1,0,1,0,1,0,0,0,0,0,0,0
0,1,0,-0.11967269406814346,1,1,1.5750057408537297,0.6147256219337074,1,0,0,1,0,0,1,0,0,0,0,0,1,0,1,0,1,1,0,0,1,0,0
0,1,0,1.0470010226590727,1,1,-1.63428838527971,-0.5358747028449301,1,0,0,0,1,1,0,1,0,1,0,1,0,1,0,1,0,1,0,0,1,0,0
0,1,0,-1.489246187617484,1,1,0.06734071795790965,-1.19634954139435,0,0,1,0,0,0,0,0,0,0,1,0,1,0,0,0,1,0,0,0,0,1,1
1,0,1,-0.7790969687400482,1,0,1.1855320496494788,-0.3521305450518891,1,0,0,1,0,0,0,0,0,0,1,0,0,0,1,0,1,0,0,0,0,0,1
1,1,0,0.2861268595761056,1,1,-0.3229057385066674,0.04185242645270332,1,0,0,0,0,0,1,0,0,0,0,0,0,0,0,0,0,0,0,0,1,0,1
0,1,0,-0.9819967455621728,1,1,-1.3985949808803124,-1.0271351247221574,1,0,0,0,1,1,0,1,0,1,0,1,0,1,0,1,0,0,0,1,0,0,0
0,0,0,-0.9819967455621728,1,1,-0.09532636934069144,-0.7832329655187901,0,0,0,0,0,0,0,0,1,0,0,0,0,0,1,0,0,0,1,0,0,1,0
0,0,1,-0.7283720245345171,1,0,-1.6018322443460227,-1.0291356892542425,1,0,1,0,1,1,0,1,0,1,0,1,0,1,0,1,0,0,1,0,0,1,0
1,1,0,1.0470010226590727,1,0,1.0510708943527731,1.7154721350554178,1,0,0,1,0,0,1,0,1,0,0,0,0,0,0,0,1,0,0,0,1,0,1
0,0,0,-0.7283720245345171,0,0,0.5286815783724685,-0.4188993863102272,0,1,0,1,0,0,0,0,0,0,0,0,1,0,0,0,1,1,0,0,0,1,1
0,0,0,0.23540191537057448,1,0,-0.7525632232478646,-0.2574115089366324,1,0,1,0,0,0,0,0,0,0,0,0,0,0,0,0,0,0,0,0,1,0,1
0,0,1,-0.7283720245345171,0,1,-1.7277929817791433,-1.032284013565953,0,1,0,0,1,1,0,1,0,1,0,1,0,1,0,1,0,0,1,1,0,0,0
0,1,0,0.5904765248092925,1,1,0.2118478216388517,0.6340580003447215,0,0,0,1,0,0,0,0,0,0,1,0,0,0,0,0,0,0,1,1,0,0,0
0,1,0,-0.1703976382736746,1,1,0.03565734228454769,-0.12225798583634906,0,0,1,0,0,0,0,0,1,0,1,0,0,0,0,0,1,0,0,0,1,0,0
1,1,0,0.9962760784535415,0,1,-0.44345711911750685,0.4384964052676012,1,1,0,0,0,0,0,0,0,0,0,0,1,0,1,0,0,0,0,0,0,1,1
0,1,0,-1.3370713550008908,1,0,1.2674451672440232,-0.9676055057610117,1,0,1,1,0,0,1,0,0,0,1,0,0,0,1,0,1,0,1,0,0,1,1
1,0,0,0.5904765248092925,0,1,0.9996820045411011,1.1609502719168094,1,1,0,1,0,0,0,0,1,0,1,0,0,0,1,0,0,1,0,0,1,0,1
0,0,0,-1.1848965223842973,1,1,-0.05089236687195229,-0.9665603390343134,0,0,1,0,0,0,0,0,0,0,1,0,1,0,0,0,0,0,1,1,0,0,1
0,1,1,0.7426513574258858,1,0,-1.606468835907978,-0.5903836742784392,1,0,1,0,1,1,0,1,0,1,0,1,0,1,0,1,0,0,0,1,0,0,1
1,0,0,-1.1848965223842973,1,0,1.1836001364986641,-0.8230711303836759,1,0,1,0,0,0,1,0,1,0,1,0,1,0,1,0,1,0,1,0,0,0,0
0,0,0,-0.11967269406814346,1,0,0.6020942781034282,0.1964922175433919,1,0,1,1,0,0,0,0,0,0,1,0,0,0,0,0,1,0,0,0,1,0,1
0,1,0,0.33685180378163676,1,1,-0.28581300601102444,0.10606285345366344,1,0,0,0,0,0,0,0,0,0,0,0,0,0,1,0,0,0,1,0,0,1,0
0,1,0,-0.37329741509579917,1,1,0.7118269450697053,-0.018908309143571642,1,0,0,1,0,0,0,0,0,0,1,0,0,0,0,0,1,0,1,0,1,0,0
0,0,0,-1.1341715781787662,1,1,0.025611393900310864,-0.9074346802190695,1,0,1,0,0,0,0,0,0,0,0,0,0,0,1,0,1,0,0,0,0,0,1
0,0,0,-0.9819967455621728,1,0,-1.641629655252806,-1.093281995597123,1,0,0,0,1,1,0,1,0,1,0,1,0,1,0,1,0,0,0,0,1,0,0
0,0,0,-0.4747473035068614,1,0,0.14925383555245408,-0.3160626748820868,0,0,0,0,0,0,1,0,0,0,0,0,0,0,1,0,1,0,1,0,0,0,0
0,1,1,1.604975408919915,1,1,0.8401059782838041,2.1711135313694006,0,0,0,1,0,0,0,0,1,0,1,0,1,0,0,0,0,0,0,1,0,0,1
0,1,1,-0.6269221361234548,1,1,0.8439698045854334,-0.22600521060922052,1,0,1,1,0,0,1,0,0,0,0,0,0,0,1,0,1,1,0,1,0,0,0
0,0,1,-0.6269221361234548,1,0,0.2412129015312359,-0.4378662769701872,1,0,1,0,0,0,0,0,1,0,0,0,1,0,1,0,0,0,0,0,0,1,1
0,0,0,2.1122248509752266,1,1,-1.6493573078560653,-0.28836255059167876,1,0,0,0,1,1,0,1,0,1,0,1,0,1,0,1,0,0,0,1,0,0,0
0,0,1,0.793376301631417,1,0,0.3559685426896312,0.9043842827427119,1,0,1,0,0,0,1,0,0,0,1,0,1,0,0,0,0,0,1,1,0,0,0
0,0,0,-1.1848965223842973,1,0,-1.6180603148128663,-1.1341460909912828,0,0,0,0,1,1,0,1,0,1,0,1,0,1,0,1,0,0,0,1,0,0,1
0,0,0,0.9962760784535415,1,1,-0.0644157589276555,0.7592664093768512,1,0,0,0,0,0,0,0,0,0,0,0,0,0,1,0,1,0,1,1,0,0,0
0,1,0,-0.4240223593013303,1,0,-1.4917131947495825,-0.8721426700120309,0,0,0,0,1,1,0,1,0,1,0,1,0,1,0,1,0,0,0,0,0,1,0
1,0,0,0.793376301631417,1,1,0.9413382273864959,1.3801082691672402,0,0,1,1,0,0,0,0,0,0,1,0,1,0,0,0,1,1,0,1,0,0,0
0,1,0,0.5397515806037613,1,1,0.5827751465952808,0.8366921040080267,0,0,1,1,0,0,0,0,0,0,0,0,1,0,0,0,1,0,0,0,1,0,1
0,1,0,-1.1341715781787662,1,1,1.3184476744255327,-0.709769927556937,1,0,0,1,0,0,0,0,1,0,1,0,1,0,0,0,1,0,0,1,0,0,1
0,1,1,-0.7790969687400482,1,1,-0.08025744676433648,-0.6397629930655766,0,0,1,0,0,0,0,0,1,0,0,0,1,0,0,0,0,1,0,0,1,0,0
0,0,0,1.1991758552756662,1,1,0.9185416522068824,1.7931671364505282,0,0,1,1,0,0,1,0,1,0,0,0,0,0,1,0,0,1,0,0,1,0,0
0,0,0,0.18467697116504336,1,1,1.302605986588852,0.8952278527689379,1,0,0,1,0,0,0,0,1,0,0,0,1,0,0,0,1,1,0,0,1,0,1
0,1,0,-0.5254722477123925,1,0,0.5792977029238148,-0.22983962596238353,0,0,1,1,0,0,1,0,0,0,0,0,0,0,0,0,0,0,1,0,1,0,0
0,0,0,0.5904765248092925,1,0,0.06154497850546522,0.5311764044559252,1,0,1,0,0,0,1,0,0,0,0,0,0,0,1,0,0,0,0,0,0,1,1
0,1,1,-0.8805468571511105,1,0,0.554569214593386,-0.5690186710063003,1,0,0,1,0,0,1,0,0,0,0,0,0,0,0,0,1,1,0,0,1,0,0
0,0,0,-0.4240223593013303,1,0,-1.6651989956927462,-0.9178991716176681,1,0,0,0,1,1,0,1,0,1,0,1,0,1,0,1,0,0,0,1,0,0,0
0,1,0,-0.677647080328986,1,1,0.3772195873485932,-0.4470355310755769,0,0,1,1,0,0,0,0,0,0,0,0,1,0,0,0,0,0,0,1,0,0,0
0,0,0,-0.5254722477123925,0,0,-1.7447938175063131,-0.9824173777774104,1,1,0,0,1,1,0,1,0,1,0,1,0,1,0,1,0,0,0,1,0,0,0
0,0,0,-0.4747473035068614,1,1,1.3547676416608496,0.12368962235975868,1,0,0,1,0,0,0,0,1,0,1,0,1,0,1,0,0,0,0,0,0,1,1
0,0,1,-0.1703976382736746,1,1,0.610594695967013,0.15474966913354046,1,0,0,1,0,0,0,0,1,0,0,0,1,0,0,0,0,0,0,0,0,0,0
0,0,1,-1.2863464107953595,1,1,1.8161085020754084,-0.8822416736595756,1,0,0,1,0,0,1,0,1,0,1,0,0,0,1,0,1,0,0,0,0,1,1
0,0,0,0.08322708275398108,1,1,0.750465208086,0.4564373653982869,0,0,1,1,0,0,1,0,0,0,0,0,0,0,0,0,1,0,0,0,1,0,0
0,1,1,0.33685180378163676,1,0,-0.3344972174115557,0.05888287323865808,1,0,1,0,0,0,1,0,0,0,0,0,0,0,0,0,1,0,0,1,0,0,0
0,1,0,-0.06894774986261233,1,1,-1.7447938175063131,-0.9044530696183658,0,0,0,0,1,1,0,1,0,1,0,1,0,1,0,1,0,0,1,0,0,0,0
0,1,1,0.43830169219269904,1,1,1.3961105830882852,1.2529057076688335,0,0,1,1,0,0,1,0,1,0,0,0,1,0,1,0,0,0,0,0,0,0,0
0,1,0,-1.0834466339732352,1,0,0.6399597758593972,-0.7748652196393961,0,0,1,1,0,0,0,0,0,0,1,0,0,0,1,0,0,1,0,0,1,0,0
0,0,0,0.43830169219269904,1,1,0.4452229302572721,0.6330961904735267,1,0,1,1,0,0,0,0,0,0,0,0,1,0,0,0,0,0,0,0,1,0,1
0,1,1,-0.8805468571511105,1,0,-1.5902407654411341,-1.036496740801786,0,0,0,0,1,1,0,1,0,1,0,1,0,1,0,1,0,0,0,0,1,0,0
0,1,1,-1.2863464107953595,1,0,-0.12275953608226073,-1.0622924815472286,1,0,1,0,0,0,0,0,0,0,1,0,0,0,1,0,0,1,0,1,0,0,0
1,1,0,-0.22112258247920574,1,1,0.37760596997875634,-0.015439381541462602,1,0,1,1,0,0,0,0,0,0,1,0,0,0,0,0,0,0,1,0,0,1,0
0,1,1,-0.7283720245345171,1,0,0.45642802653199727,-0.4705870487882318,1,0,1,1,0,0,0,0,0,0,0,0,1,0,0,0,0,0,1,1,0,0,1
0,0,1,-0.37329741509579917,1,0,-1.6748585614468199,-0.9381741237024529,0,0,1,0,1,1,0,1,0,1,0,1,0,1,0,1,0,0,1,0,1,0,0
0,1,1,-0.322572470890268,1,1,-0.171443747482792,-0.33828689497249304,0,0,1,0,0,0,0,0,0,0,0,0,0,0,1,0,1,0,0,0,0,1,1
0,1,1,-1.438521243411953,1,1,0.6909622830409065,-1.1341909754519386,0,0,0,1,0,0,0,0,0,0,1,0,0,0,0,0,1,0,0,0,1,0,1
0,0,0,0.5397515806037613,1,0,0.49506628954829196,0.7664863954766195,0,0,0,1,0,0,0,0,0,0,1,0,0,0,0,0,1,0,0,1,0,0,1
0,1,0,-1.5399711318230154,1,1,-1.5125778567783819,-1.2318018532465875,0,0,0,0,1,1,0,1,0,1,0,1,0,1,0,1,0,0,0,0,0,1,0
0,0,0,0.4890266363982302,1,0,0.05652200431334708,0.411200241123095,0,0,1,0,0,0,1,0,0,0,1,0,0,0,0,0,1,0,0,1,0,0,0
1,1,0,-0.37329741509579917,1,0,0.5943666255001697,-0.06703727509815581,0,0,0,1,0,0,0,0,0,0,1,0,0,0,0,0,0,1,0,0,1,0,0
0,1,0,0.032502138548449945,1,1,-1.684904509831056,-0.842012372780404,1,0,1,0,1,1,0,1,0,1,0,1,0,1,0,1,0,0,0,0,0,1,0
1,0,0,-0.06894774986261233,1,0,-1.6022186269761853,-0.8225389289216148,1,0,1,0,1,1,0,1,0,1,0,1,0,1,0,1,0,0,0,1,0,0,0
0,0,0,-0.677647080328986,1,1,-1.7262474512584918,-1.048391122875561,0,0,0,0,1,1,0,1,0,1,0,1,0,1,0,1,0,0,0,0,1,0,0
0,1,0,-0.8805468571511105,1,1,0.3517183337578388,-0.6070999298398037,1,0,1,0,0,0,0,0,1,0,1,0,1,0,1,0,0,0,0,1,0,0,0
0,1,0,-0.6269221361234548,1,0,0.10713812886469326,-0.44565693692686453,0,0,1,0,0,0,1,0,0,0,1,0,0,0,0,0,1,1,0,0,1,0,0
0,0,0,2.1122248509752266,1,1,0.07004539636905001,1.7648258055793236,0,0,1,1,0,0,0,0,0,0,0,0,0,0,0,0,0,0,0,0,0,0,0
0,0,0,2.1122248509752266,1,0,0.6550286984357522,2.4877092806376653,0,0,0,1,0,0,0,0,0,0,1,0,0,0,1,0,0,0,1,0,0,0,0
0,1,0,-0.9312718013566417,1,1,-0.18148969586702857,-0.7491913081443049,1,0,0,0,0,0,0,0,0,0,0,0,1,0,1,0,0,0,0,0,0,1,0
1,0,0,-0.22112258247920574,0,0,0.2624639461901979,-0.04681361953983468,0,1,0,0,0,0,1,0,0,0,1,0,1,0,0,0,1,0,0,0,1,0,0
0,0,1,-1.2356214665898284,1,1,0.23155333577716222,-0.9602829266083157,0,0,1,1,0,0,0,0,0,0,0,0,1,0,0,0,0,0,1,0,1,0,0
0,0,0,-0.677647080328986,1,0,-0.010708573335005814,-0.5271478812802899,1,0,1,0,0,0,1,0,1,0,0,0,0,0,0,0,0,0,0,0,0,1,0
0,1,0,1.4020756320977905,1,0,1.2125788337608852,2.28176655101745,0,0,0,1,0,0,0,0,1,0,1,0,1,0,0,0,1,0,0,0,0,0,0
0,0,0,-1.489246187617484,1,0,-0.13357824972682303,-1.1650394240540576,0,0,1,0,0,0,0,0,1,0,0,0,0,0,0,0,1,0,1,0,1,0,0
0,0,1,1.3513506878922594,1,1,-1.7447938175063131,-0.5554443276908388,1,0,0,0,1,1,0,1,0,1,0,1,0,1,0,1,0,0,0,0,0,1,0
0,0,0,0.7426513574258858,1,1,0.639573393229234,1.057356936723329,1,0,1,1,0,0,0,0,1,0,1,0,0,0,0,0,1,0,0,0,0,1,1
0,1,0,-1.0834466339732352,1,0,-1.6087871316889555,-1.1123001827835466,0,0,0,0,1,1,0,1,0,1,0,1,0,1,0,1,0,0,1,0,0,0,0
0,1,1,-0.37329741509579917,1,1,-1.6396977421019914,-0.9204127014143902,0,0,0,0,1,1,0,1,0,1,0,1,0,1,0,1,0,0,0,0,0,1,1
1,0,0,-0.2718475266847369,1,1,0.03720287280519972,-0.17801731010241145,1,0,0,0,0,0,0,0,1,0,1,0,1,0,0,0,0,0,0,0,0,1,1
0,0,0,-0.8298219129455794,1,0,0.010542471323956174,-0.6583002753164031,1,0,0,0,0,0,1,0,0,0,1,0,0,0,1,0,0,1,0,0,0,0,0
1,1,1,1.8078751857420399,1,0,0.6229589401322276,2.140476680938945,0,0,0,1,0,0,0,0,0,0,0,0,1,0,1,0,0,0,0,0,1,0,1
0,1,0,0.5904765248092925,1,0,-1.7447938175063131,-0.7610856902180795,0,0,0,0,1,1,0,1,0,1,0,1,0,1,0,1,0,0,0,0,1,0,0
0,1,0,0.5397515806037613,1,1,1.0054777439935456,1.1006896774535557,0,0,0,1,0,0,0,0,0,0,0,0,1,0,1,0,1,0,1,1,0,0,0
1,0,0,-1.0834466339732352,1,1,-1.6644262304324202,-1.112197589730619,1,0,1,0,1,1,0,1,0,1,0,1,0,1,0,1,0,1,0,0,0,0,0
0,1,1,-1.3370713550008908,1,0,1.5753921234838928,-0.9517420549521066,1,0,0,1,0,0,1,0,0,0,1,0,1,0,1,0,0,0,0,0,1,0,1
0,0,1,2.1122248509752266,0,1,0.3930612751852739,2.149838297018573,0,1,0,0,0,0,0,0,1,0,1,0,1,0,1,0,0,0,1,1,0,0,0
0,0,0,0.43830169219269904,1,1,-0.8074295567310031,-0.14956697411247147,1,0,1,0,0,0,0,0,0,0,0,0,0,0,0,0,0,0,0,1,0,0,0
0,1,0,1.7571502415365088,1,0,0.7129860929601942,2.15766101730429,0,0,1,1,0,0,0,0,0,0,1,0,0,0,0,0,1,0,0,0,0,0,1
0,1,1,1.3513506878922594,0,1,0.824650673077286,1.8878925846315933,0,1,0,1,0,0,0,0,0,0,0,0,1,0,1,0,1,0,1,0,0,1,0
0,1,0,-0.11967269406814346,1,0,-0.012640486485820715,-0.07651430836232784,1,0,1,0,0,0,0,0,0,0,0,0,1,0,1,0,0,0,1,1,0,0,0
0,0,1,0.9962760784535415,1,1,-1.6555394299386725,-0.569986892943303,0,0,0,0,1,1,0,1,0,1,0,1,0,1,0,1,0,0,1,0,1,0,0
0,0,1,1.1991758552756662,1,0,-0.16989821696214025,0.8079275767934964,1,0,0,0,0,0,1,0,0,0,0,0,1,0,0,0,0,0,1,0,0,0,0
0,0,0,-0.06894774986261233,1,0,-1.681040683529427,-0.8694111299778379,0,0,0,0,1,1,0,1,0,1,0,1,0,1,0,1,0,1,0,0,0,0,0
0,1,0,0.9455511342480104,1,0,0.3150119838923587,1.0273805290710936,0,0,1,0,0,0,1,0,1,0,0,0,1,0,1,0,0,0,1,0,1,0,0
0,1,0,-0.7790969687400482,1,1,0.7276686329063861,-0.42969730513084,1,0,0,1,0,0,1,0,1,0,0,0,0,0,0,0,0,0,1,0,1,0,0
0,0,0,0.4890266363982302,1,1,1.0491389812019585,1.0838067081811842,0,0,0,1,0,0,0,0,0,0,0,0,1,0,1,0,1,0,0,0,0,1,1
1,0,0,-0.7283720245345171,0,1,-1.7011325802979,-1.0256539375205176,1,1,0,0,1,1,0,1,0,1,0,1,0,1,0,1,0,0,0,0,0,0,0
0,0,0,0.08322708275398108,1,1,0.3153983665225213,0.22959771330991421,0,0,1,1,0,0,0,0,0,0,0,0,1,0,0,0,0,0,0,0,1,0,1
0,0,0,-0.6269221361234548,1,0,0.12491172985218858,-0.4714911500671549,0,0,1,0,0,0,0,0,1,0,1,0,0,0,0,0,1,1,0,0,0,0,0
0,1,0,1.3006257436867283,1,0,1.390701226266004,2.341982261020048,0,0,0,1,0,0,0,0,1,0,1,0,1,0,0,0,1,0,0,0,0,1,0
0,0,1,-1.1341715781787662,1,1,0.5418185877980088,-0.8250716949157608,0,0,1,1,0,0,1,0,0,0,0,0,0,0,0,0,0,1,0,0,0,0,0
0,0,0,-1.489246187617484,0,1,0.824650673077286,-1.1586337703119007,0,1,0,1,0,0,0,0,0,0,1,0,0,0,1,0,1,1,0,0,0,0,1
0,0,0,-0.5254722477123925,0,0,0.6067308696653837,-0.21200125888462518,1,1,0,1,0,0,0,0,1,0,0,0,0,0,0,0,1,1,0,0,0,1,0
1,0,0,-1.3370713550008908,1,1,0.5916619470890288,-1.049429877536451,0,0,0,1,0,0,0,0,1,0,1,0,0,0,0,0,1,0,0,0,1,0,1
0,1,0,-1.1848965223842973,1,0,-0.1988769142243613,-0.9962417916593828,0,0,1,0,0,0,0,0,0,0,0,0,1,0,1,0,0,0,0,0,0,1,1
0,1,0,2.1122248509752266,0,0,-1.7447938175063131,-0.3931998265519041,1,1,0,0,1,1,0,1,0,1,0,1,0,1,0,1,0,0,0,0,1,0,0
0,1,1,-0.9819967455621728,1,0,0.6855529262186252,-0.6701561849953299,1,0,0,1,0,0,0,0,1,0,0,0,0,0,1,0,1,0,0,0,1,0,0
0,0,0,0.5397515806037613,1,1,-1.7447938175063131,-0.7715309454192543,1,0,1,0,1,1,0,1,0,1,0,1,0,1,0,1,0,0,1,0,0,1,0
0,0,1,-1.2863464107953595,1,0,0.5966849212811469,-0.9667847613375922,1,0,1,1,0,0,0,0,0,0,1,0,0,0,0,0,1,0,0,1,0,0,1
0,0,1,-0.37329741509579917,1,1,-0.3012683112175423,-0.3955274064401953,1,0,1,0,0,0,0,0,0,0,0,0,0,0,0,0,1,0,0,0,0,0,0
0,1,0,-0.8298219129455794,1,1,0.5746611113618592,-0.5067254516819218,1,0,1,0,0,0,0,0,1,0,0,0,1,0,1,0,1,0,1,1,0,0,0
0,0,0,2.1122248509752266,1,0,-1.4781898026938796,-0.07783519391876857,1,0,0,0,1,1,0,1,0,1,0,1,0,1,0,1,0,0,0,0,1,0,0
0,1,0,-0.9312718013566417,1,1,1.1287338030155256,-0.5206781068800533,0,0,0,1,0,0,1,0,1,0,0,0,0,0,1,0,0,1,0,0,0,1,1
0,1,1,-0.6269221361234548,1,1,0.22537121369455465,-0.432422433099225,1,0,0,0,0,0,1,0,0,0,0,0,1,0,0,0,1,0,1,1,0,0,0
0,0,1,0.23540191537057448,1,1,0.7732617832656141,0.6395274924789153,0,0,1,1,0,0,0,0,0,0,0,0,1,0,1,0,1,1,0,0,0,0,0
0,0,0,-1.387796299206422,1,0,0.5762066418825107,-1.077367248261754,1,0,0,1,0,0,0,0,0,0,0,0,0,0,1,0,1,1,0,1,0,0,0
0,0,0,-0.4747473035068614,1,1,-0.4689583727082612,-0.5329187405074582,1,0,0,0,0,0,0,0,1,0,0,0,0,0,0,0,0,1,0,1,0,0,0
0,1,1,-0.2718475266847369,1,0,-0.06905235048961104,-0.2629515337947139,1,0,1,0,0,0,0,0,0,0,1,0,1,0,1,0,0,0,1,0,1,0,0
0,0,0,-0.37329741509579917,1,1,0.46801950543688553,-0.1314593002707787,1,0,0,1,0,0,0,0,0,0,0,0,1,0,0,0,0,0,0,1,0,0,0
1,0,1,0.18467697116504336,1,0,-1.5716943991933128,-0.7244279099939446,0,0,0,0,1,1,0,1,0,1,0,1,0,1,0,1,0,0,0,1,0,0,0
1,0,0,1.1991758552756662,1,1,0.284101373479323,1.210092344269052,1,0,1,1,0,0,0,0,0,0,0,0,1,0,0,0,0,0,1,0,0,0,0
0,1,0,2.1122248509752266,1,1,0.3749012915676154,2.1494792213333276,1,0,0,1,0,0,0,0,0,0,0,0,0,0,1,0,0,1,0,0,1,0,1
0,1,0,2.1122248509752266,1,1,0.37992426575973354,2.1345006356059213,1,0,1,1,0,0,0,0,0,0,1,0,0,0,0,0,0,0,0,0,0,1,1
0,0,1,-0.7790969687400482,1,0,0.9695441593883912,-0.3573884390144203,1,0,0,1,0,0,0,0,1,0,0,0,0,0,0,0,1,0,1,0,1,0,1
0,0,0,-1.0834466339732352,1,1,-0.0006626249507692623,-0.861363987388842,1,0,0,0,0,0,1,0,0,0,0,0,0,0,1,0,1,0,0,0,1,0,1
1,0,1,-0.677647080328986,1,0,-1.4449608964998661,-0.9606291781619458,1,0,1,0,1,1,0,1,0,1,0,1,0,1,0,1,0,1,0,0,0,1,0
0,1,0,-1.3370713550008908,1,1,0.5572738930045265,-1.0436974907041305,1,0,1,1,0,0,0,0,0,0,1,0,0,0,1,0,0,0,0,0,0,0,1
0,0,0,-0.9819967455621728,1,1,-1.5643531292202166,-1.0831829919495781,1,0,0,0,1,1,0,1,0,1,0,1,0,1,0,1,0,0,0,0,0,0,0
0,0,0,1.1484509110701349,1,1,0.1407534176888693,1.0314457787933433,1,0,1,0,0,0,0,0,1,0,0,0,0,0,1,0,1,0,0,1,0,0,1
0,0,1,2.1122248509752266,1,1,1.55800490512656,3.5460079181106483,1,0,1,1,0,0,1,0,0,0,0,0,1,0,1,0,1,0,1,0,1,0,1
1,1,0,-0.8805468571511105,1,0,-1.7401572259443578,-1.0603752738706471,0,0,0,0,1,1,0,1,0,1,0,1,0,1,0,1,0,0,0,1,0,0,0
0,1,0,-0.9819967455621728,1,1,-1.6686764393642126,-1.093788548795952,1,0,1,0,1,1,0,1,0,1,0,1,0,1,0,1,0,0,1,0,0,0,0
0,0,0,-0.7790969687400482,1,0,1.5209121726309167,-0.24531194075700263,0,0,0,1,0,0,1,0,0,0,1,0,0,0,1,0,1,0,1,0,0,1,0
0,1,1,-0.4747473035068614,1,0,1.0514572769829362,-0.007084459793684415,0,0,1,1,0,0,0,0,0,0,1,0,1,0,0,0,1,0,0,0,1,0,1
0,0,0,0.43830169219269904,1,0,0.04222584699731786,0.3803004959945123,0,0,0,0,0,0,0,0,0,0,1,0,0,0,0,0,1,1,0,0,0,1,1
1,1,0,1.6557003531254464,1,0,-1.6825862140500787,-0.39432835013410594,1,0,0,0,1,1,0,1,0,1,0,1,0,1,0,1,0,0,0,0,1,0,1
0,1,0,2.1122248509752266,1,0,0.5082032989738323,2.3112684657998965,1,0,0,1,0,0,0,0,1,0,0,0,0,0,0,0,0,1,0,0,0,1,0
0,0,1,1.0470010226590727,1,1,0.21957547424211077,1.0132419239645312,0,0,0,0,0,0,0,0,1,0,0,0,0,0,1,0,1,1,0,0,0,1,1
0,0,0,0.6919264132203548,1,1,-0.0423919490083675,0.5202887167140009,1,0,1,0,0,0,0,0,1,0,0,0,0,0,0,0,1,0,0,0,0,1,0
0,0,0,-0.9819967455621728,1,1,0.10172877204241197,-0.7272556310152571,0,0,0,0,0,0,1,0,0,0,1,0,0,0,0,0,0,0,0,0,1,0,1
0,1,0,-1.1341715781787662,1,1,-1.7447938175063131,-1.1501057227873073,0,0,0,0,1,1,0,1,0,1,0,1,0,1,0,1,0,0,0,1,0,0,1
0,0,1,1.503525520508853,1,0,0.3930612751852739,1.6004973830528004,0,0,0,1,0,0,1,0,0,0,0,0,0,0,0,0,0,0,1,0,0,0,0
0,0,0,-0.5254722477123925,0,1,0.31423921863203297,-0.3412364452441568,0,1,0,1,0,0,0,0,0,0,0,0,0,0,0,0,1,0,1,0,1,0,1
0,0,0,-0.9819967455621728,1,1,0.11293386831713713,-0.7549942277005129,0,0,0,1,0,0,0,0,0,0,0,0,0,0,0,0,0,0,1,0,0,1,0
1,0,1,-1.1848965223842973,0,1,0.19136954224021546,-0.8857939581171882,1,1,0,1,0,0,0,0,1,0,0,0,0,0,0,0,0,0,0,0,0,1,1
0,1,1,2.1122248509752266,1,0,1.131438481426666,3.0407050721139783,0,0,0,1,0,0,1,0,0,0,1,0,0,0,1,0,0,0,1,0,0,1,0
1,0,1,-0.018222805657081193,0,1,1.0638215211481503,0.5122415741250052,1,1,0,1,0,0,0,0,1,0,1,0,1,0,1,0,0,0,1,0,0,0,0
0,0,0,0.8948261900424792,1,1,0.6700976210121071,1.2674610970529137,0,0,0,1,0,0,0,0,1,0,0,0,0,0,0,0,1,1,0,0,1,0,1
0,0,0,-0.7283720245345171,1,0,1.1928733196225747,-0.2514931721958808,1,0,0,1,0,0,0,0,0,0,1,0,1,0,1,0,1,1,0,1,0,0,0
0,1,0,1.4020756320977905,1,0,-0.08721233410726952,1.0287334749565742,0,0,1,0,0,0,1,0,0,0,0,0,0,0,1,0,0,0,0,0,0,0,0
0,0,0,1.2499007994811973,1,1,-1.7424755217253356,-0.6040093141203645,1,0,1,0,1,1,0,1,0,1,0,1,0,1,0,1,0,0,1,0,0,0,0
0,1,0,-1.0834466339732352,1,1,-0.25722069137896625,-0.8816774118684747,0,0,1,0,0,0,0,0,1,0,0,0,1,0,0,0,0,0,0,0,0,0,1
0,1,0,0.43830169219269904,1,1,0.6017078954732656,0.726648230611734,0,0,0,1,0,0,0,0,1,0,1,0,0,0,0,0,0,0,0,1,0,0,1
0,0,1,0.5397515806037613,1,1,-0.1328054844664973,0.34903526311487554,1,0,0,0,0,0,0,0,0,0,1,0,1,0,0,0,0,1,0,0,0,1,0
0,0,0,2.1122248509752266,1,0,0.9123595301242748,2.792513240885083,1,0,0,1,0,0,0,0,1,0,0,0,0,0,1,0,0,0,1,0,0,1,0
0,1,0,1.503525520508853,1,0,0.8679255276555362,2.069456640049926,1,0,1,1,0,0,0,0,0,0,1,0,0,0,1,0,1,0,0,0,0,0,1
0,0,0,-1.2356214665898284,1,1,0.09052367576768626,-0.9723632585905215,1,0,0,0,0,0,1,0,0,0,0,0,0,0,0,0,1,0,0,0,0,1,1
0,0,0,0.8948261900424792,1,1,0.33124005435920256,0.966581321079971,1,0,0,0,0,0,1,0,1,0,0,0,1,0,0,0,1,1,0,0,0,1,1
0,1,0,1.1484509110701349,1,1,-0.6416714083910988,0.36453963823853475,0,0,1,0,0,0,0,0,0,0,0,0,0,0,0,0,0,1,0,1,0,0,0
0,0,1,1.4528005763033218,0,0,-0.8576592986521863,0.3165453256659176,0,1,0,0,0,0,0,0,0,0,0,0,0,0,0,0,0,1,0,0,0,0,0
1,0,0,1.503525520508853,1,1,0.8706302060666766,2.0689693230485204,1,0,1,1,0,0,1,0,0,0,1,0,1,0,0,0,0,0,0,0,0,1,0
0,0,1,-0.8805468571511105,1,1,0.4220399724474949,-0.6201741320222439,0,0,0,0,0,0,1,0,1,0,1,0,0,0,0,0,1,0,0,0,0,0,1
0,1,1,-0.1703976382736746,1,1,0.2972383829048628,-0.01795932340399283,0,0,0,1,0,0,0,0,0,0,1,0,0,0,0,0,0,0,0,0,1,0,1
0,0,0,1.1484509110701349,1,1,-0.6455352346927281,0.3597947095406407,1,0,1,0,0,0,1,0,0,0,0,0,0,0,0,0,0,0,0,0,1,0,1
0,1,1,2.1122248509752266,1,0,0.06656795269758335,1.7723663949694903,0,0,1,0,0,0,0,0,1,0,1,0,0,0,0,0,1,0,0,0,1,0,0
0,0,0,-1.387796299206422,1,1,0.5646151629776224,-1.0908389985242883,1,0,1,1,0,0,0,0,1,0,0,0,1,0,0,0,0,0,0,1,0,0,1
0,0,1,0.3875767479871679,1,0,0.8269689688582638,0.8407958261251244,0,0,0,1,0,0,1,0,0,0,0,0,0,0,0,0,1,0,0,0,0,1,1
0,1,0,-0.7790969687400482,1,0,0.3606051342515862,-0.5491925635280731,0,0,0,0,0,0,1,0,1,0,0,0,0,0,1,0,1,1,0,0,0,0,0
1,1,0,1.1991758552756662,1,1,-0.6745139319549491,0.3671108766275285,1,0,0,0,0,0,0,0,0,0,0,0,0,0,0,0,0,0,0,1,0,0,0
0,0,0,-1.2863464107953595,1,0,0.5039530900420399,-1.0004865792242554,0,0,0,1,0,0,0,0,1,0,0,0,0,0,0,0,1,0,0,0,0,0,1
0,1,0,1.0977259668646038,1,0,-0.4179558655267522,0.5126134739418671,0,0,0,0,0,0,0,0,1,0,0,0,0,0,0,0,0,0,0,0,0,0,0
0,0,0,-1.1848965223842973,1,0,-1.7447938175063131,-1.1469702226072125,0,0,1,0,1,1,0,1,0,1,0,1,0,1,0,1,0,0,0,0,1,0,0
1,1,0,-0.4747473035068614,1,1,1.4254756629806689,0.137315262201684,1,0,1,1,0,0,1,0,1,0,1,0,1,0,1,0,0,0,1,0,1,0,1
0,0,0,-0.5254722477123925,0,0,-1.7447938175063131,-0.9989540954961519,0,1,0,0,1,1,0,1,0,1,0,1,0,1,0,1,0,0,1,1,0,0,0
0,0,0,-1.2356214665898284,1,0,1.3717684773880192,-0.8648842115174147,1,0,0,1,0,0,1,0,1,0,0,0,0,0,1,0,1,0,0,0,0,0,1
0,0,0,-1.1341715781787662,1,1,-1.633515620019384,-1.1294845191488925,1,0,0,0,1,1,0,1,0,1,0,1,0,1,0,1,0,1,0,1,0,0,0
0,0,1,-0.06894774986261233,1,0,1.2033056506369741,0.5292656088451516,0,0,1,1,0,0,1,0,0,0,0,0,1,0,1,0,1,0,0,0,0,1,1
0,0,0,0.18467697116504336,0,1,1.3141974654937403,0.8721187675970326,1,1,0,1,0,0,0,0,1,0,0,0,1,0,1,0,1,0,0,0,1,0,1
0,0,0,2.1122248509752266,1,1,0.7809894358688731,2.5855830531304407,0,0,0,1,0,0,1,0,0,0,1,0,1,0,0,0,0,0,1,0,0,0,0
0,1,1,0.8948261900424792,1,0,0.06115859587530208,0.7845684210550805,1,0,0,1,0,0,0,0,0,0,1,0,0,0,0,0,0,0,0,0,0,1,0
0,1,0,-1.1341715781787662,1,1,-0.16487524277002183,-0.9147251990427255,1,0,0,0,0,0,0,0,0,0,0,0,1,0,0,0,0,0,0,0,0,1,1
0,1,0,-0.2718475266847369,1,0,-1.7049964065995296,-0.9136800323160271,1,0,0,0,1,1,0,1,0,1,0,1,0,1,0,1,0,1,0,0,1,0,0
0,1,0,2.1122248509752266,1,0,0.657733376846893,2.5119981859182365,1,0,0,1,0,0,0,0,1,0,1,0,0,0,0,0,0,0,0,0,0,1,0
1,0,1,1.4528005763033218,1,1,0.47806545382112237,1.6231896839471878,0,0,1,0,0,0,1,0,1,0,0,0,0,0,1,0,1,1,0,0,0,0,0
0,1,0,-1.2863464107953595,1,1,0.8068770720897906,-0.945297928815102,0,0,0,1,0,0,0,0,0,0,1,0,0,0,1,0,0,0,0,0,1,0,1
0,1,1,0.5397515806037613,1,0,0.12491172985218858,0.5162683514524069,0,0,1,0,0,0,1,0,1,0,0,0,0,0,0,0,1,0,0,0,0,0,0
0,0,0,0.8441012458369481,1,1,0.479997366971937,1.0676098299502652,0,0,0,1,0,0,0,0,0,0,0,0,0,0,1,0,0,1,0,0,1,0,0
0,1,0,-0.1703976382736746,1,1,1.160417178688887,0.38762948721301604,1,0,0,1,0,0,0,0,1,0,0,0,0,0,1,0,1,1,0,0,1,0,1
1,1,0,1.7571502415365088,1,1,-1.6281062631971028,-0.35356043572706525,0,0,0,0,1,1,0,1,0,1,0,1,0,1,0,1,0,0,1,0,0,0,0
0,0,0,0.2861268595761056,1,1,0.9166097390560672,0.7934170718700718,0,0,0,1,0,0,0,0,0,0,0,0,1,0,0,0,1,0,0,0,1,0,1
1,1,0,-1.1341715781787662,1,0,1.2639677235725573,-0.7240495981112747,1,0,0,1,0,0,0,0,1,0,1,0,1,0,0,0,0,0,0,0,1,0,1
1,0,0,-0.11967269406814346,1,1,0.6728022994232474,0.225442694666353,0,0,1,1,0,0,0,0,0,0,0,0,0,0,1,0,1,1,0,0,1,0,1
1,1,0,0.08322708275398108,1,0,0.49081608061649956,0.32486177501884816,0,0,0,1,0,0,0,0,1,0,0,0,0,0,1,0,0,0,1,0,1,0,0
0,0,1,-1.0834466339732352,1,1,-0.472049433749565,-0.9377188670300876,0,0,0,0,0,0,0,0,1,0,0,0,0,0,0,0,0,0,0,1,0,0,1
0,0,1,0.5904765248092925,1,1,0.44367739973662007,0.776636695650628,1,0,1,1,0,0,0,0,0,0,0,0,1,0,1,0,0,0,0,1,0,0,1
0,1,1,2.0614999067696957,1,1,0.8872446591636837,2.672152353603774,1,0,1,1,0,0,1,0,0,0,1,0,1,0,1,0,0,0,0,0,0,1,1
1,0,0,0.5397515806037613,0,0,0.4011753104186961,0.7043534777974402,0,1,0,1,0,0,0,0,0,0,0,0,0,0,0,0,1,0,1,1,0,0,0
1,0,1,0.4890266363982302,1,0,0.37992426575973354,0.6579557696110064,1,0,0,0,0,0,0,0,1,0,1,0,0,0,1,0,1,1,0,0,1,0,1
0,1,0,-0.11967269406814346,1,0,0.179391680705164,-0.01708728245410953,1,0,1,0,0,0,0,0,0,0,0,0,1,0,1,0,1,0,0,0,0,1,1
0,0,0,2.1122248509752266,1,0,-1.5635803639598906,-0.189232013200542,0,0,1,0,1,1,0,1,0,1,0,1,0,1,0,1,0,0,1,0,0,1,0
1,1,0,1.604975408919915,1,1,-0.11541826610916454,1.1719341406458532,1,0,1,0,0,0,0,0,0,0,0,0,0,0,1,0,1,0,0,0,0,1,0
0,0,1,-0.8298219129455794,1,1,-1.6149692537715628,-1.0551943246978115,1,0,1,0,1,1,0,1,0,1,0,1,0,1,0,1,0,0,0,0,1,0,0
0,0,0,-1.2863464107953595,1,1,0.33703579381164644,-1.0156190545310524,1,0,0,0,0,0,0,0,0,0,1,0,0,0,1,0,1,0,0,0,0,1,0
0,0,0,-0.06894774986261233,1,0,1.3443353106464502,0.6144627272355809,1,0,1,1,0,0,1,0,0,0,1,0,1,0,1,0,1,0,0,0,1,0,1
0,1,0,-0.4747473035068614,1,1,0.2528043804361242,-0.2737366284837108,1,0,0,1,0,0,1,0,0,0,0,0,0,0,0,0,0,0,1,0,0,0,0
0,0,1,2.1122248509752266,1,1,0.19677889906249674,1.9550717981016408,1,0,0,0,0,0,0,0,1,0,0,0,1,0,0,0,1,0,1,0,1,0,0
0,0,0,-0.8298219129455794,1,0,0.3045796528779593,-0.5682684593067685,1,0,1,1,0,0,1,0,0,0,0,0,0,0,0,0,0,0,1,1,0,0,0
0,1,0,0.4890266363982302,1,1,-1.547352293493047,-0.6112613605491728,0,0,1,0,1,1,0,1,0,1,0,1,0,1,0,1,0,1,0,0,1,0,1
0,1,0,0.3875767479871679,1,1,-1.5890816175506453,-0.7144058511360956,0,0,0,0,1,1,0,1,0,1,0,1,0,1,0,1,0,1,0,0,1,0,0
0,1,1,-0.677647080328986,1,0,-1.7447938175063131,-1.0131375850633701,1,0,0,0,1,1,0,1,0,1,0,1,0,1,0,1,0,0,0,0,1,0,0
0,1,0,0.23540191537057448,1,1,-1.7447938175063131,-0.836549292712018,1,0,0,0,1,1,0,1,0,1,0,1,0,1,0,1,0,0,0,0,1,0,0
0,0,0,0.4890266363982302,1,0,0.9842266993345831,1.0504447297823432,1,0,0,1,0,0,0,0,0,0,0,0,1,0,1,0,1,0,0,0,1,0,0
0,0,0,-0.7790969687400482,1,1,0.4050391367203253,-0.5045645855046376,0,0,0,0,0,0,1,0,0,0,0,0,1,0,1,0,0,1,0,0,1,0,0
0,0,1,0.4890266363982302,1,1,0.9185416522068824,1.021295478619335,1,0,0,1,0,0,0,0,0,0,1,0,1,0,1,0,0,0,0,0,0,1,1
0,1,0,0.7426513574258858,1,1,1.1020734015342823,1.4439467963513382,1,0,0,1,0,0,0,0,0,0,1,0,0,0,1,0,1,0,1,0,1,0,0
0,0,0,1.1484509110701349,1,1,0.4332450687222206,1.305337169780562,1,0,1,1,0,0,0,0,0,0,0,0,0,0,1,0,1,0,0,0,0,1,1
0,1,0,0.2861268595761056,1,0,1.1210061504122666,0.8903995672155403,0,0,0,1,0,0,0,0,0,0,1,0,1,0,1,0,0,0,0,0,0,1,0
0,0,0,-0.22112258247920574,1,1,1.6078482644175798,0.527059858207212,1,0,0,1,0,0,1,0,0,0,1,0,1,0,1,0,1,0,0,0,0,1,1
0,1,0,0.08322708275398108,1,1,0.6708703862724329,0.40594234716056365,0,0,0,0,0,0,1,0,0,0,1,0,1,0,1,0,1,0,0,0,1,0,1
0,0,0,-0.5761971919179237,1,1,-0.27499429236646183,-0.550289026781235,0,0,1,0,0,0,0,0,0,0,0,0,1,0,0,0,1,0,0,1,0,0,0
0,0,0,-0.8805468571511105,1,0,1.293719186095104,-0.4236507270739292,1,0,1,1,0,0,0,0,1,0,1,0,1,0,0,0,1,0,0,1,0,0,0
1,1,0,-0.37329741509579917,0,0,-0.5114604620261854,-0.5180876322936355,0,1,0,0,0,0,0,0,0,0,0,0,0,0,0,0,1,1,0,0,1,0,0
0,1,1,-0.37329741509579917,0,1,0.4092893456521177,-0.13796754706586295,1,1,0,0,0,0,1,0,1,0,0,0,0,0,1,0,1,0,1,0,0,0,0
0,0,1,-0.22112258247920574,1,1,-1.5446476150819064,-0.8438975201279457,1,0,1,0,1,1,0,1,0,1,0,1,0,1,0,1,0,0,0,0,1,0,0
0,0,0,0.5397515806037613,1,0,0.5139990384262761,0.7959883102590659,1,0,1,1,0,0,0,0,1,0,0,0,0,0,0,0,0,0,1,0,1,0,1
0,1,0,0.18467697116504336,0,1,-1.7362933996427283,-0.8455390089747846,0,1,0,0,1,1,0,1,0,1,0,1,0,1,0,1,0,0,0,0,0,0,0
0,1,0,-0.322572470890268,1,0,-1.649743690486228,-0.9064408100188348,1,0,1,0,1,1,0,1,0,1,0,1,0,1,0,1,0,0,0,0,1,0,0
0,1,1,-1.5399711318230154,1,1,1.073867469532387,-1.2318018532465875,1,0,1,1,0,0,0,0,1,0,1,0,0,0,0,0,1,1,0,0,1,0,1
0,1,0,0.032502138548449945,1,0,1.1217789156725924,0.6232729056557245,1,0,1,1,0,0,1,0,0,0,1,0,0,0,0,0,0,0,0,0,0,0,1
1,0,0,0.2861268595761056,1,0,1.6866703209708214,1.2426592265077057,1,0,1,1,0,0,1,0,0,0,1,0,1,0,1,0,0,0,0,1,0,0,1
0,0,0,0.18467697116504336,1,0,1.059957694846521,0.7253978777791806,1,0,0,1,0,0,1,0,1,0,0,0,1,0,0,0,0,1,0,1,0,0,0
1,0,1,-0.8298219129455794,1,1,0.6758933604645515,-0.4946258835022921,0,0,0,1,0,0,0,0,1,0,0,0,0,0,0,0,1,0,0,0,0,0,1
0,1,1,-0.9819967455621728,1,0,-0.3545891141800291,-0.8472446184797033,1,0,0,0,0,0,0,0,0,0,0,0,0,0,0,0,1,0,0,0,0,1,1
1,1,0,0.08322708275398108,1,1,-0.17955778271621392,-0.03283531607847132,1,0,1,0,0,0,1,0,1,0,0,0,0,0,0,0,0,0,0,1,0,0,1
0,0,0,1.554250464714384,1,1,0.41547146773472476,1.6751145928600875,0,0,1,0,0,0,1,0,0,0,1,0,0,0,1,0,1,0,1,0,1,0,0
0,0,0,-1.489246187617484,1,0,-1.68799557087236,-1.2318018532465875,0,0,1,0,1,1,0,1,0,1,0,1,0,1,0,1,0,0,0,0,1,0,0
0,1,0,-0.7790969687400482,1,1,1.1928733196225747,-0.31243344563477876,1,0,0,1,0,0,1,0,1,0,1,0,0,0,0,0,1,0,0,1,0,0,1
0,1,0,-0.7283720245345171,1,0,1.5104798416165173,-0.18067831741271692,1,0,1,1,0,0,0,0,1,0,1,0,0,0,1,0,1,0,0,0,1,0,0
0,1,0,-0.4747473035068614,1,0,1.1074827583565632,-0.0019163347524647771,0,0,1,1,0,0,1,0,0,0,1,0,0,0,1,0,1,1,0,0,1,0,0
0,1,1,0.33685180378163676,1,0,-1.737452547533217,-0.8039439380785167,0,0,1,0,1,1,0,1,0,1,0,1,0,1,0,1,0,0,0,0,1,0,0
0,1,0,0.8441012458369481,1,1,-0.38936355089469427,0.37877442433221664,0,0,1,0,0,0,0,0,0,0,0,0,0,0,0,0,1,0,0,0,0,0,0
0,0,0,0.43830169219269904,1,1,0.6998490835346539,0.8014642144590678,0,0,1,1,0,0,0,0,1,0,1,0,1,0,0,0,0,0,0,0,0,0,0
0,1,0,0.032502138548449945,1,0,0.6202542617210867,0.3541969760902874,1,0,0,0,0,0,0,0,1,0,0,0,1,0,1,0,1,0,0,1,0,0,0
0,1,0,-0.5761971919179237,1,1,1.4223846019393653,-0.003615532191575376,1,0,1,1,0,0,1,0,0,0,1,0,1,0,1,0,0,0,0,0,0,1,1
0,1,1,-0.2718475266847369,1,0,0.30728433128909965,-0.07591157417637912,1,0,1,1,0,0,0,0,0,0,0,0,0,0,0,0,1,0,0,0,0,0,1
0,0,0,-1.0327216897677038,1,1,0.7071903535077498,-0.7026589465759039,0,0,1,1,0,0,0,0,1,0,0,0,1,0,1,0,0,0,0,1,0,0,1
0,1,0,1.6557003531254464,1,0,1.3427897801257982,2.76857699922395,0,0,0,1,0,0,0,0,1,0,1,0,1,0,1,0,0,1,0,0,0,0,0
1,0,1,2.1122248509752266,1,1,-1.7343614864919135,-0.3610240803275364,1,0,0,0,1,1,0,1,0,1,0,1,0,1,0,1,0,0,1,1,0,0,0
0,1,0,-0.5761971919179237,1,1,0.37026470000565986,-0.34103125913830196,0,0,0,0,0,0,1,0,0,0,0,0,0,0,1,0,1,0,0,0,0,1,0
0,0,0,-0.5761971919179237,1,0,0.14577639188098798,-0.41987402031303783,1,0,1,0,0,0,0,0,0,0,1,0,1,0,1,0,0,0,0,1,0,0,0
0,0,0,-0.06894774986261233,1,1,0.7033265272061205,0.28813346207082535,1,0,1,1,0,0,0,0,1,0,1,0,0,0,0,0,1,0,0,1,0,0,1
0,1,1,-1.0834466339732352,1,0,-0.026936643801849663,-0.8920585464115698,1,0,0,0,0,0,0,0,1,0,0,0,1,0,0,0,1,1,0,0,1,0,0
0,1,0,2.1122248509752266,1,1,0.7025537619457948,2.527002419908874,1,0,0,1,0,0,1,0,1,0,0,0,0,0,0,0,0,0,1,1,0,0,0
0,1,1,1.4020756320977905,1,1,-1.6049233053873262,-0.43033209964582847,1,0,1,0,1,1,0,1,0,1,0,1,0,1,0,1,0,0,0,0,0,1,0
0,0,0,-1.0834466339732352,1,0,0.700235466164817,-0.7472548642702995,1,0,0,1,0,0,0,0,0,0,0,0,0,0,1,0,1,0,1,0,1,0,0
0,0,1,-1.2356214665898284,1,1,0.5692517545395779,-0.9437975054160381,0,0,0,0,0,0,1,0,0,0,0,0,1,0,1,0,1,0,0,0,0,0,1
1,0,1,0.4890266363982302,1,0,0.7628294522512147,0.9071158227769047,0,0,0,1,0,0,0,0,0,0,1,0,0,0,0,0,1,1,0,0,1,0,1
0,0,0,-0.677647080328986,1,1,0.771716252744962,-0.3212756843839623,1,0,0,1,0,0,0,0,1,0,1,0,0,0,0,0,0,0,1,0,0,1,1
0,0,0,0.43830169219269904,0,1,-0.6741275493247862,-0.0607342144089264,0,1,0,0,0,0,0,0,0,0,0,0,0,0,0,0,0,0,0,1,0,0,1
0,1,0,0.13395202695951222,1,1,-0.37777207198980567,-0.10677925897592198,0,0,1,0,0,0,0,0,0,0,0,0,1,0,0,0,0,0,0,1,0,0,0
0,1,0,0.3875767479871679,1,1,1.3427897801257982,1.1727741212666967,1,0,0,1,0,0,1,0,1,0,0,0,0,0,1,0,1,0,0,0,1,0,1
0,0,1,0.2861268595761056,1,0,-0.2974044849159127,0.08625598217286008,1,0,0,0,0,0,0,0,0,0,0,0,0,0,0,0,1,0,1,1,0,0,0
0,0,0,-1.1341715781787662,0,1,-1.7447938175063131,-1.1750678949777145,1,1,0,0,1,1,0,1,0,1,0,1,0,1,0,1,0,0,0,0,1,0,0
0,1,0,0.4890266363982302,1,1,-0.011094955965168959,0.3804351493764796,0,0,1,0,0,0,1,0,0,0,0,0,0,0,1,0,1,0,0,0,0,1,0
0,1,0,2.0614999067696957,1,0,0.16123169708750554,1.8381221298301695,1,0,0,0,0,0,1,0,1,0,1,0,0,0,0,0,1,0,0,0,0,1,0
0,1,0,0.23540191537057448,1,0,-1.534215284067507,-0.6815440138702756,1,0,1,0,1,1,0,1,0,1,0,1,0,1,0,1,0,0,1,0,1,0,0
0,0,0,1.6557003531254464,1,0,0.6306865927354867,1.9890878072128944,1,0,1,1,0,0,0,0,1,0,0,0,1,0,0,0,0,0,1,0,1,0,0
0,0,1,-0.5761971919179237,1,0,0.3687191694850084,-0.36781445801817114,0,0,1,1,0,0,0,0,0,0,0,0,0,0,0,0,1,0,1,0,0,0,0
0,0,0,-0.11967269406814346,1,1,0.10945642464567047,-0.02726323089134983,1,0,0,1,0,0,0,0,0,0,1,0,0,0,0,0,0,1,0,0,1,0,1
0,1,0,0.13395202695951222,1,1,1.416588862486921,0.8947918322939964,1,0,1,1,0,0,1,0,1,0,1,0,1,0,0,0,0,1,0,0,0,1,0
0,1,0,-1.2863464107953595,1,0,-1.7266338338886547,-1.1621155220456254,0,0,1,0,1,1,0,1,0,1,0,1,0,1,0,1,0,1,0,0,1,0,1
0,0,0,2.1122248509752266,1,1,-1.649743690486228,-0.2777377575478809,1,0,0,0,1,1,0,1,0,1,0,1,0,1,0,1,0,0,1,0,0,0,0
0,1,0,-0.7283720245345171,1,0,-0.12894165816486775,-0.6162884201426173,1,0,0,0,0,0,0,0,0,0,0,0,0,0,1,0,1,0,1,0,0,0,0
0,1,0,0.33685180378163676,1,1,0.4340178339825464,0.5607488519622593,1,0,1,1,0,0,0,0,0,0,0,0,0,0,1,0,0,0,0,0,1,0,1
0,1,0,-0.322572470890268,1,1,-1.5048502041751228,-0.8625053351026597,1,0,1,0,1,1,0,1,0,1,0,1,0,1,0,1,0,0,0,0,0,0,0
0,1,0,-1.2863464107953595,1,0,0.6967580224933504,-0.9884639558343213,1,0,1,1,0,0,0,0,0,0,1,0,0,0,1,0,0,0,0,0,0,1,1
0,0,1,-0.11967269406814346,1,0,-1.7447938175063131,-0.9256770074427294,0,0,0,0,1,1,0,1,0,1,0,1,0,1,0,1,0,0,1,0,1,0,0
1,0,0,-0.6269221361234548,1,0,0.33471749803066864,-0.38983349200272255,0,0,1,0,0,0,1,0,0,0,0,0,1,0,0,0,1,0,1,0,0,0,1
0,1,0,1.9093250741531023,1,1,0.9938862650886567,2.6340197982438074,0,0,0,1,0,0,1,0,0,0,0,0,1,0,0,0,1,0,0,0,0,0,1
0,1,0,-1.0834466339732352,1,0,-0.39825035138844195,-0.9300820966528014,0,0,1,0,0,0,0,0,0,0,0,0,0,0,1,0,0,0,1,0,1,0,0
0,0,1,0.6412014690148236,1,1,-1.7057691718598555,-0.6819543860819853,0,0,0,0,1,1,0,1,0,1,0,1,0,1,0,1,0,0,1,0,1,0,0
0,1,1,1.4020756320977905,1,1,-0.12005485767112009,1.0107604544968485,1,0,1,0,0,0,0,0,0,0,0,0,0,0,1,0,1,0,0,0,0,0,0
0,0,1,-0.4747473035068614,1,1,-0.7019470986965184,-0.6296447532206081,0,0,1,0,0,0,0,0,0,0,0,0,0,0,0,0,0,1,0,0,1,0,1
0,1,0,-0.11967269406814346,1,1,0.6998490835346539,0.22946305992794694,1,0,0,1,0,0,0,0,0,0,0,0,1,0,1,0,0,0,1,0,0,0,0
0,0,1,-1.2863464107953595,1,1,1.0379338849272328,-0.9512675620823172,1,0,1,1,0,0,0,0,0,0,1,0,1,0,0,0,1,0,0,0,1,0,1
0,1,1,-0.37329741509579917,1,1,1.21064692061007,0.16502821062370826,1,0,0,1,0,0,1,0,0,0,1,0,1,0,0,0,1,1,0,0,1,0,1
1,1,0,-1.1848965223842973,1,1,0.7411920249620896,-0.8395309033127216,1,0,0,1,0,0,1,0,0,0,1,0,0,0,0,0,0,0,1,1,0,0,1
0,0,1,-0.9819967455621728,1,0,0.20334740377526692,-0.7505827264246332,0,0,1,1,0,0,0,0,0,0,0,0,0,0,0,0,1,0,0,0,1,0,1
0,0,0,-1.1341715781787662,1,1,0.4892705500958475,-0.850213404948791,0,0,0,0,0,0,1,0,1,0,1,0,0,0,1,0,0,0,0,1,0,0,1
0,0,1,0.6412014690148236,1,0,0.8149911073232123,1.1201502971807291,1,0,0,1,0,0,0,0,0,0,1,0,0,0,1,0,1,0,0,1,0,0,1
0,0,0,0.33685180378163676,0,1,-0.1212140055616087,0.21620290783707571,1,1,0,0,0,0,0,0,0,0,0,0,0,0,1,0,1,0,1,0,0,0,0
0,1,1,-0.4240223593013303,0,0,-1.7447938175063131,-0.9790702794256527,0,1,0,0,1,1,0,1,0,1,0,1,0,1,0,1,0,0,0,1,0,0,0
0,0,1,-0.677647080328986,1,0,-0.11155443980753502,-0.5674348907517331,1,0,1,0,0,0,1,0,1,0,0,0,0,0,0,0,1,0,1,0,0,0,0
0,1,0,-0.4747473035068614,1,1,0.8907221028351497,-0.059894233788082896,0,0,1,1,0,0,0,0,1,0,0,0,0,0,0,0,1,0,0,0,1,0,1
0,0,0,0.23540191537057448,1,1,0.7693979569639843,0.6478631780292696,1,0,1,1,0,0,0,0,0,0,0,0,1,0,1,0,0,0,0,0,0,1,1
0,0,0,-1.2356214665898284,1,0,0.5279088131121422,-0.9401041555106503,0,0,1,1,0,0,0,0,0,0,1,0,0,0,0,0,0,0,0,0,0,0,1
0,1,0,-0.322572470890268,1,1,-1.6339020026495474,-0.8994580703539612,1,0,0,0,1,1,0,1,0,1,0,1,0,1,0,1,0,0,1,0,0,1,0
0,1,0,2.1122248509752266,1,1,-1.5021455257639822,-0.08910119354336292,1,0,0,0,1,1,0,1,0,1,0,1,0,1,0,1,0,1,0,0,0,1,0
0,0,0,-0.5761971919179237,1,0,1.433589698214091,0.014306191741686422,0,0,1,1,0,0,1,0,1,0,1,0,0,0,1,0,1,0,0,0,0,1,1
0,1,0,-0.2718475266847369,1,0,1.2674451672440232,0.3140061476059638,0,0,1,1,0,0,1,0,0,0,1,0,0,0,0,0,1,0,0,0,0,0,1
0,1,1,-1.1341715781787662,1,1,1.052616424873425,-0.7373674587944177,0,0,1,1,0,0,0,0,0,0,1,0,0,0,1,0,1,1,0,0,0,0,0
1,0,0,-0.9819967455621728,1,0,0.20721123007689618,-0.7417853721361054,0,0,0,1,0,0,0,0,0,0,0,0,0,0,0,0,0,0,1,0,0,0,0
0,1,0,-0.11967269406814346,1,1,0.5476143272504528,0.13012092436514755,0,0,0,1,0,0,0,0,0,0,0,0,1,0,0,0,1,0,1,0,0,0,0
0,1,1,-1.387796299206422,1,0,0.5982304518017989,-1.093801372927568,0,0,0,0,0,0,1,0,0,0,1,0,0,0,1,0,1,0,0,0,1,0,1
0,0,0,-0.7790969687400482,1,1,0.665074646819989,-0.4567177504456039,0,0,1,1,0,0,1,0,0,0,0,0,1,0,0,0,0,1,0,0,1,0,1
0,0,0,-0.9312718013566417,1,0,1.111346584658193,-0.5106368118247804,1,0,0,1,0,0,1,0,0,0,1,0,1,0,1,0,0,1,0,0,0,1,0
0,1,0,2.1122248509752266,1,0,-0.08991701251841017,1.5981441549012774,0,0,1,0,0,0,0,0,1,0,1,0,0,0,1,0,0,0,0,0,1,0,0
0,0,0,1.0977259668646038,0,1,0.003587583981023135,0.8870652929953986,0,1,0,0,0,0,1,0,0,0,0,0,0,0,1,0,1,0,0,0,1,0,0
0,1,0,2.1122248509752266,1,0,1.5645734098393302,3.5675845195544507,1,0,1,1,0,0,1,0,1,0,1,0,1,0,1,0,0,0,0,0,0,0,0
1,1,0,-0.4240223593013303,1,1,0.9019271991098754,0.0024118096679114995,1,0,1,1,0,0,1,0,0,0,0,0,0,0,1,0,1,0,1,1,0,0,0
0,0,0,-1.0834466339732352,1,1,-1.7447938175063131,-1.1660717666491398,0,0,0,0,1,1,0,1,0,1,0,1,0,1,0,1,0,0,0,0,1,0,0
0,0,0,-0.22112258247920574,1,0,1.0479798333114696,0.289313282179491,1,0,0,1,0,0,1,0,0,0,1,0,0,0,1,0,0,0,1,0,1,0,0
0,1,0,0.793376301631417,1,1,0.7844668795403392,1.2403893552116863,0,0,0,1,0,0,1,0,1,0,0,0,0,0,0,0,1,0,1,0,0,0,0
0,1,0,2.0614999067696957,1,1,-1.6373794463210136,-0.2754871224492852,0,0,1,0,1,1,0,1,0,1,0,1,0,1,0,1,0,1,0,0,1,0,0
0,0,1,-0.322572470890268,0,0,-0.048960453721137664,-0.2814439315848845,1,1,0,0,0,0,0,0,0,0,0,0,1,0,1,0,1,0,1,1,0,0,0
1,1,0,0.33685180378163676,1,0,-0.21703689784201977,0.12633780553844823,1,0,0,0,0,0,1,0,0,0,0,0,0,0,0,0,1,1,0,0,0,1,0
1,1,1,-1.2356214665898284,1,0,-1.5871497043998306,-1.1210783008746503,0,0,1,0,1,1,0,1,0,1,0,1,0,1,0,1,0,1,0,0,1,0,0
0,0,1,-0.677647080328986,1,1,-1.5203055093816409,-0.9488053288120587,0,0,1,0,1,1,0,1,0,1,0,1,0,1,0,1,0,0,0,0,0,1,0
0,0,0,2.1122248509752266,1,0,1.6789426683675623,3.6791608766788464,1,0,1,1,0,0,1,0,1,0,0,0,1,0,1,0,0,0,0,1,0,0,0
0,0,0,-0.5761971919179237,1,0,1.1291201856456883,-0.09905271967732436,1,0,1,1,0,0,1,0,0,0,1,0,1,0,0,0,1,0,1,0,1,0,0
1,0,0,-0.8805468571511105,1,1,0.6944397267123726,-0.5614139609580541,1,0,1,0,0,0,1,0,1,0,1,0,0,0,0,0,1,0,1,1,0,0,0
0,1,0,-1.0327216897677038,1,1,0.5905027991985399,-0.7431832024822418,0,0,1,0,0,0,1,0,0,0,1,0,0,0,1,0,1,1,0,0,1,0,1
0,1,0,-0.677647080328986,1,1,0.11757045987909268,-0.4765502699896393,1,0,1,1,0,0,0,0,0,0,0,0,0,0,0,0,0,0,0,0,0,1,1
0,0,0,-0.8805468571511105,0,0,0.4850203411640551,-0.598841189079145,1,1,0,1,0,0,1,0,0,0,0,0,0,0,0,0,1,1,0,0,0,0,0
0,1,1,0.6412014690148236,1,1,-0.4546622153922323,0.2355160500506658,1,0,0,0,0,0,0,0,0,0,0,0,0,0,0,0,1,0,1,0,0,1,0
0,1,1,-1.2863464107953595,1,1,0.17784615018451252,-1.0196586559900704,0,0,0,1,0,0,0,0,0,0,0,0,1,0,0,0,0,1,0,0,1,0,1
1,1,1,1.0977259668646038,0,1,-0.3016546938477051,0.6043444873906122,0,1,0,0,0,0,0,0,0,0,1,0,1,0,0,0,0,0,1,1,0,0,0
0,1,0,-0.4747473035068614,1,1,-1.5427157019310918,-0.9255038816659144,1,0,1,0,1,1,0,1,0,1,0,1,0,1,0,1,0,0,0,0,0,0,0
1,0,0,2.1122248509752266,1,1,0.20257463851494117,1.9234795498657982,0,0,0,0,0,0,1,0,0,0,0,0,1,0,1,0,0,0,0,0,1,0,0
0,1,1,-0.677647080328986,1,0,-1.68799557087236,-1.0537708460884434,1,0,0,0,1,1,0,1,0,1,0,1,0,1,0,1,0,0,0,0,0,1,0
1,0,1,2.1122248509752266,1,0,0.7222592760841048,2.541878412583352,0,0,0,1,0,0,1,0,0,0,0,0,1,0,1,0,0,0,0,0,1,0,1
0,1,0,1.503525520508853,1,1,1.2006009722258337,2.391938665729902,0,0,0,1,0,0,0,0,1,0,1,0,0,0,1,0,0,0,0,0,0,1,1
0,0,1,-1.2863464107953595,1,0,0.3517183337578388,-1.0072641327832743,0,0,0,1,0,0,1,0,0,0,0,0,0,0,0,0,0,0,0,0,1,0,1
0,0,1,0.9962760784535415,1,1,1.5564593746059079,2.068738488679434,1,0,1,1,0,0,1,0,1,0,1,0,0,0,1,0,1,0,0,1,0,0,1
0,0,0,-0.2718475266847369,1,0,0.36292343003256394,-0.050295371273559486,1,0,0,1,0,0,0,0,0,0,1,0,0,0,0,0,0,0,0,0,0,0,1
0,0,0,-0.018222805657081193,0,1,0.23387163155813945,0.11339184467216716,1,1,0,1,0,0,0,0,0,0,0,0,0,0,0,0,1,0,1,1,0,0,1
0,0,0,2.1122248509752266,0,1,-1.7049964065995296,-0.32215413739965343,0,1,0,0,1,1,0,1,0,1,0,1,0,1,0,1,0,0,0,0,1,0,0
0,0,0,-1.1848965223842973,1,0,0.5016347942610622,-0.878702213333579,1,0,0,0,0,0,0,0,0,0,0,0,1,0,1,0,1,0,1,0,1,0,0
0,0,0,-1.3370713550008908,0,1,-1.7447938175063131,-1.1739970799877844,0,1,0,0,1,1,0,1,0,1,0,1,0,1,0,1,0,0,0,0,1,0,1
0,0,1,0.13395202695951222,0,0,0.32003495808447685,0.27194940797152223,0,1,0,1,0,0,0,0,0,0,0,0,1,0,0,0,0,0,1,0,0,1,0
1,1,1,2.1122248509752266,1,0,-0.27499429236646183,1.354408709408917,0,0,0,0,0,0,0,0,0,0,1,0,0,0,0,0,0,0,0,1,0,0,0
1,1,1,0.9455511342480104,1,0,0.10559259834404122,0.8377436828005329,1,0,0,0,0,0,1,0,1,0,1,0,0,0,0,0,1,0,1,1,0,0,0
0,1,0,-0.4747473035068614,1,1,0.654642315805589,-0.15162524723682821,0,0,0,1,0,0,0,0,0,0,0,0,0,0,0,0,1,0,0,0,1,0,1
0,1,0,-1.0327216897677038,1,1,-1.5639667465900537,-1.0854143908507499,1,0,1,0,1,1,0,1,0,1,0,1,0,1,0,1,0,0,1,0,0,1,0
0,1,0,1.0470010226590727,0,0,0.29453370449372246,1.0949637026870431,0,1,0,1,0,0,0,0,0,0,0,0,0,0,1,0,0,0,0,0,0,1,1
0,0,0,2.1122248509752266,0,0,-0.43997967544604016,1.1531211395652843,1,1,0,0,0,0,0,0,0,0,0,0,1,0,0,0,0,0,0,0,1,0,0
1,1,0,-1.1341715781787662,1,1,0.9011544338495497,-0.7990707680644635,0,0,1,1,0,0,0,0,1,0,0,0,0,0,1,0,1,0,1,0,0,0,1
0,1,1,-0.4747473035068614,1,1,-1.6907002492835006,-0.957294903941804,1,0,1,0,1,1,0,1,0,1,0,1,0,1,0,1,0,0,0,0,1,0,1
0,0,0,-0.7790969687400482,1,0,-0.08914424725808415,-0.6426420106133528,1,0,0,0,0,0,0,0,1,0,0,0,1,0,0,0,0,0,0,0,0,1,0
1,1,0,-1.2863464107953595,1,0,0.3648553431833786,-0.9778391627905236,1,0,0,1,0,0,0,0,0,0,1,0,0,0,0,0,0,1,0,1,0,0,1
0,0,1,0.43830169219269904,1,1,0.7114405624395422,0.7951419175724144,0,0,1,1,0,0,0,0,0,0,1,0,0,0,1,0,0,0,0,0,0,0,1
0,0,0,-0.11967269406814346,1,1,0.6631427336691738,0.24424928368111387,0,0,0,1,0,0,1,0,0,0,0,0,0,0,1,0,1,0,1,0,1,0,0
0,0,0,-0.6269221361234548,1,1,0.43208592083173175,-0.39716248322122627,0,0,1,1,0,0,0,0,0,0,1,0,0,0,0,0,0,0,1,0,0,1,0
0,0,0,-1.2356214665898284,1,0,-0.2703577008045066,-0.9862325569331496,0,0,0,0,0,0,0,0,1,0,0,0,0,0,0,0,0,0,0,0,1,0,0
0,1,0,-0.2718475266847369,1,1,0.16432275812880906,-0.15382458580896005,1,0,1,0,0,0,0,0,1,0,0,0,0,0,1,0,0,0,0,0,0,0,1
0,0,0,-0.677647080328986,1,1,0.29569285238421134,-0.45051728280930187,0,0,0,1,0,0,0,0,0,0,0,0,0,0,0,0,1,0,0,1,0,0,1
0,0,0,-0.9312718013566417,1,0,0.7419647902224152,-0.6018035634824247,0,0,0,1,0,0,0,0,0,0,0,0,1,0,0,0,1,1,0,0,1,0,0
0,0,0,-0.4747473035068614,0,0,-1.7447938175063131,-0.9832637704640618,0,1,0,0,1,1,0,1,0,1,0,1,0,1,0,1,0,0,1,0,1,0,0
0,0,1,-1.2863464107953595,1,0,-0.14362419811105984,-1.0452427985638502,0,0,1,0,0,0,1,0,1,0,0,0,1,0,0,0,0,0,0,0,1,0,1
1,0,1,-0.5761971919179237,1,1,0.7991494194865316,-0.22190790055793091,1,0,1,1,0,0,0,0,1,0,0,0,1,0,1,0,0,0,1,1,0,0,0
1,1,0,0.18467697116504336,1,0,0.05961306535465059,0.20701441753426214,0,0,1,0,0,0,1,0,0,0,0,0,0,0,1,0,0,0,0,0,0,0,1
0,1,0,-1.1341715781787662,1,0,-0.06596128944830726,-0.9104739994120448,0,0,0,0,0,0,0,0,1,0,0,0,0,0,0,0,1,0,1,1,0,0,0
1,1,1,-0.7790969687400482,1,1,0.9208599479878596,-0.4200920305505086,1,0,0,1,0,0,0,0,0,0,1,0,1,0,0,0,1,0,1,1,0,0,0
0,1,1,0.33685180378163676,0,1,0.6693248557517814,0.6901956364934536,1,1,0,1,0,0,0,0,0,0,1,0,1,0,1,0,1,0,0,0,1,0,1
0,0,0,1.4020756320977905,1,0,-0.18033054797653966,0.9538084859905049,1,0,0,0,0,0,0,0,1,0,0,0,0,0,0,0,1,1,0,0,1,0,0
0,0,0,-1.1848965223842973,1,0,0.41083487617276976,-0.9144687164104068,0,0,1,1,0,0,0,0,0,0,0,0,0,0,1,0,1,0,0,0,1,0,1
0,1,0,-1.1848965223842973,1,1,-0.050119601611626555,-0.9698882011886472,1,0,0,0,0,0,0,0,1,0,0,0,0,0,0,0,1,0,0,0,0,1,1
0,0,0,0.8948261900424792,1,0,1.2971966297665707,1.7667750735849448,0,0,0,1,0,0,1,0,1,0,1,0,0,0,1,0,1,0,1,0,0,1,0
0,1,0,2.1122248509752266,1,0,0.2215073873929254,1.9714995107016466,1,0,0,0,0,0,1,0,0,0,0,0,1,0,0,0,1,0,0,0,0,1,0
0,1,1,-0.22112258247920574,1,1,-0.03080047010347919,-0.21196278648977743,0,0,0,0,0,0,0,0,1,0,0,0,0,0,1,0,0,0,0,1,0,0,0
0,0,1,0.5904765248092925,1,0,-1.6010594790856967,-0.6463866570452043,1,0,0,0,1,1,0,1,0,1,0,1,0,1,0,1,0,1,0,0,0,1,0
0,0,0,-0.7283720245345171,1,0,0.04415776014813248,-0.5779635028084114,0,0,1,0,0,0,1,0,0,0,0,0,0,0,1,0,0,0,1,0,1,0,0
1,0,1,-0.5254722477123925,1,0,-0.38086313303110947,-0.5358682907791221,0,0,0,0,0,0,1,0,0,0,0,0,0,0,1,0,0,1,0,0,1,0,0
0,0,1,-0.5254722477123925,1,0,0.18634656804809732,-0.36914816770622794,1,0,1,0,0,0,0,0,0,0,1,0,0,0,0,0,1,1,0,1,0,0,0
0,1,1,-0.8805468571511105,1,0,0.7438967033732299,-0.5326109613486759,1,0,0,1,0,0,0,0,1,0,0,0,0,0,0,0,1,0,0,0,1,0,1
0,0,1,0.33685180378163676,1,1,-1.7447938175063131,-0.8023473336923335,1,0,0,0,1,1,0,1,0,1,0,1,0,1,0,1,0,0,0,0,0,0,0
0,0,0,-0.8805468571511105,1,1,1.044888772270166,-0.47689010947746135,0,0,1,1,0,0,1,0,0,0,1,0,0,0,0,0,1,0,0,0,0,0,1
1,1,1,-1.489246187617484,0,1,0.5317726394137721,-1.1927074880154258,0,1,0,1,0,0,0,0,1,0,0,0,0,0,0,0,0,0,1,0,1,0,1
0,0,0,1.9600500183586334,1,0,-1.5852177912490157,-0.22115127679259103,1,0,0,0,1,1,0,1,0,1,0,1,0,1,0,1,0,0,0,0,1,0,0
0,1,0,0.5904765248092925,1,1,-0.7224253780951547,-0.01282325869181299,1,0,0,0,0,0,0,0,0,0,0,0,0,0,0,0,0,0,0,1,0,0,1
0,1,1,0.3875767479871679,1,1,-0.013026869115983584,0.2953277999073621,1,0,0,0,0,0,0,0,0,0,0,0,0,0,1,0,1,0,0,0,1,0,1
0,1,1,-0.018222805657081193,1,1,1.1855320496494788,0.5720853843107411,0,0,0,1,0,0,1,0,0,0,1,0,0,0,1,0,1,1,0,0,1,0,1
0,1,0,0.9962760784535415,1,0,-0.34531593105611824,0.5117799053868315,0,0,1,0,0,0,0,0,0,0,0,0,0,0,1,0,0,0,0,0,1,0,0
0,0,1,0.33685180378163676,1,0,-0.16139779909855545,0.16829836418577027,0,0,0,0,0,0,1,0,0,0,0,0,0,0,1,0,1,0,0,0,1,0,0
1,0,1,-0.9312718013566417,1,1,0.6005487475827768,-0.6332675704021081,0,0,0,1,0,0,0,0,0,0,0,0,0,0,1,0,1,1,0,0,0,0,0
0,0,1,0.23540191537057448,1,1,1.1735541881144274,0.8760173036082752,0,0,0,1,0,0,1,0,1,0,0,0,0,0,1,0,0,0,1,1,0,0,1
1,1,0,-1.3370713550008908,1,0,0.6299138274751603,-1.0280520501326964,1,0,0,0,0,0,1,0,1,0,0,0,1,0,1,0,0,0,0,0,0,0,0
0,1,1,-0.06894774986261233,0,0,1.4150433319662694,0.6479593590163891,0,1,0,1,0,0,0,0,1,0,0,0,1,0,1,0,1,0,1,0,1,0,0
0,0,1,-1.0834466339732352,1,1,0.6654610294501516,-0.7628682445126939,0,0,1,1,0,0,0,0,0,0,1,0,0,0,0,0,1,0,0,1,0,0,0
0,1,1,-1.438521243411953,1,1,0.19909719484347452,-1.128426528290578,1,0,1,0,0,0,1,0,1,0,0,0,0,0,1,0,0,1,0,1,0,0,1
0,0,0,0.8948261900424792,0,0,-1.7080874676408333,-0.6105496212444887,0,1,0,0,1,1,0,1,0,1,0,1,0,1,0,1,0,0,0,1,0,0,0
0,1,0,-1.0834466339732352,1,0,0.7860124100609913,-0.7396245059588213,0,0,0,1,0,0,0,0,0,0,1,0,0,0,0,0,1,0,1,0,0,1,0
0,1,1,-0.018222805657081193,1,0,-1.6138101058810739,-0.8544517804478559,1,0,1,0,1,1,0,1,0,1,0,1,0,1,0,1,0,0,1,0,0,1,0
0,0,0,0.032502138548449945,1,0,0.15041298344294296,0.08942354268199475,1,0,0,0,0,0,1,0,0,0,1,0,0,0,1,0,1,1,0,0,1,0,0
0,1,1,0.33685180378163676,1,1,0.6805299520265066,0.6969860141840885,0,0,1,1,0,0,0,0,1,0,0,0,0,0,1,0,0,0,0,0,0,1,1
0,0,0,0.2861268595761056,1,0,1.365199972675249,1.0359342248589187,0,0,0,1,0,0,1,0,1,0,1,0,1,0,1,0,0,0,0,1,0,0,0
0,0,0,0.5397515806037613,1,0,-1.7447938175063131,-0.7312631721452352,1,0,1,0,1,1,0,1,0,1,0,1,0,1,0,1,0,1,0,0,0,0,0
0,1,1,0.5397515806037613,1,1,-1.6400841247321543,-0.7040888372510801,0,0,0,0,1,1,0,1,0,1,0,1,0,1,0,1,0,0,1,1,0,0,0
0,1,0,0.3875767479871679,0,1,1.1550078218666058,1.0399225297914727,1,1,0,1,0,0,0,0,1,0,1,0,0,0,0,0,1,0,0,0,1,0,1
0,1,0,0.3875767479871679,1,0,-1.7049964065995296,-0.7787637556506387,1,0,1,0,1,1,0,1,0,1,0,1,0,1,0,1,0,0,0,0,1,0,0
1,1,0,-0.018222805657081193,1,0,-1.5431020845612546,-0.7442668416037878,0,0,1,0,1,1,0,1,0,1,0,1,0,1,0,1,0,1,0,0,0,1,0
0,0,0,-0.7790969687400482,1,0,-1.642788803143295,-1.0271030643931176,1,0,0,0,1,1,0,1,0,1,0,1,0,1,0,1,0,0,0,0,1,0,1
0,1,0,-1.1848965223842973,1,1,-0.08296212517547712,-0.9588979203937953,1,0,1,0,0,0,0,0,0,0,1,0,0,0,0,0,1,0,1,0,0,0,0
0,0,0,-0.5761971919179237,1,0,1.4204526887885507,-0.015214959238183891,1,0,0,1,0,0,1,0,1,0,0,0,1,0,1,0,1,0,0,0,0,0,1
0,1,0,-0.322572470890268,1,1,-0.035437061665434456,-0.2504415934033745,0,0,1,0,0,0,0,0,1,0,1,0,0,0,0,0,0,1,0,0,0,1,0
0,0,0,-0.7790969687400482,1,1,1.8702020702982214,-0.11891088748459154,1,0,1,1,0,0,1,0,1,0,1,0,0,0,1,0,1,0,0,0,0,0,1
0,1,1,1.503525520508853,1,0,0.032179898613081036,1.2292259486400192,1,0,1,0,0,0,0,0,1,0,1,0,1,0,0,0,0,1,0,0,0,0,0
0,0,0,0.18467697116504336,1,1,0.1121611030568114,0.20873285117079662,1,0,1,0,0,0,1,0,0,0,1,0,0,0,0,0,1,0,0,0,0,1,0
0,1,0,-0.677647080328986,1,1,-1.5964228875237414,-0.9905863496167576,0,0,0,0,1,1,0,1,0,1,0,1,0,1,0,1,0,0,1,1,0,0,0
0,1,0,-0.1703976382736746,1,0,0.852083839818855,0.23382967674317098,1,0,1,1,0,0,0,0,1,0,1,0,0,0,0,0,0,0,0,0,0,0,1
0,0,0,-0.5761971919179237,0,1,-0.19617223581322066,-0.5414660242294754,0,1,0,0,0,0,1,0,1,0,0,0,0,0,0,0,0,0,1,0,1,0,0
0,0,0,-0.7283720245345171,1,0,-1.7200653291758845,-1.0207038227167686,0,0,0,0,1,1,0,1,0,1,0,1,0,1,0,1,0,0,0,0,0,1,0
