customerID,gender,SeniorCitizen,Partner,Dependents,tenure,PhoneService,MultipleLines,InternetService,OnlineSecurity,OnlineBackup,DeviceProtection,TechSupport,StreamingTV,StreamingMovies,Contract,PaperlessBilling,PaymentMethod,MonthlyCharges,TotalCharges,Churn
8364-EWZTQ,Female,0,Yes,Yes,72,Yes,No,No,No internet service,No internet service,No internet service,No internet service,No internet service,No internet service,Month-to-month,Yes,Bank transfer (automatic),22.44,1634.99,No
5947-PLBXY,Male,1,Yes,No,30,No,No phone service,DSL,Yes,No,Yes,Yes,No,Yes,One year,Yes,Electronic check,71.77,2158.83,Yes
3663-ONFIA,Female,1,No,No,9,Yes,Yes,No,No internet service,No internet service,No internet service,No internet service,No internet service,No internet service,Month-to-month,No,Bank transfer (automatic),21.47,266.4,No
7213-QMVJJ,Female,0,Yes,No,32,Yes,No,DSL,Yes,No,Yes,Yes,Yes,Yes,Month-to-month,Yes,Electronic check,80.77,2554.16,Yes
7182-FYFPY,Male,0,No,No,37,Yes,No,Fiber optic,Yes,No,Yes,Yes,No,No,One year,Yes,Mailed check,86.99,3214.63,Yes
4749-OTKIO,Female,0,No,No,16,Yes,No,Fiber optic,No,Yes,No,Yes,Yes,No,Month-to-month,Yes,Mailed check,92.18,1488.57,Yes
1449-KNHAA,Female,0,No,No,36,Yes,No,DSL,No,Yes,No,No,Yes,No,Two year,No,Bank transfer (automatic),64.33,2303.4,No
9877-ZDRLF,Female,1,No,Yes,35,Yes,No,No,No internet service,No internet service,No internet service,No internet service,No internet service,No internet service,Two year,Yes,Credit card (automatic),18.25,652.4,No
6183-BSJMS,Male,0,Yes,No,12,Yes,Yes,DSL,No,Yes,No,No,Yes,No,Month-to-month,Yes,Electronic check,68.07,808.06,Yes
2532-KAMBD,Male,0,Yes,Yes,41,Yes,No,No,No internet service,No internet service,No internet service,No internet service,No internet service,No internet service,Two year,Yes,Credit card (automatic),21.39,885.47,No
8976-XHUFT,Male,0,No,No,31,Yes,No,No,No internet service,No internet service,No internet service,No internet service,No internet service,No internet service,Month-to-month,Yes,Bank transfer (automatic),20.05,673.8,No
1175-RZVHY,Female,0,Yes,No,25,No,No phone service,Fiber optic,No,No,Yes,No,Yes,No,Month-to-month,Yes,Credit card (automatic),77.65,1870.81,Yes
5589-HEDJM,Female,0,No,No,27,Yes,No,No,No internet service,No internet service,No internet service,No internet service,No internet service,No internet service,Month-to-month,Yes,Electronic check,22.35,621.87,No
2631-EBEOO,Female,1,No,No,8,Yes,No,Fiber optic,Yes,No,No,Yes,Yes,Yes,One year,Yes,Electronic check,98.51,806.17,Yes
3022-KXNYU,Male,0,Yes,No,63,Yes,Yes,No,No internet service,No internet service,No internet service,No internet service,No internet service,No internet service,Month-to-month,Yes,Credit card (automatic),18.65,1237.21,Yes
5631-SZNBR,Male,0,Yes,No,20,Yes,No,No,No internet service,No internet service,No internet service,No internet service,No internet service,No internet service,Two year,Yes,Mailed check,20.67,438.79,Yes
5944-EPRDC,Female,0,No,Yes,18,Yes,Yes,Fiber optic,No,No,No,Yes,No,Yes,Two year,Yes,Electronic check,79.09,1458.29,No
1200-AWLHW,Male,0,No,Yes,33,Yes,No,No,No internet service,No internet service,No internet service,No internet service,No internet service,No internet service,Month-to-month,Yes,Electronic check,21.79,716.23,No
7946-RPZZA,Female,0,No,No,72,Yes,No,Fiber optic,No,Yes,No,No,No,Yes,Month-to-month,No,Credit card (automatic),77.15,5561.69,Yes
3616-NCFSQ,Female,0,Yes,No,42,Yes,Yes,Fiber optic,No,No,No,No,No,Yes,Two year,No,Electronic check,75.64,3222.19,No
1054-JTWUZ,Female,0,No,Yes,20,Yes,No,No,No internet service,No internet service,No internet service,No internet service,No internet service,No internet service,One year,Yes,Bank transfer (automatic),21.27,444.89,No
6355-FUMVN,Male,0,Yes,No,32,Yes,No,Fiber optic,Yes,No,No,No,Yes,Yes,Two year,No,Bank transfer (automatic),83.68,2641.94,No
9869-POAOZ,Female,0,Yes,No,32,Yes,Yes,DSL,No,No,No,Yes,No,No,One year,Yes,Mailed check,54.05,1726.24,No
3796-HHKCW,Female,0,No,No,25,No,No phone service,DSL,No,No,Yes,Yes,Yes,Yes,Two year,Yes,Bank transfer (automatic),73.05,1827.61,No
2637-LPNVO,Female,1,No,Yes,9,Yes,No,Fiber optic,Yes,Yes,No,Yes,No,Yes,Month-to-month,No,Mailed check,102.11,915.51,Yes
5944-QTQPI,Male,0,Yes,No,43,Yes,No,DSL,Yes,No,No,Yes,Yes,No,Month-to-month,No,Credit card (automatic),59.29,2538.01,Yes
9083-BDHOH,Male,0,No,Yes,17,Yes,Yes,Fiber optic,No,Yes,Yes,No,Yes,No,Month-to-month,Yes,Bank transfer (automatic),100.09,1683.12,Yes
3243-STYTA,Male,0,Yes,Yes,13,Yes,No,DSL,No,No,Yes,No,Yes,Yes,Month-to-month,Yes,Credit card (automatic),65.5,840.62,No
1677-IDBZK,Male,0,Yes,No,19,Yes,No,DSL,Yes,No,Yes,Yes,No,Yes,Two year,Yes,Electronic check,70.22,1337.92,Yes
1534-NFQPZ,Female,0,Yes,No,51,No,No phone service,No,No internet service,No internet service,No internet service,No internet service,No internet service,No internet service,One year,Yes,Mailed check,18.25,959.85,No
3822-WLWMQ,Female,0,No,Yes,17,Yes,No,DSL,Yes,No,No,Yes,No,Yes,Month-to-month,No,Mailed check,68.39,1234.35,No
2959-XHBQJ,Female,0,Yes,Yes,23,Yes,Yes,No,No internet service,No internet service,No internet service,No internet service,No internet service,No internet service,Two year,No,Mailed check,21.28,467.34,No
7311-ZDGEQ,Male,0,No,No,72,Yes,No,Fiber optic,No,Yes,No,No,Yes,No,Two year,No,Mailed check,87.02,6276.16,No
8883-TARZB,Male,0,Yes,No,18,Yes,No,No,No internet service,No internet service,No internet service,No internet service,No internet service,No internet service,One year,No,Credit card (automatic),21.36,369.36,No
6070-BNJHE,Male,1,Yes,Yes,23,Yes,No,Fiber optic,No,No,No,No,Yes,No,Two year,No,Bank transfer (automatic),70.48,1624.37,No
6335-LAHQY,Male,0,Yes,Yes,25,Yes,Yes,Fiber optic,No,No,No,No,No,Yes,Month-to-month,No,Bank transfer (automatic),71.36,1802.68,Yes
7078-WPYLK,Male,1,Yes,No,18,No,No phone service,DSL,No,Yes,No,Yes,No,No,Month-to-month,No,Mailed check,55.83,1005.69,No
3721-PBLKK,Male,0,No,Yes,22,Yes,No,No,No internet service,No internet service,No internet service,No internet service,No internet service,No internet service,Month-to-month,Yes,Bank transfer (automatic),18.61,397.06,No
5230-GLVRU,Male,0,No,No,27,Yes,Yes,Fiber optic,Yes,No,Yes,No,Yes,Yes,Month-to-month,No,Credit card (automatic),89.11,2390.01,Yes
6862-YUBRE,Female,0,No,No,17,Yes,Yes,DSL,Yes,No,Yes,No,No,No,Two year,No,Credit card (automatic),59.51,1020.92,Yes
6951-WZXSW,Male,0,Yes,No,4,Yes,No,No,No internet service,No internet service,No internet service,No internet service,No internet service,No internet service,One year,Yes,Electronic check,18.25,123.46,No
5996-IJSQV,Female,0,No,No,6,No,No phone service,Fiber optic,No,No,Yes,Yes,No,No,Two year,Yes,Bank transfer (automatic),77.89,461.95,No
5710-IXUKS,Female,0,No,No,24,Yes,No,DSL,Yes,Yes,No,No,No,Yes,Month-to-month,No,Bank transfer (automatic),63.95,1542.32,No
9514-FHTHI,Male,0,Yes,Yes,69,No,No phone service,DSL,No,No,No,No,Yes,No,Month-to-month,Yes,Electronic check,56.0,3834.64,Yes
9293-XEHTN,Female,0,No,No,20,Yes,No,No,No internet service,No internet service,No internet service,No internet service,No internet service,No internet service,Month-to-month,Yes,Bank transfer (automatic),18.25,383.8,No
7959-ZDZTW,Female,0,No,Yes,30,Yes,No,Fiber optic,No,No,Yes,No,No,No,Month-to-month,Yes,Credit card (automatic),75.95,2277.91,Yes
5355-KKSWP,Male,0,No,No,54,Yes,No,No,No internet service,No internet service,No internet service,No internet service,No internet service,No internet service,Two year,Yes,Electronic check,21.42,1180.1,No
7560-GHDSG,Male,0,No,Yes,36,Yes,Yes,Fiber optic,No,Yes,Yes,No,No,No,Month-to-month,No,Electronic check,81.97,2955.1,Yes
5428-ITOBD,Female,0,No,No,25,Yes,Yes,DSL,Yes,Yes,No,No,No,No,One year,No,Credit card (automatic),56.51,1403.91,No
5528-YHXZB,Male,0,Yes,Yes,23,No,No phone service,DSL,Yes,Yes,No,No,Yes,Yes,Two year,Yes,Bank transfer (automatic),74.0,1705.9,No
6835-FDMQW,Male,0,No,No,14,Yes,No,No,No internet service,No internet service,No internet service,No internet service,No internet service,No internet service,One year,Yes,Credit card (automatic),25.09,326.72,No
1603-OPTAX,Male,0,No,No,42,Yes,No,DSL,No,Yes,Yes,Yes,No,Yes,One year,Yes,Credit card (automatic),71.71,3042.64,No
1982-JMTJR,Female,0,Yes,Yes,52,Yes,No,No,No internet service,No internet service,No internet service,No internet service,No internet service,No internet service,Two year,Yes,Electronic check,21.22,1112.2,No
5436-VWXNC,Female,0,No,No,0,Yes,No,DSL,Yes,No,Yes,Yes,No,Yes,Month-to-month,Yes,Electronic check,79.63, ,Yes
9377-YJPNH,Female,0,No,Yes,42,Yes,No,No,No internet service,No internet service,No internet service,No internet service,No internet service,No internet service,Two year,Yes,Electronic check,21.74,903.64,No
9167-SGVCM,Female,0,Yes,No,37,Yes,No,DSL,Yes,Yes,No,No,Yes,Yes,Two year,No,Electronic check,70.68,2584.51,No
4895-TYWLK,Male,0,No,No,19,Yes,Yes,Fiber optic,Yes,Yes,No,Yes,No,Yes,One year,Yes,Bank transfer (automatic),82.39,1520.32,No
4308-QXNFY,Female,0,No,No,14,Yes,Yes,DSL,No,Yes,No,No,No,No,Month-to-month,No,Bank transfer (automatic),53.92,725.17,Yes
1850-FORRI,Male,0,No,No,34,No,No phone service,DSL,No,Yes,Yes,No,Yes,Yes,Month-to-month,Yes,Bank transfer (automatic),73.35,2512.98,No
2868-MOLQH,Male,0,No,No,6,No,No phone service,No,No internet service,No internet service,No internet service,No internet service,No internet service,No internet service,Month-to-month,Yes,Credit card (automatic),18.25,102.45,No
3029-GJDQB,Female,0,Yes,No,19,Yes,No,DSL,No,No,No,No,No,No,Month-to-month,Yes,Electronic check,43.7,846.72,No
2776-XEBSS,Male,0,No,No,30,Yes,No,No,No internet service,No internet service,No internet service,No internet service,No internet service,No internet service,Month-to-month,Yes,Mailed check,19.91,602.31,No
6300-ZMURI,Female,0,No,No,59,Yes,Yes,Fiber optic,No,No,No,Yes,No,No,Month-to-month,No,Mailed check,72.99,4314.2,Yes
3851-JXVTA,Female,0,No,No,72,Yes,Yes,Fiber optic,No,No,Yes,Yes,Yes,Yes,Two year,Yes,Electronic check,97.64,7046.71,No
3340-QFLJR,Female,0,Yes,No,10,Yes,No,Fiber optic,No,No,Yes,No,Yes,Yes,Month-to-month,No,Credit card (automatic),91.26,944.69,Yes
3300-AEBQW,Female,0,Yes,Yes,32,Yes,No,No,No internet service,No internet service,No internet service,No internet service,No internet service,No internet service,Month-to-month,No,Credit card (automatic),21.36,645.57,No
9360-YZGWP,Female,0,No,No,25,Yes,No,No,No internet service,No internet service,No internet service,No internet service,No internet service,No internet service,Month-to-month,No,Credit card (automatic),18.25,529.2,No
4496-YTHPI,Male,1,Yes,Yes,39,Yes,Yes,No,No internet service,No internet service,No internet service,No internet service,No internet service,No internet service,Month-to-month,No,Electronic check,20.17,828.95,No
5041-YZNLN,Male,0,Yes,No,22,Yes,No,DSL,Yes,Yes,No,No,No,No,Month-to-month,Yes,Electronic check,60.6,1306.53,Yes
3440-QJFIB,Male,0,No,No,40,Yes,No,DSL,No,No,No,No,No,No,Month-to-month,Yes,Electronic check,48.27,1926.77,No
8851-ROMUR,Male,0,No,No,30,Yes,No,No,No internet service,No internet service,No internet service,No internet service,No internet service,No internet service,Two year,No,Credit card (automatic),21.51,663.28,No
4253-YPCXV,Male,0,No,Yes,16,Yes,No,Fiber optic,No,Yes,Yes,No,No,Yes,Two year,No,Mailed check,87.9,1454.53,No
9782-APEVB,Female,1,No,Yes,40,Yes,No,Fiber optic,No,No,Yes,No,No,Yes,One year,No,Electronic check,83.15,3335.77,Yes
3052-CQOGD,Male,0,No,No,22,Yes,No,Fiber optic,Yes,No,Yes,No,Yes,No,Month-to-month,No,Electronic check,85.97,1952.21,Yes
1175-UQXCA,Male,0,No,No,26,Yes,No,Fiber optic,No,No,No,No,No,Yes,Two year,Yes,Electronic check,72.52,1936.07,Yes
2914-PSUYB,Male,0,No,No,12,Yes,No,Fiber optic,Yes,No,No,No,No,Yes,Two year,Yes,Bank transfer (automatic),77.98,946.65,No
2449-NGYED,Male,0,No,No,20,No,No phone service,Fiber optic,No,Yes,No,No,No,Yes,One year,No,Mailed check,79.11,1590.44,No
7518-XFRUV,Female,0,No,Yes,58,Yes,No,Fiber optic,No,Yes,Yes,No,No,No,Two year,Yes,Credit card (automatic),81.96,4704.84,No
7540-BHNDA,Female,0,Yes,No,16,Yes,Yes,DSL,No,No,No,No,Yes,Yes,Two year,No,Bank transfer (automatic),59.54,921.85,No
7437-RIMAG,Female,1,Yes,No,72,Yes,No,Fiber optic,No,Yes,No,No,Yes,No,Month-to-month,Yes,Mailed check,81.15,5861.12,No
8384-NRIWS,Female,1,No,Yes,27,Yes,No,DSL,No,No,No,No,No,No,One year,Yes,Bank transfer (automatic),44.16,1172.8,No
1859-FIJVY,Male,0,No,No,31,Yes,No,DSL,Yes,Yes,Yes,No,No,No,Month-to-month,No,Credit card (automatic),71.44,2206.26,No
8357-CCOHV,Female,1,No,Yes,14,Yes,No,Fiber optic,No,Yes,No,No,No,Yes,Month-to-month,Yes,Bank transfer (automatic),80.9,1149.67,Yes
8956-QLOOQ,Male,0,No,Yes,42,Yes,No,No,No internet service,No internet service,No internet service,No internet service,No internet service,No internet service,One year,No,Mailed check,21.97,912.99,No
3871-JFECD,Male,0,No,Yes,6,Yes,No,DSL,No,No,Yes,No,Yes,Yes,One year,Yes,Credit card (automatic),68.28,422.2,No
5751-KZSBT,Male,1,Yes,No,21,Yes,Yes,No,No internet service,No internet service,No internet service,No internet service,No internet service,No internet service,One year,No,Electronic check,20.92,426.6,No
5938-DUJHD,Female,0,No,No,14,Yes,No,Fiber optic,No,No,Yes,No,Yes,No,Two year,Yes,Electronic check,86.15,1213.55,No
4946-UKMHR,Male,0,No,Yes,7,Yes,Yes,No,No internet service,No internet service,No internet service,No internet service,No internet service,No internet service,Month-to-month,Yes,Bank transfer (automatic),22.68,192.19,No
7411-ZNKHQ,Male,0,Yes,No,39,Yes,No,Fiber optic,No,Yes,No,Yes,No,No,Two year,Yes,Credit card (automatic),76.52,2929.14,No
4594-OUYVW,Male,0,No,No,21,Yes,No,Fiber optic,Yes,No,No,Yes,Yes,No,One year,No,Electronic check,97.26,2053.77,Yes
9362-HDQGS,Male,0,No,No,26,Yes,Yes,Fiber optic,No,No,No,Yes,Yes,Yes,Month-to-month,Yes,Electronic check,84.66,2176.04,Yes
7343-SHVXC,Female,0,No,Yes,14,Yes,No,No,No internet service,No internet service,No internet service,No internet service,No internet service,No internet service,Month-to-month,Yes,Credit card (automatic),21.08,327.95,No
7890-QAACT,Male,0,Yes,Yes,44,Yes,No,DSL,No,No,No,No,Yes,Yes,Month-to-month,Yes,Bank transfer (automatic),60.59,2674.65,Yes
7930-GGNAQ,Male,0,Yes,Yes,30,Yes,No,DSL,Yes,No,Yes,No,Yes,No,Month-to-month,No,Bank transfer (automatic),65.18,1920.81,Yes
8964-LHCJJ,Male,0,No,No,65,No,No phone service,No,No internet service,No internet service,No internet service,No internet service,No internet service,No internet service,One year,Yes,Mailed check,19.95,1282.97,No
1539-TMEBN,Female,0,No,No,15,Yes,Yes,DSL,No,No,No,No,Yes,Yes,Two year,Yes,Credit card (automatic),55.72,822.05,No
1792-RSDTW,Male,0,No,Yes,15,Yes,No,No,No internet service,No internet service,No internet service,No internet service,No internet service,No internet service,One year,Yes,Bank transfer (automatic),21.93,330.96,No
8252-WHZLW,Male,0,Yes,No,36,Yes,No,DSL,No,No,Yes,No,Yes,Yes,Month-to-month,Yes,Electronic check,69.75,2495.06,Yes
2746-FMRUF,Male,0,No,Yes,70,Yes,No,DSL,No,Yes,Yes,No,No,Yes,Month-to-month,Yes,Electronic check,67.11,4702.27,No
9349-SUIQM,Female,0,Yes,Yes,17,Yes,No,DSL,Yes,Yes,No,Yes,No,No,Month-to-month,No,Bank transfer (automatic),63.42,1073.22,Yes
3044-QNJQO,Female,0,Yes,No,2,Yes,No,Fiber optic,No,No,No,No,No,Yes,Month-to-month,Yes,Mailed check,72.46,118.04,No
9897-XXHKB,Female,1,Yes,Yes,8,Yes,No,Fiber optic,No,No,Yes,No,Yes,Yes,Two year,Yes,Electronic check,92.72,761.25,Yes
9054-YQBLA,Male,0,No,Yes,58,Yes,Yes,No,No internet service,No internet service,No internet service,No internet service,No internet service,No internet service,Month-to-month,No,Electronic check,21.18,1280.29,No
1108-MTSDO,Female,0,No,No,20,Yes,Yes,Fiber optic,Yes,No,No,No,No,Yes,Two year,Yes,Credit card (automatic),79.48,1583.54,No
2646-GYEHY,Female,0,Yes,No,72,Yes,No,Fiber optic,No,No,No,Yes,Yes,No,Month-to-month,Yes,Electronic check,80.11,5756.69,Yes
2700-ISCSP,Female,0,No,No,10,Yes,Yes,Fiber optic,No,Yes,No,Yes,Yes,No,Month-to-month,Yes,Credit card (automatic),81.71,825.23,Yes
1322-CJNRR,Male,0,No,No,36,Yes,No,Fiber optic,No,Yes,No,Yes,No,Yes,Month-to-month,No,Mailed check,93.53,3377.09,Yes
1982-TVULB,Male,0,No,No,37,Yes,No,Fiber optic,No,Yes,No,Yes,No,No,Two year,Yes,Electronic check,78.88,2911.0,Yes
7444-KTSAH,Male,0,No,No,6,Yes,Yes,No,No internet service,No internet service,No internet service,No internet service,No internet service,No internet service,Month-to-month,Yes,Electronic check,21.75,102.3,No
7461-HVDFA,Female,1,No,No,7,Yes,Yes,No,No internet service,No internet service,No internet service,No internet service,No internet service,No internet service,One year,Yes,Electronic check,22.6,132.47,No
3043-TJHLV,Male,0,Yes,No,21,Yes,Yes,DSL,No,Yes,No,No,Yes,Yes,Month-to-month,Yes,Credit card (automatic),70.62,1471.8,No
9427-FWWSX,Male,0,Yes,Yes,38,Yes,Yes,Fiber optic,No,No,No,No,Yes,Yes,Month-to-month,Yes,Electronic check,79.62,3058.07,Yes
6142-XOUHB,Male,0,No,No,33,Yes,Yes,Fiber optic,Yes,No,No,No,Yes,Yes,Month-to-month,No,Electronic check,82.62,2720.79,Yes
4704-IEOXQ,Female,1,No,Yes,22,Yes,Yes,Fiber optic,No,No,Yes,No,Yes,No,Month-to-month,No,Mailed check,80.11,1741.95,Yes
3031-NMNRB,Male,1,No,No,21,Yes,No,DSL,No,Yes,Yes,No,Yes,No,Month-to-month,Yes,Electronic check,59.06,1219.22,Yes
9224-NRFBJ,Female,0,No,No,3,Yes,No,No,No internet service,No internet service,No internet service,No internet service,No internet service,No internet service,Month-to-month,Yes,Mailed check,21.48,61.02,No
8960-GULWF,Female,0,No,No,12,No,No phone service,Fiber optic,No,No,Yes,No,No,No,Month-to-month,Yes,Electronic check,71.46,860.81,Yes
5604-YXCDX,Female,0,No,No,5,Yes,No,DSL,Yes,Yes,Yes,Yes,Yes,No,Month-to-month,Yes,Bank transfer (automatic),72.39,350.93,No
9386-UFGCU,Male,0,No,No,32,Yes,No,Fiber optic,No,Yes,No,No,No,No,Month-to-month,Yes,Electronic check,68.97,2247.3,Yes
7773-PYRDI,Female,0,Yes,Yes,8,Yes,Yes,Fiber optic,No,No,Yes,No,Yes,Yes,One year,Yes,Bank transfer (automatic),90.65,771.1,No
5437-APFQI,Female,0,No,No,57,Yes,Yes,No,No internet service,No internet service,No internet service,No internet service,No internet service,No internet service,Month-to-month,No,Electronic check,22.9,1301.37,No
6339-JHUAR,Female,1,No,Yes,26,Yes,No,DSL,No,No,No,No,Yes,No,Month-to-month,Yes,Credit card (automatic),52.1,1341.46,No
9373-OFKBR,Male,0,Yes,No,12,Yes,Yes,DSL,No,No,No,No,Yes,No,Two year,Yes,Bank transfer (automatic),51.53,612.57,No
4902-DYTAX,Male,0,Yes,No,51,Yes,No,No,No internet service,No internet service,No internet service,No internet service,No internet service,No internet service,One year,Yes,Electronic check,21.11,1085.34,No
5944-GKXFR,Male,0,No,No,8,Yes,No,Fiber optic,Yes,No,No,No,No,No,Two year,No,Mailed check,69.66,540.78,No
6811-GCTZV,Male,0,No,No,8,Yes,No,DSL,No,No,No,No,No,No,Two year,No,Credit card (automatic),49.3,379.57,No
2198-YKTBW,Male,0,Yes,Yes,11,Yes,No,Fiber optic,No,No,No,No,Yes,Yes,Month-to-month,No,Mailed check,81.09,856.74,Yes
6670-PSMOC,Male,0,Yes,Yes,51,Yes,Yes,No,No internet service,No internet service,No internet service,No internet service,No internet service,No internet service,Month-to-month,Yes,Credit card (automatic),20.41,1035.13,No
9036-GAWPU,Male,0,Yes,No,72,Yes,No,No,No internet service,No internet service,No internet service,No internet service,No internet service,No internet service,Month-to-month,Yes,Electronic check,22.53,1607.19,Yes
8780-JHBQI,Female,0,Yes,Yes,5,Yes,Yes,No,No internet service,No internet service,No internet service,No internet service,No internet service,No internet service,Month-to-month,Yes,Electronic check,18.25,89.21,Yes
2605-LWFFO,Male,0,No,No,72,Yes,No,DSL,No,Yes,Yes,Yes,Yes,No,Two year,No,Credit card (automatic),82.74,5932.76,No
1138-ZAHET,Female,0,No,No,39,Yes,Yes,No,No internet service,No internet service,No internet service,No internet service,No internet service,No internet service,Two year,Yes,Electronic check,22.28,873.96,No
8925-GUQEF,Female,0,No,No,17,Yes,Yes,DSL,No,No,Yes,No,No,Yes,Month-to-month,No,Credit card (automatic),60.93,1028.53,Yes
6632-SJRES,Male,0,Yes,Yes,37,No,No phone service,Fiber optic,No,No,No,Yes,No,No,Month-to-month,Yes,Credit card (automatic),65.13,2441.12,Yes
1932-ZZMCJ,Female,1,Yes,Yes,52,No,No phone service,DSL,No,No,Yes,Yes,No,No,Two year,Yes,Credit card (automatic),55.6,2863.58,No
6728-CBASI,Male,1,Yes,No,12,Yes,Yes,Fiber optic,Yes,Yes,No,Yes,No,Yes,One year,No,Electronic check,94.02,1161.12,Yes
5007-VRCLS,Female,0,No,No,52,Yes,No,DSL,Yes,No,Yes,No,Yes,Yes,Month-to-month,No,Credit card (automatic),78.66,4103.79,No
7716-UTGPN,Male,0,No,No,25,No,No phone service,No,No internet service,No internet service,No internet service,No internet service,No internet service,No internet service,Month-to-month,Yes,Credit card (automatic),18.25,439.14,Yes
2234-KFFLZ,Female,0,Yes,No,5,Yes,Yes,No,No internet service,No internet service,No internet service,No internet service,No internet service,No internet service,Month-to-month,Yes,Electronic check,18.96,97.96,No
8765-OOTSS,Male,0,No,No,39,Yes,Yes,DSL,No,No,No,No,No,No,Month-to-month,Yes,Credit card (automatic),42.51,1687.81,No
8718-MMRNH,Male,0,Yes,Yes,67,Yes,No,DSL,No,No,No,No,No,No,Month-to-month,No,Credit card (automatic),47.47,3196.93,Yes
3529-MQRBU,Male,0,Yes,No,34,Yes,No,DSL,Yes,Yes,No,No,Yes,Yes,Month-to-month,No,Electronic check,72.26,2455.22,No
4207-LRXRM,Female,0,No,No,9,Yes,No,Fiber optic,No,Yes,Yes,No,No,Yes,One year,Yes,Bank transfer (automatic),85.69,757.09,Yes
2509-YJDVS,Female,0,Yes,No,34,Yes,No,No,No internet service,No internet service,No internet service,No internet service,No internet service,No internet service,Month-to-month,Yes,Credit card (automatic),19.99,640.07,Yes
5825-RHPLD,Male,0,No,No,30,Yes,No,Fiber optic,No,No,Yes,No,Yes,Yes,Two year,No,Electronic check,86.05,2572.5,No
7915-LIXKQ,Male,0,Yes,No,37,Yes,No,Fiber optic,Yes,Yes,Yes,No,Yes,No,One year,Yes,Electronic check,95.5,3537.89,Yes
8131-QCDGY,Male,0,No,No,5,No,No phone service,No,No internet service,No internet service,No internet service,No internet service,No internet service,No internet service,Month-to-month,No,Credit card (automatic),19.06,79.01,No
6049-IXLBN,Female,0,Yes,Yes,5,Yes,No,Fiber optic,No,Yes,No,No,No,No,Month-to-month,Yes,Electronic check,76.27,326.21,Yes
5699-VMUIT,Male,0,Yes,Yes,16,Yes,Yes,No,No internet service,No internet service,No internet service,No internet service,No internet service,No internet service,One year,Yes,Electronic check,24.31,428.74,No
1015-WSDQP,Male,0,Yes,No,46,Yes,No,Fiber optic,No,No,Yes,Yes,Yes,No,Two year,No,Credit card (automatic),89.55,4133.2,No
7334-KTNJR,Female,0,No,No,41,No,No phone service,Fiber optic,No,Yes,Yes,No,No,No,Two year,Yes,Electronic check,82.61,3443.17,No
6735-UYDMY,Female,0,No,No,49,Yes,No,Fiber optic,No,Yes,No,No,Yes,Yes,Month-to-month,Yes,Bank transfer (automatic),87.91,4302.96,No
8364-ZDFUH,Male,1,No,No,37,Yes,No,DSL,No,Yes,No,No,No,No,Month-to-month,Yes,Bank transfer (automatic),56.12,2087.99,Yes
9705-KIFRM,Female,0,Yes,No,43,Yes,No,Fiber optic,Yes,No,No,No,Yes,Yes,Month-to-month,No,Electronic check,86.68,3726.96,Yes
1889-YMCPH,Male,1,Yes,Yes,30,No,No phone service,DSL,No,No,Yes,Yes,Yes,Yes,Month-to-month,Yes,Mailed check,78.38,2360.4,Yes
4274-DLWNY,Female,0,Yes,No,22,Yes,Yes,Fiber optic,No,No,No,No,No,Yes,Month-to-month,No,Electronic check,75.51,1666.02,No
5820-QJINC,Male,0,No,Yes,40,Yes,Yes,Fiber optic,Yes,No,Yes,No,Yes,Yes,Month-to-month,No,Credit card (automatic),99.03,3970.48,Yes
1908-CCTBY,Female,0,Yes,No,8,No,No phone service,Fiber optic,Yes,No,No,Yes,No,Yes,One year,No,Electronic check,78.56,639.82,No
5432-EVIWE,Female,0,Yes,No,11,Yes,Yes,DSL,Yes,No,No,No,No,No,One year,Yes,Credit card (automatic),54.89,619.07,No
2978-MNZPM,Female,0,No,Yes,8,Yes,Yes,No,No internet service,No internet service,No internet service,No internet service,No internet service,No internet service,Month-to-month,Yes,Electronic check,20.4,157.09,No
7112-JLJLK,Male,1,No,No,29,Yes,Yes,DSL,No,No,Yes,Yes,Yes,Yes,Month-to-month,No,Mailed check,81.8,2380.08,Yes
2612-FPMWS,Female,0,Yes,No,9,Yes,No,DSL,Yes,Yes,No,No,No,No,One year,Yes,Credit card (automatic),63.99,598.87,Yes
1154-VDZSR,Male,0,Yes,No,2,Yes,No,DSL,No,No,Yes,No,No,No,Month-to-month,No,Credit card (automatic),54.24,111.87,No
4469-SQJEN,Male,0,Yes,Yes,6,No,No phone service,DSL,No,No,No,Yes,No,Yes,Month-to-month,Yes,Credit card (automatic),61.29,402.3,Yes
2103-ZAVLK,Female,0,No,Yes,67,Yes,No,Fiber optic,No,No,No,No,Yes,Yes,Month-to-month,Yes,Credit card (automatic),75.72,5099.29,Yes
3660-FBVOM,Male,0,Yes,No,29,Yes,No,Fiber optic,No,No,Yes,No,No,No,Month-to-month,Yes,Mailed check,71.23,2039.52,Yes
6769-DNOTA,Female,0,No,No,51,Yes,No,No,No internet service,No internet service,No internet service,No internet service,No internet service,No internet service,Month-to-month,Yes,Bank transfer (automatic),18.25,962.04,No
2230-KJUXD,Female,0,Yes,No,5,Yes,Yes,Fiber optic,No,No,Yes,No,No,No,Two year,Yes,Electronic check,68.73,305.53,Yes
9411-QWXWB,Male,0,No,Yes,36,Yes,Yes,DSL,No,Yes,No,No,No,No,Two year,Yes,Credit card (automatic),53.73,1955.67,No
8196-YCRSF,Female,0,No,No,8,Yes,Yes,No,No internet service,No internet service,No internet service,No internet service,No internet service,No internet service,Two year,Yes,Electronic check,25.45,192.63,No
8546-NSHPG,Male,0,Yes,No,35,Yes,Yes,No,No internet service,No internet service,No internet service,No internet service,No internet service,No internet service,One year,No,Bank transfer (automatic),19.14,656.92,No
3621-IADFS,Female,0,Yes,Yes,49,Yes,Yes,DSL,No,No,Yes,No,No,Yes,Month-to-month,No,Electronic check,56.4,2718.45,No
9747-GRRNY,Male,0,Yes,No,39,Yes,No,Fiber optic,No,Yes,No,Yes,No,No,Month-to-month,No,Mailed check,86.77,3369.9,Yes
2042-SHKVS,Female,0,No,No,26,Yes,No,No,No internet service,No internet service,No internet service,No internet service,No internet service,No internet service,Month-to-month,Yes,Bank transfer (automatic),25.61,684.2,No
9836-PCJRV,Male,0,No,No,65,Yes,Yes,No,No internet service,No internet service,No internet service,No internet service,No internet service,No internet service,One year,Yes,Electronic check,20.1,1287.06,No
8691-OSVBC,Male,0,No,No,46,Yes,No,Fiber optic,No,No,Yes,No,No,No,Month-to-month,Yes,Mailed check,69.85,3201.76,No
5191-AEBUY,Male,0,Yes,Yes,13,Yes,No,Fiber optic,No,Yes,No,No,Yes,Yes,Month-to-month,Yes,Electronic check,82.46,1070.67,Yes
5196-KTCPT,Female,0,Yes,No,8,Yes,Yes,Fiber optic,Yes,Yes,No,No,Yes,Yes,Two year,Yes,Credit card (automatic),98.34,763.02,Yes
5211-LGWJU,Female,0,No,Yes,72,Yes,No,Fiber optic,No,No,No,No,No,No,Two year,No,Bank transfer (automatic),64.83,4700.58,No
2249-ZVZXD,Female,0,No,No,14,Yes,No,No,No internet service,No internet service,No internet service,No internet service,No internet service,No internet service,Month-to-month,No,Electronic check,22.18,297.89,No
8522-VCSNB,Female,0,No,No,23,Yes,No,Fiber optic,Yes,No,Yes,Yes,Yes,No,One year,No,Credit card (automatic),103.57,2377.82,Yes
6510-POJVH,Female,0,No,No,10,Yes,Yes,DSL,No,Yes,No,No,Yes,Yes,Month-to-month,Yes,Mailed check,71.52,736.46,No
9288-ZWISH,Female,0,No,No,44,Yes,No,Fiber optic,No,No,No,No,Yes,No,Month-to-month,Yes,Bank transfer (automatic),72.71,3156.7,Yes
9674-OLZCK,Male,0,No,No,11,Yes,No,No,No internet service,No internet service,No internet service,No internet service,No internet service,No internet service,Month-to-month,No,Electronic check,20.92,216.03,No
2252-RCLDF,Female,0,No,Yes,25,Yes,Yes,No,No internet service,No internet service,No internet service,No internet service,No internet service,No internet service,Two year,No,Bank transfer (automatic),18.5,507.04,No
8138-WLWXF,Female,0,No,No,34,Yes,Yes,DSL,No,Yes,Yes,No,Yes,No,Month-to-month,Yes,Credit card (automatic),69.84,2394.01,No
9709-YAVVP,Male,1,No,No,15,Yes,Yes,No,No internet service,No internet service,No internet service,No internet service,No internet service,No internet service,One year,Yes,Electronic check,23.87,392.69,No
6278-IWELW,Male,0,No,No,34,Yes,Yes,DSL,No,No,Yes,Yes,No,No,Two year,Yes,Electronic check,59.29,2037.88,No
1176-QRQKG,Female,0,Yes,No,72,Yes,Yes,No,No internet service,No internet service,No internet service,No internet service,No internet service,No internet service,One year,No,Bank transfer (automatic),18.25,1330.02,No
1807-ZUBFI,Male,0,No,No,30,Yes,No,Fiber optic,No,No,No,No,No,No,Month-to-month,No,Bank transfer (automatic),66.26,1994.41,Yes
2523-LKLJS,Female,0,No,No,41,Yes,No,DSL,No,No,No,No,No,No,One year,No,Bank transfer (automatic),48.11,1983.39,No
1692-TBORH,Male,0,Yes,No,18,Yes,No,DSL,Yes,No,No,No,Yes,Yes,Month-to-month,Yes,Mailed check,70.66,1305.9,Yes
8250-DMLVJ,Male,0,No,No,17,Yes,Yes,DSL,Yes,Yes,No,No,No,No,Month-to-month,No,Mailed check,63.13,1098.95,No
8728-FFFLW,Female,0,Yes,No,8,Yes,No,DSL,No,Yes,No,No,No,Yes,Two year,No,Credit card (automatic),61.7,501.13,No
4240-EKXCF,Male,0,Yes,Yes,28,Yes,No,DSL,No,No,Yes,Yes,Yes,Yes,Two year,Yes,Mailed check,68.78,1917.83,No
2652-UDZWX,Male,0,Yes,No,52,Yes,Yes,No,No internet service,No internet service,No internet service,No internet service,No internet service,No internet service,Month-to-month,No,Mailed check,21.48,1131.13,No
5592-HEAKN,Female,1,No,No,40,Yes,No,DSL,No,Yes,Yes,No,No,No,One year,No,Electronic check,65.71,2597.31,No
6206-GXVWJ,Female,0,No,No,17,Yes,No,No,No internet service,No internet service,No internet service,No internet service,No internet service,No internet service,Two year,Yes,Bank transfer (automatic),18.25,287.63,No
2652-TSRPE,Male,0,No,No,20,Yes,No,DSL,Yes,Yes,No,No,No,Yes,Month-to-month,No,Mailed check,67.21,1324.03,Yes
6655-CHFDK,Male,0,Yes,No,72,No,No phone service,Fiber optic,Yes,No,No,Yes,No,No,One year,Yes,Bank transfer (automatic),78.57,5650.75,No
9376-PQVTV,Female,0,No,No,36,Yes,No,Fiber optic,No,Yes,No,No,No,Yes,Month-to-month,Yes,Electronic check,75.57,2735.83,Yes
7739-INRCP,Female,0,Yes,No,45,Yes,Yes,DSL,Yes,No,No,No,Yes,No,Month-to-month,No,Electronic check,55.16,2477.72,No
1726-OZZYA,Male,1,Yes,Yes,48,Yes,Yes,Fiber optic,No,No,Yes,No,Yes,No,Month-to-month,Yes,Bank transfer (automatic),77.89,3744.02,Yes
5337-JTASI,Male,1,Yes,No,18,No,No phone service,Fiber optic,No,No,Yes,Yes,No,Yes,Month-to-month,Yes,Electronic check,88.39,1610.47,Yes
3790-XXUSC,Male,0,No,No,16,Yes,No,DSL,Yes,Yes,No,No,No,Yes,Month-to-month,Yes,Electronic check,69.33,1144.98,No
4961-ORVTK,Male,0,Yes,No,17,Yes,No,Fiber optic,No,No,No,No,No,No,One year,No,Credit card (automatic),64.32,1119.91,No
8470-CJUWN,Male,0,No,No,16,Yes,Yes,No,No internet service,No internet service,No internet service,No internet service,No internet service,No internet service,Month-to-month,Yes,Bank transfer (automatic),20.37,315.01,Yes
4110-XDTVF,Female,0,No,No,66,Yes,No,DSL,Yes,No,Yes,No,Yes,No,Two year,Yes,Mailed check,62.74,4178.96,No
7519-XSEJN,Male,0,Yes,No,22,Yes,No,DSL,No,No,No,Yes,No,No,Month-to-month,No,Bank transfer (automatic),52.79,1159.43,Yes
9494-UKETF,Female,1,No,No,60,Yes,Yes,DSL,No,Yes,No,No,Yes,Yes,One year,No,Credit card (automatic),68.32,4096.98,No
2293-EIXZQ,Female,0,Yes,Yes,22,Yes,Yes,Fiber optic,Yes,Yes,No,Yes,Yes,No,Two year,No,Electronic check,97.98,2169.85,No
5972-YFGRB,Female,0,Yes,No,24,Yes,No,No,No internet service,No internet service,No internet service,No internet service,No internet service,No internet service,Two year,Yes,Electronic check,18.68,432.91,No
2461-KVPUH,Male,0,Yes,Yes,3,Yes,Yes,DSL,No,No,No,No,Yes,No,Two year,Yes,Bank transfer (automatic),51.35,97.68,No
2794-JIKTG,Female,0,No,No,17,Yes,No,Fiber optic,No,No,Yes,Yes,No,No,Month-to-month,Yes,Electronic check,78.46,1327.19,Yes
4394-VNBBI,Female,1,No,No,67,Yes,No,DSL,No,Yes,No,No,No,No,Month-to-month,Yes,Electronic check,52.55,3512.06,No
2320-MZQBB,Female,0,No,No,66,Yes,No,No,No internet service,No internet service,No internet service,No internet service,No internet service,No internet service,Two year,No,Credit card (automatic),20.78,1345.09,No
1236-TGFLN,Male,0,No,No,16,Yes,No,No,No internet service,No internet service,No internet service,No internet service,No internet service,No internet service,Month-to-month,Yes,Electronic check,21.88,370.07,No
1576-XRNXZ,Male,1,Yes,No,2,Yes,Yes,Fiber optic,No,Yes,Yes,No,No,Yes,Two year,Yes,Mailed check,95.23,163.81,No
1537-WQOBP,Female,0,No,No,11,Yes,Yes,DSL,No,No,No,Yes,Yes,No,One year,Yes,Mailed check,58.03,660.34,No
4283-XDBGL,Male,0,Yes,No,16,Yes,No,Fiber optic,No,No,No,No,No,No,Month-to-month,Yes,Bank transfer (automatic),64.13,1017.99,Yes
6879-RRDVX,Male,0,Yes,Yes,16,Yes,No,Fiber optic,Yes,Yes,No,No,Yes,Yes,Month-to-month,Yes,Electronic check,89.18,1439.09,Yes
6997-ONPEO,Male,0,No,Yes,16,Yes,No,Fiber optic,Yes,No,No,No,Yes,Yes,Two year,Yes,Bank transfer (automatic),93.07,1477.89,No
5854-NJTKU,Female,0,Yes,No,26,No,No phone service,DSL,No,No,No,No,No,Yes,Month-to-month,No,Bank transfer (automatic),51.04,1308.31,No
1582-XYCRL,Female,0,Yes,No,10,Yes,No,DSL,Yes,No,No,Yes,Yes,No,One year,Yes,Mailed check,69.11,609.27,No
1938-EIJQC,Male,0,Yes,No,23,Yes,Yes,DSL,No,No,No,No,Yes,No,Month-to-month,No,Electronic check,58.26,1363.89,No
8210-VVBLJ,Female,1,Yes,Yes,31,Yes,No,Fiber optic,No,No,No,No,No,Yes,One year,Yes,Bank transfer (automatic),66.9,2077.57,No
3935-WXWNZ,Male,0,No,Yes,17,Yes,No,Fiber optic,No,No,No,No,No,Yes,Two year,No,Credit card (automatic),78.43,1342.49,No
2576-DUCOK,Female,1,Yes,No,27,Yes,Yes,DSL,No,No,Yes,No,Yes,Yes,Two year,Yes,Credit card (automatic),72.63,1946.67,Yes
2869-FSVQR,Female,1,No,No,72,Yes,Yes,No,No internet service,No internet service,No internet service,No internet service,No internet service,No internet service,Two year,No,Electronic check,22.94,1631.28,No
1002-KWGST,Male,0,Yes,Yes,41,Yes,Yes,No,No internet service,No internet service,No internet service,No internet service,No internet service,No internet service,Two year,Yes,Electronic check,18.25,774.26,No
4303-GCYJZ,Male,0,No,Yes,37,No,No phone service,No,No internet service,No internet service,No internet service,No internet service,No internet service,No internet service,Two year,No,Bank transfer (automatic),20.36,760.43,No
8033-GJSMP,Male,0,No,Yes,19,Yes,Yes,Fiber optic,Yes,No,Yes,Yes,No,No,One year,Yes,Electronic check,90.42,1700.76,Yes
3388-FCLCY,Female,0,No,No,16,Yes,No,Fiber optic,Yes,No,Yes,Yes,No,No,Month-to-month,Yes,Credit card (automatic),91.29,1442.74,Yes
4856-JSYDN,Female,0,No,No,24,Yes,Yes,Fiber optic,No,No,No,No,No,Yes,Month-to-month,No,Credit card (automatic),70.56,1704.7,Yes
6457-AGSHW,Female,0,No,No,36,Yes,No,DSL,No,Yes,No,No,No,No,Month-to-month,No,Mailed check,52.62,1878.43,No
8788-KJKFG,Female,0,No,No,30,Yes,No,Fiber optic,No,No,No,No,Yes,No,One year,Yes,Credit card (automatic),76.03,2278.51,No
1616-RBRGN,Male,0,No,No,28,Yes,Yes,Fiber optic,No,No,Yes,No,No,Yes,Month-to-month,No,Electronic check,78.99,2227.51,Yes
7006-JLACH,Female,0,Yes,No,46,Yes,Yes,Fiber optic,No,No,No,No,No,Yes,Month-to-month,No,Electronic check,79.02,3602.4,No
2755-HXSSF,Male,0,Yes,No,35,Yes,Yes,Fiber optic,Yes,No,Yes,No,Yes,Yes,Month-to-month,Yes,Mailed check,88.55,3119.75,Yes
4019-CCVCC,Male,0,No,No,44,Yes,No,Fiber optic,Yes,Yes,No,No,No,No,Month-to-month,Yes,Credit card (automatic),81.15,3599.52,Yes
3776-CURPL,Female,0,Yes,No,11,Yes,No,Fiber optic,No,Yes,No,No,No,No,Two year,No,Credit card (automatic),69.24,748.73,No
6802-XNWOA,Female,1,Yes,No,8,Yes,Yes,DSL,No,No,No,No,Yes,Yes,Two year,Yes,Credit card (automatic),69.0,553.67,Yes
9357-WQEGS,Male,1,No,No,71,Yes,No,No,No internet service,No internet service,No internet service,No internet service,No internet service,No internet service,Month-to-month,Yes,Credit card (automatic),18.25,1263.6,Yes
5943-QOAPE,Female,0,Yes,No,2,Yes,Yes,No,No internet service,No internet service,No internet service,No internet service,No internet service,No internet service,Two year,Yes,Electronic check,21.75,46.47,No
5710-FGEVE,Female,0,Yes,Yes,9,No,No phone service,Fiber optic,No,No,No,No,No,No,One year,No,Credit card (automatic),62.75,595.54,Yes
3863-QVMNI,Female,0,No,No,18,Yes,Yes,Fiber optic,No,Yes,No,No,Yes,Yes,Month-to-month,No,Credit card (automatic),91.87,1645.89,Yes
5515-LOGEV,Female,0,Yes,No,59,Yes,No,DSL,No,No,No,Yes,Yes,No,Two year,Yes,Bank transfer (automatic),56.51,3320.37,No
2920-JXDPG,Male,0,Yes,No,8,Yes,No,No,No internet service,No internet service,No internet service,No internet service,No internet service,No internet service,Two year,Yes,Credit card (automatic),22.62,197.65,No
2961-FKJUC,Male,0,Yes,Yes,4,Yes,No,DSL,No,Yes,No,Yes,Yes,No,One year,Yes,Electronic check,73.54,291.71,No
5860-ZCOLD,Male,0,Yes,No,12,Yes,Yes,No,No internet service,No internet service,No internet service,No internet service,No internet service,No internet service,One year,Yes,Mailed check,18.25,185.82,No
6728-FQQGQ,Female,0,Yes,No,17,Yes,Yes,Fiber optic,No,Yes,No,No,No,No,Two year,No,Electronic check,70.67,1187.21,Yes
2818-NRVPO,Female,0,No,No,27,Yes,Yes,No,No internet service,No internet service,No internet service,No internet service,No internet service,No internet service,Month-to-month,No,Mailed check,18.25,503.96,No
5265-MUHZZ,Male,1,Yes,No,37,Yes,No,Fiber optic,No,Yes,No,No,No,Yes,One year,No,Electronic check,83.79,3091.24,No
6444-NHMSZ,Male,0,Yes,Yes,47,Yes,No,Fiber optic,No,No,Yes,No,No,Yes,Month-to-month,Yes,Electronic check,74.2,3468.35,No
6452-UPATS,Male,0,No,Yes,6,Yes,Yes,DSL,Yes,No,No,No,Yes,Yes,Two year,No,Electronic check,79.21,499.01,No
6998-GAQDA,Female,1,Yes,No,1,Yes,No,No,No internet service,No internet service,No internet service,No internet service,No internet service,No internet service,Two year,No,Electronic check,23.63,11.74,No
6069-YYDZD,Female,0,Yes,Yes,26,No,No phone service,Fiber optic,No,Yes,Yes,No,No,Yes,Month-to-month,Yes,Electronic check,85.3,2193.62,Yes
7967-BKGKQ,Male,0,Yes,No,8,Yes,No,Fiber optic,No,No,Yes,No,No,No,Month-to-month,Yes,Credit card (automatic),74.56,616.97,Yes
4880-OIWRW,Male,0,Yes,No,15,Yes,No,DSL,No,No,No,No,Yes,No,One year,Yes,Credit card (automatic),54.44,829.15,No
5493-FPQCD,Female,1,Yes,No,19,Yes,No,Fiber optic,Yes,Yes,Yes,No,Yes,No,Month-to-month,No,Mailed check,99.99,1911.89,Yes
6522-NNOSU,Male,0,Yes,Yes,16,Yes,No,Fiber optic,No,Yes,Yes,No,Yes,Yes,Month-to-month,No,Electronic check,89.62,1453.47,Yes
4775-QEDEN,Female,0,No,No,3,Yes,No,Fiber optic,Yes,No,No,No,No,Yes,Month-to-month,Yes,Electronic check,88.29,299.81,Yes
6249-GKSAY,Male,0,No,No,28,Yes,No,Fiber optic,No,No,Yes,No,Yes,No,One year,Yes,Mailed check,81.09,2281.39,No
8037-ODTTT,Male,0,No,Yes,72,Yes,Yes,Fiber optic,No,Yes,Yes,Yes,No,No,Month-to-month,No,Credit card (automatic),84.41,6065.95,Yes
5304-BCJAD,Female,0,Yes,Yes,23,Yes,Yes,No,No internet service,No internet service,No internet service,No internet service,No internet service,No internet service,Two year,Yes,Bank transfer (automatic),21.82,504.73,No
9654-VOIUM,Male,0,No,No,72,No,No phone service,DSL,No,No,No,No,No,No,Month-to-month,Yes,Credit card (automatic),45.67,3262.26,No
7464-TXBYR,Male,0,No,Yes,2,Yes,Yes,No,No internet service,No internet service,No internet service,No internet service,No internet service,No internet service,Month-to-month,No,Bank transfer (automatic),18.27,42.09,No
7501-LAUFD,Male,0,Yes,Yes,12,Yes,No,DSL,No,No,Yes,Yes,Yes,No,Two year,Yes,Electronic check,69.0,807.51,Yes
2765-IHZXW,Male,0,No,No,72,Yes,Yes,Fiber optic,Yes,Yes,Yes,No,No,Yes,One year,Yes,Electronic check,103.48,7439.7,No
4932-MLBNT,Male,0,No,No,11,Yes,No,Fiber optic,No,No,No,No,Yes,No,Month-to-month,Yes,Bank transfer (automatic),65.25,731.72,No
8659-ZFRLS,Male,0,Yes,Yes,30,Yes,Yes,No,No internet service,No internet service,No internet service,No internet service,No internet service,No internet service,Two year,No,Mailed check,21.64,588.5,No
6353-TPTAX,Male,0,No,No,23,Yes,No,Fiber optic,No,Yes,No,No,Yes,No,Two year,No,Mailed check,83.56,1895.37,No
4072-KEUME,Male,0,Yes,No,19,Yes,No,Fiber optic,Yes,Yes,Yes,No,Yes,No,Two year,No,Electronic check,101.66,1953.52,No
2778-XSSIH,Female,1,Yes,No,47,Yes,Yes,No,No internet service,No internet service,No internet service,No internet service,No internet service,No internet service,One year,Yes,Credit card (automatic),19.39,881.34,No
6545-WODWO,Female,1,Yes,No,24,Yes,Yes,No,No internet service,No internet service,No internet service,No internet service,No internet service,No internet service,One year,Yes,Bank transfer (automatic),20.1,511.87,No
9817-GFYNT,Male,0,Yes,Yes,41,Yes,Yes,No,No internet service,No internet service,No internet service,No internet service,No internet service,No internet service,Two year,No,Credit card (automatic),23.47,943.15,No
8339-OTYYA,Male,0,No,Yes,72,No,No phone service,Fiber optic,No,No,No,No,No,Yes,One year,Yes,Mailed check,73.74,5309.19,No
7784-SNKGU,Male,0,No,No,48,Yes,No,No,No internet service,No internet service,No internet service,No internet service,No internet service,No internet service,Month-to-month,Yes,Mailed check,20.33,965.24,No
4405-WHCYA,Female,0,Yes,No,9,No,No phone service,No,No internet service,No internet service,No internet service,No internet service,No internet service,No internet service,One year,Yes,Bank transfer (automatic),21.12,172.66,Yes
5564-DURCW,Female,0,No,No,72,Yes,No,Fiber optic,Yes,No,Yes,Yes,No,No,Two year,Yes,Bank transfer (automatic),83.62,5953.44,No
4094-YPQCA,Male,1,No,No,36,Yes,Yes,Fiber optic,Yes,No,Yes,Yes,Yes,No,Month-to-month,No,Credit card (automatic),107.06,3859.07,Yes
1142-TQZZJ,Male,0,No,No,20,No,No phone service,DSL,No,Yes,Yes,No,No,No,Month-to-month,Yes,Electronic check,59.55,1207.98,Yes
6309-BPCBB,Male,0,No,No,8,Yes,No,DSL,No,No,No,Yes,Yes,No,Two year,Yes,Electronic check,55.43,451.96,No
5821-KBNCV,Male,1,No,No,25,Yes,No,DSL,No,Yes,Yes,Yes,No,No,Month-to-month,Yes,Mailed check,64.37,1643.44,Yes
4113-UYKZY,Female,0,No,No,13,Yes,Yes,DSL,No,No,Yes,No,No,Yes,Month-to-month,Yes,Bank transfer (automatic),55.09,719.99,Yes
3454-GSDHY,Male,0,Yes,No,6,Yes,No,Fiber optic,Yes,No,No,Yes,No,No,Two year,Yes,Electronic check,77.71,473.31,No
8652-JCFTE,Male,0,No,No,8,Yes,Yes,No,No internet service,No internet service,No internet service,No internet service,No internet service,No internet service,One year,Yes,Credit card (automatic),18.59,136.09,No
5440-CXFIR,Male,0,Yes,No,5,Yes,No,DSL,Yes,No,No,No,No,No,Month-to-month,Yes,Bank transfer (automatic),54.44,271.89,Yes
8807-ZAOGK,Female,1,Yes,No,18,Yes,No,DSL,No,No,Yes,No,No,Yes,Month-to-month,Yes,Bank transfer (automatic),58.05,1038.64,No
7925-ATEUJ,Male,0,Yes,No,22,Yes,No,DSL,No,Yes,No,Yes,Yes,No,Two year,Yes,Bank transfer (automatic),67.76,1490.99,No
1528-CHBVB,Female,0,Yes,No,33,Yes,No,Fiber optic,No,No,Yes,Yes,Yes,Yes,Month-to-month,No,Mailed check,94.1,3070.53,Yes
1356-YDUWJ,Male,0,No,No,36,Yes,No,Fiber optic,Yes,No,No,Yes,No,No,Month-to-month,No,Bank transfer (automatic),87.52,3152.43,No
9450-ULIWC,Female,1,No,No,15,Yes,Yes,Fiber optic,Yes,Yes,No,Yes,No,Yes,Month-to-month,Yes,Electronic check,91.08,1337.87,Yes
8431-ZVHKU,Male,0,No,Yes,17,Yes,No,DSL,Yes,Yes,No,No,No,Yes,Two year,No,Electronic check,67.49,1118.8,No
1213-VYQNG,Female,0,No,No,28,Yes,Yes,Fiber optic,Yes,No,Yes,No,Yes,Yes,Two year,No,Credit card (automatic),97.75,2735.33,No
6567-UWBJD,Female,0,Yes,No,9,Yes,Yes,Fiber optic,Yes,No,Yes,No,No,Yes,One year,No,Electronic check,78.85,719.84,No
9105-LYLQB,Female,1,No,No,40,Yes,No,No,No internet service,No internet service,No internet service,No internet service,No internet service,No internet service,One year,No,Credit card (automatic),18.25,737.91,No
5889-OFGVQ,Female,0,Yes,Yes,18,No,No phone service,Fiber optic,No,Yes,Yes,No,No,Yes,Month-to-month,Yes,Mailed check,91.52,1618.58,Yes
6074-YCZXK,Female,0,Yes,No,45,Yes,Yes,No,No internet service,No internet service,No internet service,No internet service,No internet service,No internet service,Month-to-month,Yes,Electronic check,22.58,1049.64,No
5332-FXVNO,Female,1,No,No,26,Yes,Yes,DSL,No,Yes,Yes,Yes,Yes,No,Two year,No,Electronic check,77.97,2015.92,No
6706-UNXYF,Female,0,No,Yes,20,No,No phone service,Fiber optic,No,Yes,No,No,No,Yes,Two year,Yes,Electronic check,79.51,1586.08,No
8328-JWGXO,Male,0,Yes,No,54,No,No phone service,Fiber optic,Yes,No,Yes,Yes,No,No,One year,No,Bank transfer (automatic),85.52,4610.1,No
1518-QXTVP,Female,0,Yes,No,5,Yes,Yes,No,No internet service,No internet service,No internet service,No internet service,No internet service,No internet service,Month-to-month,No,Mailed check,20.43,87.59,No
5609-RACJP,Female,0,Yes,Yes,32,Yes,Yes,Fiber optic,Yes,No,No,Yes,Yes,No,Month-to-month,Yes,Credit card (automatic),87.76,2795.8,Yes
2523-IVGWM,Female,0,No,Yes,71,Yes,No,Fiber optic,No,No,No,No,Yes,Yes,Two year,Yes,Credit card (automatic),80.37,5749.21,No
9512-XSUYR,Male,0,Yes,No,27,Yes,Yes,No,No internet service,No internet service,No internet service,No internet service,No internet service,No internet service,Two year,Yes,Electronic check,20.62,598.73,No
2438-XPVLR,Male,0,Yes,No,23,Yes,No,DSL,Yes,Yes,Yes,Yes,Yes,Yes,Month-to-month,No,Mailed check,88.62,2042.28,Yes
1725-VVNUJ,Female,0,No,No,46,Yes,No,DSL,No,Yes,Yes,Yes,No,Yes,One year,Yes,Electronic check,74.4,3423.96,Yes
1708-QXSGW,Male,0,No,Yes,15,Yes,No,DSL,No,No,No,No,No,No,Two year,Yes,Mailed check,42.44,647.37,No
3669-ZIMSB,Male,1,Yes,Yes,19,Yes,No,DSL,No,No,No,No,Yes,No,One year,Yes,Electronic check,46.04,909.78,Yes
3095-ZJWFQ,Male,0,No,No,8,Yes,Yes,Fiber optic,Yes,No,Yes,No,No,Yes,Month-to-month,Yes,Mailed check,90.45,654.6,Yes
4985-LOUXO,Male,0,Yes,Yes,14,Yes,Yes,DSL,Yes,No,No,Yes,Yes,No,Month-to-month,Yes,Electronic check,69.2,954.87,No
4978-FIFBR,Male,0,Yes,No,38,No,No phone service,DSL,Yes,No,No,Yes,No,Yes,Two year,Yes,Bank transfer (automatic),70.57,2656.08,No
4962-RSOZQ,Male,0,No,Yes,20,Yes,Yes,DSL,No,No,No,Yes,No,No,Month-to-month,Yes,Electronic check,52.54,1007.78,Yes
8946-VDVGU,Male,0,Yes,No,11,Yes,No,DSL,Yes,Yes,No,Yes,No,No,Two year,Yes,Mailed check,64.66,712.67,No
5229-RTDGB,Male,0,Yes,No,56,Yes,Yes,Fiber optic,Yes,Yes,No,No,No,No,Month-to-month,No,Mailed check,84.55,4754.91,Yes
3757-OONMV,Male,0,No,No,51,No,No phone service,Fiber optic,Yes,Yes,Yes,Yes,No,Yes,Two year,Yes,Mailed check,99.38,5071.51,No
7751-DJEKD,Female,0,No,Yes,12,Yes,Yes,DSL,Yes,No,No,Yes,No,Yes,Two year,Yes,Mailed check,74.78,876.64,No
9808-ZGKLJ,Male,0,No,No,51,Yes,Yes,No,No internet service,No internet service,No internet service,No internet service,No internet service,No internet service,Month-to-month,No,Mailed check,23.41,1217.58,No
8968-FQVIW,Female,1,No,No,37,Yes,No,DSL,No,Yes,Yes,No,No,No,Two year,Yes,Electronic check,61.19,2218.73,No
8055-EHJXQ,Female,0,Yes,No,28,Yes,No,DSL,No,Yes,Yes,No,No,Yes,Month-to-month,Yes,Electronic check,71.26,1986.3,Yes
4507-JWKAU,Male,0,No,Yes,72,Yes,Yes,DSL,No,No,Yes,No,Yes,No,Month-to-month,Yes,Bank transfer (automatic),56.11,4013.07,No
1253-TGXSK,Male,0,Yes,Yes,32,Yes,No,DSL,No,No,No,Yes,Yes,No,Month-to-month,No,Mailed check,55.5,1749.96,Yes
7341-ZCHMO,Female,0,No,No,13,Yes,Yes,No,No internet service,No internet service,No internet service,No internet service,No internet service,No internet service,Month-to-month,Yes,Bank transfer (automatic),23.54,343.25,No
8606-YWVSQ,Female,0,Yes,No,18,Yes,No,Fiber optic,Yes,No,Yes,Yes,No,Yes,Month-to-month,Yes,Credit card (automatic),96.94,1748.6,Yes
1753-ISNXP,Female,1,Yes,No,5,Yes,Yes,DSL,No,No,Yes,Yes,No,Yes,Month-to-month,No,Mailed check,66.08,325.75,No
9012-UDPCY,Female,1,Yes,No,37,Yes,Yes,No,No internet service,No internet service,No internet service,No internet service,No internet service,No internet service,Two year,No,Electronic check,22.91,903.18,No
8758-JLNIA,Female,0,No,No,72,Yes,No,Fiber optic,No,No,Yes,No,Yes,No,Two year,No,Bank transfer (automatic),80.36,5800.8,No
8140-FILBR,Female,1,Yes,No,32,Yes,Yes,Fiber optic,Yes,Yes,No,No,Yes,Yes,Month-to-month,Yes,Mailed check,97.9,3140.14,Yes
1072-ELCYJ,Male,0,No,No,28,Yes,No,DSL,No,No,No,Yes,Yes,No,One year,Yes,Mailed check,59.07,1627.8,No
5815-SIREK,Female,0,No,Yes,45,Yes,No,DSL,No,Yes,Yes,No,No,Yes,Month-to-month,Yes,Electronic check,72.24,3245.24,Yes
6161-ONPRV,Male,0,No,Yes,40,Yes,Yes,Fiber optic,No,No,No,No,Yes,Yes,Two year,Yes,Electronic check,78.81,3175.52,No
3542-OWITI,Female,0,Yes,No,57,Yes,No,Fiber optic,No,No,Yes,Yes,Yes,No,One year,Yes,Electronic check,82.87,4758.2,No
7724-KZWTP,Female,0,Yes,No,24,No,No phone service,No,No internet service,No internet service,No internet service,No internet service,No internet service,No internet service,One year,No,Electronic check,19.12,482.67,No
9248-HPXON,Male,1,No,No,34,Yes,Yes,DSL,No,No,No,No,No,Yes,Month-to-month,Yes,Bank transfer (automatic),57.41,1979.22,Yes
6365-KIPTU,Female,0,No,Yes,23,Yes,Yes,DSL,No,No,Yes,No,Yes,Yes,Month-to-month,Yes,Electronic check,67.15,1535.74,Yes
4588-KUYXY,Male,0,Yes,Yes,7,Yes,Yes,Fiber optic,No,No,No,No,No,No,Month-to-month,Yes,Mailed check,65.03,439.24,Yes
1935-IFHHG,Female,0,No,No,9,Yes,No,Fiber optic,No,Yes,No,Yes,Yes,No,Two year,No,Bank transfer (automatic),85.76,772.1,Yes
1855-GFUEM,Male,0,Yes,No,14,Yes,Yes,Fiber optic,No,No,Yes,Yes,No,Yes,One year,Yes,Credit card (automatic),89.35,1246.83,No
9592-BPDDJ,Female,1,Yes,No,7,Yes,No,Fiber optic,Yes,No,No,No,No,No,Month-to-month,No,Mailed check,78.25,526.75,No
9161-IBFXR,Male,0,Yes,Yes,28,Yes,Yes,Fiber optic,No,Yes,Yes,No,Yes,Yes,Month-to-month,Yes,Electronic check,98.79,2785.43,No
2712-WYRTS,Female,0,Yes,No,47,Yes,Yes,DSL,Yes,Yes,No,No,Yes,Yes,Two year,Yes,Credit card (automatic),67.35,3145.06,No
7249-PWTOU,Female,0,Yes,No,15,Yes,No,No,No internet service,No internet service,No internet service,No internet service,No internet service,No internet service,Month-to-month,No,Bank transfer (automatic),19.63,330.29,No
3073-VQAHA,Female,0,No,No,4,Yes,No,Fiber optic,Yes,No,Yes,No,Yes,Yes,Month-to-month,No,Mailed check,97.41,412.79,Yes
5011-QERQA,Female,0,Yes,Yes,13,Yes,No,No,No internet service,No internet service,No internet service,No internet service,No internet service,No internet service,One year,Yes,Mailed check,21.11,268.06,No
6414-NAPOP,Female,0,No,No,20,No,No phone service,Fiber optic,No,Yes,Yes,No,Yes,Yes,One year,Yes,Credit card (automatic),88.55,1729.77,No
7219-DVCKJ,Female,0,No,Yes,45,Yes,No,No,No internet service,No internet service,No internet service,No internet service,No internet service,No internet service,Month-to-month,Yes,Mailed check,18.25,884.31,No
9815-MIZGC,Male,0,No,No,26,Yes,No,No,No internet service,No internet service,No internet service,No internet service,No internet service,No internet service,One year,Yes,Electronic check,18.25,470.8,No
4784-WZBQX,Female,0,Yes,Yes,26,Yes,Yes,Fiber optic,Yes,No,Yes,No,No,Yes,Month-to-month,Yes,Electronic check,78.24,2033.65,Yes
6383-UFQWP,Male,0,No,No,35,Yes,No,No,No internet service,No internet service,No internet service,No internet service,No internet service,No internet service,One year,Yes,Electronic check,20.49,678.86,No
5086-YASQV,Female,0,Yes,Yes,50,Yes,Yes,DSL,No,No,No,No,Yes,Yes,Month-to-month,Yes,Credit card (automatic),56.22,2800.73,No
7975-OYLZS,Male,1,No,No,71,Yes,No,DSL,No,No,Yes,No,Yes,Yes,Month-to-month,No,Credit card (automatic),69.2,4904.39,Yes
5382-ALVBO,Female,1,Yes,No,15,Yes,No,Fiber optic,Yes,No,No,No,No,Yes,One year,Yes,Electronic check,81.88,1245.61,Yes
6208-AEWKN,Female,0,No,Yes,24,Yes,No,DSL,Yes,No,No,No,No,No,Month-to-month,Yes,Credit card (automatic),50.2,1149.07,Yes
9439-WMNSV,Male,0,Yes,Yes,15,No,No phone service,Fiber optic,No,Yes,No,No,Yes,No,Two year,No,Credit card (automatic),82.45,1214.97,Yes
3954-TXJXQ,Female,1,No,No,34,Yes,No,DSL,Yes,No,Yes,Yes,Yes,Yes,Month-to-month,No,Electronic check,88.16,3005.55,Yes
5160-XJYTI,Female,0,Yes,No,4,Yes,Yes,DSL,No,No,No,No,No,Yes,Two year,Yes,Electronic check,49.98,162.98,No
1472-QLECU,Female,0,Yes,No,72,Yes,No,Fiber optic,No,No,Yes,Yes,Yes,Yes,One year,No,Bank transfer (automatic),87.69,6331.55,No
5424-WTMMI,Male,0,No,No,37,Yes,No,No,No internet service,No internet service,No internet service,No internet service,No internet service,No internet service,Month-to-month,Yes,Electronic check,23.21,855.96,No
3052-WTRNB,Female,0,Yes,Yes,33,Yes,Yes,Fiber optic,No,No,No,Yes,No,No,One year,Yes,Electronic check,74.58,2448.81,Yes
3300-YTQGG,Female,0,No,No,13,Yes,No,Fiber optic,Yes,No,Yes,No,No,No,One year,Yes,Bank transfer (automatic),81.62,1045.49,No
1882-KYEID,Male,0,No,Yes,18,Yes,No,Fiber optic,No,Yes,No,Yes,No,Yes,Month-to-month,No,Credit card (automatic),92.84,1664.05,No
6568-IYWGS,Male,0,No,No,7,Yes,No,No,No internet service,No internet service,No internet service,No internet service,No internet service,No internet service,Month-to-month,No,Electronic check,22.66,156.13,No
2709-ZWONA,Male,1,No,No,12,Yes,No,DSL,No,No,Yes,Yes,No,Yes,Two year,Yes,Bank transfer (automatic),68.95,881.53,Yes
8077-IXIOC,Female,0,No,No,50,Yes,Yes,No,No internet service,No internet service,No internet service,No internet service,No internet service,No internet service,Month-to-month,Yes,Bank transfer (automatic),20.37,1041.72,No
9609-TLKPZ,Male,0,No,Yes,5,Yes,No,Fiber optic,Yes,No,No,No,Yes,No,One year,Yes,Electronic check,71.86,380.63,Yes
4977-QJGIL,Female,0,Yes,Yes,72,Yes,Yes,Fiber optic,No,No,Yes,Yes,Yes,Yes,Month-to-month,No,Electronic check,94.45,6761.35,No
3057-MGKDJ,Female,0,No,No,57,Yes,Yes,No,No internet service,No internet service,No internet service,No internet service,No internet service,No internet service,Two year,Yes,Credit card (automatic),18.25,1066.43,No
3750-RBDZQ,Male,0,No,No,32,Yes,No,No,No internet service,No internet service,No internet service,No internet service,No internet service,No internet service,Month-to-month,No,Electronic check,21.06,672.18,No
6382-WYEMP,Female,0,Yes,No,11,Yes,No,Fiber optic,No,No,No,No,Yes,Yes,Month-to-month,Yes,Electronic check,77.28,840.03,Yes
6229-OERAE,Female,0,Yes,No,41,Yes,Yes,Fiber optic,No,No,No,Yes,No,Yes,Month-to-month,Yes,Electronic check,78.49,3225.94,Yes
9639-PERJF,Male,0,Yes,Yes,39,Yes,No,Fiber optic,No,No,Yes,No,Yes,No,Month-to-month,No,Electronic check,71.82,2853.11,No
9073-FJHDW,Male,0,No,No,15,Yes,Yes,DSL,No,No,No,No,Yes,No,One year,No,Mailed check,56.37,843.71,Yes
7263-LEIUB,Male,0,Yes,No,36,Yes,Yes,Fiber optic,No,No,Yes,No,Yes,Yes,Month-to-month,Yes,Electronic check,88.32,3134.83,Yes
5998-IQTEX,Male,1,No,No,20,Yes,No,Fiber optic,No,Yes,Yes,No,No,Yes,One year,Yes,Electronic check,84.29,1715.56,Yes
3572-TDWRN,Male,0,No,No,3,Yes,No,Fiber optic,No,No,No,No,Yes,No,One year,No,Credit card (automatic),70.72,203.09,Yes
8122-OKGPI,Female,0,No,Yes,8,Yes,No,DSL,Yes,Yes,No,No,No,No,Month-to-month,Yes,Mailed check,60.02,454.1,No
3460-YGQGH,Male,0,Yes,No,56,No,No phone service,Fiber optic,No,No,No,Yes,Yes,No,Month-to-month,Yes,Mailed check,80.22,4448.72,Yes
8212-TAAHW,Male,0,No,No,17,Yes,No,DSL,No,Yes,No,No,No,Yes,One year,Yes,Electronic check,58.63,980.52,Yes
8530-NZCNE,Female,0,No,No,13,Yes,Yes,Fiber optic,No,Yes,No,No,No,Yes,Two year,Yes,Electronic check,75.22,980.21,No
5462-VBJAI,Female,0,Yes,No,28,Yes,No,No,No internet service,No internet service,No internet service,No internet service,No internet service,No internet service,Month-to-month,Yes,Mailed check,18.76,496.9,No
7775-SGXFK,Female,0,Yes,No,2,Yes,No,DSL,No,Yes,Yes,Yes,Yes,No,Month-to-month,Yes,Bank transfer (automatic),71.12,110.91,No
1068-VOAIA,Female,0,Yes,No,25,Yes,Yes,No,No internet service,No internet service,No internet service,No internet service,No internet service,No internet service,Month-to-month,No,Electronic check,18.25,444.37,No
7485-HSDME,Male,1,No,No,29,Yes,Yes,Fiber optic,Yes,Yes,No,No,Yes,No,Month-to-month,Yes,Credit card (automatic),92.0,2667.08,Yes
9555-YJYSM,Male,0,Yes,Yes,41,No,No phone service,DSL,No,No,No,Yes,Yes,Yes,Month-to-month,Yes,Credit card (automatic),63.95,2619.42,Yes
6147-XJSTW,Female,0,Yes,No,9,No,No phone service,DSL,No,Yes,No,Yes,Yes,No,Two year,Yes,Bank transfer (automatic),65.72,598.88,Yes
8253-ZDREG,Female,1,Yes,No,15,Yes,Yes,DSL,No,No,No,No,No,Yes,Month-to-month,Yes,Bank transfer (automatic),52.79,808.36,Yes
3307-WIWJN,Female,0,Yes,No,28,Yes,No,No,No internet service,No internet service,No internet service,No internet service,No internet service,No internet service,Month-to-month,Yes,Electronic check,19.55,553.29,No
1909-FYZAD,Male,0,Yes,No,10,Yes,No,DSL,Yes,Yes,No,Yes,No,No,Month-to-month,Yes,Mailed check,64.31,647.33,No
7832-WSJJD,Female,0,No,Yes,30,Yes,Yes,Fiber optic,Yes,No,No,Yes,Yes,No,One year,Yes,Mailed check,85.56,2553.4,No
2232-XCZPU,Female,0,Yes,No,28,Yes,Yes,Fiber optic,No,No,No,No,No,Yes,Month-to-month,No,Electronic check,70.28,1983.5,Yes
8813-RHCNK,Male,0,No,No,2,No,No phone service,DSL,No,No,Yes,No,No,Yes,Month-to-month,Yes,Bank transfer (automatic),57.96,122.86,No
8218-ESNFL,Female,0,Yes,No,49,No,No phone service,Fiber optic,Yes,Yes,Yes,Yes,No,Yes,Month-to-month,No,Electronic check,92.62,4534.85,Yes
8087-CGFOX,Female,0,Yes,No,10,Yes,Yes,DSL,Yes,No,Yes,No,Yes,Yes,One year,Yes,Electronic check,78.69,762.03,Yes
1216-PRNTI,Male,0,No,No,26,Yes,No,No,No internet service,No internet service,No internet service,No internet service,No internet service,No internet service,Two year,Yes,Credit card (automatic),18.39,422.22,No
1755-UBMSD,Male,0,No,No,72,Yes,No,No,No internet service,No internet service,No internet service,No internet service,No internet service,No internet service,Month-to-month,Yes,Credit card (automatic),20.72,1471.35,No
8288-COABO,Female,1,No,No,12,Yes,No,No,No internet service,No internet service,No internet service,No internet service,No internet service,No internet service,Month-to-month,Yes,Bank transfer (automatic),18.25,208.09,No
2716-NPHAA,Male,1,Yes,No,35,Yes,Yes,DSL,Yes,Yes,Yes,No,No,Yes,Two year,Yes,Electronic check,77.93,2746.22,No
7751-QSNWL,Male,0,No,No,72,Yes,Yes,Fiber optic,No,Yes,No,Yes,Yes,No,One year,No,Electronic check,82.16,5919.89,No
2946-WLTQT,Male,0,No,No,39,Yes,Yes,Fiber optic,No,No,Yes,Yes,No,Yes,Two year,No,Electronic check,87.09,3387.21,No
9466-GVMIR,Male,0,Yes,No,57,Yes,No,No,No internet service,No internet service,No internet service,No internet service,No internet service,No internet service,Month-to-month,No,Bank transfer (automatic),20.13,1144.59,No
9464-EJKYN,Female,0,No,No,8,Yes,No,Fiber optic,Yes,Yes,Yes,No,Yes,No,One year,No,Electronic check,95.79,717.09,Yes
7783-BNIBT,Female,0,Yes,Yes,71,Yes,Yes,Fiber optic,No,No,No,Yes,No,No,Month-to-month,Yes,Mailed check,72.79,5156.16,Yes
9572-FZZSF,Male,0,Yes,No,3,Yes,No,Fiber optic,No,Yes,Yes,No,Yes,Yes,Month-to-month,No,Electronic check,90.76,253.81,Yes
8215-DPWXB,Female,0,No,No,38,Yes,Yes,No,No internet service,No internet service,No internet service,No internet service,No internet service,No internet service,Month-to-month,Yes,Electronic check,18.25,667.05,No
9167-WQKUV,Female,0,No,No,25,Yes,No,Fiber optic,Yes,No,No,Yes,Yes,Yes,Month-to-month,Yes,Bank transfer (automatic),96.05,2379.6,Yes
2131-VLOXB,Male,0,No,No,19,Yes,No,DSL,Yes,Yes,No,Yes,Yes,No,One year,Yes,Credit card (automatic),75.03,1403.97,No
1676-MTBGB,Female,0,No,No,16,Yes,Yes,No,No internet service,No internet service,No internet service,No internet service,No internet service,No internet service,Month-to-month,Yes,Mailed check,22.27,356.77,No
6221-SCJRB,Male,0,Yes,No,40,Yes,Yes,Fiber optic,Yes,No,Yes,Yes,Yes,No,One year,No,Bank transfer (automatic),85.36,3457.02,No
3412-LKUSY,Female,0,No,Yes,13,Yes,Yes,DSL,No,No,No,Yes,Yes,Yes,Month-to-month,Yes,Electronic check,66.57,837.32,Yes
4744-HUVKQ,Female,0,No,Yes,17,Yes,Yes,Fiber optic,No,No,No,Yes,No,No,Month-to-month,Yes,Electronic check,78.88,1326.09,Yes
3607-ATPBB,Female,1,Yes,No,38,Yes,No,DSL,Yes,Yes,No,No,Yes,No,Two year,Yes,Electronic check,65.63,2522.2,No
6932-WHLWU,Male,0,Yes,No,55,Yes,Yes,Fiber optic,Yes,No,Yes,Yes,Yes,No,Two year,No,Credit card (automatic),98.02,5379.81,No
5145-VDKZG,Female,0,No,Yes,23,Yes,No,Fiber optic,No,No,Yes,No,No,No,Two year,No,Electronic check,72.71,1669.6,No
1983-ITDOK,Male,0,Yes,Yes,72,Yes,No,No,No internet service,No internet service,No internet service,No internet service,No internet service,No internet service,Month-to-month,Yes,Bank transfer (automatic),20.58,1523.05,No
8945-PTXRQ,Male,0,No,Yes,29,No,No phone service,DSL,No,Yes,Yes,No,No,No,Month-to-month,Yes,Electronic check,55.36,1630.39,Yes
9518-LHFLL,Male,0,No,Yes,27,Yes,Yes,Fiber optic,No,No,No,Yes,No,Yes,Month-to-month,Yes,Credit card (automatic),81.61,2194.84,Yes
3744-WEHZP,Female,0,No,No,72,Yes,Yes,DSL,No,No,No,No,No,No,Month-to-month,No,Credit card (automatic),45.82,3244.81,No
2460-POPAK,Male,0,No,No,34,Yes,No,DSL,No,Yes,No,Yes,No,No,Month-to-month,Yes,Bank transfer (automatic),57.23,1927.8,No
5387-WZTCP,Female,0,No,No,72,Yes,No,Fiber optic,Yes,No,No,No,Yes,Yes,One year,No,Electronic check,85.11,6131.69,No
9483-HSFBT,Female,1,No,No,72,Yes,Yes,Fiber optic,Yes,No,No,No,Yes,No,One year,No,Mailed check,88.77,6417.91,No
8955-IUMTY,Male,1,Yes,Yes,9,Yes,Yes,No,No internet service,No internet service,No internet service,No internet service,No internet service,No internet service,Two year,Yes,Mailed check,20.01,211.73,No
8303-XBJLW,Male,0,No,No,13,No,No phone service,Fiber optic,No,Yes,No,No,No,No,One year,Yes,Mailed check,72.7,903.3,No
4386-ILVPA,Male,0,No,No,5,Yes,Yes,DSL,Yes,No,Yes,No,No,No,Month-to-month,Yes,Electronic check,65.89,362.81,No
2776-OIOLD,Female,0,No,Yes,42,No,No phone service,Fiber optic,No,No,No,No,No,Yes,Two year,Yes,Credit card (automatic),74.07,3084.02,No
8075-QNROL,Female,0,No,Yes,43,Yes,Yes,Fiber optic,No,No,Yes,Yes,No,No,Month-to-month,No,Electronic check,79.87,3452.77,Yes
8696-MWTPD,Male,0,No,No,16,Yes,Yes,Fiber optic,No,No,Yes,No,Yes,Yes,One year,Yes,Bank transfer (automatic),87.57,1406.86,Yes
8845-UXCWE,Female,0,No,Yes,2,Yes,No,DSL,Yes,Yes,No,No,No,No,Month-to-month,No,Mailed check,58.5,135.53,No
8375-SBXEO,Male,0,No,Yes,35,Yes,No,No,No internet service,No internet service,No internet service,No internet service,No internet service,No internet service,Month-to-month,Yes,Credit card (automatic),21.1,758.39,No
4912-HTIZX,Female,0,No,No,5,Yes,Yes,No,No internet service,No internet service,No internet service,No internet service,No internet service,No internet service,One year,No,Bank transfer (automatic),19.4,101.4,No
6770-MMWZV,Female,0,No,No,21,Yes,Yes,No,No internet service,No internet service,No internet service,No internet service,No internet service,No internet service,One year,Yes,Credit card (automatic),22.38,489.47,No
6451-HECLR,Female,0,Yes,Yes,44,Yes,No,DSL,Yes,No,No,No,No,No,Month-to-month,Yes,Credit card (automatic),56.36,2442.25,No
2824-ORVRP,Female,0,Yes,No,28,Yes,Yes,Fiber optic,No,No,No,No,No,No,One year,No,Electronic check,67.77,1906.43,Yes
2534-NQZLY,Female,0,No,Yes,55,Yes,No,Fiber optic,No,No,Yes,No,Yes,No,Month-to-month,No,Electronic check,81.12,4491.97,No
8561-ABKYL,Male,0,Yes,No,20,Yes,No,DSL,No,No,No,Yes,No,Yes,One year,Yes,Mailed check,61.03,1243.41,No
1991-MKDCJ,Male,0,Yes,No,13,Yes,No,Fiber optic,Yes,Yes,Yes,Yes,Yes,No,Two year,Yes,Electronic check,97.43,1269.51,Yes
8311-HHKKX,Male,1,Yes,No,11,Yes,Yes,Fiber optic,Yes,No,Yes,No,No,No,Month-to-month,No,Electronic check,84.07,889.81,Yes
9268-MUUCD,Male,0,No,No,43,Yes,No,DSL,No,Yes,Yes,No,No,No,Month-to-month,Yes,Bank transfer (automatic),63.44,2730.77,No
6802-ZJVUO,Female,1,No,No,24,Yes,Yes,DSL,Yes,Yes,No,No,Yes,Yes,Month-to-month,Yes,Credit card (automatic),76.84,1876.79,Yes
8102-CHRHC,Female,0,No,No,13,Yes,No,DSL,No,No,Yes,Yes,Yes,Yes,Month-to-month,Yes,Mailed check,72.33,921.97,Yes
2745-QPSFW,Female,0,No,No,34,Yes,No,DSL,Yes,No,Yes,Yes,Yes,Yes,Month-to-month,No,Electronic check,82.93,2818.77,No
6941-ZCRGK,Male,0,No,No,4,Yes,No,Fiber optic,Yes,Yes,Yes,Yes,No,Yes,Two year,Yes,Mailed check,100.31,396.88,Yes
2748-ZALHV,Female,0,Yes,No,26,Yes,Yes,No,No internet service,No internet service,No internet service,No internet service,No internet service,No internet service,Two year,Yes,Bank transfer (automatic),18.25,418.75,No
3370-JMUBS,Male,0,Yes,No,31,Yes,No,DSL,No,Yes,No,Yes,Yes,Yes,Month-to-month,No,Credit card (automatic),79.46,2473.46,No
2205-JXBLA,Male,0,Yes,Yes,35,Yes,No,Fiber optic,No,Yes,Yes,Yes,Yes,No,One year,No,Electronic check,88.41,3113.53,Yes
5745-ODXQD,Female,0,Yes,No,72,Yes,Yes,DSL,Yes,No,No,Yes,No,Yes,Month-to-month,Yes,Electronic check,71.71,5152.23,Yes
1768-HLXIT,Female,0,No,Yes,19,Yes,No,Fiber optic,Yes,No,Yes,Yes,Yes,Yes,Two year,Yes,Credit card (automatic),108.12,2068.82,No
1061-PUPMM,Female,1,Yes,No,32,Yes,No,DSL,No,No,No,No,Yes,Yes,Month-to-month,No,Credit card (automatic),59.16,1877.95,No
4002-PVBLA,Male,1,No,No,36,Yes,No,DSL,Yes,Yes,Yes,Yes,No,No,Month-to-month,No,Bank transfer (automatic),76.99,2791.1,No
4793-LDDCP,Female,0,No,No,24,Yes,Yes,No,No internet service,No internet service,No internet service,No internet service,No internet service,No internet service,Month-to-month,Yes,Credit card (automatic),20.76,500.3,No
4052-TWWCN,Male,0,Yes,Yes,8,Yes,No,No,No internet service,No internet service,No internet service,No internet service,No internet service,No internet service,One year,Yes,Electronic check,28.98,228.62,No
7453-OKNDA,Female,1,No,No,46,Yes,Yes,Fiber optic,No,No,Yes,Yes,No,Yes,One year,Yes,Credit card (automatic),87.77,4073.43,No
2911-SIMMC,Female,0,No,No,1,Yes,No,DSL,No,Yes,Yes,No,No,Yes,Two year,No,Bank transfer (automatic),66.23,9.85,Yes
5141-OURLQ,Male,0,No,No,8,Yes,No,Fiber optic,Yes,No,Yes,No,No,Yes,Month-to-month,Yes,Credit card (automatic),87.94,682.2,No
2808-JIWNI,Male,0,No,No,19,Yes,Yes,Fiber optic,Yes,No,No,No,No,Yes,Two year,Yes,Mailed check,73.35,1400.14,No
8533-EBOOB,Male,0,No,Yes,8,Yes,No,Fiber optic,Yes,Yes,Yes,No,No,No,Month-to-month,Yes,Credit card (automatic),82.68,664.04,No
5412-CKJXA,Female,0,No,No,26,Yes,No,No,No internet service,No internet service,No internet service,No internet service,No internet service,No internet service,One year,No,Credit card (automatic),18.25,449.24,No
2796-DPOXB,Male,0,No,No,59,Yes,Yes,Fiber optic,No,No,No,No,No,Yes,One year,Yes,Electronic check,75.08,4426.23,No
5352-GMOWQ,Female,0,Yes,Yes,72,Yes,Yes,No,No internet service,No internet service,No internet service,No internet service,No internet service,No internet service,Month-to-month,Yes,Electronic check,26.89,1939.35,No
3576-TKAWB,Female,0,No,No,24,Yes,No,No,No internet service,No internet service,No internet service,No internet service,No internet service,No internet service,One year,No,Mailed check,25.28,608.5,No
9414-JVJBT,Female,0,No,No,34,Yes,No,No,No internet service,No internet service,No internet service,No internet service,No internet service,No internet service,Month-to-month,Yes,Electronic check,22.1,763.14,No
2134-HBFJO,Male,0,Yes,No,26,Yes,Yes,DSL,No,No,Yes,Yes,Yes,Yes,Two year,Yes,Electronic check,83.24,2202.89,No
7325-JGBWV,Female,0,Yes,No,23,Yes,No,DSL,No,Yes,Yes,No,Yes,Yes,Month-to-month,Yes,Credit card (automatic),73.0,1671.07,Yes
6161-HTBVR,Male,1,Yes,Yes,23,Yes,Yes,Fiber optic,No,Yes,Yes,Yes,No,No,Month-to-month,Yes,Bank transfer (automatic),83.85,1946.93,No
8151-FUDGE,Female,1,Yes,No,72,Yes,Yes,Fiber optic,Yes,No,Yes,No,No,No,One year,No,Electronic check,77.94,5605.82,Yes
7405-ZJJRQ,Female,0,Yes,No,2,No,No phone service,DSL,Yes,Yes,No,No,No,No,Two year,No,Credit card (automatic),56.19,109.33,No
5365-OKKTM,Female,0,Yes,No,49,Yes,Yes,DSL,Yes,Yes,No,Yes,Yes,No,Two year,No,Electronic check,71.56,3523.33,No
7824-FHFWD,Female,0,No,No,11,Yes,No,DSL,No,Yes,No,Yes,No,No,One year,No,Credit card (automatic),66.12,767.01,No
3573-OLGOH,Male,0,No,No,21,Yes,Yes,DSL,Yes,Yes,Yes,No,No,Yes,Two year,No,Electronic check,80.12,1646.0,No
1903-VXPCI,Female,0,No,No,8,Yes,Yes,No,No internet service,No internet service,No internet service,No internet service,No internet service,No internet service,One year,No,Mailed check,18.25,143.03,Yes
4844-ZJVOG,Male,0,Yes,No,7,Yes,No,No,No internet service,No internet service,No internet service,No internet service,No internet service,No internet service,Month-to-month,Yes,Mailed check,23.77,164.32,No
2501-VPZKW,Male,0,No,No,55,Yes,Yes,DSL,No,No,Yes,No,Yes,No,Month-to-month,No,Mailed check,55.74,3092.78,Yes
1783-EYLQP,Male,0,Yes,No,14,Yes,No,DSL,No,No,No,No,Yes,Yes,Month-to-month,Yes,Mailed check,60.89,820.32,No
9913-QVNTG,Male,1,Yes,No,26,No,No phone service,Fiber optic,Yes,Yes,No,Yes,Yes,Yes,Month-to-month,Yes,Electronic check,107.57,2841.55,No
4933-UTGTF,Male,0,No,No,37,Yes,No,Fiber optic,No,No,Yes,No,No,No,Month-to-month,Yes,Credit card (automatic),75.37,2768.97,Yes
8232-NSZWY,Male,0,No,No,72,Yes,No,Fiber optic,No,No,No,No,Yes,Yes,One year,No,Mailed check,77.81,5593.74,No
5956-BRQWQ,Male,0,No,No,7,Yes,No,Fiber optic,No,Yes,No,No,No,Yes,Month-to-month,Yes,Mailed check,80.8,566.3,Yes
9023-ZKNCJ,Female,0,No,No,72,Yes,Yes,Fiber optic,No,No,Yes,No,Yes,Yes,Month-to-month,Yes,Electronic check,81.65,5890.42,Yes
3035-XJBGD,Female,0,No,No,31,Yes,No,DSL,No,Yes,Yes,Yes,No,No,Two year,Yes,Electronic check,64.13,2007.88,Yes
8522-VHICQ,Male,0,No,No,30,No,No phone service,Fiber optic,Yes,Yes,No,No,Yes,No,Two year,No,Credit card (automatic),76.39,2273.17,No
3629-KBGIR,Male,0,No,No,19,Yes,No,No,No internet service,No internet service,No internet service,No internet service,No internet service,No internet service,Month-to-month,No,Electronic check,18.25,317.87,No
1447-VOVVN,Male,0,Yes,Yes,17,Yes,No,No,No internet service,No internet service,No internet service,No internet service,No internet service,No internet service,Month-to-month,Yes,Bank transfer (automatic),20.32,303.79,No
7545-CLWMV,Female,0,Yes,Yes,4,Yes,Yes,Fiber optic,No,Yes,Yes,No,Yes,No,Month-to-month,No,Credit card (automatic),86.58,331.14,Yes
8384-CSSNU,Male,0,No,No,62,Yes,No,Fiber optic,No,No,Yes,Yes,No,No,Month-to-month,Yes,Bank transfer (automatic),79.59,4969.12,Yes
5368-WMXGY,Male,0,No,Yes,7,Yes,Yes,No,No internet service,No internet service,No internet service,No internet service,No internet service,No internet service,One year,Yes,Bank transfer (automatic),22.7,138.01,No
6606-QUPHH,Male,0,Yes,No,15,Yes,No,Fiber optic,No,No,No,No,No,Yes,Month-to-month,Yes,Mailed check,74.99,1110.47,Yes
7679-PNQAV,Male,0,Yes,Yes,55,Yes,No,Fiber optic,No,Yes,No,No,Yes,No,One year,Yes,Mailed check,80.71,4408.25,No
3623-RWUDG,Male,0,Yes,Yes,23,Yes,Yes,DSL,No,Yes,Yes,No,No,No,Two year,No,Mailed check,61.64,1403.0,No
2741-QAGLI,Female,0,No,No,9,No,No phone service,Fiber optic,No,No,Yes,No,Yes,Yes,Month-to-month,Yes,Mailed check,82.41,720.45,Yes
8180-KEIFE,Female,0,Yes,No,47,Yes,No,No,No internet service,No internet service,No internet service,No internet service,No internet service,No internet service,Month-to-month,No,Electronic check,18.25,830.7,No
9325-YVLRW,Female,0,No,No,17,Yes,No,Fiber optic,No,No,Yes,No,No,Yes,Two year,No,Electronic check,78.77,1335.31,Yes
3136-KQJFZ,Female,0,Yes,No,15,Yes,No,DSL,No,Yes,No,No,No,Yes,Month-to-month,Yes,Credit card (automatic),54.54,797.46,Yes
1234-ZUESB,Female,1,Yes,Yes,7,Yes,No,Fiber optic,No,No,Yes,Yes,No,No,Month-to-month,No,Credit card (automatic),78.06,512.8,Yes
7363-SPGJT,Male,0,Yes,Yes,16,Yes,No,Fiber optic,Yes,No,No,No,No,No,Two year,Yes,Electronic check,68.92,1121.09,No
7279-NLLGK,Female,0,No,No,19,No,No phone service,DSL,Yes,No,No,Yes,No,No,Month-to-month,Yes,Bank transfer (automatic),64.16,1251.02,Yes
9063-SUVBP,Female,0,Yes,No,36,Yes,Yes,Fiber optic,Yes,No,Yes,Yes,Yes,No,One year,Yes,Credit card (automatic),105.74,3815.91,No
9019-KLKVH,Male,0,Yes,No,12,Yes,No,DSL,No,Yes,No,No,No,No,Month-to-month,Yes,Electronic check,47.84,614.96,Yes
5474-LIRBK,Female,1,No,No,63,Yes,Yes,No,No internet service,No internet service,No internet service,No internet service,No internet service,No internet service,Two year,Yes,Credit card (automatic),23.89,1496.97,No
2694-IWUOV,Male,0,No,No,56,Yes,No,Fiber optic,Yes,Yes,Yes,No,Yes,Yes,One year,No,Electronic check,95.73,5358.11,No
4359-LWXRH,Female,0,Yes,No,56,Yes,No,Fiber optic,No,Yes,Yes,Yes,No,Yes,Month-to-month,No,Mailed check,99.4,5573.53,No
4126-BXPOP,Female,1,No,Yes,29,Yes,No,No,No internet service,No internet service,No internet service,No internet service,No internet service,No internet service,Month-to-month,Yes,Electronic check,20.22,604.83,No
5051-DOMSH,Female,0,Yes,Yes,45,Yes,No,Fiber optic,Yes,No,No,Yes,Yes,Yes,Month-to-month,Yes,Electronic check,98.65,4477.94,Yes
8531-QRQYQ,Female,0,No,Yes,42,Yes,No,Fiber optic,No,Yes,Yes,No,No,Yes,Two year,No,Electronic check,87.53,3715.54,No
5927-DMGGN,Male,0,Yes,No,52,Yes,Yes,DSL,Yes,No,Yes,No,No,Yes,Month-to-month,Yes,Electronic check,75.34,3937.93,Yes
9197-IUNGF,Female,0,No,No,55,Yes,No,No,No internet service,No internet service,No internet service,No internet service,No internet service,No internet service,One year,Yes,Mailed check,18.25,1089.11,No
6749-KVUOQ,Female,0,No,Yes,43,Yes,Yes,Fiber optic,No,Yes,Yes,No,Yes,Yes,Month-to-month,No,Credit card (automatic),89.77,3874.63,No
4442-UGUFC,Male,0,No,Yes,44,Yes,Yes,Fiber optic,No,No,Yes,No,Yes,Yes,Month-to-month,No,Electronic check,85.38,3759.59,Yes
5739-GAQAQ,Female,1,No,Yes,41,Yes,Yes,Fiber optic,No,No,No,No,No,Yes,Month-to-month,Yes,Bank transfer (automatic),65.4,2650.84,Yes
9518-LXZKS,Male,0,Yes,No,44,Yes,No,Fiber optic,Yes,No,Yes,No,Yes,No,Month-to-month,Yes,Electronic check,83.11,3655.0,No
6415-CXTJI,Male,0,No,No,27,Yes,No,Fiber optic,No,Yes,Yes,No,No,Yes,Month-to-month,Yes,Electronic check,86.59,2339.71,Yes
9767-EWFVW,Male,0,Yes,No,15,Yes,No,Fiber optic,No,No,No,No,No,Yes,Month-to-month,No,Bank transfer (automatic),73.82,1139.91,Yes
7090-OZKON,Female,0,Yes,No,9,Yes,Yes,Fiber optic,No,No,Yes,No,Yes,No,One year,No,Electronic check,79.97,712.62,No
4500-YSNKD,Male,1,No,Yes,7,Yes,Yes,Fiber optic,Yes,No,No,Yes,Yes,Yes,One year,No,Mailed check,95.05,650.84,Yes
1129-KGDFH,Male,0,No,No,10,Yes,Yes,Fiber optic,No,No,Yes,No,Yes,No,Month-to-month,Yes,Credit card (automatic),85.08,849.03,Yes
8984-XOKGX,Male,0,No,No,53,Yes,Yes,Fiber optic,No,No,No,No,Yes,Yes,Month-to-month,Yes,Mailed check,74.62,3956.82,Yes
5759-NXDQB,Male,1,No,Yes,70,Yes,No,No,No internet service,No internet service,No internet service,No internet service,No internet service,No internet service,Month-to-month,Yes,Mailed check,21.36,1512.7,No
4487-JXNLN,Male,1,No,No,42,Yes,Yes,Fiber optic,No,Yes,No,No,Yes,Yes,Month-to-month,Yes,Bank transfer (automatic),87.15,3698.0,Yes
9266-OZRDV,Female,1,No,No,31,Yes,Yes,No,No internet service,No internet service,No internet service,No internet service,No internet service,No internet service,Month-to-month,Yes,Electronic check,18.83,554.5,No
3231-OJTWF,Male,0,No,Yes,4,Yes,No,Fiber optic,Yes,Yes,No,No,Yes,Yes,One year,No,Credit card (automatic),92.9,407.64,Yes
6164-WECHJ,Female,0,No,No,23,Yes,No,DSL,No,No,Yes,No,No,Yes,One year,Yes,Electronic check,62.15,1411.07,No
9976-SUTSL,Female,0,Yes,No,14,No,No phone service,Fiber optic,No,Yes,No,Yes,Yes,No,Month-to-month,Yes,Electronic check,88.99,1278.38,Yes
1391-IYYGL,Male,0,No,No,14,Yes,Yes,Fiber optic,No,No,No,No,No,Yes,Month-to-month,No,Electronic check,70.76,1004.06,Yes
9272-CHNUJ,Male,1,No,No,28,Yes,No,DSL,No,No,Yes,No,Yes,No,Two year,Yes,Bank transfer (automatic),61.4,1707.98,No
4822-ZGYSW,Female,0,No,Yes,42,Yes,Yes,Fiber optic,Yes,Yes,Yes,No,No,No,One year,No,Bank transfer (automatic),83.56,3501.15,No
5810-OIKTQ,Male,0,Yes,No,26,Yes,No,Fiber optic,Yes,No,No,Yes,Yes,No,Month-to-month,Yes,Electronic check,90.96,2342.39,No
1690-CYZVK,Male,1,Yes,Yes,72,Yes,No,Fiber optic,Yes,Yes,Yes,No,No,No,Month-to-month,No,Mailed check,87.08,6219.31,Yes
1543-LLABE,Female,1,Yes,Yes,30,Yes,Yes,DSL,No,No,No,Yes,No,Yes,Two year,Yes,Electronic check,56.92,1696.17,No
3797-YMQZH,Female,0,Yes,Yes,3,Yes,Yes,Fiber optic,No,No,Yes,Yes,Yes,No,One year,Yes,Mailed check,91.02,278.31,Yes
6879-TNVOZ,Female,1,No,No,72,Yes,Yes,Fiber optic,No,No,No,No,Yes,Yes,Month-to-month,Yes,Mailed check,86.28,6195.11,No
5927-ZKRBG,Male,0,Yes,No,25,Yes,Yes,Fiber optic,No,No,No,Yes,No,No,Two year,Yes,Bank transfer (automatic),75.35,1861.64,No
8577-ZNLMQ,Female,0,Yes,No,69,Yes,Yes,Fiber optic,No,Yes,No,No,Yes,Yes,Month-to-month,Yes,Mailed check,91.99,6322.49,No
7281-URIHI,Female,0,No,No,7,Yes,Yes,DSL,No,Yes,Yes,No,Yes,No,Month-to-month,No,Credit card (automatic),78.76,507.45,Yes
9309-JYPRB,Male,1,Yes,No,12,Yes,Yes,DSL,No,No,No,No,No,Yes,Two year,Yes,Electronic check,53.91,636.23,No
4251-IWGWX,Female,1,Yes,No,10,Yes,Yes,Fiber optic,Yes,No,Yes,No,Yes,No,Month-to-month,No,Bank transfer (automatic),93.12,965.44,Yes
1784-NBZUF,Male,0,No,No,52,Yes,Yes,DSL,Yes,Yes,No,Yes,No,Yes,Month-to-month,Yes,Bank transfer (automatic),75.62,3944.15,No
7111-DNCAN,Male,0,No,Yes,62,Yes,Yes,DSL,Yes,No,No,No,Yes,Yes,Two year,No,Bank transfer (automatic),72.0,4483.61,No
7141-QLRDI,Female,0,No,Yes,38,Yes,Yes,No,No internet service,No internet service,No internet service,No internet service,No internet service,No internet service,Two year,No,Credit card (automatic),18.25,706.89,No
1066-IKWOI,Male,0,No,No,32,Yes,No,DSL,No,No,No,No,Yes,No,Month-to-month,Yes,Bank transfer (automatic),51.42,1667.31,Yes
2237-QDDYH,Male,1,No,No,4,Yes,Yes,Fiber optic,No,Yes,Yes,Yes,Yes,No,Two year,No,Electronic check,97.38,411.72,No
7074-APOKD,Female,0,Yes,Yes,14,Yes,Yes,Fiber optic,No,Yes,No,No,Yes,Yes,Month-to-month,Yes,Electronic check,89.27,1229.62,Yes
9870-KMUUY,Female,0,No,No,15,Yes,No,DSL,Yes,Yes,No,Yes,Yes,Yes,One year,Yes,Electronic check,76.88,1188.33,Yes
1301-SFIXC,Female,0,No,No,5,Yes,Yes,DSL,No,Yes,Yes,No,No,No,One year,No,Electronic check,63.06,266.4,No
4731-TYOQJ,Female,0,No,No,24,Yes,Yes,DSL,No,No,No,No,No,Yes,Month-to-month,No,Credit card (automatic),49.31,1154.01,No
3253-AONIJ,Female,0,Yes,Yes,39,Yes,No,DSL,No,Yes,No,No,No,No,Two year,Yes,Electronic check,50.11,1968.34,No
6199-ECKPB,Male,1,Yes,Yes,48,Yes,Yes,Fiber optic,Yes,No,No,Yes,Yes,Yes,Month-to-month,Yes,Electronic check,98.53,4722.53,Yes
2096-DTGYG,Male,0,Yes,No,41,Yes,No,Fiber optic,No,No,No,No,No,Yes,Month-to-month,No,Electronic check,65.48,2674.74,No
5503-BLMWV,Male,0,No,No,20,Yes,No,Fiber optic,Yes,No,Yes,No,Yes,No,Month-to-month,Yes,Mailed check,87.19,1721.28,Yes
5194-BEAZH,Male,0,No,No,16,Yes,No,Fiber optic,No,No,Yes,Yes,Yes,Yes,One year,No,Credit card (automatic),94.28,1528.85,No
8007-UUHKN,Female,1,Yes,Yes,21,Yes,No,DSL,Yes,Yes,No,No,Yes,No,Month-to-month,Yes,Electronic check,72.18,1553.85,Yes
2112-BQFHL,Male,0,No,Yes,23,Yes,Yes,No,No internet service,No internet service,No internet service,No internet service,No internet service,No internet service,One year,Yes,Credit card (automatic),23.26,510.33,No
7391-NYOMO,Male,0,No,No,9,Yes,Yes,DSL,No,No,Yes,Yes,Yes,Yes,One year,Yes,Credit card (automatic),76.99,667.15,Yes
9153-LHZKY,Male,0,No,Yes,17,Yes,Yes,DSL,No,No,No,No,No,Yes,Month-to-month,Yes,Mailed check,52.25,966.95,Yes
5480-YSOGK,Male,1,Yes,No,15,Yes,Yes,Fiber optic,Yes,Yes,Yes,No,No,Yes,Month-to-month,Yes,Bank transfer (automatic),96.46,1467.1,No
8387-ZSTST,Female,0,No,No,72,Yes,No,No,No internet service,No internet service,No internet service,No internet service,No internet service,No internet service,Month-to-month,No,Electronic check,20.76,1479.81,No
5299-XAXZA,Male,0,No,No,51,Yes,No,Fiber optic,No,No,Yes,No,No,Yes,Month-to-month,Yes,Bank transfer (automatic),80.86,4147.51,Yes
7278-XZSUO,Male,0,No,Yes,39,Yes,Yes,DSL,No,No,No,Yes,Yes,No,Month-to-month,No,Credit card (automatic),64.53,2552.53,No
4133-NNLWE,Male,0,No,No,11,Yes,No,DSL,No,Yes,No,No,Yes,Yes,Month-to-month,Yes,Electronic check,66.18,746.33,Yes
5326-NUBHJ,Male,1,No,No,44,Yes,Yes,Fiber optic,No,No,Yes,No,No,No,Two year,Yes,Bank transfer (automatic),71.11,3148.63,No
4254-KFWRR,Female,1,Yes,No,13,Yes,No,No,No internet service,No internet service,No internet service,No internet service,No internet service,No internet service,Two year,No,Electronic check,19.36,243.65,No
2884-NEGAF,Male,0,No,No,45,Yes,Yes,DSL,No,No,Yes,Yes,No,No,One year,Yes,Electronic check,66.27,3004.84,No
4279-EYCBT,Male,0,Yes,No,21,Yes,No,DSL,Yes,Yes,No,No,No,Yes,Month-to-month,No,Electronic check,65.2,1395.24,Yes
1224-LIIRQ,Male,1,No,Yes,58,Yes,No,DSL,No,Yes,Yes,No,No,No,Month-to-month,Yes,Electronic check,62.99,3645.88,No
9649-WKLMP,Female,1,No,No,6,Yes,No,DSL,Yes,No,Yes,No,Yes,No,Month-to-month,Yes,Credit card (automatic),68.74,391.97,Yes
8823-ELFSH,Female,0,No,No,43,Yes,No,DSL,Yes,No,No,No,No,Yes,Two year,No,Electronic check,60.01,2577.97,No
8807-DSWKR,Female,0,No,No,61,Yes,No,Fiber optic,No,Yes,Yes,Yes,No,No,Month-to-month,Yes,Electronic check,88.85,5407.28,No
5598-GQXCA,Female,0,Yes,No,22,Yes,No,DSL,Yes,No,No,No,Yes,No,One year,Yes,Bank transfer (automatic),57.05,1265.39,No
2230-OVZFD,Female,1,Yes,No,20,Yes,No,Fiber optic,No,No,Yes,No,Yes,Yes,Month-to-month,Yes,Electronic check,86.1,1665.25,Yes
7508-JYAKU,Male,0,No,Yes,26,Yes,Yes,Fiber optic,No,No,No,Yes,No,Yes,Month-to-month,Yes,Credit card (automatic),81.43,2123.78,Yes
1640-IDKJD,Male,0,Yes,Yes,38,No,No phone service,Fiber optic,Yes,Yes,No,Yes,No,No,One year,No,Electronic check,78.33,2989.17,No
4697-HMDRI,Female,0,Yes,No,16,Yes,No,No,No internet service,No internet service,No internet service,No internet service,No internet service,No internet service,Month-to-month,Yes,Credit card (automatic),26.16,385.42,Yes
1307-WMTLN,Male,0,No,No,14,Yes,Yes,DSL,Yes,Yes,No,No,No,Yes,One year,No,Mailed check,67.49,982.57,No
5633-IXOJP,Female,0,Yes,Yes,72,Yes,Yes,DSL,No,Yes,No,No,Yes,Yes,Two year,No,Electronic check,64.43,4628.91,No
4593-ZPARL,Male,0,Yes,No,20,Yes,Yes,Fiber optic,No,Yes,Yes,No,No,Yes,Month-to-month,No,Credit card (automatic),88.67,1771.56,No
4367-YLTNI,Female,0,Yes,No,25,Yes,Yes,Fiber optic,No,Yes,Yes,No,No,No,Two year,No,Credit card (automatic),83.16,2146.06,No
6765-LWJMS,Female,0,No,No,18,Yes,No,Fiber optic,No,Yes,No,No,No,No,Month-to-month,No,Mailed check,74.56,1352.56,Yes
8061-QRBYE,Male,0,Yes,Yes,41,Yes,No,Fiber optic,No,Yes,No,No,No,No,Month-to-month,Yes,Electronic check,71.43,2905.4,Yes
3702-NKTPM,Female,1,No,Yes,15,Yes,Yes,DSL,No,Yes,No,Yes,No,No,Two year,No,Mailed check,65.11,1003.55,No
3968-JRJXP,Female,0,No,No,23,Yes,No,Fiber optic,No,Yes,No,No,Yes,Yes,One year,Yes,Credit card (automatic),85.99,2028.89,Yes
9537-QYTIM,Female,0,Yes,No,53,Yes,Yes,No,No internet service,No internet service,No internet service,No internet service,No internet service,No internet service,One year,No,Mailed check,18.78,1024.28,No
6875-LWPLK,Male,0,Yes,Yes,48,Yes,No,Fiber optic,No,No,Yes,No,No,No,Month-to-month,No,Mailed check,64.99,3144.65,No
4838-REQXT,Male,0,Yes,No,19,Yes,No,Fiber optic,Yes,Yes,Yes,No,No,Yes,Month-to-month,No,Mailed check,87.76,1669.67,Yes
3260-DBPXJ,Female,0,No,No,26,Yes,Yes,No,No internet service,No internet service,No internet service,No internet service,No internet service,No internet service,One year,No,Mailed check,23.35,625.83,No
3667-XTTZW,Male,0,Yes,No,12,Yes,Yes,Fiber optic,Yes,No,Yes,Yes,No,No,Month-to-month,No,Credit card (automatic),94.74,1170.06,No
7099-ZVLTF,Male,1,Yes,No,26,Yes,No,DSL,Yes,No,Yes,No,No,Yes,Month-to-month,No,Electronic check,74.92,1945.47,Yes
3687-VFJKW,Female,1,Yes,No,72,Yes,No,Fiber optic,Yes,No,Yes,No,Yes,No,Month-to-month,No,Electronic check,89.61,6475.96,Yes
5161-JLTJJ,Female,0,Yes,No,46,Yes,Yes,Fiber optic,Yes,Yes,Yes,No,No,Yes,Month-to-month,No,Bank transfer (automatic),86.57,4025.87,Yes
6105-PVDSE,Male,0,No,No,11,Yes,No,No,No internet service,No internet service,No internet service,No internet service,No internet service,No internet service,Month-to-month,Yes,Bank transfer (automatic),22.92,231.78,No
7154-LQFVK,Male,0,Yes,Yes,5,Yes,Yes,No,No internet service,No internet service,No internet service,No internet service,No internet service,No internet service,Two year,No,Electronic check,22.35,119.99,No
7494-JHXBH,Male,0,No,No,12,Yes,No,Fiber optic,Yes,No,Yes,Yes,Yes,No,One year,No,Mailed check,92.17,1124.7,No
3555-WAUVW,Male,1,Yes,No,8,Yes,No,Fiber optic,No,Yes,Yes,Yes,No,No,Month-to-month,No,Electronic check,96.12,791.87,Yes
8871-GTWWU,Female,0,No,No,23,Yes,Yes,DSL,No,Yes,No,Yes,No,Yes,One year,Yes,Electronic check,66.35,1552.57,Yes
7604-ZUBTW,Male,0,No,No,57,Yes,No,Fiber optic,No,Yes,No,Yes,No,Yes,Two year,Yes,Credit card (automatic),92.48,5276.55,No
9221-VGXMN,Male,0,Yes,No,23,Yes,No,DSL,No,Yes,No,No,No,Yes,Two year,Yes,Electronic check,58.43,1356.88,No
9282-EIPPZ,Female,0,No,Yes,15,Yes,Yes,No,No internet service,No internet service,No internet service,No internet service,No internet service,No internet service,Month-to-month,No,Bank transfer (automatic),20.49,303.99,No
2442-OMSWL,Male,1,No,No,20,Yes,No,DSL,No,Yes,Yes,Yes,Yes,Yes,One year,Yes,Electronic check,80.28,1599.66,No
8303-RAGBH,Male,0,No,Yes,38,No,No phone service,Fiber optic,No,No,No,No,Yes,Yes,Month-to-month,Yes,Electronic check,82.48,3140.89,Yes
1326-WTDWW,Female,0,No,Yes,29,Yes,Yes,Fiber optic,No,No,No,Yes,No,No,Two year,Yes,Credit card (automatic),77.41,2237.19,No
9827-FJDQT,Female,0,No,No,12,Yes,No,Fiber optic,Yes,No,No,No,Yes,Yes,Month-to-month,No,Electronic check,81.5,999.0,Yes
2949-DXKEN,Female,1,Yes,No,46,Yes,No,Fiber optic,No,No,No,No,Yes,Yes,Month-to-month,No,Credit card (automatic),78.44,3574.51,No
2072-TURPW,Female,0,No,No,10,Yes,Yes,DSL,No,Yes,Yes,No,No,Yes,One year,No,Electronic check,68.88,666.19,No
2289-DOASQ,Male,0,Yes,No,28,Yes,No,Fiber optic,No,No,Yes,Yes,Yes,Yes,One year,Yes,Electronic check,91.4,2559.92,Yes
1173-HAFET,Female,0,No,No,17,No,No phone service,Fiber optic,Yes,Yes,No,Yes,Yes,No,One year,Yes,Credit card (automatic),96.03,1683.46,No
1660-EKEMW,Female,0,No,No,22,Yes,No,Fiber optic,No,No,No,No,No,No,Two year,No,Mailed check,68.79,1446.13,No
8004-SQCNZ,Female,0,No,No,10,Yes,Yes,DSL,No,No,Yes,No,Yes,No,Month-to-month,No,Bank transfer (automatic),54.23,529.0,Yes
6250-NOERH,Female,0,No,Yes,27,Yes,No,Fiber optic,No,Yes,No,No,Yes,No,Two year,No,Credit card (automatic),73.57,1945.58,No
7535-KKQPQ,Female,0,Yes,No,9,Yes,No,Fiber optic,Yes,No,Yes,No,No,No,Month-to-month,No,Mailed check,78.28,749.17,Yes
8502-LLASQ,Female,0,No,No,16,Yes,No,DSL,No,No,No,Yes,No,Yes,Month-to-month,Yes,Electronic check,64.21,1017.1,Yes
9596-FPSFV,Male,0,Yes,Yes,21,Yes,Yes,Fiber optic,No,No,No,Yes,Yes,Yes,Two year,Yes,Credit card (automatic),85.12,1759.48,No
5770-QMBMF,Female,0,No,Yes,12,Yes,No,No,No internet service,No internet service,No internet service,No internet service,No internet service,No internet service,One year,No,Bank transfer (automatic),18.25,240.95,No
1600-TGULL,Male,0,No,Yes,64,Yes,Yes,DSL,Yes,No,No,No,Yes,Yes,Month-to-month,Yes,Bank transfer (automatic),60.77,3914.34,No
1889-XEESF,Female,0,Yes,No,16,Yes,No,DSL,Yes,No,No,Yes,No,No,Month-to-month,No,Electronic check,60.47,960.31,Yes
8971-UDPXT,Female,0,No,No,20,No,No phone service,DSL,No,Yes,No,No,Yes,Yes,Month-to-month,No,Credit card (automatic),63.27,1293.57,Yes
8825-ZFXSG,Female,0,Yes,No,26,Yes,No,Fiber optic,No,Yes,Yes,Yes,No,Yes,Month-to-month,Yes,Mailed check,90.02,2369.26,Yes
8774-QQDLA,Female,0,No,Yes,7,Yes,No,Fiber optic,Yes,Yes,No,No,Yes,Yes,Two year,No,Bank transfer (automatic),100.15,730.11,No
6761-JESQL,Male,0,No,No,4,Yes,No,Fiber optic,No,No,Yes,No,No,No,One year,No,Mailed check,74.17,263.85,No
9459-TWRYX,Female,0,No,No,21,Yes,Yes,Fiber optic,No,No,No,No,Yes,Yes,One year,Yes,Electronic check,75.66,1575.99,Yes
9494-OOKCH,Female,0,No,No,5,Yes,No,No,No internet service,No internet service,No internet service,No internet service,No internet service,No internet service,Two year,Yes,Mailed check,22.38,108.92,No
7969-NDXPN,Male,0,Yes,No,33,Yes,Yes,DSL,No,No,Yes,No,Yes,Yes,One year,No,Credit card (automatic),70.7,2313.39,Yes
1085-MDZUI,Male,1,Yes,No,34,Yes,No,No,No internet service,No internet service,No internet service,No internet service,No internet service,No internet service,One year,Yes,Credit card (automatic),18.25,626.22,No
5643-HMUOV,Male,0,Yes,No,33,Yes,No,No,No internet service,No internet service,No internet service,No internet service,No internet service,No internet service,Month-to-month,Yes,Credit card (automatic),20.95,656.5,No
4775-OLABB,Female,1,Yes,No,44,Yes,No,DSL,Yes,No,No,Yes,No,Yes,One year,Yes,Mailed check,69.6,3086.83,No
7296-PSDLQ,Male,0,Yes,No,21,No,No phone service,DSL,No,No,Yes,No,No,Yes,One year,No,Electronic check,55.5,1198.26,No
2057-JZOUR,Female,0,No,No,65,Yes,Yes,No,No internet service,No internet service,No internet service,No internet service,No internet service,No internet service,Month-to-month,Yes,Electronic check,19.66,1237.22,No
8675-ECTNN,Male,0,No,No,30,Yes,No,Fiber optic,No,No,No,No,Yes,No,Month-to-month,No,Credit card (automatic),73.24,2270.45,Yes
5946-DXHGO,Female,0,Yes,Yes,61,No,No phone service,Fiber optic,Yes,Yes,No,No,No,Yes,Month-to-month,Yes,Bank transfer (automatic),79.13,4838.73,Yes
6120-JICBD,Male,0,No,No,42,Yes,Yes,DSL,Yes,No,No,No,Yes,No,Month-to-month,No,Mailed check,65.0,2749.47,Yes
2508-ZCETD,Female,0,No,No,21,No,No phone service,Fiber optic,Yes,Yes,Yes,No,Yes,No,Two year,No,Bank transfer (automatic),89.46,1909.44,No
9031-WWQID,Male,1,Yes,No,30,No,No phone service,Fiber optic,Yes,No,No,Yes,No,No,Month-to-month,Yes,Electronic check,72.34,2177.98,Yes
2102-YKMAS,Female,0,No,No,37,Yes,Yes,Fiber optic,No,No,Yes,Yes,No,Yes,One year,No,Bank transfer (automatic),91.51,3373.93,No
2383-ITVXB,Female,1,Yes,No,4,Yes,No,DSL,Yes,No,Yes,No,Yes,Yes,One year,Yes,Bank transfer (automatic),74.79,292.65,Yes
8095-TPEFD,Female,0,No,No,7,Yes,Yes,DSL,No,No,No,No,Yes,No,Month-to-month,No,Electronic check,54.69,409.87,Yes
5522-WCPGJ,Female,0,No,No,72,Yes,Yes,No,No internet service,No internet service,No internet service,No internet service,No internet service,No internet service,Month-to-month,Yes,Mailed check,18.59,1346.93,No
5744-ZQWGT,Male,0,Yes,No,37,Yes,No,Fiber optic,No,No,Yes,Yes,No,Yes,Month-to-month,Yes,Electronic check,92.48,3377.02,Yes
4222-OWFTR,Male,0,Yes,Yes,52,Yes,Yes,Fiber optic,Yes,No,No,Yes,Yes,Yes,Month-to-month,Yes,Credit card (automatic),98.01,5122.26,No
5578-BTGTD,Male,1,No,Yes,20,Yes,Yes,DSL,No,No,No,No,Yes,No,Month-to-month,No,Mailed check,54.44,1065.72,Yes
5376-LGUBB,Male,1,Yes,No,62,Yes,Yes,DSL,Yes,Yes,No,Yes,No,No,Month-to-month,Yes,Mailed check,71.96,4448.28,No
9254-TUKBG,Female,1,No,No,21,Yes,No,No,No internet service,No internet service,No internet service,No internet service,No internet service,No internet service,Month-to-month,Yes,Mailed check,19.73,423.8,Yes
3227-XVORW,Female,1,No,No,37,Yes,Yes,Fiber optic,No,Yes,No,Yes,No,No,Month-to-month,Yes,Credit card (automatic),84.86,3192.78,Yes
1991-QVLZU,Female,0,Yes,No,68,Yes,Yes,Fiber optic,Yes,Yes,No,Yes,No,Yes,Month-to-month,Yes,Mailed check,94.98,6527.26,No
8166-CGDIW,Female,0,No,No,40,Yes,No,DSL,No,No,No,No,Yes,No,Month-to-month,Yes,Mailed check,51.47,2042.15,No
2770-DRGDT,Female,1,No,No,10,Yes,No,Fiber optic,No,Yes,Yes,No,Yes,No,Two year,Yes,Mailed check,81.96,839.61,Yes
9956-CDSHM,Female,0,Yes,No,23,Yes,Yes,Fiber optic,No,No,Yes,No,Yes,Yes,Two year,Yes,Electronic check,91.94,2132.95,No
3839-RACJF,Male,0,No,No,31,Yes,No,DSL,Yes,Yes,No,No,Yes,Yes,One year,No,Mailed check,74.09,2270.63,No
4777-BYQYF,Male,0,No,No,39,Yes,No,DSL,No,No,No,No,No,Yes,Month-to-month,Yes,Electronic check,49.25,1950.37,Yes
6461-EGXDS,Female,0,No,Yes,57,Yes,No,DSL,No,No,No,No,No,Yes,Month-to-month,Yes,Mailed check,55.28,3111.75,No
6171-GKKDS,Female,0,Yes,No,39,Yes,Yes,No,No internet service,No internet service,No internet service,No internet service,No internet service,No internet service,Two year,Yes,Bank transfer (automatic),18.56,779.74,No
3561-JWYKZ,Male,0,Yes,Yes,24,Yes,Yes,No,No internet service,No internet service,No internet service,No internet service,No internet service,No internet service,Two year,No,Bank transfer (automatic),24.8,556.81,No
7211-NJMUT,Female,0,No,Yes,20,Yes,Yes,DSL,No,Yes,No,Yes,Yes,Yes,One year,No,Electronic check,82.88,1653.67,Yes
9470-APPCJ,Female,0,No,No,21,Yes,No,No,No internet service,No internet service,No internet service,No internet service,No internet service,No internet service,Month-to-month,Yes,Electronic check,18.25,407.91,No
7550-SQYNF,Male,0,Yes,No,17,Yes,Yes,Fiber optic,No,Yes,Yes,No,Yes,No,Month-to-month,Yes,Mailed check,87.26,1512.29,Yes
9968-SDTXO,Male,0,No,No,16,No,No phone service,No,No internet service,No internet service,No internet service,No internet service,No internet service,No internet service,Two year,Yes,Electronic check,19.4,304.42,No
5131-HJSPO,Female,0,No,No,51,Yes,Yes,Fiber optic,No,No,No,No,Yes,Yes,Two year,No,Electronic check,79.55,4078.52,No
1449-IRSEN,Female,0,Yes,No,28,Yes,No,DSL,No,Yes,No,No,Yes,No,One year,Yes,Credit card (automatic),57.62,1618.93,No
8001-KURPT,Male,0,No,No,17,Yes,Yes,No,No internet service,No internet service,No internet service,No internet service,No internet service,No internet service,Month-to-month,No,Bank transfer (automatic),18.25,353.28,No
1005-CETVC,Female,0,No,No,25,Yes,Yes,No,No internet service,No internet service,No internet service,No internet service,No internet service,No internet service,Month-to-month,No,Electronic check,23.98,594.47,Yes
4275-LDHRJ,Male,0,No,No,18,No,No phone service,Fiber optic,No,Yes,No,No,Yes,Yes,Month-to-month,No,Mailed check,84.5,1524.5,Yes
1276-GXKOP,Female,0,No,No,4,No,No phone service,Fiber optic,No,No,No,No,No,No,Month-to-month,Yes,Electronic check,63.32,268.54,Yes
1464-XSEEO,Male,0,No,Yes,39,Yes,No,Fiber optic,No,No,No,Yes,No,No,Month-to-month,No,Bank transfer (automatic),76.58,2970.42,Yes
9172-SVXQK,Female,0,No,No,54,Yes,Yes,DSL,No,No,Yes,No,Yes,No,Two year,Yes,Credit card (automatic),65.95,3578.15,No
8877-QSLLZ,Male,0,No,No,47,Yes,Yes,No,No internet service,No internet service,No internet service,No internet service,No internet service,No internet service,Month-to-month,Yes,Credit card (automatic),21.54,1008.31,No
4409-CMXSM,Male,0,Yes,No,45,Yes,Yes,No,No internet service,No internet service,No internet service,No internet service,No internet service,No internet service,Month-to-month,Yes,Electronic check,18.25,787.66,No
2590-QULYO,Female,0,Yes,No,9,Yes,No,DSL,No,Yes,No,No,No,No,Month-to-month,Yes,Bank transfer (automatic),49.8,443.16,Yes
1102-PCHNF,Male,0,No,No,62,Yes,Yes,DSL,No,Yes,Yes,No,No,No,Two year,No,Electronic check,55.91,3473.17,No
5573-UKJKG,Male,0,No,No,15,No,No phone service,DSL,No,No,Yes,No,Yes,Yes,Month-to-month,Yes,Credit card (automatic),64.97,970.82,Yes
6916-BCXCF,Male,0,Yes,No,8,Yes,No,No,No internet service,No internet service,No internet service,No internet service,No internet service,No internet service,Month-to-month,No,Electronic check,19.05,123.91,No
2839-WXAGG,Female,0,Yes,No,2,Yes,Yes,Fiber optic,No,No,No,No,No,Yes,Two year,No,Electronic check,75.87,183.63,No
5514-IWPBW,Female,0,Yes,Yes,30,Yes,Yes,Fiber optic,Yes,Yes,No,Yes,Yes,No,Two year,No,Electronic check,94.62,2807.63,No
2741-CGSKJ,Female,0,No,No,63,Yes,No,No,No internet service,No internet service,No internet service,No internet service,No internet service,No internet service,One year,Yes,Electronic check,20.8,1302.2,No
6660-HBJBC,Male,0,No,No,57,Yes,No,No,No internet service,No internet service,No internet service,No internet service,No internet service,No internet service,One year,No,Electronic check,24.68,1376.79,No
4333-LGJXT,Male,0,No,Yes,26,Yes,No,No,No internet service,No internet service,No internet service,No internet service,No internet service,No internet service,One year,No,Bank transfer (automatic),19.66,474.62,No
8911-MSNAT,Male,0,Yes,No,50,Yes,Yes,Fiber optic,No,Yes,No,Yes,Yes,No,Month-to-month,Yes,Bank transfer (automatic),90.07,4513.53,No
7449-WCWST,Female,0,No,No,72,Yes,Yes,No,No internet service,No internet service,No internet service,No internet service,No internet service,No internet service,Month-to-month,Yes,Electronic check,20.98,1513.32,No
3777-FAJUV,Female,0,Yes,No,19,Yes,No,DSL,No,Yes,Yes,Yes,Yes,No,Month-to-month,No,Mailed check,70.15,1288.63,No
2608-FGUBO,Female,0,Yes,No,36,Yes,No,DSL,No,Yes,No,No,No,No,Month-to-month,Yes,Mailed check,48.21,1702.35,Yes
6365-ZHXAZ,Female,0,Yes,Yes,64,No,No phone service,Fiber optic,No,Yes,No,No,Yes,No,One year,No,Mailed check,82.9,5320.6,No
3859-UJLCD,Male,0,No,Yes,8,Yes,Yes,DSL,No,Yes,No,No,No,Yes,Month-to-month,No,Electronic check,57.52,453.01,Yes
6756-IQSCQ,Female,0,No,No,9,Yes,Yes,DSL,Yes,Yes,Yes,No,No,Yes,Month-to-month,Yes,Bank transfer (automatic),71.34,675.73,Yes
8281-CWJEP,Male,0,Yes,Yes,71,Yes,Yes,DSL,No,No,No,Yes,No,No,One year,Yes,Mailed check,49.31,3510.93,No
1436-JXCMH,Male,1,Yes,No,51,Yes,No,Fiber optic,Yes,Yes,No,No,No,Yes,Month-to-month,No,Electronic check,90.61,4596.45,Yes
2796-GKMAR,Male,0,No,No,14,Yes,Yes,Fiber optic,Yes,No,No,No,No,No,Two year,No,Credit card (automatic),71.29,1034.82,No
7539-RENLK,Male,0,Yes,No,10,Yes,Yes,No,No internet service,No internet service,No internet service,No internet service,No internet service,No internet service,Two year,Yes,Mailed check,22.93,228.3,No
1723-TELIB,Male,1,No,No,9,Yes,Yes,Fiber optic,No,No,No,No,No,Yes,Month-to-month,Yes,Mailed check,71.41,682.25,Yes
9271-RZQAX,Male,0,Yes,Yes,30,Yes,No,Fiber optic,No,Yes,No,Yes,No,No,Month-to-month,No,Bank transfer (automatic),73.75,2205.32,Yes
4757-PJVLT,Male,0,Yes,No,14,Yes,No,No,No internet service,No internet service,No internet service,No internet service,No internet service,No internet service,Month-to-month,Yes,Electronic check,25.57,351.34,Yes
7925-GARMJ,Female,0,Yes,No,15,Yes,No,No,No internet service,No internet service,No internet service,No internet service,No internet service,No internet service,Month-to-month,Yes,Mailed check,20.5,324.29,Yes
5337-BACJR,Male,0,No,No,9,Yes,No,DSL,Yes,Yes,Yes,Yes,Yes,Yes,One year,Yes,Mailed check,92.62,872.22,Yes
3492-VHZIE,Male,0,Yes,No,27,Yes,Yes,Fiber optic,Yes,Yes,Yes,No,No,No,One year,Yes,Electronic check,85.39,2299.5,Yes
3317-YCQSE,Female,0,Yes,Yes,8,Yes,No,No,No internet service,No internet service,No internet service,No internet service,No internet service,No internet service,Month-to-month,Yes,Bank transfer (automatic),18.25,169.1,No
2428-TUNKG,Female,0,No,No,40,Yes,Yes,No,No internet service,No internet service,No internet service,No internet service,No internet service,No internet service,Month-to-month,Yes,Electronic check,21.37,855.54,No
1696-ITBKR,Female,0,Yes,Yes,58,Yes,No,DSL,Yes,Yes,Yes,Yes,Yes,No,Month-to-month,No,Mailed check,80.98,4692.4,No
2682-FAWOX,Male,0,No,No,31,Yes,Yes,Fiber optic,Yes,Yes,No,No,No,No,One year,Yes,Mailed check,81.31,2519.77,Yes
2078-BUGWV,Female,0,Yes,Yes,51,Yes,No,Fiber optic,Yes,No,No,No,Yes,No,Month-to-month,Yes,Credit card (automatic),81.82,4161.72,Yes
7960-LYOKK,Male,0,No,No,23,Yes,No,DSL,Yes,Yes,No,No,Yes,Yes,One year,No,Credit card (automatic),84.67,1933.1,No
7596-RLZBJ,Male,0,Yes,Yes,13,Yes,Yes,Fiber optic,No,Yes,No,No,Yes,Yes,Month-to-month,No,Credit card (automatic),81.64,1125.54,Yes
5427-HHTPA,Female,0,No,No,19,Yes,No,DSL,No,Yes,No,Yes,Yes,No,One year,Yes,Mailed check,64.54,1220.95,No
4437-NIRQT,Female,0,No,Yes,5,Yes,Yes,DSL,Yes,Yes,No,Yes,No,No,Month-to-month,No,Electronic check,59.69,290.95,Yes
4004-RSMAN,Female,0,No,Yes,15,Yes,Yes,DSL,No,Yes,No,Yes,Yes,Yes,Two year,No,Credit card (automatic),79.49,1240.76,No
8918-SWRGG,Female,0,No,Yes,22,Yes,No,DSL,No,No,No,Yes,No,No,Month-to-month,Yes,Bank transfer (automatic),51.84,1149.23,No
3462-WKGNS,Female,0,Yes,Yes,26,Yes,No,DSL,Yes,Yes,Yes,No,No,No,One year,Yes,Mailed check,66.92,1743.48,No
5442-FSQLF,Male,0,Yes,No,52,Yes,Yes,No,No internet service,No internet service,No internet service,No internet service,No internet service,No internet service,One year,No,Credit card (automatic),20.25,1070.91,No
4884-UFCCY,Male,1,No,No,65,Yes,Yes,DSL,Yes,No,No,No,No,Yes,Two year,No,Electronic check,57.91,3768.5,No
8893-LWDVH,Male,0,No,Yes,30,Yes,No,DSL,Yes,Yes,No,No,Yes,Yes,One year,Yes,Credit card (automatic),74.36,2229.47,No
7238-PXSFS,Male,0,No,No,10,Yes,No,Fiber optic,No,No,Yes,Yes,Yes,No,Month-to-month,Yes,Electronic check,85.88,885.11,Yes
9109-DFFFU,Female,0,No,No,10,Yes,No,Fiber optic,No,No,Yes,No,Yes,No,Month-to-month,Yes,Electronic check,83.02,780.84,Yes
8968-IOQOA,Male,0,No,Yes,16,No,No phone service,Fiber optic,No,Yes,Yes,No,No,Yes,Month-to-month,Yes,Credit card (automatic),85.92,1367.88,Yes
6278-YGZGX,Female,0,No,No,13,Yes,No,No,No internet service,No internet service,No internet service,No internet service,No internet service,No internet service,Two year,Yes,Mailed check,21.98,280.59,No
8292-WHYPU,Female,0,No,No,30,Yes,No,Fiber optic,No,No,Yes,Yes,Yes,Yes,One year,No,Mailed check,87.26,2622.47,No
9539-OWJOX,Female,1,No,No,10,Yes,Yes,Fiber optic,Yes,No,No,No,Yes,Yes,Month-to-month,No,Bank transfer (automatic),88.17,903.83,No
9688-LNPXQ,Male,0,Yes,No,67,Yes,No,Fiber optic,Yes,Yes,Yes,Yes,No,No,Month-to-month,No,Credit card (automatic),103.39,6940.95,Yes
3315-ZQVBS,Male,1,No,No,47,Yes,Yes,Fiber optic,No,Yes,No,Yes,No,No,Month-to-month,Yes,Mailed check,83.4,3915.18,No
2420-IOQOQ,Female,1,No,No,54,Yes,Yes,Fiber optic,No,Yes,Yes,No,Yes,Yes,Month-to-month,Yes,Electronic check,91.33,4929.61,Yes
8115-XRQVV,Female,0,Yes,No,15,Yes,No,Fiber optic,No,Yes,No,No,No,No,One year,No,Mailed check,74.8,1121.03,Yes
3513-XOVQG,Female,1,No,No,10,Yes,No,DSL,Yes,Yes,Yes,No,Yes,Yes,Two year,Yes,Electronic check,76.63,702.8,Yes
4669-DFVGE,Female,0,No,No,14,Yes,No,Fiber optic,No,No,No,No,No,No,One year,No,Mailed check,62.16,872.97,No
5314-DLYXA,Female,0,Yes,No,27,Yes,No,Fiber optic,No,Yes,Yes,Yes,No,No,Month-to-month,No,Electronic check,83.55,2235.34,Yes
5416-YKFRM,Male,0,No,No,25,Yes,No,DSL,Yes,No,No,Yes,No,Yes,Month-to-month,Yes,Bank transfer (automatic),62.6,1560.29,No
6098-PSUFB,Female,0,Yes,No,62,Yes,No,Fiber optic,No,Yes,Yes,No,No,Yes,Two year,Yes,Bank transfer (automatic),91.17,5676.78,No
4639-IINQP,Male,0,Yes,Yes,70,Yes,Yes,No,No internet service,No internet service,No internet service,No internet service,No internet service,No internet service,Two year,No,Credit card (automatic),21.47,1509.6,No
1580-XFVJG,Female,1,No,Yes,28,Yes,Yes,DSL,No,Yes,No,No,Yes,Yes,Month-to-month,Yes,Bank transfer (automatic),74.35,2070.75,Yes
9496-MJDVN,Female,0,No,Yes,7,Yes,Yes,Fiber optic,No,Yes,No,No,Yes,No,Month-to-month,Yes,Credit card (automatic),78.31,546.14,Yes
1955-RCVQD,Female,0,No,Yes,20,No,No phone service,DSL,No,No,Yes,Yes,No,Yes,Month-to-month,Yes,Electronic check,59.44,1201.09,Yes
3486-OOTSH,Male,0,Yes,No,72,Yes,Yes,Fiber optic,No,Yes,No,No,Yes,Yes,Two year,No,Mailed check,94.24,6766.42,No
2758-ENJJF,Male,0,No,No,7,No,No phone service,DSL,No,No,No,No,Yes,Yes,One year,Yes,Electronic check,56.0,371.71,No
1743-HNMBY,Female,0,Yes,Yes,31,Yes,No,No,No internet service,No internet service,No internet service,No internet service,No internet service,No internet service,Month-to-month,Yes,Electronic check,20.8,682.56,No
6110-EQNMU,Male,0,No,No,14,Yes,No,DSL,Yes,No,Yes,No,Yes,No,One year,No,Bank transfer (automatic),63.68,894.41,No
4814-RDUXB,Male,1,Yes,Yes,72,Yes,No,No,No internet service,No internet service,No internet service,No internet service,No internet service,No internet service,One year,No,Credit card (automatic),20.72,1500.67,No
2910-WEARD,Male,0,No,No,33,Yes,No,DSL,No,Yes,No,No,Yes,Yes,Month-to-month,No,Electronic check,68.84,2293.19,No
4501-VSXDC,Male,0,Yes,No,14,Yes,Yes,Fiber optic,Yes,Yes,Yes,Yes,No,No,Two year,Yes,Electronic check,102.74,1441.14,No
4768-KZTPJ,Male,0,Yes,Yes,18,Yes,Yes,DSL,No,No,No,Yes,Yes,No,Two year,Yes,Electronic check,55.82,1017.33,No
9961-ZNEZL,Female,0,Yes,No,3,Yes,No,No,No internet service,No internet service,No internet service,No internet service,No internet service,No internet service,One year,No,Electronic check,21.82,56.22,No
3243-UWXHL,Male,1,No,No,31,Yes,No,No,No internet service,No internet service,No internet service,No internet service,No internet service,No internet service,Month-to-month,Yes,Mailed check,19.93,629.55,Yes
8106-WZWHN,Male,0,No,No,32,Yes,No,No,No internet service,No internet service,No internet service,No internet service,No internet service,No internet service,Month-to-month,No,Electronic check,18.25,549.99,No
7993-DOZEQ,Male,0,No,No,7,No,No phone service,No,No internet service,No internet service,No internet service,No internet service,No internet service,No internet service,Month-to-month,No,Electronic check,18.25,122.76,Yes
4825-YWQHV,Male,0,Yes,No,39,Yes,Yes,Fiber optic,No,Yes,Yes,No,Yes,No,Two year,Yes,Mailed check,89.46,3464.31,No
4962-SRLMM,Male,1,Yes,Yes,69,No,No phone service,Fiber optic,Yes,No,Yes,No,No,Yes,Two year,No,Bank transfer (automatic),93.67,6492.89,No
7910-SYHVN,Female,0,No,No,9,Yes,No,No,No internet service,No internet service,No internet service,No internet service,No internet service,No internet service,Month-to-month,Yes,Electronic check,18.25,102.51,No
1958-LVDPL,Male,0,Yes,Yes,39,Yes,No,No,No internet service,No internet service,No internet service,No internet service,No internet service,No internet service,Month-to-month,Yes,Electronic check,21.69,821.13,No
5555-DFDNW,Male,0,No,No,40,Yes,Yes,Fiber optic,Yes,No,No,Yes,No,Yes,One year,Yes,Electronic check,88.24,3518.09,No
6889-HIMPA,Male,0,Yes,No,28,Yes,No,Fiber optic,No,No,Yes,No,Yes,No,One year,No,Electronic check,72.03,2062.86,No
2791-YDUCW,Male,0,No,No,30,Yes,No,DSL,No,No,No,Yes,No,No,Month-to-month,No,Electronic check,57.72,1745.32,No
3513-VRNYK,Male,0,No,No,17,Yes,Yes,Fiber optic,No,Yes,No,Yes,No,Yes,Month-to-month,No,Credit card (automatic),82.18,1383.05,No
4837-SZSVO,Male,0,Yes,No,3,No,No phone service,Fiber optic,Yes,No,Yes,No,Yes,No,Month-to-month,Yes,Electronic check,90.04,295.41,Yes
3380-SHMKN,Female,1,Yes,No,33,No,No phone service,No,No internet service,No internet service,No internet service,No internet service,No internet service,No internet service,Month-to-month,Yes,Electronic check,18.25,570.16,Yes
3570-NNWAZ,Male,0,No,No,46,Yes,Yes,DSL,Yes,No,Yes,No,No,Yes,Month-to-month,Yes,Mailed check,67.67,3107.71,No
9886-JEORW,Female,1,Yes,No,11,Yes,No,DSL,Yes,No,Yes,No,No,Yes,Month-to-month,No,Mailed check,62.98,693.87,No
6300-MJBAW,Male,0,No,Yes,14,Yes,No,DSL,No,Yes,No,No,Yes,Yes,Month-to-month,No,Bank transfer (automatic),69.67,988.02,Yes
7871-DZMQM,Male,0,No,No,13,Yes,Yes,DSL,No,No,No,No,No,No,Two year,Yes,Mailed check,43.39,535.1,No
5024-DMKZN,Male,0,Yes,No,35,Yes,No,No,No internet service,No internet service,No internet service,No internet service,No internet service,No internet service,Month-to-month,Yes,Electronic check,18.25,616.42,No
2287-RZNRT,Female,0,No,Yes,31,Yes,No,DSL,No,No,Yes,No,No,No,Two year,No,Mailed check,56.39,1790.7,No
8387-AYYOU,Female,0,Yes,No,12,Yes,No,No,No internet service,No internet service,No internet service,No internet service,No internet service,No internet service,Month-to-month,Yes,Credit card (automatic),20.3,265.35,No
9058-DKQBX,Male,0,No,No,25,Yes,No,DSL,No,No,Yes,No,No,No,One year,No,Electronic check,48.59,1183.4,No
5109-IBFQO,Male,0,Yes,No,25,No,No phone service,No,No internet service,No internet service,No internet service,No internet service,No internet service,No internet service,Month-to-month,Yes,Electronic check,22.44,565.52,No
4496-AMAHB,Male,0,No,No,33,Yes,Yes,DSL,No,No,No,Yes,No,Yes,Month-to-month,No,Credit card (automatic),62.21,2026.08,No
8271-TPGPW,Male,0,Yes,No,19,Yes,No,Fiber optic,No,No,No,No,No,No,Month-to-month,Yes,Bank transfer (automatic),62.68,1258.12,Yes
1745-QFTGQ,Female,1,Yes,No,55,Yes,No,Fiber optic,No,No,Yes,Yes,No,Yes,Month-to-month,No,Bank transfer (automatic),80.64,4464.24,No
5789-OPKDS,Male,0,Yes,No,34,Yes,No,DSL,Yes,No,Yes,No,Yes,Yes,Month-to-month,Yes,Electronic check,73.46,2523.65,Yes
2204-RCCNC,Male,0,Yes,Yes,55,Yes,No,Fiber optic,No,No,Yes,No,No,No,Month-to-month,No,Mailed check,72.84,3985.49,Yes
5742-ONART,Female,0,No,No,33,Yes,No,Fiber optic,No,No,Yes,Yes,No,Yes,Month-to-month,No,Mailed check,89.78,2958.96,Yes
7065-IABKZ,Male,0,Yes,No,35,Yes,Yes,DSL,Yes,No,No,No,No,Yes,Month-to-month,Yes,Electronic check,61.65,2178.18,Yes
2320-JLYFR,Male,0,Yes,No,6,Yes,No,Fiber optic,No,No,Yes,No,Yes,Yes,Two year,No,Electronic check,83.58,490.61,No
8296-CWIPM,Female,0,Yes,No,31,Yes,Yes,Fiber optic,Yes,Yes,Yes,Yes,No,No,Two year,Yes,Bank transfer (automatic),97.86,3023.63,No
4499-DNRQV,Male,0,Yes,Yes,24,Yes,No,Fiber optic,No,Yes,No,Yes,No,No,Month-to-month,No,Electronic check,74.29,1754.11,Yes
5859-TTODF,Male,0,Yes,No,59,Yes,No,Fiber optic,Yes,Yes,Yes,No,No,No,One year,No,Credit card (automatic),89.49,5269.74,No
4583-YUNNA,Male,0,Yes,No,53,Yes,No,Fiber optic,Yes,No,No,No,Yes,No,Month-to-month,Yes,Mailed check,83.42,4427.34,Yes
3335-QSJXN,Female,0,No,Yes,63,Yes,Yes,No,No internet service,No internet service,No internet service,No internet service,No internet service,No internet service,Month-to-month,Yes,Electronic check,21.39,1334.7,No
9630-CGAFU,Male,1,No,No,15,Yes,No,Fiber optic,No,No,Yes,Yes,Yes,No,Month-to-month,Yes,Mailed check,85.19,1300.61,Yes
1728-XSWUG,Male,0,No,No,25,Yes,Yes,DSL,No,No,Yes,No,No,Yes,One year,Yes,Mailed check,59.33,1513.78,No
8097-DCQKU,Male,0,Yes,Yes,67,Yes,Yes,DSL,Yes,No,No,No,No,Yes,Month-to-month,No,Credit card (automatic),63.66,4271.56,No
2063-LHMUN,Male,0,No,No,14,Yes,No,Fiber optic,Yes,No,No,Yes,No,Yes,Month-to-month,Yes,Credit card (automatic),87.46,1221.55,Yes
7533-CQRUZ,Female,0,No,No,59,Yes,No,Fiber optic,No,No,Yes,Yes,Yes,Yes,Two year,Yes,Electronic check,104.46,6201.23,No
7414-JRFGP,Male,0,No,No,55,Yes,Yes,DSL,No,No,No,No,No,No,Two year,Yes,Mailed check,44.78,2472.98,No
4933-WIRSV,Female,0,Yes,Yes,25,Yes,No,Fiber optic,No,Yes,No,No,No,Yes,Month-to-month,Yes,Electronic check,72.64,1804.52,Yes
5842-KZUKC,Female,0,Yes,Yes,72,No,No phone service,No,No internet service,No internet service,No internet service,No internet service,No internet service,No internet service,Month-to-month,No,Mailed check,18.25,1293.54,No
4700-FYWAR,Female,0,Yes,No,56,Yes,Yes,No,No internet service,No internet service,No internet service,No internet service,No internet service,No internet service,Month-to-month,Yes,Bank transfer (automatic),18.25,1063.01,No
4926-YOVZW,Male,0,Yes,No,8,Yes,No,DSL,No,No,No,No,No,No,Month-to-month,No,Credit card (automatic),46.07,401.56,Yes
1353-RFFDW,Female,1,No,Yes,71,No,No phone service,Fiber optic,No,No,Yes,No,Yes,Yes,Month-to-month,Yes,Credit card (automatic),88.02,6269.44,Yes
9090-IFFEU,Female,0,Yes,No,25,Yes,No,Fiber optic,No,No,Yes,No,Yes,Yes,Two year,Yes,Mailed check,92.78,2326.21,No
2088-VGJNG,Male,0,Yes,Yes,35,Yes,No,DSL,Yes,Yes,No,Yes,Yes,No,One year,No,Bank transfer (automatic),71.2,2487.67,No
7092-DWRLK,Female,0,Yes,No,35,Yes,Yes,DSL,No,Yes,No,No,Yes,Yes,Two year,Yes,Credit card (automatic),68.63,2383.09,No
9241-LFYWX,Female,0,Yes,No,41,Yes,Yes,No,No internet service,No internet service,No internet service,No internet service,No internet service,No internet service,One year,Yes,Bank transfer (automatic),21.85,905.57,No
3406-PWDXK,Male,0,Yes,Yes,68,Yes,Yes,No,No internet service,No internet service,No internet service,No internet service,No internet service,No internet service,Two year,Yes,Mailed check,21.33,1417.73,No
6713-CKKHF,Female,1,Yes,No,34,Yes,No,No,No internet service,No internet service,No internet service,No internet service,No internet service,No internet service,One year,Yes,Bank transfer (automatic),18.25,669.89,No
6343-QTICT,Male,0,No,No,24,Yes,No,Fiber optic,No,No,No,Yes,Yes,No,Month-to-month,Yes,Electronic check,78.42,1917.76,Yes
4824-VDUKN,Female,0,Yes,No,11,Yes,No,Fiber optic,Yes,No,No,No,No,No,One year,No,Electronic check,72.25,832.6,No
6008-FJKHK,Female,0,No,No,18,Yes,No,Fiber optic,Yes,No,No,No,No,Yes,Month-to-month,No,Electronic check,76.27,1354.37,No
5372-HHREJ,Male,0,No,Yes,54,Yes,No,Fiber optic,No,Yes,No,No,No,Yes,Month-to-month,No,Credit card (automatic),77.81,4222.07,No
3158-BGNXA,Female,0,No,Yes,62,No,No phone service,DSL,Yes,No,Yes,Yes,Yes,No,Two year,Yes,Mailed check,68.87,4308.57,No
5901-KTLTV,Male,1,No,No,20,Yes,Yes,DSL,No,No,No,Yes,Yes,No,Two year,Yes,Electronic check,57.98,1139.92,Yes
5563-VPPHD,Female,0,Yes,No,47,No,No phone service,Fiber optic,Yes,No,Yes,Yes,Yes,Yes,Month-to-month,Yes,Bank transfer (automatic),91.67,4301.17,No
6392-IAMPR,Female,0,No,Yes,17,No,No phone service,DSL,Yes,No,No,Yes,Yes,Yes,Month-to-month,Yes,Electronic check,80.18,1363.96,No
1154-ZUCYC,Male,0,No,No,4,Yes,Yes,No,No internet service,No internet service,No internet service,No internet service,No internet service,No internet service,Two year,No,Electronic check,18.25,117.67,No
3323-FDNUD,Male,0,No,Yes,7,Yes,Yes,Fiber optic,No,Yes,No,Yes,No,Yes,Month-to-month,Yes,Electronic check,90.22,576.93,Yes
2713-UGFEW,Male,0,Yes,Yes,57,Yes,Yes,No,No internet service,No internet service,No internet service,No internet service,No internet service,No internet service,Two year,No,Bank transfer (automatic),22.28,1303.86,No
8373-LCJVE,Male,0,No,No,5,Yes,No,Fiber optic,No,Yes,No,No,Yes,No,Two year,Yes,Mailed check,75.68,417.57,No
3153-GQZMC,Male,0,Yes,No,44,Yes,Yes,Fiber optic,No,Yes,No,No,No,Yes,Two year,Yes,Credit card (automatic),76.98,3422.1,No
7579-ARDLW,Male,0,No,No,32,Yes,Yes,DSL,Yes,Yes,No,No,Yes,No,Two year,Yes,Electronic check,72.47,2300.63,No
2390-JSTNZ,Male,0,Yes,Yes,59,No,No phone service,DSL,No,Yes,Yes,Yes,No,Yes,One year,Yes,Credit card (automatic),67.6,3971.63,No
9471-BDJCU,Male,1,Yes,No,30,Yes,No,Fiber optic,No,No,No,Yes,No,Yes,Two year,No,Mailed check,75.6,2236.1,No
5557-CZXFJ,Female,0,No,Yes,38,Yes,Yes,DSL,No,Yes,No,No,Yes,Yes,Month-to-month,No,Mailed check,67.05,2569.16,No
1177-ATOPF,Female,0,No,No,32,Yes,No,No,No internet service,No internet service,No internet service,No internet service,No internet service,No internet service,Month-to-month,Yes,Electronic check,21.47,698.7,Yes
9010-HSDKF,Female,0,No,No,35,Yes,No,DSL,No,No,No,Yes,No,No,One year,Yes,Credit card (automatic),49.68,1683.63,No
3246-YMMFF,Male,0,No,No,26,Yes,Yes,No,No internet service,No internet service,No internet service,No internet service,No internet service,No internet service,Month-to-month,No,Bank transfer (automatic),23.64,636.81,No
4164-LETNR,Female,0,No,No,38,Yes,Yes,Fiber optic,Yes,No,Yes,Yes,No,No,One year,Yes,Electronic check,87.0,3313.32,Yes
4043-WUDHN,Female,0,Yes,No,21,No,No phone service,Fiber optic,No,Yes,No,No,Yes,Yes,One year,Yes,Electronic check,90.99,1932.08,Yes
2191-QHMMS,Male,0,No,Yes,51,Yes,Yes,No,No internet service,No internet service,No internet service,No internet service,No internet service,No internet service,One year,Yes,Credit card (automatic),23.91,1238.78,No
3238-MJIRM,Male,0,Yes,Yes,29,Yes,No,Fiber optic,No,No,No,Yes,Yes,Yes,Month-to-month,No,Bank transfer (automatic),90.39,2614.09,Yes
7038-ELGQR,Female,0,Yes,No,48,Yes,No,DSL,No,No,No,Yes,Yes,No,Two year,Yes,Mailed check,58.06,2785.61,No
5093-OIPZV,Male,0,No,Yes,15,Yes,Yes,DSL,No,No,No,Yes,No,Yes,One year,Yes,Mailed check,64.62,966.22,No
5830-FIOSG,Female,0,Yes,Yes,20,Yes,Yes,DSL,Yes,No,Yes,Yes,No,Yes,Month-to-month,Yes,Credit card (automatic),73.71,1487.86,No
7565-MJYQI,Female,0,No,Yes,7,Yes,Yes,Fiber optic,No,Yes,No,No,Yes,Yes,One year,No,Electronic check,94.39,680.2,Yes
8013-TDGGK,Male,0,Yes,No,35,Yes,No,Fiber optic,No,No,No,No,No,Yes,Month-to-month,Yes,Electronic check,78.99,2739.86,No
1786-EFGOI,Male,0,Yes,No,34,Yes,No,No,No internet service,No internet service,No internet service,No internet service,No internet service,No internet service,Two year,Yes,Electronic check,21.12,708.64,No
6080-OAMSQ,Female,0,Yes,No,17,Yes,Yes,DSL,No,No,No,No,No,No,Month-to-month,No,Mailed check,45.94,784.93,Yes
1073-GBTAQ,Female,0,No,No,27,Yes,No,DSL,No,No,Yes,Yes,No,Yes,Month-to-month,Yes,Credit card (automatic),71.46,1906.16,No
9900-CVSIL,Male,0,No,No,11,Yes,Yes,DSL,No,No,No,No,No,Yes,Two year,Yes,Credit card (automatic),51.25,556.62,No
1794-QNJCQ,Female,1,Yes,Yes,55,Yes,No,No,No internet service,No internet service,No internet service,No internet service,No internet service,No internet service,Month-to-month,No,Mailed check,21.66,1184.86,No
5564-LDJRK,Female,0,Yes,No,53,Yes,Yes,No,No internet service,No internet service,No internet service,No internet service,No internet service,No internet service,Two year,No,Credit card (automatic),21.96,1156.35,No
6647-ANTGT,Female,0,Yes,No,26,Yes,No,Fiber optic,Yes,No,No,Yes,Yes,Yes,Month-to-month,No,Mailed check,95.54,2493.33,Yes
8561-ITDPB,Female,0,Yes,No,23,Yes,No,Fiber optic,Yes,No,Yes,No,Yes,Yes,One year,Yes,Electronic check,89.57,2043.04,Yes
7876-GWJEZ,Male,0,No,No,6,Yes,No,No,No internet service,No internet service,No internet service,No internet service,No internet service,No internet service,Month-to-month,Yes,Electronic check,26.29,172.83,No
4922-GPZLK,Male,0,No,No,47,Yes,No,Fiber optic,Yes,No,No,No,No,No,Month-to-month,Yes,Mailed check,76.61,3581.93,No
5500-OYQFP,Female,0,Yes,Yes,13,Yes,Yes,No,No internet service,No internet service,No internet service,No internet service,No internet service,No internet service,Two year,Yes,Mailed check,20.41,284.85,No
5319-DQENF,Male,0,Yes,No,50,Yes,Yes,No,No internet service,No internet service,No internet service,No internet service,No internet service,No internet service,Month-to-month,No,Electronic check,20.12,999.04,No
4084-SRMSU,Female,0,No,No,7,Yes,No,Fiber optic,Yes,No,No,No,Yes,Yes,Two year,Yes,Electronic check,88.44,638.52,No
4366-ZNKQC,Female,0,Yes,Yes,11,Yes,No,Fiber optic,No,No,No,Yes,No,Yes,Two year,No,Mailed check,74.02,839.62,No
6823-QOEAJ,Male,0,Yes,Yes,9,Yes,No,DSL,No,Yes,No,Yes,No,Yes,One year,No,Electronic check,62.71,529.85,No
3985-ITZGX,Female,0,No,No,13,Yes,No,DSL,Yes,No,No,Yes,Yes,No,Month-to-month,Yes,Electronic check,63.01,824.29,Yes
2959-JTNGG,Male,0,Yes,No,72,Yes,No,No,No internet service,No internet service,No internet service,No internet service,No internet service,No internet service,Month-to-month,Yes,Electronic check,18.69,1338.89,No
5573-MKANC,Female,0,Yes,No,24,Yes,No,DSL,Yes,No,No,No,No,Yes,One year,Yes,Electronic check,59.86,1448.34,Yes
1741-HYZSB,Male,0,Yes,Yes,43,Yes,No,DSL,No,No,No,No,No,Yes,Two year,Yes,Mailed check,51.64,2288.37,No
3512-QZDFL,Female,0,No,No,10,Yes,Yes,No,No internet service,No internet service,No internet service,No internet service,No internet service,No internet service,Month-to-month,Yes,Bank transfer (automatic),24.23,240.9,No
2008-ANOUM,Female,0,Yes,Yes,15,Yes,Yes,DSL,No,No,Yes,No,No,No,Two year,Yes,Electronic check,51.05,803.52,No
5608-YZIRV,Male,0,No,No,72,Yes,Yes,Fiber optic,Yes,No,Yes,Yes,No,No,Month-to-month,No,Bank transfer (automatic),86.27,6197.68,No
6754-UVGIL,Female,0,Yes,Yes,25,Yes,Yes,Fiber optic,No,No,No,No,No,Yes,Month-to-month,Yes,Credit card (automatic),72.9,1814.41,Yes
8830-SYMSL,Female,0,Yes,Yes,30,Yes,No,DSL,No,No,Yes,No,No,Yes,Month-to-month,Yes,Electronic check,63.88,1896.56,No
1077-VDVOI,Female,1,No,No,37,Yes,No,DSL,No,Yes,Yes,Yes,No,No,Month-to-month,No,Electronic check,66.84,2497.45,Yes
7189-VVLJE,Female,1,Yes,Yes,72,Yes,No,DSL,No,No,Yes,No,No,No,Month-to-month,No,Credit card (automatic),56.29,4033.35,No
4616-NFOFD,Female,0,Yes,No,1,Yes,No,DSL,Yes,No,No,No,No,No,Two year,No,Credit card (automatic),50.2,0.0,No
8800-QUFKH,Male,0,Yes,Yes,57,Yes,No,DSL,No,No,Yes,No,No,Yes,Two year,Yes,Bank transfer (automatic),61.4,3510.26,No
2428-GRWSX,Female,0,No,No,65,Yes,No,No,No internet service,No internet service,No internet service,No internet service,No internet service,No internet service,Two year,Yes,Electronic check,20.4,1347.23,No
5704-LFIKB,Male,0,Yes,Yes,40,Yes,Yes,No,No internet service,No internet service,No internet service,No internet service,No internet service,No internet service,Month-to-month,Yes,Mailed check,18.25,746.53,No
9280-YNGFJ,Female,0,No,No,21,No,No phone service,DSL,Yes,No,No,No,Yes,No,Month-to-month,Yes,Electronic check,57.8,1183.61,Yes
5908-MGIHR,Female,0,Yes,Yes,33,Yes,No,Fiber optic,Yes,Yes,Yes,No,Yes,No,Month-to-month,No,Mailed check,94.53,3079.66,Yes
4295-WSNNT,Male,0,Yes,No,10,Yes,Yes,Fiber optic,Yes,No,Yes,No,Yes,No,One year,No,Electronic check,92.26,914.92,Yes
4108-LAGDJ,Male,0,Yes,Yes,3,Yes,Yes,Fiber optic,Yes,Yes,Yes,No,Yes,Yes,Month-to-month,Yes,Credit card (automatic),109.61,316.62,Yes
5543-VZEBM,Female,0,Yes,No,30,Yes,No,No,No internet service,No internet service,No internet service,No internet service,No internet service,No internet service,One year,No,Mailed check,18.47,515.65,No
1458-GYRVV,Male,0,No,No,0,Yes,No,DSL,Yes,No,No,No,Yes,No,Month-to-month,Yes,Credit card (automatic),63.64, ,No
1055-AEQOQ,Female,0,Yes,Yes,17,Yes,Yes,No,No internet service,No internet service,No internet service,No internet service,No internet service,No internet service,One year,No,Electronic check,22.81,402.59,No
4839-UTOHM,Male,1,No,Yes,11,Yes,No,DSL,No,No,Yes,No,No,Yes,Month-to-month,No,Mailed check,61.91,662.13,No
6608-POCSR,Female,0,Yes,Yes,21,Yes,No,Fiber optic,Yes,No,Yes,No,Yes,Yes,Two year,No,Bank transfer (automatic),88.05,1855.24,No
6057-IYTAB,Male,0,No,Yes,22,Yes,No,No,No internet service,No internet service,No internet service,No internet service,No internet service,No internet service,Month-to-month,No,Credit card (automatic),21.09,482.84,No
9769-CMXHR,Male,0,Yes,No,8,Yes,No,Fiber optic,No,Yes,Yes,Yes,Yes,No,Month-to-month,No,Electronic check,93.57,709.75,Yes
3675-ZMAKH,Female,0,No,No,38,Yes,Yes,Fiber optic,No,No,No,No,Yes,No,Month-to-month,Yes,Electronic check,67.45,2555.05,Yes
8017-CCJMP,Female,0,Yes,No,62,Yes,No,DSL,Yes,No,Yes,No,No,No,Month-to-month,Yes,Bank transfer (automatic),61.66,3816.44,Yes
8992-GDHYD,Male,0,No,No,10,No,No phone service,Fiber optic,No,No,No,Yes,Yes,No,One year,Yes,Mailed check,75.39,683.63,Yes
1601-DPFFI,Male,1,No,Yes,9,Yes,No,DSL,Yes,No,No,No,Yes,Yes,Month-to-month,No,Bank transfer (automatic),69.35,647.04,No
6284-WVPDA,Female,0,No,Yes,25,Yes,No,Fiber optic,No,Yes,No,No,No,No,Month-to-month,Yes,Electronic check,73.24,1849.7,No
4195-JYYAQ,Female,0,Yes,Yes,4,Yes,No,DSL,Yes,No,Yes,Yes,Yes,No,One year,No,Bank transfer (automatic),84.67,333.18,Yes
1098-KJNAR,Male,0,No,Yes,26,Yes,No,Fiber optic,No,Yes,No,Yes,No,No,One year,Yes,Electronic check,78.75,2045.0,No
5167-JZVTX,Female,1,Yes,No,57,Yes,No,Fiber optic,Yes,No,Yes,No,Yes,Yes,One year,Yes,Mailed check,96.77,5496.91,No
2020-RQZOX,Female,0,Yes,Yes,9,Yes,Yes,DSL,Yes,Yes,No,Yes,Yes,Yes,Month-to-month,No,Bank transfer (automatic),74.46,668.21,Yes
9666-VZURO,Female,1,No,Yes,72,Yes,No,Fiber optic,No,No,No,No,Yes,Yes,Month-to-month,Yes,Electronic check,81.51,5866.69,Yes
3703-PETCF,Female,0,No,Yes,19,Yes,Yes,DSL,No,Yes,Yes,No,No,No,Month-to-month,Yes,Mailed check,60.44,1142.36,Yes
3154-PEWTR,Female,0,Yes,No,21,Yes,Yes,Fiber optic,No,Yes,No,No,No,Yes,Month-to-month,Yes,Electronic check,86.46,1827.66,Yes
6332-TJGGE,Male,0,No,Yes,16,Yes,Yes,No,No internet service,No internet service,No internet service,No internet service,No internet service,No internet service,Month-to-month,Yes,Mailed check,20.28,361.69,No
4818-XIOAI,Female,0,No,No,46,Yes,No,Fiber optic,Yes,No,No,No,No,Yes,Month-to-month,No,Bank transfer (automatic),74.75,3474.63,No
5805-IPJKJ,Female,0,Yes,No,28,Yes,Yes,Fiber optic,No,No,Yes,Yes,Yes,No,Two year,Yes,Mailed check,82.24,2295.23,No
8074-QMIQR,Female,1,Yes,No,20,Yes,No,No,No internet service,No internet service,No internet service,No internet service,No internet service,No internet service,Month-to-month,Yes,Bank transfer (automatic),24.76,501.71,Yes
7888-OBWWF,Male,0,No,No,13,Yes,Yes,Fiber optic,No,No,Yes,Yes,Yes,Yes,Two year,Yes,Mailed check,95.53,1244.97,No
4789-NSBEV,Male,0,Yes,No,32,Yes,Yes,No,No internet service,No internet service,No internet service,No internet service,No internet service,No internet service,One year,Yes,Electronic check,20.75,663.28,No
8147-FPEBN,Female,1,Yes,No,65,Yes,Yes,DSL,No,No,No,Yes,No,Yes,Month-to-month,Yes,Bank transfer (automatic),60.98,3944.39,Yes
6451-KLIGD,Male,1,Yes,No,21,Yes,Yes,Fiber optic,Yes,Yes,Yes,No,No,No,One year,Yes,Mailed check,94.34,1992.18,Yes
9308-PETGL,Female,1,No,No,28,Yes,Yes,Fiber optic,No,No,No,No,Yes,Yes,One year,Yes,Electronic check,80.82,2272.66,Yes
1344-XWXIY,Male,1,Yes,No,6,Yes,No,Fiber optic,No,No,No,Yes,No,No,One year,No,Mailed check,71.5,420.26,Yes
3796-UCWZW,Female,0,Yes,Yes,28,Yes,Yes,DSL,No,No,No,Yes,No,No,Month-to-month,Yes,Mailed check,58.62,1695.06,No
1043-WHJVI,Female,1,Yes,No,72,No,No phone service,DSL,Yes,No,No,Yes,Yes,No,Month-to-month,No,Electronic check,67.27,4862.87,Yes
8834-ZENGB,Male,0,Yes,No,8,Yes,Yes,Fiber optic,Yes,No,Yes,No,Yes,Yes,Two year,Yes,Bank transfer (automatic),100.2,838.24,Yes
2299-PHMIO,Male,0,No,No,34,Yes,Yes,No,No internet service,No internet service,No internet service,No internet service,No internet service,No internet service,One year,No,Electronic check,19.7,654.18,No
3741-BGTUQ,Female,0,No,No,17,No,No phone service,Fiber optic,No,Yes,No,No,No,No,One year,No,Electronic check,65.96,1123.38,Yes
2296-EKJVS,Female,0,No,No,5,Yes,No,No,No internet service,No internet service,No internet service,No internet service,No internet service,No internet service,Two year,No,Credit card (automatic),18.25,49.04,No
6357-HBVMM,Male,0,No,No,18,Yes,Yes,Fiber optic,No,No,Yes,No,No,No,One year,Yes,Credit card (automatic),72.2,1278.03,Yes
8616-CAHOZ,Female,1,Yes,No,72,Yes,Yes,No,No internet service,No internet service,No internet service,No internet service,No internet service,No internet service,One year,Yes,Credit card (automatic),18.25,1345.35,No
2620-SKTBT,Female,0,No,No,34,Yes,No,DSL,No,No,No,Yes,Yes,Yes,Two year,Yes,Mailed check,66.59,2288.13,No
6382-IWQKD,Male,0,No,No,31,No,No phone service,No,No internet service,No internet service,No internet service,No internet service,No internet service,No internet service,Month-to-month,Yes,Mailed check,18.25,524.66,No
2443-ZVQTB,Male,0,No,Yes,9,Yes,Yes,No,No internet service,No internet service,No internet service,No internet service,No internet service,No internet service,Month-to-month,Yes,Electronic check,22.55,187.17,Yes
3186-VHJQA,Male,0,No,Yes,54,Yes,No,No,No internet service,No internet service,No internet service,No internet service,No internet service,No internet service,Month-to-month,Yes,Bank transfer (automatic),18.25,977.46,Yes
8033-LOCCP,Male,0,Yes,No,68,Yes,No,No,No internet service,No internet service,No internet service,No internet service,No internet service,No internet service,Month-to-month,No,Electronic check,18.25,1233.81,Yes
4693-HFHHL,Male,0,No,Yes,67,Yes,No,No,No internet service,No internet service,No internet service,No internet service,No internet service,No internet service,Two year,No,Mailed check,18.86,1248.68,No
7076-WFFVY,Male,0,Yes,Yes,51,Yes,No,DSL,No,Yes,No,No,No,Yes,One year,No,Credit card (automatic),58.39,2961.81,Yes
8832-DJHHV,Female,0,No,No,12,Yes,No,No,No internet service,No internet service,No internet service,No internet service,No internet service,No internet service,One year,No,Electronic check,21.84,273.63,No
1830-ZTGBP,Male,0,Yes,No,9,Yes,No,DSL,Yes,Yes,Yes,No,No,Yes,Month-to-month,No,Electronic check,68.89,617.81,Yes
4653-NWWVD,Female,0,No,Yes,3,No,No phone service,No,No internet service,No internet service,No internet service,No internet service,No internet service,No internet service,Month-to-month,No,Mailed check,18.25,9.56,Yes
8460-TMLZX,Male,0,No,Yes,10,Yes,No,Fiber optic,No,Yes,Yes,No,No,No,One year,No,Mailed check,87.49,895.21,Yes
7755-DBDPV,Male,0,No,No,33,Yes,No,DSL,Yes,No,Yes,No,No,No,Month-to-month,No,Mailed check,61.2,2015.01,No
6390-PWWPB,Female,0,Yes,No,10,Yes,Yes,DSL,No,No,No,Yes,Yes,No,Month-to-month,Yes,Electronic check,63.04,652.84,Yes
7263-CELDP,Female,0,No,No,55,Yes,No,DSL,No,Yes,No,Yes,Yes,No,Month-to-month,Yes,Electronic check,68.1,3752.9,Yes
6648-RORGK,Male,0,No,Yes,61,Yes,Yes,Fiber optic,No,No,No,No,Yes,Yes,Two year,No,Mailed check,81.82,5024.87,No
5448-XGXXJ,Male,0,No,No,59,No,No phone service,Fiber optic,Yes,No,No,No,Yes,No,One year,No,Electronic check,76.69,4490.68,Yes
6778-LVDEP,Male,0,No,No,4,Yes,No,Fiber optic,Yes,No,No,No,Yes,Yes,One year,Yes,Mailed check,92.87,366.92,No
9228-RIKII,Female,0,No,No,31,Yes,No,Fiber optic,No,No,Yes,Yes,Yes,Yes,Month-to-month,No,Bank transfer (automatic),100.33,3127.36,Yes
7829-QNOTH,Male,0,No,No,28,Yes,Yes,DSL,No,No,No,Yes,Yes,Yes,Month-to-month,Yes,Electronic check,77.48,2172.41,Yes
2540-GUPRK,Male,0,Yes,No,58,Yes,Yes,Fiber optic,No,No,Yes,Yes,No,No,Month-to-month,No,Credit card (automatic),86.93,5026.98,Yes
5281-EJAMK,Male,0,Yes,No,6,Yes,Yes,Fiber optic,No,No,No,Yes,No,No,Two year,Yes,Electronic check,66.48,388.36,No
5191-BNHTV,Male,1,No,No,28,Yes,No,Fiber optic,No,Yes,No,No,No,Yes,Month-to-month,Yes,Bank transfer (automatic),86.68,2394.29,Yes
7904-OGPGM,Female,0,No,No,5,Yes,Yes,DSL,No,No,No,Yes,Yes,No,Month-to-month,No,Electronic check,59.22,329.57,No
6117-ABFYZ,Female,0,Yes,No,52,Yes,Yes,Fiber optic,No,Yes,Yes,Yes,Yes,Yes,One year,Yes,Electronic check,108.29,5617.19,No
5313-IGFRT,Male,1,Yes,No,1,Yes,No,No,No internet service,No internet service,No internet service,No internet service,No internet service,No internet service,One year,Yes,Electronic check,22.44,32.06,No
3296-BOSHA,Male,0,Yes,No,72,Yes,No,No,No internet service,No internet service,No internet service,No internet service,No internet service,No internet service,Two year,Yes,Credit card (automatic),21.12,1531.49,No
4484-VKWUK,Male,0,No,No,39,Yes,No,DSL,No,Yes,No,Yes,No,No,Two year,No,Mailed check,62.23,2452.02,No
2561-SJGSS,Male,1,No,No,25,Yes,No,No,No internet service,No internet service,No internet service,No internet service,No internet service,No internet service,Two year,Yes,Credit card (automatic),19.8,541.75,No
4008-FPXHS,Female,0,No,No,15,No,No phone service,DSL,No,No,Yes,Yes,No,Yes,One year,Yes,Bank transfer (automatic),69.01,1019.2,No
8236-ROMJX,Female,0,Yes,No,60,Yes,Yes,DSL,No,Yes,Yes,No,No,No,Month-to-month,No,Credit card (automatic),57.29,3473.11,No
4993-KKPAO,Female,0,Yes,No,6,Yes,No,DSL,No,Yes,No,No,No,Yes,Month-to-month,Yes,Electronic check,58.76,380.94,Yes
3652-QCMLD,Female,0,No,Yes,1,No,No phone service,Fiber optic,No,No,Yes,No,Yes,No,Month-to-month,No,Electronic check,83.01,45.26,Yes
6247-GGIBN,Female,0,Yes,Yes,37,Yes,Yes,No,No internet service,No internet service,No internet service,No internet service,No internet service,No internet service,Month-to-month,No,Electronic check,18.44,667.27,No
4035-EVBQH,Female,0,Yes,No,24,Yes,No,No,No internet service,No internet service,No internet service,No internet service,No internet service,No internet service,Two year,Yes,Mailed check,18.59,477.94,No
5690-UJTAK,Male,1,Yes,Yes,33,Yes,Yes,Fiber optic,No,Yes,Yes,No,Yes,Yes,Month-to-month,No,Electronic check,102.61,3380.99,Yes
5843-CFZZR,Male,0,No,No,29,Yes,Yes,Fiber optic,No,No,No,Yes,Yes,Yes,Month-to-month,Yes,Mailed check,87.09,2522.27,No
4084-NHIJW,Male,0,No,Yes,41,Yes,Yes,DSL,No,No,Yes,Yes,Yes,No,Two year,No,Bank transfer (automatic),73.01,3030.89,No
1973-HSXBQ,Female,0,Yes,No,25,Yes,No,No,No internet service,No internet service,No internet service,No internet service,No internet service,No internet service,Month-to-month,No,Electronic check,20.97,532.4,No
2587-FBMKB,Male,0,Yes,No,18,Yes,Yes,DSL,No,Yes,No,No,Yes,Yes,Month-to-month,No,Credit card (automatic),72.92,1352.8,Yes
7459-UPFLH,Female,0,No,No,26,No,No phone service,DSL,Yes,Yes,No,No,Yes,Yes,Month-to-month,Yes,Mailed check,73.64,1940.95,Yes
6039-EMBGL,Female,0,Yes,No,46,Yes,Yes,No,No internet service,No internet service,No internet service,No internet service,No internet service,No internet service,Month-to-month,No,Mailed check,20.72,982.96,No
2892-XMNNQ,Female,0,Yes,No,48,Yes,Yes,DSL,No,No,Yes,Yes,No,Yes,Month-to-month,Yes,Mailed check,64.56,3114.22,No
6158-ACOHU,Male,1,Yes,Yes,34,Yes,No,DSL,Yes,Yes,Yes,No,Yes,Yes,Month-to-month,Yes,Credit card (automatic),73.16,2511.35,Yes
5103-YTPTE,Male,0,Yes,No,2,Yes,No,No,No internet service,No internet service,No internet service,No internet service,No internet service,No internet service,Two year,Yes,Bank transfer (automatic),20.21,40.35,No
7667-TZZWP,Male,0,No,Yes,31,No,No phone service,DSL,Yes,No,Yes,No,No,No,Month-to-month,No,Electronic check,55.91,1767.29,Yes
9500-RHKZA,Female,0,No,No,5,Yes,Yes,DSL,No,Yes,Yes,No,Yes,No,One year,Yes,Bank transfer (automatic),67.19,318.36,No
2109-DCYJL,Female,0,Yes,No,50,Yes,No,Fiber optic,No,Yes,Yes,No,No,Yes,Month-to-month,Yes,Electronic check,84.35,4211.47,Yes
7579-MRLBE,Female,0,No,No,45,Yes,No,DSL,No,No,Yes,Yes,Yes,Yes,Month-to-month,Yes,Credit card (automatic),76.22,3412.41,Yes
9558-MCGUO,Male,0,Yes,No,11,Yes,No,No,No internet service,No internet service,No internet service,No internet service,No internet service,No internet service,Month-to-month,Yes,Credit card (automatic),27.21,319.19,No
1708-XXYRS,Male,0,No,No,40,Yes,No,Fiber optic,No,Yes,No,No,Yes,Yes,Month-to-month,Yes,Electronic check,91.72,3656.51,No
9296-YTRAK,Male,1,Yes,Yes,27,No,No phone service,Fiber optic,No,Yes,Yes,Yes,No,Yes,Month-to-month,Yes,Credit card (automatic),94.28,2534.47,Yes
6469-YDYQM,Female,0,Yes,No,13,Yes,No,DSL,No,No,Yes,No,No,Yes,Month-to-month,No,Bank transfer (automatic),57.44,712.74,No
3051-UKQCH,Female,1,No,Yes,40,Yes,Yes,DSL,No,No,No,Yes,Yes,Yes,Month-to-month,Yes,Electronic check,71.74,2873.56,Yes
3275-XGFCZ,Male,1,No,No,72,Yes,No,No,No internet service,No internet service,No internet service,No internet service,No internet service,No internet service,Month-to-month,Yes,Electronic check,20.85,1524.8,No
5751-IUHZK,Female,0,No,No,18,Yes,No,DSL,Yes,No,Yes,No,No,No,Two year,Yes,Mailed check,60.43,1038.95,No
6711-PBCEK,Male,0,No,No,34,Yes,Yes,DSL,Yes,No,No,No,No,Yes,Month-to-month,No,Bank transfer (automatic),56.53,1931.37,No
1029-CPZLL,Female,1,No,No,11,Yes,Yes,DSL,Yes,No,No,Yes,No,Yes,Month-to-month,Yes,Credit card (automatic),67.02,715.31,Yes
3542-VMNYP,Male,1,No,Yes,15,Yes,Yes,Fiber optic,No,No,No,Yes,No,Yes,Month-to-month,Yes,Credit card (automatic),77.91,1160.15,Yes
9826-INPIU,Male,1,Yes,Yes,26,Yes,Yes,No,No internet service,No internet service,No internet service,No internet service,No internet service,No internet service,Two year,Yes,Electronic check,18.55,492.36,No
8486-HUWMH,Female,0,Yes,No,13,Yes,No,DSL,No,No,Yes,Yes,No,No,Month-to-month,No,Electronic check,61.97,828.1,No
5559-AZZYY,Male,0,No,Yes,12,Yes,No,DSL,No,Yes,Yes,No,Yes,No,Two year,No,Credit card (automatic),70.98,859.82,No
2382-OQTDR,Male,1,No,No,9,Yes,Yes,No,No internet service,No internet service,No internet service,No internet service,No internet service,No internet service,One year,Yes,Bank transfer (automatic),20.33,186.53,No
9537-MVHYY,Male,1,No,No,61,Yes,Yes,DSL,No,No,Yes,Yes,No,Yes,Month-to-month,No,Electronic check,68.93,4196.86,No
8410-NXLGP,Male,0,Yes,No,47,Yes,No,Fiber optic,No,No,No,No,No,No,One year,No,Credit card (automatic),71.63,3388.73,Yes
8123-WWNDD,Female,1,Yes,No,26,Yes,Yes,Fiber optic,No,No,Yes,No,No,No,One year,No,Credit card (automatic),71.61,1894.34,Yes
9192-MMETG,Female,0,Yes,No,49,Yes,No,Fiber optic,Yes,No,No,Yes,No,No,One year,No,Mailed check,77.48,3822.49,No
6386-PNOQY,Female,1,No,No,52,Yes,Yes,DSL,No,No,No,No,No,Yes,Month-to-month,No,Electronic check,54.75,2854.29,No
7217-ROIGG,Male,0,Yes,No,22,Yes,No,No,No internet service,No internet service,No internet service,No internet service,No internet service,No internet service,Two year,No,Electronic check,22.57,479.79,No
5404-CNLZP,Female,1,No,No,10,No,No phone service,DSL,No,No,No,No,Yes,No,Two year,Yes,Credit card (automatic),45.53,462.61,No
4011-TQADW,Male,0,Yes,No,34,Yes,Yes,Fiber optic,Yes,Yes,Yes,No,No,No,Month-to-month,Yes,Electronic check,87.66,3005.72,Yes
4760-JATXM,Male,0,Yes,Yes,62,Yes,Yes,Fiber optic,Yes,Yes,No,Yes,No,Yes,Month-to-month,No,Credit card (automatic),102.39,6346.97,Yes
5437-JSZYY,Male,0,No,No,44,No,No phone service,No,No internet service,No internet service,No internet service,No internet service,No internet service,No internet service,Month-to-month,No,Electronic check,18.66,809.22,No
2085-QHXPA,Female,0,Yes,No,70,Yes,Yes,Fiber optic,No,No,Yes,No,Yes,No,Two year,Yes,Electronic check,78.87,5548.89,Yes
6375-NHYSO,Female,0,No,No,51,Yes,Yes,Fiber optic,No,Yes,No,No,No,Yes,Month-to-month,No,Credit card (automatic),86.19,4380.9,Yes
3696-VBAGK,Female,1,Yes,No,72,Yes,No,DSL,Yes,Yes,Yes,No,No,No,Month-to-month,Yes,Bank transfer (automatic),64.92,4736.6,No
3171-LJLFJ,Female,0,No,No,36,Yes,No,Fiber optic,Yes,Yes,No,Yes,No,Yes,Month-to-month,Yes,Electronic check,99.12,3558.84,Yes
6814-JEBRI,Male,1,No,Yes,20,Yes,Yes,Fiber optic,No,No,No,No,No,Yes,One year,Yes,Credit card (automatic),72.01,1441.27,Yes
9527-AYFRG,Female,0,No,Yes,46,Yes,No,Fiber optic,Yes,No,Yes,No,No,No,Two year,No,Credit card (automatic),80.1,3684.29,No
5747-DNAWS,Female,0,Yes,No,63,Yes,Yes,Fiber optic,No,No,No,No,No,No,Two year,No,Electronic check,63.3,3938.84,No
4603-VEQPO,Male,0,Yes,No,31,Yes,Yes,No,No internet service,No internet service,No internet service,No internet service,No internet service,No internet service,One year,Yes,Electronic check,20.5,648.73,No
5024-GDYRQ,Male,0,No,No,52,Yes,Yes,DSL,No,No,No,Yes,Yes,No,One year,No,Credit card (automatic),57.39,2985.7,No
7330-SHBUP,Male,0,No,No,19,Yes,Yes,No,No internet service,No internet service,No internet service,No internet service,No internet service,No internet service,One year,No,Mailed check,23.29,418.59,No
7473-PBDLM,Female,0,No,No,51,Yes,Yes,Fiber optic,Yes,No,No,No,No,No,Two year,No,Electronic check,73.04,3721.5,No
3320-DQCAJ,Male,1,No,No,72,Yes,Yes,DSL,No,Yes,No,No,No,No,Month-to-month,Yes,Electronic check,54.86,3956.98,Yes
3420-YCJCY,Female,0,No,No,19,Yes,Yes,Fiber optic,No,No,No,No,No,No,Month-to-month,No,Electronic check,65.96,1236.85,Yes
9546-GSKZJ,Male,1,No,Yes,33,Yes,No,Fiber optic,Yes,Yes,No,No,No,Yes,Month-to-month,No,Electronic check,90.79,3012.76,Yes
8561-YNPEK,Female,0,No,No,42,Yes,No,Fiber optic,No,Yes,Yes,No,Yes,Yes,One year,Yes,Bank transfer (automatic),97.39,4094.06,Yes
7248-SXQZX,Male,0,No,No,25,Yes,No,Fiber optic,Yes,Yes,No,No,No,No,Two year,Yes,Mailed check,84.63,2151.13,No
3564-BOTMM,Male,0,No,Yes,20,Yes,Yes,Fiber optic,No,No,No,Yes,Yes,Yes,One year,Yes,Electronic check,78.16,1576.13,Yes
7694-EJDGN,Male,0,No,No,28,Yes,No,Fiber optic,No,No,Yes,No,No,No,One year,No,Electronic check,72.63,2028.94,Yes
4521-TGZDM,Male,0,No,Yes,58,Yes,Yes,Fiber optic,No,Yes,No,No,No,Yes,Month-to-month,Yes,Electronic check,76.23,4370.55,Yes
7774-UVGPD,Female,0,Yes,No,6,Yes,Yes,DSL,Yes,No,No,Yes,No,Yes,Two year,Yes,Bank transfer (automatic),65.28,386.72,No
1070-SXSWJ,Male,0,Yes,No,12,Yes,Yes,No,No internet service,No internet service,No internet service,No internet service,No internet service,No internet service,Month-to-month,No,Electronic check,18.26,213.18,No
4966-COAWK,Female,0,No,Yes,24,Yes,Yes,DSL,No,No,No,No,No,Yes,Month-to-month,No,Electronic check,59.27,1478.65,No
8005-BNKIF,Male,0,No,No,53,Yes,Yes,Fiber optic,No,No,Yes,Yes,Yes,Yes,Month-to-month,Yes,Bank transfer (automatic),85.44,4503.11,Yes
7782-TNGYZ,Male,0,Yes,No,28,No,No phone service,Fiber optic,No,Yes,No,Yes,No,Yes,Month-to-month,No,Electronic check,85.94,2433.0,Yes
4089-ISSJC,Female,0,No,Yes,16,Yes,No,No,No internet service,No internet service,No internet service,No internet service,No internet service,No internet service,Month-to-month,No,Mailed check,19.39,319.22,No
9656-KJLYC,Male,1,No,No,72,No,No phone service,Fiber optic,Yes,No,No,No,No,No,Month-to-month,Yes,Credit card (automatic),73.22,5249.59,No
1925-ZPCTS,Female,0,No,No,32,Yes,No,DSL,Yes,Yes,No,No,No,Yes,Two year,No,Bank transfer (automatic),63.13,2025.65,No
1133-LCKMD,Female,0,No,No,20,Yes,Yes,DSL,Yes,No,No,No,Yes,Yes,Month-to-month,No,Bank transfer (automatic),67.24,1349.4,No
9357-UUJQY,Female,0,Yes,No,42,Yes,Yes,Fiber optic,Yes,Yes,Yes,Yes,Yes,No,Month-to-month,No,Electronic check,100.52,4226.81,No
2965-EPZPU,Male,0,Yes,Yes,40,Yes,Yes,Fiber optic,No,No,Yes,No,No,No,Month-to-month,No,Electronic check,75.61,3050.24,Yes
8964-UPEFA,Male,0,Yes,No,33,Yes,Yes,Fiber optic,Yes,Yes,Yes,Yes,No,No,One year,Yes,Mailed check,100.07,3316.55,No
5855-ABTSU,Female,1,No,No,15,Yes,Yes,No,No internet service,No internet service,No internet service,No internet service,No internet service,No internet service,One year,No,Credit card (automatic),19.64,319.04,No
1779-ZCDGR,Male,0,Yes,Yes,53,Yes,Yes,Fiber optic,No,No,No,No,Yes,Yes,Month-to-month,No,Credit card (automatic),83.84,4499.11,Yes
1289-JWIWL,Male,0,No,No,72,Yes,Yes,Fiber optic,Yes,No,Yes,Yes,Yes,Yes,One year,Yes,Electronic check,98.91,7151.85,No
2961-NWQNO,Male,0,No,No,37,Yes,No,DSL,Yes,No,No,No,No,Yes,Month-to-month,No,Electronic check,53.61,1940.39,No
6473-TGDTU,Female,0,No,No,7,Yes,No,No,No internet service,No internet service,No internet service,No internet service,No internet service,No internet service,Two year,Yes,Electronic check,18.25,106.51,No
7081-EYYEM,Female,0,No,No,72,Yes,No,DSL,No,No,Yes,No,No,No,Two year,No,Credit card (automatic),49.13,3554.8,No
8943-WOKHN,Female,0,No,No,41,Yes,Yes,No,No internet service,No internet service,No internet service,No internet service,No internet service,No internet service,Month-to-month,No,Electronic check,20.57,859.59,No
6242-EUOSL,Female,1,No,No,11,Yes,Yes,DSL,No,No,Yes,Yes,Yes,No,Month-to-month,Yes,Electronic check,75.56,829.42,Yes
6885-QNZFC,Male,0,Yes,No,51,Yes,No,Fiber optic,Yes,No,No,No,Yes,No,Two year,Yes,Mailed check,86.0,4371.63,No
9609-IHYXH,Female,0,Yes,Yes,62,Yes,No,Fiber optic,No,Yes,Yes,Yes,No,No,Month-to-month,Yes,Credit card (automatic),85.15,5307.05,Yes
4210-KBCSC,Male,0,No,No,29,Yes,Yes,Fiber optic,Yes,No,Yes,Yes,Yes,Yes,Month-to-month,No,Electronic check,98.2,2879.36,Yes
8893-KEDGC,Female,0,Yes,Yes,5,Yes,No,No,No internet service,No internet service,No internet service,No internet service,No internet service,No internet service,Month-to-month,Yes,Electronic check,20.65,103.6,No
5580-IREUW,Male,0,No,Yes,34,No,No phone service,Fiber optic,No,No,Yes,No,No,No,Month-to-month,Yes,Credit card (automatic),75.88,2608.34,Yes
6830-SXICL,Female,0,Yes,Yes,11,Yes,Yes,DSL,Yes,Yes,No,No,No,Yes,Month-to-month,Yes,Bank transfer (automatic),65.54,809.89,No
4080-JZFSC,Male,1,No,No,42,No,No phone service,Fiber optic,No,Yes,Yes,No,Yes,No,One year,Yes,Electronic check,89.28,3731.64,Yes
9704-IABLD,Male,0,Yes,No,16,Yes,Yes,DSL,No,Yes,No,No,Yes,Yes,Month-to-month,Yes,Mailed check,65.05,1033.11,Yes
7391-VHYDE,Male,1,No,No,39,Yes,No,DSL,No,No,No,No,No,Yes,One year,Yes,Electronic check,50.32,1917.81,No
8511-PJOXF,Male,0,Yes,No,20,Yes,Yes,DSL,No,Yes,Yes,Yes,Yes,No,Two year,Yes,Credit card (automatic),72.72,1403.25,No
8495-JBRAA,Male,0,No,No,35,No,No phone service,Fiber optic,Yes,Yes,No,No,No,Yes,Two year,No,Bank transfer (automatic),88.58,3108.66,No
2783-NKYQF,Female,1,Yes,Yes,52,Yes,Yes,No,No internet service,No internet service,No internet service,No internet service,No internet service,No internet service,One year,Yes,Mailed check,20.37,1101.7,No
3599-XHPZN,Male,0,No,Yes,53,Yes,No,DSL,Yes,No,No,Yes,No,No,Month-to-month,No,Credit card (automatic),57.08,3031.34,No
1347-AKWAF,Female,0,Yes,Yes,14,Yes,Yes,No,No internet service,No internet service,No internet service,No internet service,No internet service,No internet service,Month-to-month,No,Electronic check,19.59,308.62,Yes
2248-XBZPU,Male,0,No,No,22,Yes,Yes,No,No internet service,No internet service,No internet service,No internet service,No internet service,No internet service,Month-to-month,No,Bank transfer (automatic),18.25,485.42,No
1201-LGSXP,Female,0,No,Yes,23,Yes,No,Fiber optic,No,No,No,Yes,Yes,Yes,Two year,No,Electronic check,86.11,1983.63,No
3379-HAOCD,Male,1,No,No,34,Yes,Yes,Fiber optic,No,Yes,Yes,No,No,Yes,Month-to-month,Yes,Electronic check,88.91,2998.72,Yes
9156-VYZJG,Female,0,No,No,65,Yes,No,No,No internet service,No internet service,No internet service,No internet service,No internet service,No internet service,Month-to-month,No,Electronic check,23.2,1544.46,No
1347-VILTF,Female,1,No,No,25,Yes,No,Fiber optic,No,Yes,No,No,Yes,No,Month-to-month,No,Credit card (automatic),75.85,1915.7,Yes
9754-MZNGF,Male,0,No,No,39,Yes,No,No,No internet service,No internet service,No internet service,No internet service,No internet service,No internet service,Month-to-month,Yes,Electronic check,18.97,782.47,No
4463-ODAFO,Female,0,Yes,No,24,Yes,No,Fiber optic,Yes,No,Yes,No,Yes,No,Month-to-month,No,Bank transfer (automatic),89.24,2140.05,Yes
5784-HAZJP,Male,0,No,Yes,16,Yes,Yes,DSL,Yes,Yes,Yes,No,Yes,No,Two year,No,Bank transfer (automatic),77.59,1249.06,No
3909-SPLFP,Male,0,Yes,No,7,Yes,No,Fiber optic,Yes,No,No,No,No,No,Month-to-month,Yes,Bank transfer (automatic),67.87,427.76,Yes
6662-QIORH,Female,1,No,Yes,19,Yes,No,DSL,No,No,No,No,No,Yes,One year,Yes,Mailed check,54.67,1021.55,No
5785-AJGEE,Female,0,Yes,No,9,No,No phone service,DSL,Yes,Yes,No,Yes,Yes,No,Two year,Yes,Mailed check,66.69,610.91,No
5719-TUYIS,Male,0,Yes,Yes,10,Yes,Yes,DSL,No,Yes,No,Yes,No,No,Two year,Yes,Mailed check,56.26,561.19,No
2908-CPYAM,Male,0,No,No,36,Yes,No,Fiber optic,No,Yes,Yes,No,Yes,No,Month-to-month,Yes,Electronic check,97.97,3519.03,Yes
8750-NVKOB,Female,0,Yes,No,39,Yes,No,DSL,No,No,Yes,No,No,No,One year,No,Electronic check,53.73,2071.26,Yes
9753-TEHNR,Female,1,Yes,No,54,Yes,No,DSL,No,No,No,No,Yes,No,One year,Yes,Mailed check,53.05,2847.27,No
5631-HPFXJ,Female,0,Yes,No,4,Yes,No,DSL,No,Yes,No,No,No,No,Month-to-month,Yes,Mailed check,51.0,175.55,No
6472-YOLYC,Female,0,No,Yes,48,Yes,Yes,Fiber optic,No,No,No,No,Yes,No,Two year,Yes,Electronic check,67.01,3228.57,Yes
4490-ROBRN,Female,0,Yes,No,1,Yes,Yes,DSL,No,No,Yes,Yes,No,Yes,Month-to-month,Yes,Mailed check,65.15,55.29,Yes
2117-OERWH,Male,0,Yes,No,16,Yes,Yes,Fiber optic,No,Yes,Yes,No,Yes,Yes,Month-to-month,No,Electronic check,102.5,1639.29,No
1619-RJHMF,Female,1,No,Yes,24,Yes,No,No,No internet service,No internet service,No internet service,No internet service,No internet service,No internet service,Month-to-month,Yes,Electronic check,18.83,434.97,No
2510-WHUVE,Male,0,No,Yes,16,Yes,No,Fiber optic,No,Yes,Yes,No,No,Yes,One year,Yes,Electronic check,86.36,1384.95,Yes
3367-ZSJAF,Female,0,Yes,Yes,27,Yes,No,DSL,No,No,No,Yes,Yes,No,Month-to-month,No,Mailed check,60.04,1652.87,Yes
2248-EEQCD,Male,0,No,Yes,32,Yes,No,Fiber optic,No,No,Yes,No,No,No,Two year,Yes,Bank transfer (automatic),71.05,2277.08,No
2419-XOABO,Female,0,Yes,No,0,Yes,No,DSL,No,No,No,No,No,Yes,Two year,No,Electronic check,55.61, ,Yes
7949-DHHTQ,Female,1,No,Yes,40,Yes,Yes,No,No internet service,No internet service,No internet service,No internet service,No internet service,No internet service,One year,Yes,Electronic check,22.45,880.5,No
1864-CVYXO,Female,0,Yes,No,18,Yes,Yes,DSL,Yes,No,Yes,No,No,Yes,One year,No,Electronic check,66.18,1226.04,No
9216-ZDZZN,Female,0,Yes,Yes,47,Yes,No,DSL,No,Yes,Yes,No,No,Yes,Month-to-month,No,Electronic check,68.69,3218.38,No
8493-JKCOJ,Male,0,Yes,No,48,Yes,Yes,DSL,Yes,No,No,Yes,Yes,No,One year,No,Credit card (automatic),60.67,2924.47,No
6841-OXSJB,Female,1,No,Yes,30,Yes,No,No,No internet service,No internet service,No internet service,No internet service,No internet service,No internet service,Month-to-month,Yes,Credit card (automatic),19.0,558.91,No
8637-QEKCH,Male,1,Yes,No,53,Yes,No,DSL,Yes,No,No,No,Yes,Yes,One year,Yes,Credit card (automatic),67.29,3507.93,Yes
1488-XEDEW,Male,0,No,No,13,No,No phone service,DSL,No,No,No,Yes,Yes,No,Month-to-month,No,Mailed check,54.98,693.31,No
6852-VSEZJ,Male,0,No,No,16,Yes,Yes,DSL,No,No,No,Yes,Yes,Yes,One year,Yes,Bank transfer (automatic),63.57,991.78,Yes
9318-RCXAT,Male,0,No,No,4,Yes,No,No,No internet service,No internet service,No internet service,No internet service,No internet service,No internet service,One year,Yes,Mailed check,23.1,154.97,No
2789-XBHKI,Male,0,No,No,41,Yes,Yes,Fiber optic,No,Yes,Yes,Yes,No,No,Two year,No,Bank transfer (automatic),82.66,3373.16,No
6762-VJTFU,Female,0,Yes,No,28,Yes,No,No,No internet service,No internet service,No internet service,No internet service,No internet service,No internet service,Month-to-month,No,Credit card (automatic),18.83,570.97,No
9726-TTIGP,Female,0,Yes,No,24,No,No phone service,No,No internet service,No internet service,No internet service,No internet service,No internet service,No internet service,Two year,No,Electronic check,18.25,468.65,No
6416-XHPXZ,Female,1,Yes,No,23,Yes,No,Fiber optic,No,No,Yes,No,No,No,One year,No,Electronic check,78.79,1816.52,No
1997-IRFMM,Male,0,No,Yes,20,Yes,No,DSL,No,Yes,No,No,No,No,Month-to-month,Yes,Mailed check,51.48,1023.56,Yes
8605-MYWZE,Male,0,Yes,Yes,10,Yes,Yes,No,No internet service,No internet service,No internet service,No internet service,No internet service,No internet service,Month-to-month,No,Electronic check,18.96,198.12,No
2416-COGRV,Male,0,No,Yes,8,Yes,No,Fiber optic,No,Yes,Yes,Yes,Yes,Yes,Two year,Yes,Credit card (automatic),103.17,784.24,No
9876-DERTV,Female,0,No,No,72,No,No phone service,Fiber optic,No,No,Yes,Yes,Yes,No,Month-to-month,Yes,Bank transfer (automatic),88.57,6390.99,No
4048-NMOPT,Female,0,No,Yes,38,Yes,Yes,Fiber optic,No,Yes,No,No,No,No,Two year,Yes,Mailed check,70.78,2709.07,No
2824-KMIJK,Male,0,No,Yes,24,Yes,No,Fiber optic,No,No,No,No,No,Yes,One year,No,Bank transfer (automatic),65.7,1633.83,No
1772-TCQBJ,Female,1,Yes,No,21,Yes,Yes,No,No internet service,No internet service,No internet service,No internet service,No internet service,No internet service,Month-to-month,No,Electronic check,22.15,482.59,No
5195-RCGWD,Male,0,Yes,No,35,Yes,No,No,No internet service,No internet service,No internet service,No internet service,No internet service,No internet service,Month-to-month,No,Bank transfer (automatic),23.57,804.21,No
7112-DAHVF,Male,1,No,No,60,Yes,Yes,Fiber optic,Yes,No,Yes,Yes,No,No,Month-to-month,Yes,Mailed check,85.94,5147.75,No
2133-FCYFX,Male,0,Yes,No,30,Yes,Yes,DSL,Yes,No,No,Yes,Yes,No,One year,Yes,Credit card (automatic),63.77,1924.07,Yes
5443-XJLUI,Male,0,No,Yes,72,Yes,No,No,No internet service,No internet service,No internet service,No internet service,No internet service,No internet service,Two year,Yes,Electronic check,18.93,1343.31,No
3195-MVFIC,Female,0,No,No,42,Yes,No,DSL,Yes,Yes,Yes,No,Yes,No,Month-to-month,Yes,Bank transfer (automatic),72.05,2998.77,No
7759-KGYDU,Female,1,Yes,Yes,18,Yes,No,Fiber optic,Yes,No,No,Yes,Yes,Yes,One year,Yes,Bank transfer (automatic),92.41,1623.87,No
2819-VYNLH,Male,0,Yes,Yes,8,Yes,No,DSL,Yes,No,Yes,No,No,No,One year,Yes,Electronic check,61.68,516.18,Yes
3503-TBLBZ,Female,0,Yes,No,58,Yes,No,Fiber optic,No,Yes,No,No,Yes,Yes,Two year,Yes,Electronic check,80.89,4685.11,Yes
5607-GIVSI,Female,0,Yes,Yes,11,Yes,No,Fiber optic,No,No,No,No,Yes,Yes,Month-to-month,No,Mailed check,74.48,804.09,Yes
8975-UBVFZ,Female,0,No,No,47,Yes,Yes,Fiber optic,No,Yes,Yes,No,Yes,No,Month-to-month,Yes,Electronic check,83.19,3896.73,Yes
8466-KIBND,Female,0,No,No,36,Yes,No,No,No internet service,No internet service,No internet service,No internet service,No internet service,No internet service,Month-to-month,Yes,Electronic check,22.29,850.56,No
9038-WAMIQ,Male,0,Yes,Yes,6,No,No phone service,No,No internet service,No internet service,No internet service,No internet service,No internet service,No internet service,Month-to-month,Yes,Electronic check,20.81,129.78,No
8386-KCLWS,Female,0,No,Yes,34,Yes,No,Fiber optic,Yes,Yes,Yes,No,Yes,Yes,One year,No,Electronic check,100.97,3438.58,No
6799-OHKKW,Male,0,Yes,Yes,39,Yes,No,DSL,Yes,No,No,No,No,Yes,Two year,Yes,Electronic check,61.3,2456.42,Yes
6361-LPKLO,Female,0,No,Yes,21,Yes,Yes,Fiber optic,No,Yes,No,No,Yes,No,Month-to-month,Yes,Electronic check,82.39,1726.04,Yes
2467-SNRHT,Male,0,No,No,19,No,No phone service,Fiber optic,No,No,Yes,No,Yes,Yes,One year,Yes,Credit card (automatic),82.98,1605.12,Yes
9854-HHJAP,Female,0,Yes,No,22,Yes,No,Fiber optic,No,No,No,No,No,No,One year,Yes,Electronic check,65.64,1461.34,No
9619-PSXEY,Male,0,No,Yes,57,Yes,Yes,No,No internet service,No internet service,No internet service,No internet service,No internet service,No internet service,Month-to-month,No,Credit card (automatic),19.1,1082.94,No
4674-NQFCR,Male,1,No,Yes,19,Yes,No,Fiber optic,No,No,No,No,No,No,Month-to-month,Yes,Bank transfer (automatic),67.49,1283.34,No
2460-EBHXX,Female,0,Yes,No,4,Yes,No,DSL,Yes,No,Yes,No,No,No,Month-to-month,Yes,Credit card (automatic),52.31,217.72,No
5454-MFZHY,Female,0,Yes,No,28,Yes,No,Fiber optic,No,No,No,No,Yes,No,Month-to-month,Yes,Credit card (automatic),69.49,1912.96,No
1057-IJTHN,Male,1,No,No,3,Yes,Yes,DSL,Yes,Yes,No,No,Yes,No,Two year,Yes,Credit card (automatic),65.99,204.4,No
4061-URCNM,Female,0,Yes,Yes,34,Yes,Yes,DSL,Yes,No,Yes,Yes,No,Yes,Two year,No,Bank transfer (automatic),71.44,2460.53,No
8602-LDZEL,Female,0,Yes,No,10,Yes,Yes,Fiber optic,No,Yes,Yes,No,No,Yes,One year,Yes,Bank transfer (automatic),97.36,960.15,No
2154-JAYAG,Male,0,Yes,Yes,23,Yes,Yes,DSL,No,No,No,No,Yes,Yes,Two year,Yes,Electronic check,58.33,1347.43,No
3559-RHRFH,Female,0,No,No,11,No,No phone service,Fiber optic,No,No,No,No,No,Yes,Month-to-month,No,Credit card (automatic),72.14,810.27,Yes
2094-ABLQM,Male,0,Yes,No,71,Yes,No,No,No internet service,No internet service,No internet service,No internet service,No internet service,No internet service,Month-to-month,Yes,Electronic check,18.46,1313.16,No
8388-VCZVR,Female,0,No,No,35,Yes,No,DSL,Yes,No,No,No,No,Yes,Month-to-month,No,Bank transfer (automatic),66.49,2298.72,No
7740-OBQGD,Male,0,Yes,Yes,10,Yes,Yes,Fiber optic,No,Yes,No,Yes,Yes,No,Month-to-month,Yes,Electronic check,89.21,863.63,Yes
2540-PKVUZ,Male,0,Yes,No,30,No,No phone service,Fiber optic,Yes,Yes,Yes,No,No,No,One year,Yes,Electronic check,86.68,2634.04,No
5604-FEYQF,Female,1,No,Yes,8,Yes,No,Fiber optic,No,No,No,Yes,No,No,One year,Yes,Bank transfer (automatic),71.2,589.37,Yes
1988-IXTMF,Female,0,Yes,No,22,Yes,No,No,No internet service,No internet service,No internet service,No internet service,No internet service,No internet service,Month-to-month,No,Mailed check,24.8,560.91,No
7198-PYWMB,Female,0,No,Yes,60,Yes,No,No,No internet service,No internet service,No internet service,No internet service,No internet service,No internet service,Two year,No,Bank transfer (automatic),18.92,1154.45,No
1768-EIHBR,Female,0,Yes,No,36,No,No phone service,DSL,No,No,No,Yes,No,No,Month-to-month,Yes,Credit card (automatic),54.31,1940.11,Yes
2919-QEOSX,Female,0,No,Yes,11,Yes,No,Fiber optic,Yes,No,No,No,No,No,Month-to-month,No,Electronic check,72.28,833.57,Yes
8429-VXFBB,Female,0,Yes,No,7,Yes,No,DSL,No,Yes,Yes,Yes,No,Yes,Month-to-month,No,Credit card (automatic),70.8,450.19,No
4772-LBDPR,Female,0,No,No,40,Yes,No,DSL,Yes,Yes,Yes,Yes,Yes,No,Month-to-month,Yes,Electronic check,81.71,3281.57,No
2012-NLUJV,Male,1,Yes,No,72,Yes,No,Fiber optic,No,No,No,Yes,No,Yes,One year,Yes,Credit card (automatic),77.17,5534.79,No
2566-YJNXD,Male,0,No,Yes,23,Yes,Yes,DSL,No,No,No,No,No,No,One year,Yes,Bank transfer (automatic),47.3,1101.22,No
5151-LYJBY,Male,0,Yes,No,58,Yes,No,Fiber optic,Yes,No,No,No,No,Yes,One year,No,Mailed check,83.8,4825.5,Yes
2255-RYYJH,Female,0,Yes,Yes,36,Yes,Yes,Fiber optic,No,No,Yes,No,No,No,Month-to-month,Yes,Mailed check,78.82,2870.24,Yes
2640-PHKTU,Male,0,No,No,39,Yes,Yes,Fiber optic,No,No,No,Yes,No,No,Month-to-month,Yes,Electronic check,74.93,2908.42,Yes
6529-EWTZK,Male,0,Yes,Yes,8,Yes,No,No,No internet service,No internet service,No internet service,No internet service,No internet service,No internet service,Month-to-month,No,Mailed check,25.68,197.94,No
3366-NIJXV,Female,0,Yes,Yes,22,Yes,No,No,No internet service,No internet service,No internet service,No internet service,No internet service,No internet service,Two year,Yes,Electronic check,18.25,417.28,No
6213-BNVNI,Male,0,No,Yes,24,Yes,No,Fiber optic,No,Yes,Yes,No,Yes,Yes,Month-to-month,Yes,Bank transfer (automatic),102.72,2520.76,Yes
5492-RIPRZ,Male,0,No,Yes,2,Yes,Yes,Fiber optic,No,No,No,Yes,No,No,Month-to-month,Yes,Bank transfer (automatic),76.3,133.12,Yes
4031-JBCEB,Female,0,No,Yes,15,Yes,No,DSL,No,No,No,No,Yes,No,Two year,No,Credit card (automatic),48.48,697.0,No
3247-SRQCH,Female,0,No,No,16,Yes,Yes,DSL,No,No,No,No,Yes,No,Month-to-month,Yes,Bank transfer (automatic),50.17,790.19,No
2567-IEWNX,Male,0,Yes,Yes,11,No,No phone service,DSL,No,No,Yes,No,Yes,No,Two year,Yes,Credit card (automatic),60.44,705.09,No
2091-YUKZZ,Male,0,Yes,No,22,Yes,No,No,No internet service,No internet service,No internet service,No internet service,No internet service,No internet service,Two year,No,Electronic check,22.96,490.35,No
5609-PHHYE,Male,0,No,No,45,Yes,Yes,Fiber optic,Yes,Yes,No,No,No,Yes,Two year,Yes,Bank transfer (automatic),86.74,3878.41,No
3213-MQTMF,Female,0,Yes,No,46,Yes,Yes,Fiber optic,No,Yes,No,No,No,Yes,Month-to-month,No,Electronic check,81.02,3664.93,Yes
1880-HMMWY,Female,0,Yes,No,65,No,No phone service,Fiber optic,Yes,No,Yes,No,No,No,Two year,No,Electronic check,80.32,5209.55,No
3864-EVUNX,Male,0,Yes,No,51,Yes,Yes,Fiber optic,No,No,No,Yes,Yes,Yes,One year,Yes,Mailed check,93.96,4779.26,Yes
3660-VUEPE,Female,0,Yes,No,32,Yes,Yes,No,No internet service,No internet service,No internet service,No internet service,No internet service,No internet service,Two year,No,Mailed check,20.35,663.5,No
9535-DGZMZ,Male,0,Yes,No,67,Yes,No,DSL,No,No,Yes,No,Yes,Yes,Month-to-month,Yes,Credit card (automatic),65.22,4369.73,No
3663-XAEQH,Male,0,Yes,No,17,Yes,No,No,No internet service,No internet service,No internet service,No internet service,No internet service,No internet service,Month-to-month,No,Bank transfer (automatic),18.25,290.9,No
5353-AMTUY,Female,0,No,Yes,25,Yes,Yes,Fiber optic,No,No,No,Yes,Yes,Yes,One year,Yes,Mailed check,84.26,2074.34,No
9049-DYNQL,Male,0,No,No,72,Yes,No,DSL,Yes,No,No,No,No,No,Month-to-month,Yes,Bank transfer (automatic),53.91,3883.83,No
1511-TQWST,Male,1,No,Yes,17,Yes,No,Fiber optic,No,No,No,No,Yes,Yes,One year,Yes,Electronic check,81.8,1379.76,Yes
7243-XWJDF,Male,0,Yes,No,1,Yes,No,Fiber optic,Yes,No,No,Yes,No,No,Two year,Yes,Credit card (automatic),82.55,91.89,No
5011-CXOVN,Female,1,Yes,No,7,Yes,No,DSL,No,No,No,Yes,No,No,Two year,Yes,Electronic check,49.04,330.96,No
8737-KKCHM,Female,1,No,Yes,23,Yes,No,DSL,Yes,No,No,Yes,Yes,No,Month-to-month,Yes,Electronic check,68.87,1584.73,No
4418-VNCZR,Female,0,Yes,Yes,11,Yes,No,Fiber optic,No,No,No,No,No,No,Month-to-month,No,Mailed check,67.77,746.58,Yes
8956-XFCGR,Male,0,Yes,No,6,Yes,Yes,Fiber optic,No,Yes,No,No,Yes,Yes,One year,No,Mailed check,92.44,534.72,Yes
8739-XQBEA,Male,0,No,Yes,47,Yes,No,Fiber optic,Yes,No,No,No,Yes,No,Month-to-month,No,Bank transfer (automatic),81.26,3816.39,Yes
3913-AEBMW,Female,0,No,Yes,36,Yes,Yes,Fiber optic,Yes,Yes,No,Yes,Yes,No,Month-to-month,Yes,Bank transfer (automatic),91.44,3313.75,Yes
1196-CSOTM,Male,0,Yes,No,2,Yes,No,Fiber optic,No,Yes,Yes,No,No,Yes,Month-to-month,No,Electronic check,88.23,178.03,Yes
5678-UMJXL,Female,0,No,No,54,Yes,No,No,No internet service,No internet service,No internet service,No internet service,No internet service,No internet service,Month-to-month,No,Bank transfer (automatic),18.25,988.47,No
2868-WJWLL,Female,0,No,No,72,Yes,No,No,No internet service,No internet service,No internet service,No internet service,No internet service,No internet service,Month-to-month,No,Electronic check,22.97,1686.68,No
9442-VVABG,Male,0,No,No,14,No,No phone service,DSL,No,No,No,No,No,No,Month-to-month,No,Bank transfer (automatic),40.58,525.85,Yes
9713-GQENB,Female,0,Yes,No,37,Yes,No,DSL,No,No,Yes,No,Yes,No,Two year,Yes,Mailed check,62.7,2346.43,No
8259-LAZDR,Male,0,No,No,10,Yes,Yes,Fiber optic,No,No,Yes,Yes,No,Yes,Two year,No,Electronic check,93.46,978.96,Yes
1990-QABDH,Male,1,No,No,29,Yes,No,DSL,No,Yes,No,No,Yes,Yes,Month-to-month,Yes,Electronic check,67.12,1962.19,Yes
3370-OJOED,Female,0,Yes,No,38,Yes,No,No,No internet service,No internet service,No internet service,No internet service,No internet service,No internet service,One year,Yes,Credit card (automatic),23.06,846.35,No
9086-AQWZO,Male,0,No,No,23,Yes,Yes,DSL,No,No,No,No,Yes,No,Two year,No,Credit card (automatic),53.26,1269.71,No
1924-FXPXD,Female,1,No,No,13,Yes,Yes,DSL,Yes,No,No,No,No,Yes,Month-to-month,Yes,Credit card (automatic),59.07,755.14,Yes
5995-QEXFV,Female,0,Yes,Yes,17,Yes,Yes,No,No internet service,No internet service,No internet service,No internet service,No internet service,No internet service,Month-to-month,Yes,Bank transfer (automatic),23.54,415.86,No
4428-WXVFG,Female,0,Yes,Yes,3,Yes,No,DSL,Yes,No,Yes,No,Yes,Yes,Month-to-month,No,Electronic check,78.89,215.22,Yes
8768-EJZQK,Female,0,Yes,Yes,27,No,No phone service,DSL,No,No,Yes,No,No,Yes,One year,Yes,Electronic check,51.84,1403.54,No
8573-NMHHM,Female,0,No,No,72,Yes,No,No,No internet service,No internet service,No internet service,No internet service,No internet service,No internet service,Month-to-month,No,Mailed check,18.25,1334.18,No
1519-DHLXU,Male,1,Yes,No,7,Yes,No,DSL,No,No,No,Yes,No,No,Month-to-month,Yes,Mailed check,54.77,367.06,Yes
7937-WWZBH,Female,0,No,No,65,Yes,Yes,Fiber optic,No,No,Yes,No,Yes,Yes,Month-to-month,Yes,Credit card (automatic),84.56,5485.97,Yes
6407-JOAUT,Female,0,Yes,No,20,Yes,Yes,Fiber optic,Yes,No,No,No,No,No,Two year,No,Electronic check,78.4,1562.62,No
5739-JARWC,Male,0,No,No,3,Yes,No,DSL,No,No,No,Yes,Yes,No,Two year,Yes,Mailed check,59.88,182.17,No
4970-CNTFP,Male,0,No,No,48,Yes,No,DSL,Yes,Yes,No,Yes,No,Yes,One year,Yes,Mailed check,71.98,3428.51,Yes
1968-FQHFH,Male,0,No,No,27,No,No phone service,DSL,No,Yes,Yes,No,No,No,Month-to-month,No,Mailed check,55.31,1477.25,No
8204-IYMBT,Male,0,No,Yes,9,Yes,Yes,Fiber optic,Yes,Yes,Yes,No,No,No,One year,Yes,Mailed check,91.2,760.79,Yes
1873-XGDWJ,Female,0,Yes,No,13,Yes,No,No,No internet service,No internet service,No internet service,No internet service,No internet service,No internet service,One year,Yes,Credit card (automatic),22.71,287.57,No
5419-QPYZO,Male,0,Yes,No,16,Yes,No,Fiber optic,No,No,Yes,Yes,No,Yes,One year,No,Mailed check,85.47,1373.13,No
5191-QDTSN,Female,0,No,Yes,22,Yes,No,Fiber optic,No,No,No,No,Yes,Yes,Month-to-month,Yes,Credit card (automatic),81.26,1758.68,Yes
4771-FAJQV,Female,1,Yes,Yes,29,Yes,No,Fiber optic,No,No,No,No,No,Yes,Month-to-month,Yes,Electronic check,71.07,2066.93,Yes
4108-HOPUX,Female,0,No,Yes,30,Yes,Yes,Fiber optic,No,No,No,No,No,Yes,One year,No,Mailed check,70.95,2174.42,No
5439-HFJAW,Male,0,No,Yes,44,Yes,No,Fiber optic,No,Yes,No,No,No,No,Month-to-month,Yes,Mailed check,72.79,3175.91,Yes
7601-SYDTR,Male,0,No,Yes,26,Yes,Yes,No,No internet service,No internet service,No internet service,No internet service,No internet service,No internet service,Month-to-month,Yes,Electronic check,18.25,424.52,No
6946-KRDZU,Female,0,Yes,No,33,Yes,No,Fiber optic,No,No,No,No,No,Yes,Two year,No,Credit card (automatic),75.29,2468.42,No
8478-RVQFO,Female,0,No,No,27,Yes,No,Fiber optic,No,No,Yes,No,No,Yes,One year,Yes,Bank transfer (automatic),75.73,2050.18,Yes
8187-JYRXE,Male,1,Yes,No,0,Yes,Yes,DSL,Yes,No,No,Yes,Yes,No,Two year,Yes,Mailed check,69.26, ,No
1165-KLDRN,Female,0,No,Yes,7,Yes,No,Fiber optic,Yes,Yes,No,No,No,No,Month-to-month,Yes,Electronic check,85.99,601.18,No
8211-YDHYI,Male,1,No,No,10,Yes,Yes,Fiber optic,No,No,No,Yes,No,No,Month-to-month,Yes,Credit card (automatic),70.73,667.85,Yes
1729-MYSPO,Female,1,No,No,25,Yes,Yes,Fiber optic,No,No,No,No,Yes,Yes,Month-to-month,No,Mailed check,76.57,1922.3,Yes
7802-NPAAW,Male,0,No,No,27,No,No phone service,No,No internet service,No internet service,No internet service,No internet service,No internet service,No internet service,Month-to-month,Yes,Electronic check,18.25,470.61,No
9582-QTBPW,Male,0,Yes,No,20,Yes,No,DSL,No,Yes,No,No,Yes,No,Month-to-month,Yes,Electronic check,65.42,1304.25,Yes
2283-RVNZJ,Female,0,No,No,37,No,No phone service,Fiber optic,No,No,No,No,Yes,Yes,Two year,Yes,Credit card (automatic),78.74,2893.05,No
9994-ZXINZ,Male,0,No,No,41,Yes,Yes,No,No internet service,No internet service,No internet service,No internet service,No internet service,No internet service,Two year,Yes,Mailed check,18.25,717.82,No
2370-VWVBN,Male,0,Yes,No,22,No,No phone service,DSL,Yes,Yes,Yes,No,Yes,No,Month-to-month,Yes,Bank transfer (automatic),77.48,1719.0,Yes
4965-YARUQ,Male,0,No,No,45,Yes,Yes,Fiber optic,Yes,Yes,Yes,Yes,No,Yes,Month-to-month,Yes,Mailed check,102.04,4595.41,No
3398-APIKV,Male,1,No,Yes,20,Yes,No,DSL,No,Yes,Yes,No,No,No,Month-to-month,No,Credit card (automatic),58.5,1121.42,No
8399-IKPBZ,Female,0,No,Yes,32,Yes,Yes,Fiber optic,Yes,No,Yes,No,No,No,Two year,Yes,Electronic check,80.36,2531.98,No
7227-GUJTR,Male,0,No,No,1,Yes,No,No,No internet service,No internet service,No internet service,No internet service,No internet service,No internet service,One year,Yes,Credit card (automatic),21.58,0.0,No
8510-TEQMF,Female,0,Yes,Yes,22,No,No phone service,Fiber optic,Yes,Yes,No,No,Yes,No,Two year,No,Bank transfer (automatic),84.44,1898.09,No
1765-ZCAGS,Female,0,No,No,46,Yes,No,Fiber optic,No,Yes,Yes,Yes,Yes,No,Two year,Yes,Credit card (automatic),92.56,4276.97,No
9822-VCVAZ,Male,0,Yes,Yes,25,Yes,Yes,Fiber optic,No,No,Yes,No,Yes,No,Month-to-month,No,Mailed check,84.0,2106.48,Yes
7605-IZWCS,Male,0,No,No,9,Yes,No,DSL,Yes,No,No,No,Yes,Yes,Month-to-month,Yes,Electronic check,63.39,577.72,Yes
1324-ZQQBZ,Female,0,Yes,Yes,30,Yes,No,DSL,Yes,No,No,No,No,No,Month-to-month,Yes,Mailed check,50.43,1502.66,Yes
6651-DPVOI,Female,1,No,No,20,Yes,No,Fiber optic,Yes,No,Yes,Yes,No,No,Month-to-month,Yes,Bank transfer (automatic),86.07,1747.02,Yes
5345-NWLVH,Female,0,Yes,No,33,Yes,No,No,No internet service,No internet service,No internet service,No internet service,No internet service,No internet service,Two year,Yes,Mailed check,20.53,690.98,No
7053-KQMVR,Female,1,Yes,No,13,Yes,No,Fiber optic,No,Yes,No,No,Yes,Yes,One year,No,Credit card (automatic),83.83,1071.04,No
3053-ZTRWF,Male,0,Yes,Yes,22,Yes,No,Fiber optic,No,Yes,Yes,Yes,Yes,Yes,Month-to-month,Yes,Credit card (automatic),96.53,2122.34,Yes
8747-PJWGP,Male,0,No,No,9,Yes,Yes,DSL,Yes,No,No,Yes,Yes,No,Month-to-month,No,Credit card (automatic),69.99,593.99,Yes
2986-KWKTF,Female,0,Yes,No,16,Yes,No,DSL,No,Yes,Yes,No,No,No,Two year,Yes,Mailed check,58.16,917.6,No
4194-MTMBC,Male,0,Yes,Yes,28,No,No phone service,DSL,No,No,No,Yes,Yes,Yes,Month-to-month,No,Mailed check,70.3,1922.86,Yes
7535-WKXAJ,Female,1,Yes,Yes,4,Yes,No,No,No internet service,No internet service,No internet service,No internet service,No internet service,No internet service,Month-to-month,No,Mailed check,18.25,47.98,Yes
1979-LQJRG,Male,0,Yes,No,22,Yes,No,Fiber optic,No,No,No,Yes,No,Yes,Two year,Yes,Mailed check,79.33,1694.99,No
1762-KRTME,Female,0,No,No,7,Yes,No,No,No internet service,No internet service,No internet service,No internet service,No internet service,No internet service,Month-to-month,Yes,Electronic check,18.25,121.28,No
8382-SZVKE,Male,0,No,No,19,Yes,Yes,DSL,No,Yes,No,No,No,No,Month-to-month,Yes,Electronic check,53.38,1021.74,Yes
4491-PUPMN,Male,0,Yes,Yes,6,Yes,No,Fiber optic,No,Yes,No,No,No,Yes,Two year,No,Mailed check,86.31,482.45,Yes
7874-YCLOT,Male,0,Yes,No,72,Yes,Yes,DSL,No,No,No,Yes,No,No,Two year,No,Bank transfer (automatic),50.64,3631.57,No
6310-QXOJD,Male,0,Yes,No,46,Yes,No,No,No internet service,No internet service,No internet service,No internet service,No internet service,No internet service,Two year,No,Credit card (automatic),20.16,922.06,No
2591-HAFAA,Female,1,Yes,No,20,Yes,Yes,DSL,Yes,No,Yes,Yes,No,No,Month-to-month,Yes,Bank transfer (automatic),66.93,1361.57,No
1338-RLUNY,Male,0,Yes,No,65,Yes,No,DSL,No,No,No,No,No,No,Two year,No,Mailed check,47.3,3038.5,No
1943-XDWZE,Male,0,Yes,No,13,Yes,Yes,DSL,No,Yes,Yes,No,No,Yes,One year,Yes,Electronic check,73.71,990.69,No
9005-GNWFC,Male,0,Yes,No,55,Yes,Yes,DSL,Yes,No,Yes,No,Yes,No,Month-to-month,Yes,Credit card (automatic),69.41,3862.38,Yes
1642-WLSAI,Male,0,Yes,No,33,Yes,No,DSL,No,No,No,Yes,Yes,No,Month-to-month,No,Electronic check,61.07,2012.35,No
7886-SPIXY,Female,1,No,No,13,Yes,Yes,No,No internet service,No internet service,No internet service,No internet service,No internet service,No internet service,Two year,Yes,Credit card (automatic),21.7,308.42,No
4556-IPKWL,Male,0,Yes,Yes,38,No,No phone service,No,No internet service,No internet service,No internet service,No internet service,No internet service,No internet service,Month-to-month,Yes,Electronic check,18.25,686.31,No
6559-QQUDC,Female,0,No,No,48,Yes,No,Fiber optic,No,No,Yes,Yes,No,Yes,Month-to-month,No,Mailed check,83.6,4023.37,No
6960-GHHZM,Male,0,No,No,23,Yes,No,No,No internet service,No internet service,No internet service,No internet service,No internet service,No internet service,Month-to-month,No,Bank transfer (automatic),21.51,511.04,No
9811-EDVXK,Female,1,No,Yes,44,Yes,No,Fiber optic,No,Yes,Yes,Yes,Yes,No,Month-to-month,Yes,Electronic check,97.58,4347.3,Yes
9304-ONOAX,Male,0,Yes,No,41,Yes,No,No,No internet service,No internet service,No internet service,No internet service,No internet service,No internet service,Month-to-month,Yes,Electronic check,19.74,835.43,No
2269-CEGKD,Male,1,No,No,30,Yes,No,DSL,Yes,No,Yes,No,No,Yes,Month-to-month,No,Electronic check,71.88,2143.58,Yes
1635-PBJOM,Female,0,No,Yes,6,No,No phone service,Fiber optic,Yes,Yes,Yes,Yes,Yes,Yes,Month-to-month,No,Credit card (automatic),109.11,702.38,Yes
6468-LZSOV,Female,1,No,No,29,No,No phone service,DSL,Yes,No,No,No,Yes,No,Month-to-month,No,Mailed check,62.72,1836.09,No
9628-ZMYHQ,Female,0,No,Yes,23,Yes,Yes,No,No internet service,No internet service,No internet service,No internet service,No internet service,No internet service,Two year,No,Electronic check,20.06,457.93,No
5399-IPQSK,Male,0,Yes,No,36,Yes,No,DSL,No,Yes,Yes,Yes,Yes,Yes,One year,Yes,Mailed check,84.45,3040.69,No
9625-ZFVRM,Male,0,No,No,10,Yes,Yes,DSL,Yes,No,No,Yes,No,Yes,Month-to-month,Yes,Credit card (automatic),68.42,693.49,Yes
6428-DCGKN,Female,0,No,No,45,Yes,Yes,DSL,No,Yes,Yes,No,No,No,One year,Yes,Electronic check,60.12,2694.07,No
6154-LDOXI,Male,1,Yes,No,15,Yes,Yes,Fiber optic,No,Yes,No,No,Yes,Yes,Two year,Yes,Electronic check,87.32,1315.48,No
2551-FKMNF,Female,1,Yes,No,10,Yes,Yes,Fiber optic,Yes,No,No,No,Yes,No,Month-to-month,Yes,Mailed check,76.2,750.96,Yes
7707-AKPSJ,Female,0,No,No,40,Yes,Yes,Fiber optic,No,No,No,No,No,Yes,One year,No,Bank transfer (automatic),75.85,3050.12,No
4423-PODVW,Female,1,Yes,No,66,Yes,No,No,No internet service,No internet service,No internet service,No internet service,No internet service,No internet service,Month-to-month,No,Electronic check,18.25,1186.26,No
4670-VFVLG,Female,0,No,No,27,Yes,No,Fiber optic,No,No,No,No,No,No,One year,No,Electronic check,68.1,1853.02,Yes
7402-ULIFL,Female,0,Yes,No,63,Yes,No,Fiber optic,No,Yes,Yes,Yes,Yes,No,One year,No,Bank transfer (automatic),98.16,6238.83,No
9739-ITUYQ,Male,0,No,No,13,Yes,No,Fiber optic,Yes,No,No,No,No,No,Month-to-month,No,Credit card (automatic),69.88,944.88,Yes
6612-TOUNT,Male,0,Yes,No,11,Yes,No,No,No internet service,No internet service,No internet service,No internet service,No internet service,No internet service,One year,Yes,Electronic check,18.25,193.94,No
5858-RYOLM,Female,0,No,No,52,Yes,No,Fiber optic,Yes,Yes,Yes,No,Yes,No,Month-to-month,Yes,Mailed check,102.8,5348.09,Yes
8299-CPANY,Male,0,No,No,36,Yes,Yes,DSL,No,Yes,No,No,No,No,Two year,Yes,Electronic check,57.04,1991.44,No
6221-RPUAZ,Male,0,No,No,7,Yes,No,Fiber optic,No,No,No,Yes,No,No,Month-to-month,Yes,Credit card (automatic),70.24,496.77,Yes
2101-VPTFI,Male,0,Yes,Yes,70,Yes,No,Fiber optic,No,Yes,Yes,Yes,Yes,Yes,Month-to-month,Yes,Electronic check,108.82,7619.69,Yes
2530-BTMKR,Female,0,Yes,No,23,Yes,No,No,No internet service,No internet service,No internet service,No internet service,No internet service,No internet service,Two year,No,Mailed check,18.25,433.82,No
5770-LSXUQ,Female,0,Yes,Yes,24,Yes,Yes,Fiber optic,Yes,Yes,Yes,No,No,Yes,Month-to-month,Yes,Electronic check,92.34,2230.4,Yes
3112-ODQDI,Female,0,Yes,No,72,Yes,No,Fiber optic,No,No,Yes,No,Yes,No,One year,Yes,Mailed check,81.13,5811.54,No
2220-KZSMP,Male,0,No,Yes,64,Yes,Yes,Fiber optic,No,Yes,Yes,No,Yes,No,Month-to-month,Yes,Credit card (automatic),92.63,5941.94,Yes
3842-FNERG,Male,0,Yes,No,60,Yes,Yes,Fiber optic,No,No,Yes,No,Yes,Yes,Month-to-month,No,Bank transfer (automatic),85.87,5148.51,Yes
3377-QQKKD,Female,0,Yes,Yes,14,Yes,No,DSL,Yes,Yes,No,No,No,Yes,Two year,No,Electronic check,68.81,931.71,No
1312-ZIFZL,Male,0,No,No,30,Yes,No,No,No internet service,No internet service,No internet service,No internet service,No internet service,No internet service,Month-to-month,Yes,Credit card (automatic),18.55,559.15,No
6329-QGNVI,Female,0,Yes,No,35,Yes,No,DSL,No,Yes,No,Yes,Yes,No,Month-to-month,Yes,Bank transfer (automatic),71.86,2528.37,No
3010-LWHZD,Female,0,Yes,No,10,Yes,No,DSL,No,No,Yes,No,Yes,No,Two year,Yes,Bank transfer (automatic),65.87,679.1,No
3500-ZMMXX,Male,0,No,No,7,Yes,No,Fiber optic,No,Yes,No,No,Yes,No,One year,No,Mailed check,83.97,596.17,Yes
7163-FAHOC,Male,1,Yes,No,21,Yes,No,DSL,No,No,Yes,Yes,Yes,Yes,Month-to-month,No,Electronic check,79.27,1671.6,Yes
7734-GIGOC,Male,0,No,Yes,44,Yes,No,DSL,Yes,No,No,Yes,No,No,Month-to-month,No,Credit card (automatic),64.82,2879.74,No
8717-UZEDP,Female,1,No,No,1,Yes,No,No,No internet service,No internet service,No internet service,No internet service,No internet service,No internet service,Month-to-month,Yes,Credit card (automatic),18.25,0.0,No
8689-RIBMI,Female,1,Yes,No,26,Yes,Yes,Fiber optic,No,Yes,Yes,Yes,Yes,Yes,Month-to-month,Yes,Electronic check,100.15,2584.2,Yes
1021-RPISZ,Male,0,No,No,8,No,No phone service,No,No internet service,No internet service,No internet service,No internet service,No internet service,No internet service,Month-to-month,Yes,Electronic check,18.25,88.48,No
3511-EMMOQ,Female,0,No,No,47,Yes,No,DSL,No,No,Yes,Yes,No,Yes,Month-to-month,No,Mailed check,67.47,3164.27,Yes
6812-LGMCM,Male,0,Yes,No,31,Yes,Yes,DSL,Yes,Yes,Yes,Yes,No,No,Month-to-month,Yes,Credit card (automatic),78.67,2421.2,Yes
6785-QJJTX,Male,0,No,No,8,Yes,No,DSL,Yes,No,No,No,No,Yes,Two year,Yes,Electronic check,60.67,450.71,Yes
9353-WAPLL,Female,0,Yes,No,48,Yes,No,DSL,No,No,No,No,Yes,Yes,Two year,Yes,Bank transfer (automatic),60.52,2893.59,No
2595-STLAQ,Male,1,No,No,31,Yes,No,Fiber optic,No,No,Yes,No,No,Yes,Month-to-month,Yes,Electronic check,74.39,2347.22,Yes
5471-JISQB,Male,0,No,No,20,No,No phone service,No,No internet service,No internet service,No internet service,No internet service,No internet service,No internet service,Month-to-month,No,Credit card (automatic),18.25,388.93,No
4372-ATSGR,Female,0,Yes,No,72,Yes,No,Fiber optic,No,Yes,Yes,No,Yes,No,One year,Yes,Bank transfer (automatic),96.47,6972.2,No
3382-DKPMR,Male,0,Yes,No,22,Yes,No,Fiber optic,No,No,No,No,No,Yes,Month-to-month,Yes,Mailed check,76.52,1703.7,Yes
9940-JPXVG,Female,0,Yes,Yes,15,Yes,No,Fiber optic,No,No,No,Yes,Yes,Yes,Month-to-month,No,Mailed check,88.63,1304.14,No
4724-NHDBT,Male,0,No,No,38,Yes,Yes,DSL,No,Yes,Yes,Yes,No,No,Month-to-month,No,Bank transfer (automatic),65.72,2455.36,No
6879-DWAJI,Male,1,No,No,72,Yes,No,DSL,Yes,No,No,Yes,No,No,Two year,Yes,Electronic check,63.08,4507.54,No
6716-OOTPP,Male,0,Yes,Yes,1,Yes,No,Fiber optic,Yes,Yes,No,Yes,No,No,Month-to-month,No,Credit card (automatic),80.52,77.2,Yes
4968-KSAJE,Male,0,Yes,No,55,Yes,Yes,DSL,No,Yes,No,No,Yes,Yes,Month-to-month,Yes,Bank transfer (automatic),65.87,3626.08,Yes
8914-FRTLY,Male,0,No,Yes,39,Yes,Yes,Fiber optic,No,Yes,No,No,Yes,No,Month-to-month,No,Mailed check,77.29,3011.31,Yes
7320-FLDCF,Male,0,Yes,No,65,Yes,Yes,Fiber optic,No,Yes,No,No,Yes,No,Month-to-month,Yes,Credit card (automatic),76.92,5001.51,No
8338-OKOFT,Female,0,Yes,No,57,Yes,No,DSL,No,Yes,Yes,No,No,Yes,One year,No,Bank transfer (automatic),66.14,3785.91,Yes
4475-EIBEH,Male,0,Yes,Yes,34,Yes,No,DSL,No,Yes,No,No,Yes,No,Month-to-month,No,Credit card (automatic),67.89,2325.76,No
4431-BNYNT,Male,0,No,Yes,39,Yes,No,Fiber optic,No,No,No,No,No,Yes,One year,No,Electronic check,74.35,2904.87,Yes
9772-XCPBL,Male,0,Yes,No,27,Yes,No,Fiber optic,No,Yes,Yes,No,Yes,No,Two year,No,Electronic check,88.89,2391.59,No
7836-OTKIK,Male,1,No,Yes,67,Yes,Yes,Fiber optic,Yes,Yes,Yes,Yes,Yes,Yes,Two year,No,Electronic check,111.42,7485.28,No
7860-XTBKN,Male,0,No,Yes,13,No,No phone service,DSL,No,No,Yes,Yes,Yes,Yes,One year,Yes,Credit card (automatic),69.35,893.41,No
6888-GQDRP,Female,0,Yes,No,27,No,No phone service,No,No internet service,No internet service,No internet service,No internet service,No internet service,No internet service,Month-to-month,No,Bank transfer (automatic),18.25,469.64,No
8567-LYGRH,Male,0,No,No,44,Yes,No,Fiber optic,No,No,No,Yes,No,No,Two year,No,Credit card (automatic),71.6,3127.58,No
1035-AZMPX,Female,1,Yes,No,48,Yes,No,No,No internet service,No internet service,No internet service,No internet service,No internet service,No internet service,Two year,Yes,Electronic check,20.38,992.5,No
3262-HBVOZ,Female,0,Yes,No,48,Yes,No,Fiber optic,No,Yes,No,No,No,Yes,Month-to-month,Yes,Mailed check,82.24,3968.52,Yes
3263-QXPLC,Male,0,No,No,36,Yes,Yes,Fiber optic,No,No,No,Yes,No,No,One year,No,Electronic check,76.93,2779.75,No
8912-LQTMC,Male,0,Yes,No,48,No,No phone service,Fiber optic,No,Yes,No,Yes,No,Yes,Month-to-month,Yes,Credit card (automatic),91.59,4349.13,Yes
6056-OIEWS,Male,0,No,Yes,38,Yes,No,DSL,Yes,No,Yes,No,Yes,Yes,One year,No,Credit card (automatic),71.67,2751.67,No
3766-DIMAW,Female,0,No,No,72,Yes,Yes,Fiber optic,Yes,No,No,No,Yes,No,Two year,Yes,Credit card (automatic),78.66,5632.34,No
5098-JOJZK,Male,0,Yes,No,13,Yes,Yes,Fiber optic,No,No,No,Yes,No,No,Month-to-month,Yes,Electronic check,72.92,910.9,Yes
2827-ZJSPU,Female,0,No,No,48,Yes,No,Fiber optic,Yes,No,Yes,Yes,No,No,Month-to-month,Yes,Mailed check,84.93,4115.4,No
8653-SKEUG,Female,0,No,Yes,24,Yes,Yes,No,No internet service,No internet service,No internet service,No internet service,No internet service,No internet service,Month-to-month,No,Credit card (automatic),19.84,479.0,No
5822-TROBN,Female,0,Yes,No,28,Yes,Yes,Fiber optic,No,No,No,No,No,No,Month-to-month,Yes,Bank transfer (automatic),66.55,1881.81,Yes
7529-FSGQE,Female,0,No,No,72,Yes,No,DSL,No,Yes,No,Yes,No,No,Month-to-month,Yes,Electronic check,63.6,4612.75,Yes
3285-SIKOW,Female,0,No,Yes,72,No,No phone service,DSL,No,Yes,Yes,Yes,Yes,No,Two year,Yes,Credit card (automatic),73.58,5273.87,No
9602-TKELF,Male,0,Yes,No,67,Yes,Yes,DSL,Yes,No,Yes,No,Yes,Yes,Month-to-month,Yes,Mailed check,72.89,4906.9,Yes
2152-LRKUG,Male,0,Yes,Yes,17,Yes,No,No,No internet service,No internet service,No internet service,No internet service,No internet service,No internet service,Month-to-month,No,Electronic check,18.25,341.02,No
6100-OKMRB,Male,0,Yes,No,16,Yes,Yes,DSL,No,No,No,No,Yes,No,Month-to-month,Yes,Mailed check,50.77,839.0,Yes
5914-ITLTG,Female,0,Yes,No,8,Yes,Yes,No,No internet service,No internet service,No internet service,No internet service,No internet service,No internet service,Month-to-month,Yes,Electronic check,20.55,161.91,No
4151-BJITA,Female,0,Yes,Yes,71,Yes,No,Fiber optic,No,No,No,No,No,Yes,Month-to-month,Yes,Electronic check,73.4,5213.99,Yes
8114-KLWWJ,Female,0,No,No,11,No,No phone service,No,No internet service,No internet service,No internet service,No internet service,No internet service,No internet service,Two year,No,Mailed check,18.25,204.86,No
2667-CPGEW,Male,1,No,Yes,20,Yes,Yes,Fiber optic,No,Yes,Yes,No,Yes,No,Month-to-month,No,Credit card (automatic),84.69,1743.75,No
7751-IBOEU,Female,1,No,No,17,Yes,No,No,No internet service,No internet service,No internet service,No internet service,No internet service,No internet service,Month-to-month,Yes,Electronic check,20.31,345.92,Yes
9171-FIRTY,Male,0,Yes,No,16,Yes,No,Fiber optic,No,No,No,No,Yes,No,Two year,No,Mailed check,75.17,1211.51,Yes
4543-LSWQL,Male,0,Yes,No,4,Yes,No,DSL,No,Yes,Yes,No,Yes,No,Two year,Yes,Bank transfer (automatic),69.32,236.4,Yes
3511-VLCCR,Female,0,Yes,Yes,19,Yes,No,Fiber optic,No,Yes,No,No,No,Yes,One year,No,Credit card (automatic),79.69,1524.69,Yes
4660-XVCSP,Male,0,Yes,No,30,Yes,No,DSL,Yes,No,No,No,Yes,No,Month-to-month,No,Bank transfer (automatic),57.53,1745.46,No
9734-YSUFU,Male,0,No,No,9,Yes,Yes,DSL,No,Yes,Yes,No,Yes,No,Two year,No,Mailed check,72.65,617.52,No
6120-WDGTL,Female,1,Yes,No,14,Yes,Yes,DSL,Yes,No,Yes,No,Yes,Yes,Month-to-month,Yes,Mailed check,67.38,980.24,Yes
5555-AFRIQ,Male,1,No,No,64,Yes,Yes,DSL,Yes,Yes,Yes,No,Yes,No,Month-to-month,Yes,Mailed check,77.96,5039.41,No
3351-VSWVL,Male,0,Yes,No,12,Yes,No,Fiber optic,No,No,Yes,No,No,Yes,Two year,Yes,Bank transfer (automatic),82.87,1016.52,No
3048-SUBBM,Male,0,No,No,25,Yes,No,Fiber optic,No,No,Yes,No,Yes,No,One year,Yes,Credit card (automatic),73.28,1842.05,No
1038-LVFIE,Male,0,No,No,26,Yes,Yes,No,No internet service,No internet service,No internet service,No internet service,No internet service,No internet service,Month-to-month,No,Mailed check,20.4,538.42,No
7393-YJVBW,Female,0,No,No,14,Yes,Yes,Fiber optic,No,Yes,No,Yes,Yes,No,Month-to-month,No,Electronic check,92.75,1284.53,Yes
5171-TCKXC,Female,0,No,Yes,52,Yes,No,Fiber optic,Yes,No,No,No,No,No,Month-to-month,No,Mailed check,69.07,3598.83,Yes
1234-ASYUC,Male,1,No,No,62,Yes,Yes,Fiber optic,No,No,Yes,Yes,Yes,No,Two year,Yes,Bank transfer (automatic),87.38,5447.13,No
5301-GYNXK,Male,1,No,No,7,No,No phone service,Fiber optic,No,No,Yes,Yes,No,No,Two year,Yes,Electronic check,81.94,578.07,Yes
4194-KCXFL,Male,0,Yes,No,17,No,No phone service,Fiber optic,No,Yes,No,No,No,No,Two year,No,Credit card (automatic),70.67,1188.39,No
7367-GCKAC,Female,0,Yes,No,13,Yes,No,No,No internet service,No internet service,No internet service,No internet service,No internet service,No internet service,Month-to-month,Yes,Credit card (automatic),22.85,310.39,Yes
3312-GIEPQ,Female,0,No,No,21,Yes,No,DSL,Yes,No,No,No,Yes,Yes,Two year,No,Bank transfer (automatic),67.27,1428.15,No
7099-RDKXO,Female,0,Yes,Yes,26,Yes,No,DSL,No,Yes,No,No,Yes,No,Month-to-month,Yes,Credit card (automatic),62.61,1590.5,No
5706-NUERM,Male,0,No,No,4,Yes,No,Fiber optic,No,No,Yes,No,Yes,No,Month-to-month,Yes,Electronic check,83.67,359.53,Yes
5930-ZFGNZ,Male,0,Yes,No,26,Yes,No,DSL,Yes,No,Yes,No,Yes,No,Two year,Yes,Mailed check,73.18,1882.08,No
3480-FZEFB,Male,0,No,Yes,72,Yes,Yes,DSL,No,Yes,No,Yes,No,Yes,Two year,Yes,Electronic check,67.51,4840.05,No
7982-NXLJI,Female,0,Yes,Yes,58,No,No phone service,DSL,No,Yes,No,No,Yes,No,Two year,No,Bank transfer (automatic),60.72,3543.96,No
6322-NRMUD,Male,0,No,Yes,30,Yes,No,DSL,Yes,Yes,Yes,Yes,Yes,No,Month-to-month,No,Bank transfer (automatic),94.31,2818.29,No
5181-QIOWO,Female,0,Yes,No,5,Yes,Yes,DSL,Yes,No,No,Yes,No,Yes,Two year,Yes,Electronic check,62.67,274.61,No
9209-TYWYA,Female,0,Yes,No,47,Yes,No,DSL,No,No,Yes,Yes,Yes,Yes,One year,Yes,Electronic check,82.53,3842.33,No
4891-EVSOB,Male,0,No,Yes,19,Yes,Yes,No,No internet service,No internet service,No internet service,No internet service,No internet service,No internet service,One year,No,Credit card (automatic),18.25,347.78,No
6541-IBIPD,Male,0,Yes,No,55,Yes,Yes,No,No internet service,No internet service,No internet service,No internet service,No internet service,No internet service,Month-to-month,Yes,Credit card (automatic),21.22,1123.57,No
6620-DOUJE,Male,0,Yes,No,49,Yes,No,DSL,No,No,Yes,No,Yes,Yes,Month-to-month,Yes,Electronic check,69.53,3415.2,No
6689-ITXHJ,Male,0,No,No,20,Yes,Yes,DSL,No,No,No,No,Yes,No,Month-to-month,Yes,Mailed check,50.08,1018.48,Yes
1864-STFAP,Male,0,No,No,24,Yes,Yes,No,No internet service,No internet service,No internet service,No internet service,No internet service,No internet service,One year,Yes,Electronic check,18.25,439.62,No
3593-SXDBP,Female,0,Yes,No,13,Yes,No,Fiber optic,No,No,Yes,No,No,No,Two year,No,Electronic check,76.16,978.94,No
5223-EROJK,Male,0,No,No,5,Yes,Yes,Fiber optic,Yes,No,Yes,Yes,Yes,Yes,One year,Yes,Electronic check,104.97,516.05,Yes
3644-JXLGA,Male,0,Yes,No,25,Yes,Yes,Fiber optic,No,No,No,No,Yes,Yes,One year,No,Mailed check,83.0,2057.12,No
2421-XVWJZ,Female,0,Yes,No,42,Yes,Yes,DSL,No,Yes,Yes,Yes,No,No,Month-to-month,Yes,Electronic check,70.18,2978.4,Yes
9383-WRWNZ,Female,0,No,No,28,Yes,No,DSL,No,No,Yes,No,No,No,Month-to-month,No,Credit card (automatic),55.01,1555.14,Yes
5459-SOVZJ,Male,0,Yes,No,23,Yes,No,Fiber optic,No,No,Yes,No,No,Yes,Two year,Yes,Electronic check,81.83,1891.58,No
3814-QQDGD,Female,0,Yes,No,38,Yes,No,Fiber optic,No,No,No,No,No,No,Month-to-month,Yes,Bank transfer (automatic),63.65,2403.8,No
7622-VUNTG,Female,0,Yes,No,23,Yes,Yes,No,No internet service,No internet service,No internet service,No internet service,No internet service,No internet service,One year,Yes,Electronic check,18.25,435.03,No
5003-LGEAF,Female,0,No,Yes,30,Yes,No,DSL,Yes,No,No,No,Yes,No,Month-to-month,Yes,Credit card (automatic),56.18,1682.55,No
4620-ULJSE,Female,1,No,No,20,Yes,No,DSL,Yes,No,No,No,No,No,One year,Yes,Electronic check,56.46,1158.81,No
4908-IYLMF,Male,1,Yes,Yes,25,Yes,No,No,No internet service,No internet service,No internet service,No internet service,No internet service,No internet service,Month-to-month,No,Credit card (automatic),18.4,475.51,No
5965-JAQEP,Female,0,No,Yes,8,Yes,No,No,No internet service,No internet service,No internet service,No internet service,No internet service,No internet service,Month-to-month,Yes,Electronic check,19.88,153.04,Yes
3540-JPIRP,Male,0,No,No,15,Yes,No,DSL,Yes,No,No,No,Yes,Yes,Month-to-month,No,Credit card (automatic),62.33,914.39,No
7217-RADVG,Female,0,Yes,Yes,72,Yes,Yes,DSL,No,Yes,No,Yes,Yes,Yes,Two year,No,Mailed check,79.22,5720.91,No
2241-TKACU,Female,0,No,No,7,Yes,No,Fiber optic,No,Yes,No,No,Yes,No,Month-to-month,Yes,Electronic check,84.5,583.54,Yes
1516-SUYAK,Male,0,Yes,No,72,Yes,No,DSL,Yes,No,No,No,Yes,Yes,Two year,No,Electronic check,77.85,5629.8,No
1133-KIZZH,Male,0,Yes,No,29,No,No phone service,No,No internet service,No internet service,No internet service,No internet service,No internet service,No internet service,Month-to-month,No,Bank transfer (automatic),18.25,512.29,Yes
1317-KACFR,Female,1,Yes,No,5,Yes,Yes,DSL,No,No,No,Yes,No,No,Two year,Yes,Mailed check,53.28,265.64,No
3790-PBBHE,Female,0,Yes,Yes,48,Yes,Yes,DSL,No,No,No,Yes,Yes,No,Month-to-month,No,Credit card (automatic),65.71,3165.02,No
7057-RKFAH,Male,0,No,Yes,7,Yes,Yes,Fiber optic,No,Yes,Yes,Yes,Yes,No,Two year,Yes,Mailed check,91.57,652.3,No
7407-EHCHM,Female,1,No,No,45,Yes,Yes,Fiber optic,No,No,Yes,Yes,No,No,Month-to-month,Yes,Credit card (automatic),79.97,3607.91,Yes
6498-JMZEH,Female,0,No,Yes,35,Yes,No,No,No internet service,No internet service,No internet service,No internet service,No internet service,No internet service,Month-to-month,Yes,Electronic check,18.25,612.86,No
2843-XUYWS,Male,0,Yes,No,28,Yes,No,Fiber optic,Yes,No,No,Yes,Yes,Yes,One year,Yes,Electronic check,104.17,2879.77,No
6180-FCMTF,Male,0,Yes,Yes,32,Yes,Yes,DSL,Yes,Yes,No,Yes,Yes,No,Two year,No,Mailed check,74.69,2407.32,No
7156-ICYKC,Male,1,Yes,No,34,Yes,No,Fiber optic,Yes,No,No,Yes,Yes,No,Two year,Yes,Electronic check,86.93,2966.46,Yes
6140-FIIQU,Female,0,Yes,Yes,22,Yes,No,DSL,No,No,Yes,No,Yes,Yes,Two year,Yes,Electronic check,66.77,1482.07,No
3006-FFXNJ,Male,0,No,No,72,Yes,No,DSL,No,No,Yes,No,Yes,No,Two year,Yes,Electronic check,57.64,4177.09,No
1817-EXPQO,Female,0,No,Yes,66,Yes,No,DSL,No,Yes,Yes,No,Yes,Yes,Two year,No,Credit card (automatic),76.69,5073.48,No
3106-DIQUV,Male,0,No,No,47,Yes,No,DSL,No,No,No,Yes,No,Yes,One year,Yes,Bank transfer (automatic),57.79,2707.38,No
7329-JGTZP,Female,0,No,Yes,20,Yes,Yes,Fiber optic,No,No,Yes,Yes,No,Yes,Month-to-month,No,Electronic check,90.0,1797.39,Yes
3256-YZQNC,Male,0,Yes,Yes,18,No,No phone service,Fiber optic,No,No,No,No,No,No,Month-to-month,No,Electronic check,65.11,1138.41,Yes
5296-ZYPMD,Male,0,Yes,Yes,33,Yes,No,DSL,No,No,No,No,No,No,Month-to-month,Yes,Credit card (automatic),46.58,1536.77,No
7739-MKLWJ,Female,0,Yes,No,18,Yes,No,Fiber optic,No,Yes,Yes,No,Yes,No,Two year,No,Mailed check,85.69,1571.36,No
5995-CIWCI,Male,0,No,No,22,No,No phone service,DSL,Yes,No,Yes,No,No,Yes,Month-to-month,Yes,Electronic check,64.41,1399.17,No
4446-CBCRG,Female,0,Yes,No,47,Yes,No,Fiber optic,No,No,No,No,No,Yes,Two year,No,Mailed check,70.81,3346.39,No
2240-EEPXD,Female,0,Yes,No,67,Yes,No,Fiber optic,Yes,No,No,No,Yes,Yes,Two year,Yes,Credit card (automatic),88.47,5900.31,No
5980-CCTGS,Female,0,No,No,34,Yes,No,DSL,No,No,No,No,Yes,Yes,Month-to-month,No,Bank transfer (automatic),53.19,1836.01,Yes
8270-UNTST,Female,0,Yes,Yes,31,Yes,No,No,No internet service,No internet service,No internet service,No internet service,No internet service,No internet service,Month-to-month,Yes,Bank transfer (automatic),22.91,704.43,No
2585-ACFMN,Male,0,No,No,5,Yes,Yes,Fiber optic,No,No,No,Yes,Yes,No,One year,No,Bank transfer (automatic),83.95,396.74,No
7594-UQIWN,Female,0,Yes,No,46,Yes,Yes,No,No internet service,No internet service,No internet service,No internet service,No internet service,No internet service,Month-to-month,Yes,Credit card (automatic),22.43,1022.93,No
4577-DOHUD,Female,0,No,Yes,49,No,No phone service,No,No internet service,No internet service,No internet service,No internet service,No internet service,No internet service,One year,Yes,Bank transfer (automatic),18.25,842.79,No
6133-SETYC,Male,0,Yes,Yes,58,Yes,Yes,DSL,No,No,No,No,Yes,Yes,Month-to-month,Yes,Bank transfer (automatic),60.3,3497.41,No
9614-KYUXO,Male,0,No,No,72,Yes,No,No,No internet service,No internet service,No internet service,No internet service,No internet service,No internet service,Month-to-month,No,Mailed check,21.13,1545.17,No
8523-FHGXD,Female,0,No,Yes,18,Yes,No,Fiber optic,Yes,Yes,No,Yes,Yes,Yes,Month-to-month,Yes,Credit card (automatic),100.42,1821.4,No
4548-VMNAD,Male,0,Yes,Yes,72,Yes,No,Fiber optic,No,Yes,Yes,Yes,No,Yes,Two year,No,Bank transfer (automatic),101.5,7303.84,No
7684-ULATH,Female,1,No,No,69,Yes,Yes,No,No internet service,No internet service,No internet service,No internet service,No internet service,No internet service,Two year,No,Mailed check,18.25,1251.62,No
4111-FOBHJ,Female,0,No,Yes,31,Yes,Yes,Fiber optic,No,No,Yes,No,No,No,Month-to-month,Yes,Credit card (automatic),65.43,2027.27,No
6915-YSBRK,Female,0,No,No,7,Yes,Yes,Fiber optic,Yes,Yes,Yes,No,No,Yes,Month-to-month,No,Electronic check,89.19,598.37,Yes
6623-CIIUK,Male,0,No,No,63,Yes,No,Fiber optic,Yes,No,Yes,Yes,No,Yes,One year,Yes,Credit card (automatic),91.63,5789.32,Yes
9713-QBHSP,Male,0,No,No,72,Yes,No,No,No internet service,No internet service,No internet service,No internet service,No internet service,No internet service,Two year,Yes,Electronic check,18.37,1312.28,No
8138-OWKFN,Male,0,Yes,No,10,Yes,No,No,No internet service,No internet service,No internet service,No internet service,No internet service,No internet service,Two year,No,Credit card (automatic),20.37,176.44,No
6825-RYIJG,Male,0,Yes,No,43,Yes,No,DSL,No,No,Yes,No,No,No,Two year,Yes,Mailed check,55.91,2434.33,No
2386-SSFPA,Female,0,Yes,No,29,Yes,No,Fiber optic,Yes,No,No,No,Yes,No,Month-to-month,Yes,Bank transfer (automatic),89.62,2592.74,No
4962-KKXRB,Female,0,No,No,28,Yes,Yes,DSL,No,No,No,No,No,Yes,Month-to-month,Yes,Electronic check,49.51,1397.91,No
9385-QVFMN,Male,0,No,No,5,Yes,Yes,No,No internet service,No internet service,No internet service,No internet service,No internet service,No internet service,Month-to-month,No,Mailed check,20.21,82.17,No
8204-PKXRA,Male,0,No,No,62,Yes,No,DSL,No,Yes,No,No,No,No,Month-to-month,Yes,Mailed check,47.2,2943.13,No
4804-WWJWF,Female,0,Yes,No,20,Yes,No,DSL,No,No,No,No,Yes,No,Month-to-month,No,Credit card (automatic),47.54,923.5,No
4613-FGOET,Male,1,No,No,72,Yes,Yes,Fiber optic,No,Yes,Yes,No,No,Yes,Month-to-month,Yes,Bank transfer (automatic),96.14,6910.58,No
8011-RHYWE,Female,0,No,Yes,23,Yes,Yes,Fiber optic,No,No,No,No,No,Yes,Two year,No,Mailed check,70.89,1644.5,No
1038-FEJLX,Male,0,Yes,Yes,18,Yes,No,Fiber optic,No,Yes,No,No,Yes,No,One year,No,Credit card (automatic),75.09,1324.32,Yes
6499-PSNAV,Female,0,No,No,20,Yes,No,Fiber optic,No,No,Yes,No,Yes,Yes,Two year,No,Bank transfer (automatic),88.82,1741.99,Yes
9635-FTOIG,Male,0,Yes,No,24,Yes,Yes,Fiber optic,Yes,No,Yes,Yes,No,No,Two year,No,Credit card (automatic),90.93,2154.38,Yes
5785-NVEDS,Female,0,No,No,24,No,No phone service,DSL,Yes,No,Yes,No,Yes,No,Month-to-month,Yes,Electronic check,67.63,1635.6,Yes
1123-RFHVT,Male,1,Yes,No,62,Yes,Yes,DSL,No,No,No,No,Yes,Yes,Month-to-month,Yes,Mailed check,60.42,3748.77,No
9863-EXNHJ,Female,0,No,Yes,24,Yes,Yes,Fiber optic,Yes,Yes,No,No,Yes,Yes,Month-to-month,No,Bank transfer (automatic),92.71,2219.51,Yes
6472-ZFNLW,Male,0,Yes,No,69,Yes,Yes,Fiber optic,Yes,No,Yes,No,Yes,Yes,Two year,Yes,Credit card (automatic),96.12,6629.27,No
2228-BFQFT,Male,0,Yes,No,61,Yes,Yes,Fiber optic,Yes,No,No,Yes,Yes,Yes,Month-to-month,No,Bank transfer (automatic),96.3,5884.88,Yes
6361-OXWSY,Female,1,No,No,56,Yes,No,Fiber optic,Yes,No,Yes,No,No,No,One year,Yes,Bank transfer (automatic),86.93,4852.69,No
8063-TUNDK,Male,0,No,No,49,Yes,Yes,Fiber optic,Yes,No,No,No,No,Yes,Month-to-month,No,Electronic check,81.76,4042.62,Yes
1831-FJDKI,Male,0,Yes,No,11,No,No phone service,DSL,No,Yes,Yes,Yes,Yes,No,Month-to-month,Yes,Bank transfer (automatic),74.79,788.11,No
1048-QAHJZ,Male,0,Yes,No,51,Yes,No,DSL,Yes,No,Yes,Yes,No,Yes,Two year,No,Bank transfer (automatic),77.63,3989.57,No
4027-ISHUY,Male,0,No,No,61,Yes,Yes,Fiber optic,Yes,No,No,Yes,Yes,Yes,Month-to-month,Yes,Credit card (automatic),95.55,5811.12,No
2002-NLWER,Male,0,No,No,72,Yes,No,DSL,No,Yes,Yes,Yes,Yes,No,One year,No,Mailed check,72.73,5257.88,No
5004-JPDCO,Female,0,Yes,No,6,Yes,Yes,No,No internet service,No internet service,No internet service,No internet service,No internet service,No internet service,Month-to-month,No,Electronic check,18.52,87.38,No
5628-QHFHX,Male,0,Yes,Yes,59,No,No phone service,No,No internet service,No internet service,No internet service,No internet service,No internet service,No internet service,Month-to-month,Yes,Electronic check,18.25,1066.98,Yes
4972-WYXVV,Female,1,Yes,Yes,6,Yes,Yes,Fiber optic,No,No,No,No,No,No,One year,Yes,Credit card (automatic),64.81,374.61,Yes
5590-JMTJA,Female,1,No,No,44,Yes,No,DSL,No,Yes,No,Yes,Yes,Yes,Month-to-month,No,Electronic check,82.16,3623.37,Yes
7528-GOUDU,Male,0,No,No,39,Yes,No,DSL,No,No,Yes,No,No,No,Month-to-month,No,Mailed check,51.57,2028.25,Yes
7744-GFBTD,Female,0,No,No,13,Yes,Yes,Fiber optic,No,Yes,No,Yes,Yes,No,One year,No,Mailed check,91.99,1202.33,Yes
7504-JLXMH,Female,0,Yes,No,31,Yes,Yes,No,No internet service,No internet service,No internet service,No internet service,No internet service,No internet service,Two year,No,Electronic check,18.81,627.24,No
8858-GGAYF,Female,1,No,No,26,Yes,No,DSL,Yes,No,No,Yes,No,Yes,Month-to-month,Yes,Credit card (automatic),69.03,1806.12,No
7254-DIIYP,Male,0,Yes,No,41,Yes,No,DSL,No,Yes,No,Yes,Yes,Yes,Month-to-month,No,Electronic check,78.06,3180.29,Yes
1869-ZAXJW,Male,1,No,No,30,Yes,No,Fiber optic,No,No,Yes,No,Yes,Yes,One year,Yes,Bank transfer (automatic),96.64,2926.54,No
3347-OJMIS,Male,0,Yes,No,37,Yes,No,Fiber optic,Yes,No,No,No,No,Yes,Two year,Yes,Mailed check,80.01,2975.53,Yes
3983-CCQUE,Female,0,Yes,No,23,Yes,Yes,Fiber optic,No,Yes,Yes,No,No,No,One year,No,Electronic check,80.87,1818.78,Yes
1144-QYFVC,Female,0,Yes,No,72,Yes,Yes,Fiber optic,Yes,Yes,No,No,Yes,No,Month-to-month,No,Bank transfer (automatic),84.31,6075.89,No
4205-BTKXK,Female,0,Yes,No,38,Yes,No,No,No internet service,No internet service,No internet service,No internet service,No internet service,No internet service,Month-to-month,Yes,Mailed check,21.66,815.59,No
4710-WNPXT,Male,1,Yes,No,20,No,No phone service,Fiber optic,Yes,No,No,No,Yes,No,Month-to-month,Yes,Electronic check,77.02,1539.13,Yes
1173-KVGPS,Female,0,No,Yes,19,Yes,No,DSL,No,No,No,Yes,No,Yes,Two year,Yes,Bank transfer (automatic),62.73,1189.26,No
5308-MCQLR,Male,0,No,No,49,Yes,No,Fiber optic,Yes,Yes,No,No,No,No,Month-to-month,Yes,Electronic check,87.22,4261.72,Yes
7424-BNOQV,Female,0,No,No,72,Yes,Yes,Fiber optic,Yes,No,No,No,Yes,No,One year,Yes,Credit card (automatic),80.42,5722.86,Yes
6497-PPMMV,Male,1,No,Yes,66,Yes,No,DSL,No,No,No,No,Yes,Yes,One year,No,Electronic check,61.79,4072.77,No
6207-NMIVE,Female,0,Yes,No,28,Yes,No,No,No internet service,No internet service,No internet service,No internet service,No internet service,No internet service,Two year,Yes,Mailed check,18.25,499.22,No
5755-ISIMK,Female,0,No,Yes,5,Yes,No,Fiber optic,Yes,No,No,No,No,No,Month-to-month,No,Electronic check,72.51,350.18,Yes
9297-HWTXF,Male,0,Yes,No,14,Yes,Yes,Fiber optic,No,Yes,No,Yes,Yes,No,One year,No,Bank transfer (automatic),89.16,1275.37,Yes
1476-SSFUZ,Male,0,Yes,No,17,Yes,No,No,No internet service,No internet service,No internet service,No internet service,No internet service,No internet service,One year,No,Credit card (automatic),18.25,305.84,No
1593-NRKBK,Female,0,Yes,Yes,5,No,No phone service,Fiber optic,Yes,Yes,Yes,No,Yes,No,Two year,Yes,Electronic check,86.78,374.9,Yes
9509-OLSAG,Male,1,Yes,No,25,Yes,Yes,No,No internet service,No internet service,No internet service,No internet service,No internet service,No internet service,Two year,Yes,Electronic check,22.95,521.28,No
9844-TRHNS,Female,0,No,No,45,Yes,No,Fiber optic,Yes,No,No,Yes,No,Yes,One year,No,Mailed check,82.48,3675.31,No
1622-BHMXF,Female,0,Yes,No,21,Yes,No,Fiber optic,No,No,Yes,No,No,No,One year,Yes,Electronic check,77.06,1669.25,Yes
6039-UVBDM,Female,0,Yes,No,53,Yes,No,DSL,Yes,No,No,Yes,No,No,Month-to-month,Yes,Electronic check,58.71,3082.14,No
7068-YBNWH,Male,0,No,Yes,18,Yes,No,Fiber optic,No,Yes,No,No,No,Yes,Month-to-month,Yes,Credit card (automatic),83.56,1523.58,Yes
4112-VOSYA,Male,0,Yes,Yes,8,Yes,Yes,Fiber optic,No,Yes,Yes,No,Yes,Yes,One year,Yes,Bank transfer (automatic),96.63,752.81,Yes
6324-AQDTJ,Male,1,No,No,16,Yes,No,No,No internet service,No internet service,No internet service,No internet service,No internet service,No internet service,Two year,No,Bank transfer (automatic),22.49,382.86,No
3406-GOBNK,Female,0,Yes,No,14,Yes,No,No,No internet service,No internet service,No internet service,No internet service,No internet service,No internet service,Month-to-month,No,Bank transfer (automatic),19.93,328.34,No
6010-CSSWP,Male,0,No,No,6,Yes,Yes,DSL,Yes,No,Yes,No,Yes,Yes,Month-to-month,Yes,Credit card (automatic),75.36,447.42,Yes
7512-KQHDG,Male,0,No,Yes,12,Yes,No,Fiber optic,No,Yes,Yes,Yes,No,No,Two year,Yes,Bank transfer (automatic),86.44,1064.73,No
8130-DSIPB,Male,0,Yes,No,4,Yes,No,DSL,Yes,Yes,Yes,No,Yes,No,Month-to-month,No,Bank transfer (automatic),74.77,350.18,No
9760-MJYMV,Female,0,No,No,3,Yes,Yes,Fiber optic,No,Yes,No,Yes,No,No,One year,Yes,Credit card (automatic),77.92,221.62,No
1164-YWHAK,Male,1,Yes,No,21,Yes,Yes,DSL,No,No,No,No,Yes,No,Month-to-month,Yes,Credit card (automatic),46.62,967.18,Yes
8699-SAITD,Female,0,Yes,Yes,17,Yes,No,Fiber optic,Yes,No,Yes,Yes,Yes,No,Two year,Yes,Credit card (automatic),91.39,1558.73,No
8698-NUYWT,Female,0,No,No,72,Yes,Yes,Fiber optic,No,No,Yes,Yes,Yes,Yes,Two year,Yes,Bank transfer (automatic),92.53,6637.12,No
7670-HDHEA,Female,1,No,No,12,Yes,Yes,No,No internet service,No internet service,No internet service,No internet service,No internet service,No internet service,One year,No,Electronic check,20.68,258.18,No
5931-RKAVM,Female,0,Yes,Yes,19,Yes,No,Fiber optic,Yes,No,Yes,No,No,Yes,Month-to-month,No,Mailed check,94.26,1804.82,No
2036-WLQRP,Female,0,Yes,No,33,Yes,Yes,DSL,No,No,No,No,Yes,Yes,One year,No,Mailed check,60.22,1948.11,No
4568-DZCFN,Female,1,Yes,No,56,Yes,Yes,Fiber optic,Yes,Yes,Yes,Yes,Yes,Yes,Month-to-month,Yes,Bank transfer (automatic),114.46,6398.37,Yes
8967-ZKIAL,Male,1,No,Yes,71,Yes,No,Fiber optic,Yes,No,Yes,No,No,No,Month-to-month,No,Bank transfer (automatic),80.53,5687.76,Yes
6157-JXGQE,Female,0,No,Yes,33,Yes,No,Fiber optic,No,No,No,No,No,Yes,One year,No,Mailed check,75.71,2433.07,No
1062-PMASM,Female,0,Yes,No,25,Yes,Yes,DSL,No,Yes,No,No,Yes,Yes,Month-to-month,No,Electronic check,61.09,1522.74,Yes
4543-JKEXO,Female,1,No,Yes,15,Yes,Yes,No,No internet service,No internet service,No internet service,No internet service,No internet service,No internet service,Month-to-month,No,Electronic check,24.81,347.72,No
8705-LFAHP,Female,0,Yes,Yes,30,Yes,Yes,DSL,Yes,Yes,Yes,Yes,No,No,Month-to-month,Yes,Electronic check,74.13,2235.57,No
3323-HZODV,Female,0,No,No,67,Yes,No,DSL,No,Yes,No,No,Yes,Yes,Two year,Yes,Credit card (automatic),72.35,4895.55,No
3921-BKPJG,Female,1,No,No,29,Yes,Yes,Fiber optic,No,Yes,Yes,No,No,Yes,One year,No,Electronic check,90.28,2617.03,Yes
1410-KUDTU,Male,0,No,No,38,Yes,Yes,DSL,No,Yes,Yes,Yes,Yes,No,Month-to-month,No,Mailed check,85.03,3268.24,No
4162-BHFZR,Male,0,Yes,No,51,No,No phone service,Fiber optic,No,No,Yes,No,Yes,Yes,Month-to-month,Yes,Electronic check,91.17,4656.12,Yes
7728-RSVKX,Male,0,Yes,No,36,Yes,No,DSL,No,Yes,No,No,Yes,Yes,Month-to-month,Yes,Mailed check,68.6,2479.17,No
5549-GJYTV,Male,0,Yes,No,41,Yes,No,Fiber optic,No,No,Yes,No,Yes,Yes,Two year,Yes,Electronic check,86.51,3574.44,No
4872-RGENS,Male,0,No,Yes,35,Yes,No,Fiber optic,No,Yes,No,No,No,No,Month-to-month,Yes,Mailed check,71.66,2507.41,Yes
4978-UFSPF,Male,0,No,No,11,Yes,No,Fiber optic,No,Yes,No,No,Yes,Yes,One year,No,Bank transfer (automatic),87.75,951.3,Yes
5614-MKQQC,Male,0,Yes,No,30,Yes,Yes,DSL,Yes,No,Yes,No,Yes,Yes,Two year,Yes,Bank transfer (automatic),89.96,2669.25,No
1834-RBBWM,Female,0,Yes,No,33,Yes,Yes,Fiber optic,No,Yes,No,No,No,No,Month-to-month,No,Electronic check,70.9,2320.8,No
5134-OCSKZ,Male,0,Yes,No,72,Yes,Yes,Fiber optic,No,No,No,Yes,Yes,Yes,Two year,Yes,Credit card (automatic),89.83,6456.81,No
7582-MLLMJ,Female,0,No,No,15,Yes,Yes,Fiber optic,Yes,No,No,Yes,No,No,One year,Yes,Electronic check,80.62,1208.79,Yes
9925-RFURV,Female,0,No,No,32,Yes,No,DSL,No,No,No,No,Yes,Yes,One year,Yes,Electronic check,67.67,2152.41,No
7760-BEEBP,Male,0,Yes,No,21,No,No phone service,Fiber optic,No,Yes,Yes,No,No,No,Month-to-month,Yes,Bank transfer (automatic),75.98,1591.85,Yes
3622-KMRNR,Male,0,No,No,72,Yes,Yes,Fiber optic,No,Yes,No,No,No,No,Month-to-month,Yes,Credit card (automatic),72.81,5235.59,Yes
7565-PQBZP,Male,0,Yes,Yes,61,No,No phone service,DSL,Yes,No,No,No,Yes,No,Month-to-month,Yes,Mailed check,53.82,3290.87,No
2205-SFGPI,Female,0,No,No,31,Yes,No,Fiber optic,No,Yes,Yes,Yes,Yes,No,Month-to-month,No,Credit card (automatic),98.95,3075.96,Yes
1948-XRGWV,Male,0,Yes,Yes,0,Yes,Yes,Fiber optic,No,Yes,Yes,No,No,Yes,One year,Yes,Electronic check,91.2, ,Yes
6133-CKXHZ,Female,0,Yes,No,62,Yes,No,No,No internet service,No internet service,No internet service,No internet service,No internet service,No internet service,One year,No,Electronic check,18.75,1159.11,No
6347-NMFOL,Female,0,No,Yes,6,No,No phone service,DSL,No,No,No,No,No,Yes,One year,Yes,Mailed check,53.92,349.97,Yes
4723-SKKPD,Female,0,No,No,4,Yes,No,Fiber optic,No,Yes,Yes,No,No,Yes,Month-to-month,No,Mailed check,84.06,320.82,Yes
6712-TDHGG,Male,0,Yes,No,53,Yes,Yes,No,No internet service,No internet service,No internet service,No internet service,No internet service,No internet service,Month-to-month,No,Bank transfer (automatic),18.25,1007.8,No
5632-HRQIK,Male,0,No,No,40,Yes,No,Fiber optic,No,No,No,No,No,No,Two year,Yes,Mailed check,62.31,2509.41,Yes
3150-UXNFD,Male,0,No,No,37,Yes,No,No,No internet service,No internet service,No internet service,No internet service,No internet service,No internet service,Month-to-month,No,Credit card (automatic),18.25,667.33,No
5953-STSBY,Male,1,Yes,Yes,16,Yes,No,Fiber optic,No,No,Yes,No,No,Yes,Month-to-month,Yes,Mailed check,83.84,1316.71,Yes
9148-PAZZF,Male,0,No,No,5,Yes,Yes,No,No internet service,No internet service,No internet service,No internet service,No internet service,No internet service,Month-to-month,Yes,Electronic check,18.25,71.6,Yes
6502-JPQRB,Female,0,No,No,1,No,No phone service,Fiber optic,No,No,Yes,No,Yes,Yes,One year,Yes,Bank transfer (automatic),84.75,114.11,Yes
4451-GJOCZ,Female,0,Yes,No,37,Yes,No,DSL,No,Yes,No,Yes,No,No,Month-to-month,No,Mailed check,63.0,2305.46,No
3488-ZFJWG,Female,0,No,No,8,Yes,No,Fiber optic,No,No,No,No,Yes,Yes,Month-to-month,Yes,Mailed check,87.37,692.72,Yes
9235-SKXQK,Female,1,No,No,42,Yes,Yes,DSL,No,No,Yes,No,No,No,One year,Yes,Bank transfer (automatic),55.15,2335.77,No
4670-RCBUA,Male,0,Yes,Yes,9,Yes,Yes,Fiber optic,No,No,No,Yes,No,No,Month-to-month,No,Electronic check,73.69,648.18,Yes
7251-CRMAG,Female,1,No,No,32,Yes,No,Fiber optic,No,No,No,No,No,Yes,Month-to-month,No,Credit card (automatic),76.68,2451.36,Yes
1570-PKNBW,Female,0,Yes,Yes,11,Yes,Yes,Fiber optic,No,No,No,No,Yes,Yes,One year,Yes,Electronic check,82.41,926.66,Yes
5177-QNPLK,Female,0,No,No,50,Yes,Yes,DSL,No,No,Yes,No,No,Yes,Month-to-month,No,Electronic check,56.34,2844.89,No
7052-KDHGJ,Female,0,No,No,36,Yes,No,DSL,No,Yes,Yes,No,Yes,Yes,Month-to-month,No,Mailed check,76.21,2760.93,Yes
6151-VWLGF,Male,1,Yes,No,30,Yes,Yes,DSL,No,Yes,No,Yes,No,No,Month-to-month,Yes,Electronic check,62.0,1876.76,Yes
6259-AUBCP,Male,0,No,Yes,12,Yes,No,Fiber optic,No,Yes,No,Yes,No,No,Two year,Yes,Mailed check,78.61,944.77,No
8456-FZUOI,Male,0,Yes,No,6,Yes,Yes,DSL,No,Yes,Yes,Yes,Yes,Yes,Month-to-month,No,Electronic check,92.72,538.08,No
3604-DUKYH,Male,0,No,No,37,Yes,No,DSL,Yes,Yes,No,Yes,Yes,Yes,Month-to-month,No,Electronic check,86.67,3215.86,No
4497-VMYTA,Female,0,No,No,16,Yes,Yes,No,No internet service,No internet service,No internet service,No internet service,No internet service,No internet service,Month-to-month,Yes,Electronic check,20.21,284.11,Yes
8949-ZFVOG,Male,0,Yes,No,28,Yes,No,Fiber optic,No,Yes,Yes,Yes,No,Yes,Month-to-month,Yes,Electronic check,90.83,2491.91,Yes
4843-ARHIV,Female,0,No,No,27,Yes,No,Fiber optic,No,Yes,Yes,Yes,No,Yes,Month-to-month,Yes,Bank transfer (automatic),92.32,2503.94,No
2699-ZXNWN,Female,0,Yes,Yes,26,Yes,No,Fiber optic,Yes,No,No,No,No,Yes,Month-to-month,No,Electronic check,76.88,2001.51,Yes
2341-HEUKY,Male,0,No,No,61,Yes,Yes,DSL,Yes,Yes,Yes,No,No,Yes,One year,Yes,Electronic check,76.7,4704.2,No
6163-GXXQL,Male,0,No,Yes,26,Yes,Yes,Fiber optic,No,No,No,No,No,No,Two year,Yes,Credit card (automatic),63.3,1669.22,Yes
9074-UAZII,Female,0,No,No,11,Yes,Yes,Fiber optic,No,No,Yes,No,Yes,Yes,Two year,No,Credit card (automatic),85.07,884.62,No
9048-WYOAP,Female,1,Yes,No,44,Yes,Yes,DSL,No,No,Yes,Yes,No,Yes,Two year,Yes,Electronic check,70.93,3145.49,No
4975-ZBWOQ,Male,1,No,Yes,43,Yes,Yes,Fiber optic,Yes,Yes,Yes,No,Yes,Yes,Month-to-month,No,Electronic check,97.47,4223.88,Yes
9714-XUMVD,Male,0,No,Yes,15,Yes,No,No,No internet service,No internet service,No internet service,No internet service,No internet service,No internet service,One year,Yes,Credit card (automatic),18.25,276.68,No
5105-BTAZX,Female,0,No,No,12,Yes,Yes,DSL,No,Yes,Yes,No,No,No,Month-to-month,No,Bank transfer (automatic),57.91,697.56,No
5265-QQDFI,Male,0,No,No,35,Yes,Yes,DSL,No,No,No,No,No,No,Month-to-month,No,Electronic check,43.93,1519.62,Yes
8599-HBMOR,Female,1,No,No,8,Yes,No,Fiber optic,No,No,No,Yes,No,Yes,One year,Yes,Bank transfer (automatic),77.09,657.62,No
2319-TVEFD,Male,0,Yes,No,36,Yes,No,DSL,No,Yes,No,No,No,Yes,Month-to-month,Yes,Credit card (automatic),64.6,2325.5,No
6232-HSGLY,Male,0,Yes,No,72,Yes,Yes,Fiber optic,No,No,No,Yes,No,Yes,Two year,Yes,Electronic check,77.26,5544.79,No
3442-UZWGA,Male,1,No,No,43,No,No phone service,DSL,No,No,Yes,No,No,No,One year,Yes,Mailed check,54.8,2330.76,No
4963-YULRM,Female,0,Yes,No,72,Yes,No,DSL,Yes,No,No,No,No,No,One year,Yes,Mailed check,50.17,3602.26,No
9210-HSFYF,Female,0,No,Yes,28,No,No phone service,Fiber optic,No,No,No,Yes,Yes,Yes,Two year,No,Electronic check,81.2,2312.61,No
6043-BEDIB,Male,0,No,No,28,Yes,Yes,No,No internet service,No internet service,No internet service,No internet service,No internet service,No internet service,Month-to-month,Yes,Mailed check,23.71,661.22,No
2364-JZEQT,Female,0,No,Yes,31,Yes,No,Fiber optic,No,No,Yes,Yes,Yes,No,Two year,Yes,Electronic check,84.28,2612.89,No
3090-VSSGP,Male,0,No,No,38,Yes,No,No,No internet service,No internet service,No internet service,No internet service,No internet service,No internet service,Month-to-month,No,Electronic check,22.28,823.26,No
5392-KKUWG,Male,1,No,No,37,Yes,No,DSL,No,Yes,No,No,No,No,Month-to-month,No,Electronic check,55.0,2064.23,Yes
1856-AGBUH,Male,0,No,Yes,13,Yes,No,DSL,No,Yes,No,Yes,Yes,No,Two year,No,Bank transfer (automatic),67.07,841.61,Yes
8050-CHMIS,Male,0,No,No,27,Yes,Yes,Fiber optic,No,Yes,Yes,No,Yes,No,Two year,Yes,Credit card (automatic),92.94,2489.34,No
5356-MPEVG,Female,0,Yes,Yes,60,Yes,No,DSL,No,Yes,No,No,Yes,No,One year,Yes,Electronic check,57.04,3394.07,No
6823-LRKIZ,Male,0,Yes,No,10,Yes,No,Fiber optic,No,No,Yes,No,No,No,Month-to-month,No,Electronic check,70.8,665.47,Yes
8767-GPOFQ,Female,0,Yes,No,31,Yes,No,No,No internet service,No internet service,No internet service,No internet service,No internet service,No internet service,Two year,Yes,Bank transfer (automatic),19.14,614.34,No
9046-AKRPP,Male,0,No,No,38,Yes,Yes,DSL,No,Yes,Yes,No,Yes,No,Two year,Yes,Mailed check,68.15,2595.96,No
5491-LOKXO,Female,0,Yes,No,38,Yes,No,No,No internet service,No internet service,No internet service,No internet service,No internet service,No internet service,Month-to-month,Yes,Mailed check,20.92,826.6,No
2494-EHPJX,Male,0,No,No,6,Yes,No,Fiber optic,Yes,No,No,No,Yes,No,Month-to-month,Yes,Mailed check,79.92,468.05,Yes
1406-XJAKT,Female,0,No,No,10,Yes,No,DSL,No,No,No,Yes,No,No,Month-to-month,No,Mailed check,51.08,544.59,No
7498-LZHDQ,Male,0,Yes,Yes,58,Yes,No,Fiber optic,Yes,No,No,Yes,No,Yes,Two year,Yes,Credit card (automatic),89.65,5168.72,No
9873-VLQYR,Male,1,No,No,57,Yes,Yes,Fiber optic,Yes,No,No,Yes,Yes,No,Two year,No,Credit card (automatic),84.65,4813.37,No
6757-UWGGY,Female,0,Yes,No,27,Yes,No,Fiber optic,No,No,Yes,No,Yes,No,Month-to-month,No,Bank transfer (automatic),83.58,2291.37,No
4006-PZFYB,Female,0,No,Yes,34,Yes,Yes,Fiber optic,No,No,No,No,No,Yes,One year,No,Electronic check,69.88,2398.3,No
2233-TWGQY,Female,0,Yes,Yes,11,Yes,Yes,Fiber optic,Yes,No,No,Yes,No,Yes,Month-to-month,Yes,Electronic check,86.91,996.33,Yes
4098-SXYGL,Male,1,Yes,Yes,8,Yes,No,Fiber optic,No,No,No,Yes,Yes,No,Month-to-month,Yes,Bank transfer (automatic),80.86,635.23,Yes
8398-NHFSI,Female,0,Yes,Yes,4,Yes,No,Fiber optic,No,Yes,No,No,No,No,Month-to-month,Yes,Mailed check,78.57,337.28,Yes
9024-SWSIN,Female,0,No,Yes,7,Yes,No,DSL,No,No,No,No,No,No,Month-to-month,No,Electronic check,45.59,286.32,Yes
6222-JRKRB,Female,0,Yes,No,34,Yes,Yes,No,No internet service,No internet service,No internet service,No internet service,No internet service,No internet service,Month-to-month,Yes,Bank transfer (automatic),21.9,774.66,No
9145-HXIJP,Male,0,No,No,24,Yes,No,DSL,No,Yes,No,Yes,No,No,Month-to-month,Yes,Mailed check,59.77,1440.17,Yes
7271-UXAMO,Female,0,No,No,30,Yes,No,Fiber optic,No,No,No,Yes,Yes,No,One year,No,Electronic check,83.29,2497.36,No
6252-BDKRQ,Female,1,Yes,Yes,29,Yes,No,Fiber optic,No,Yes,No,No,No,Yes,Month-to-month,Yes,Bank transfer (automatic),77.45,2261.24,Yes
7830-ALEIS,Female,0,Yes,No,10,Yes,No,DSL,Yes,No,No,No,Yes,Yes,Month-to-month,Yes,Bank transfer (automatic),71.11,713.77,Yes
5921-ILEOL,Male,0,Yes,No,36,Yes,No,Fiber optic,No,No,Yes,Yes,Yes,No,Two year,Yes,Mailed check,87.5,3162.68,No
6932-QWEHJ,Male,0,No,Yes,63,Yes,Yes,DSL,No,Yes,No,No,No,Yes,Month-to-month,Yes,Credit card (automatic),63.89,4012.69,No
3419-BGHOM,Female,0,No,No,10,Yes,No,DSL,No,Yes,No,No,No,Yes,Month-to-month,Yes,Bank transfer (automatic),55.11,642.05,Yes
7028-YMRIO,Female,0,Yes,No,26,Yes,Yes,Fiber optic,No,No,Yes,Yes,Yes,No,Month-to-month,No,Credit card (automatic),83.12,2133.84,Yes
4511-SYWSN,Female,0,No,Yes,45,Yes,No,No,No internet service,No internet service,No internet service,No internet service,No internet service,No internet service,Two year,Yes,Mailed check,18.48,836.57,No
6549-AQCPR,Male,0,Yes,No,57,Yes,No,DSL,No,Yes,Yes,No,No,Yes,Month-to-month,Yes,Mailed check,66.57,3769.49,Yes
7496-SPXCD,Male,0,No,No,39,Yes,Yes,No,No internet service,No internet service,No internet service,No internet service,No internet service,No internet service,One year,Yes,Mailed check,24.2,959.86,No
9511-EQBHC,Female,0,Yes,No,11,Yes,No,Fiber optic,Yes,Yes,Yes,No,No,Yes,Two year,Yes,Electronic check,89.33,957.14,No
2717-PBITJ,Male,0,Yes,No,4,Yes,No,Fiber optic,Yes,Yes,No,No,No,Yes,Month-to-month,Yes,Credit card (automatic),96.58,388.82,Yes
2247-WBBVA,Male,0,Yes,No,21,Yes,No,No,No internet service,No internet service,No internet service,No internet service,No internet service,No internet service,Month-to-month,Yes,Bank transfer (automatic),21.18,467.09,No
9562-TIWPN,Female,0,No,No,23,Yes,No,Fiber optic,Yes,Yes,No,No,Yes,Yes,One year,No,Electronic check,92.48,2126.27,Yes
4374-CVTUZ,Female,0,No,No,57,Yes,Yes,Fiber optic,No,Yes,No,Yes,Yes,No,Month-to-month,No,Electronic check,91.51,5211.34,Yes
8821-BGILH,Female,0,Yes,No,19,Yes,No,Fiber optic,No,No,Yes,No,No,No,Month-to-month,Yes,Electronic check,79.24,1505.69,Yes
8778-TCUNC,Male,0,Yes,No,10,Yes,Yes,Fiber optic,Yes,No,No,No,No,Yes,Month-to-month,Yes,Credit card (automatic),85.19,857.88,Yes
4917-DHEMV,Male,1,No,No,14,No,No phone service,No,No internet service,No internet service,No internet service,No internet service,No internet service,No internet service,Two year,No,Mailed check,18.25,266.02,No
6662-KXIXT,Female,0,Yes,No,39,Yes,No,Fiber optic,No,Yes,Yes,No,No,No,Month-to-month,Yes,Credit card (automatic),78.98,3054.32,Yes
5840-OUIKR,Male,0,No,Yes,27,Yes,No,No,No internet service,No internet service,No internet service,No internet service,No internet service,No internet service,Two year,Yes,Electronic check,24.6,701.42,No
7104-JCBAB,Male,1,Yes,Yes,24,Yes,Yes,Fiber optic,No,Yes,No,Yes,No,Yes,Month-to-month,Yes,Electronic check,86.79,2073.36,Yes
4529-JLVGL,Male,0,Yes,Yes,58,Yes,Yes,Fiber optic,No,Yes,No,No,No,No,Month-to-month,Yes,Credit card (automatic),73.3,4299.4,No
9805-ACPVF,Female,0,No,No,2,Yes,Yes,Fiber optic,No,Yes,No,No,Yes,No,Month-to-month,Yes,Bank transfer (automatic),75.28,179.04,Yes
1018-SGQAH,Female,0,Yes,No,51,Yes,Yes,DSL,No,No,No,No,Yes,Yes,One year,Yes,Credit card (automatic),63.01,3207.63,Yes
3440-CODKE,Female,1,No,No,0,Yes,No,Fiber optic,No,No,No,No,Yes,Yes,One year,No,Credit card (automatic),83.03, ,Yes
3664-GYJSZ,Female,0,Yes,No,49,No,No phone service,Fiber optic,Yes,Yes,Yes,No,No,Yes,One year,Yes,Mailed check,86.97,4273.49,Yes
6566-MLRFN,Male,0,Yes,No,31,Yes,No,Fiber optic,Yes,No,Yes,Yes,No,No,Month-to-month,No,Bank transfer (automatic),97.5,3036.31,Yes
2731-VFHQE,Male,0,No,No,29,Yes,No,Fiber optic,No,Yes,No,No,No,Yes,Month-to-month,Yes,Credit card (automatic),78.82,2216.52,Yes
5305-ODDJR,Male,0,Yes,Yes,30,Yes,No,No,No internet service,No internet service,No internet service,No internet service,No internet service,No internet service,Two year,Yes,Credit card (automatic),21.61,627.58,No
9444-JQYYQ,Male,1,No,No,49,Yes,No,No,No internet service,No internet service,No internet service,No internet service,No internet service,No internet service,Month-to-month,Yes,Mailed check,22.7,1089.37,No
2842-SVKOE,Male,0,No,No,9,Yes,No,DSL,Yes,No,No,No,Yes,No,One year,Yes,Credit card (automatic),60.3,458.49,No
8583-QDCHD,Male,0,No,No,42,Yes,No,DSL,No,Yes,No,No,Yes,Yes,One year,Yes,Electronic check,70.24,2944.1,No
9734-XGKJQ,Male,1,Yes,No,50,Yes,No,No,No internet service,No internet service,No internet service,No internet service,No internet service,No internet service,Two year,No,Bank transfer (automatic),19.61,975.59,No
6316-OYMNU,Female,0,Yes,No,25,Yes,No,DSL,Yes,No,No,Yes,Yes,No,One year,Yes,Bank transfer (automatic),64.16,1573.4,No
9066-VLZIY,Female,0,Yes,No,16,Yes,Yes,No,No internet service,No internet service,No internet service,No internet service,No internet service,No internet service,Month-to-month,Yes,Electronic check,18.25,296.71,No
1195-UETOT,Male,0,No,No,5,Yes,No,Fiber optic,Yes,Yes,No,No,Yes,No,Month-to-month,Yes,Bank transfer (automatic),85.67,373.53,Yes
6928-HFNEH,Male,0,Yes,Yes,72,Yes,No,Fiber optic,No,Yes,No,No,Yes,Yes,Two year,No,Mailed check,87.6,6322.53,No
7165-XVZYW,Female,0,Yes,No,30,Yes,Yes,Fiber optic,Yes,Yes,No,No,Yes,No,Month-to-month,Yes,Mailed check,89.7,2708.43,Yes
4358-XKVEM,Female,0,No,No,4,Yes,Yes,Fiber optic,No,Yes,No,No,Yes,Yes,Month-to-month,Yes,Bank transfer (automatic),90.12,304.95,Yes
1423-TZYSB,Female,0,Yes,No,11,Yes,No,DSL,No,No,No,Yes,No,No,Two year,Yes,Bank transfer (automatic),53.84,594.2,No
4247-AVSFQ,Male,0,No,No,17,Yes,No,DSL,No,No,No,Yes,Yes,No,One year,No,Bank transfer (automatic),59.39,983.68,No
4236-OMMNI,Female,0,Yes,No,51,No,No phone service,Fiber optic,No,No,No,No,Yes,No,Month-to-month,No,Mailed check,71.03,3628.73,Yes
3053-GNHCQ,Male,1,No,No,11,Yes,Yes,Fiber optic,No,Yes,Yes,Yes,Yes,No,One year,Yes,Electronic check,100.01,1100.74,No
7065-RYMAB,Male,0,No,No,16,Yes,No,DSL,Yes,Yes,No,No,No,No,Two year,No,Bank transfer (automatic),60.36,993.05,No
3824-HWDTW,Male,0,Yes,Yes,45,Yes,Yes,DSL,No,No,No,No,No,Yes,Month-to-month,No,Credit card (automatic),50.13,2232.55,Yes
3259-KJTVP,Male,0,No,No,20,Yes,No,Fiber optic,No,No,No,No,Yes,Yes,Month-to-month,No,Bank transfer (automatic),81.38,1579.09,Yes
8672-ZCJDM,Male,0,No,Yes,29,Yes,Yes,Fiber optic,No,No,Yes,Yes,Yes,No,Two year,Yes,Electronic check,91.89,2654.42,No
2589-JFQLM,Male,0,Yes,No,7,No,No phone service,Fiber optic,No,No,Yes,No,No,Yes,One year,No,Mailed check,71.95,539.9,Yes
1877-VUDDB,Female,0,No,No,9,No,No phone service,No,No internet service,No internet service,No internet service,No internet service,No internet service,No internet service,Two year,Yes,Mailed check,18.67,186.15,No
4496-MVNOV,Male,0,No,No,10,No,No phone service,Fiber optic,No,No,No,Yes,No,Yes,Month-to-month,No,Credit card (automatic),82.75,799.09,Yes
9556-GNFVN,Male,1,No,No,26,Yes,No,Fiber optic,No,Yes,No,No,No,No,Two year,Yes,Credit card (automatic),73.17,1867.4,No
7127-ZHDKL,Male,0,No,No,28,Yes,No,Fiber optic,No,No,Yes,No,No,No,One year,Yes,Electronic check,66.24,1878.55,Yes
2820-XEENK,Male,0,Yes,No,31,Yes,Yes,Fiber optic,No,No,No,No,No,No,One year,Yes,Electronic check,68.7,2147.84,No
8153-HBNAP,Male,0,Yes,No,58,Yes,Yes,No,No internet service,No internet service,No internet service,No internet service,No internet service,No internet service,Month-to-month,Yes,Credit card (automatic),21.62,1268.37,No
9704-SXTBC,Male,0,Yes,No,16,Yes,No,DSL,No,Yes,Yes,Yes,No,No,Month-to-month,Yes,Bank transfer (automatic),73.51,1166.8,No
8110-IOLMR,Male,0,Yes,Yes,5,Yes,Yes,Fiber optic,Yes,No,No,No,No,No,Month-to-month,Yes,Credit card (automatic),78.78,379.53,Yes
9254-QWNKR,Female,0,Yes,No,46,Yes,No,DSL,No,No,No,No,No,Yes,Two year,No,Electronic check,48.24,2208.7,No
7273-NAJVH,Female,0,Yes,No,32,Yes,No,Fiber optic,Yes,Yes,No,No,Yes,No,Month-to-month,No,Bank transfer (automatic),94.27,2991.45,Yes
6264-LTZZW,Male,0,Yes,No,44,Yes,Yes,Fiber optic,Yes,Yes,Yes,No,No,No,Two year,Yes,Credit card (automatic),82.74,3650.65,No
8151-PIAVU,Female,0,No,No,32,Yes,Yes,DSL,No,No,Yes,No,Yes,No,Month-to-month,Yes,Mailed check,60.77,1974.6,Yes
3850-IWCMW,Female,0,Yes,Yes,17,Yes,No,Fiber optic,No,Yes,No,No,Yes,No,Month-to-month,Yes,Bank transfer (automatic),78.25,1330.38,Yes
5780-LPZDJ,Female,1,No,No,17,Yes,No,Fiber optic,Yes,No,No,Yes,No,No,Month-to-month,No,Electronic check,79.17,1355.45,Yes
6126-YMPAI,Female,0,No,No,14,Yes,No,No,No internet service,No internet service,No internet service,No internet service,No internet service,No internet service,Month-to-month,Yes,Credit card (automatic),21.64,314.83,No
1061-ZOJHW,Female,0,No,No,65,Yes,No,No,No internet service,No internet service,No internet service,No internet service,No internet service,No internet service,One year,Yes,Electronic check,21.13,1391.61,No
6008-LWHXI,Female,0,Yes,No,72,Yes,Yes,Fiber optic,No,No,Yes,Yes,No,Yes,Two year,No,Mailed check,88.56,6366.18,No
4086-JIOKI,Female,0,No,Yes,40,Yes,Yes,DSL,Yes,No,Yes,No,No,Yes,One year,No,Electronic check,66.62,2669.44,Yes
6295-DOPRC,Male,0,No,No,22,Yes,No,No,No internet service,No internet service,No internet service,No internet service,No internet service,No internet service,Month-to-month,No,Credit card (automatic),20.31,489.55,No
7494-QRIQX,Male,0,No,No,15,Yes,No,No,No internet service,No internet service,No internet service,No internet service,No internet service,No internet service,Month-to-month,No,Bank transfer (automatic),18.56,238.15,No
5490-NHRPR,Male,0,Yes,No,36,Yes,Yes,No,No internet service,No internet service,No internet service,No internet service,No internet service,No internet service,One year,Yes,Credit card (automatic),18.25,655.66,No
5828-UIZPV,Male,0,Yes,Yes,7,Yes,No,Fiber optic,Yes,No,No,No,Yes,Yes,One year,No,Bank transfer (automatic),89.89,650.33,Yes
4463-KRKTJ,Male,0,No,Yes,39,Yes,No,No,No internet service,No internet service,No internet service,No internet service,No internet service,No internet service,Month-to-month,Yes,Mailed check,22.31,837.61,No
5488-RXCUU,Male,0,Yes,No,14,Yes,Yes,Fiber optic,No,No,No,Yes,No,Yes,Month-to-month,No,Credit card (automatic),79.05,1090.19,Yes
7785-GMVXJ,Female,0,No,No,1,Yes,Yes,DSL,No,Yes,No,No,No,Yes,Two year,No,Electronic check,59.95,104.12,No
7429-ZYUQC,Female,0,No,No,72,Yes,Yes,Fiber optic,Yes,No,No,Yes,Yes,No,One year,Yes,Credit card (automatic),92.34,6658.32,No
8531-DCXMG,Female,0,No,Yes,47,Yes,No,DSL,No,No,No,No,Yes,Yes,Month-to-month,No,Electronic check,67.12,3152.16,No
5304-NRFKU,Male,0,No,No,6,Yes,No,DSL,Yes,No,No,No,No,Yes,Month-to-month,Yes,Mailed check,65.75,404.61,Yes
6499-GNSHQ,Male,0,No,No,53,Yes,Yes,DSL,No,Yes,No,No,Yes,Yes,Month-to-month,Yes,Credit card (automatic),67.05,3529.67,Yes
6880-WTISA,Female,0,No,No,14,Yes,Yes,Fiber optic,No,No,Yes,No,Yes,No,One year,Yes,Bank transfer (automatic),79.22,1134.15,No
5937-GXDGN,Female,1,No,No,52,Yes,Yes,No,No internet service,No internet service,No internet service,No internet service,No internet service,No internet service,One year,No,Credit card (automatic),18.25,963.51,No
6039-FADZV,Female,0,Yes,Yes,25,Yes,No,No,No internet service,No internet service,No internet service,No internet service,No internet service,No internet service,Month-to-month,Yes,Bank transfer (automatic),18.25,451.33,No
9547-XASSP,Female,0,No,Yes,27,Yes,No,No,No internet service,No internet service,No internet service,No internet service,No internet service,No internet service,Two year,Yes,Mailed check,19.86,527.26,No
9756-FGTWH,Female,0,No,Yes,28,No,No phone service,DSL,No,No,Yes,Yes,No,No,One year,Yes,Credit card (automatic),56.88,1613.26,No
8817-HUJMN,Male,0,No,No,25,Yes,No,Fiber optic,No,No,No,No,Yes,Yes,Month-to-month,Yes,Mailed check,78.38,1966.11,Yes
7393-AMARW,Male,0,Yes,No,10,Yes,Yes,No,No internet service,No internet service,No internet service,No internet service,No internet service,No internet service,Two year,Yes,Bank transfer (automatic),21.42,254.66,No
1969-WMQSE,Male,0,Yes,Yes,72,Yes,No,Fiber optic,Yes,Yes,No,No,No,Yes,One year,No,Electronic check,89.99,6469.34,No
3541-HOUBZ,Female,1,No,No,40,Yes,No,DSL,Yes,Yes,Yes,No,No,No,Month-to-month,Yes,Electronic check,72.78,2932.05,Yes
7633-TXVXI,Female,0,Yes,No,8,Yes,No,No,No internet service,No internet service,No internet service,No internet service,No internet service,No internet service,Month-to-month,Yes,Credit card (automatic),18.25,127.41,Yes
2416-SCBAN,Male,1,No,No,16,Yes,No,Fiber optic,No,No,No,No,Yes,No,Month-to-month,Yes,Mailed check,76.18,1202.51,Yes
6987-GYIWS,Female,0,No,No,72,Yes,No,Fiber optic,No,Yes,No,Yes,Yes,Yes,Two year,Yes,Bank transfer (automatic),87.19,6271.56,No
9723-CBASJ,Male,0,Yes,No,6,Yes,No,DSL,Yes,No,No,No,No,No,Two year,No,Electronic check,55.92,387.83,No
7121-AHQGT,Male,0,Yes,Yes,39,Yes,No,No,No internet service,No internet service,No internet service,No internet service,No internet service,No internet service,Month-to-month,Yes,Electronic check,18.25,679.35,No
8880-DZSXN,Male,0,No,No,10,Yes,No,No,No internet service,No internet service,No internet service,No internet service,No internet service,No internet service,One year,No,Mailed check,21.59,188.59,No
5820-DEOSW,Male,0,Yes,No,14,Yes,Yes,No,No internet service,No internet service,No internet service,No internet service,No internet service,No internet service,Month-to-month,Yes,Electronic check,19.02,271.45,No
6273-FXLFU,Female,0,No,No,25,Yes,No,DSL,No,No,No,No,No,Yes,Two year,No,Mailed check,57.8,1495.9,No
6751-VBUMV,Male,0,No,Yes,37,Yes,No,DSL,No,Yes,No,No,No,Yes,Month-to-month,Yes,Mailed check,63.67,2362.39,Yes
2998-ZVXNN,Female,0,No,No,29,Yes,No,No,No internet service,No internet service,No internet service,No internet service,No internet service,No internet service,One year,No,Bank transfer (automatic),19.9,565.17,No
4981-OFFPJ,Female,0,Yes,No,9,Yes,No,No,No internet service,No internet service,No internet service,No internet service,No internet service,No internet service,Two year,No,Bank transfer (automatic),21.77,186.37,No
9425-EXZLR,Male,0,Yes,No,72,Yes,No,No,No internet service,No internet service,No internet service,No internet service,No internet service,No internet service,One year,Yes,Mailed check,24.53,1782.11,No
3508-NLCJX,Male,0,No,Yes,43,Yes,Yes,Fiber optic,No,Yes,No,Yes,No,No,Month-to-month,No,Bank transfer (automatic),76.93,3279.64,No
5287-CDAHN,Female,1,Yes,No,61,Yes,No,DSL,Yes,Yes,Yes,Yes,No,Yes,One year,Yes,Electronic check,82.91,5111.23,No
6225-LYNTM,Male,0,Yes,Yes,24,Yes,No,Fiber optic,Yes,No,Yes,No,Yes,No,Month-to-month,No,Electronic check,88.15,2066.53,Yes
5440-RKVGK,Female,0,No,No,46,Yes,Yes,DSL,No,No,No,No,Yes,No,One year,Yes,Credit card (automatic),58.57,2675.17,No
7210-RJOPL,Male,0,Yes,Yes,61,Yes,Yes,Fiber optic,No,No,No,No,Yes,No,Month-to-month,Yes,Credit card (automatic),74.13,4550.35,Yes
4824-CQWOP,Female,0,Yes,No,34,Yes,Yes,DSL,No,No,Yes,No,Yes,Yes,Month-to-month,Yes,Electronic check,64.98,2213.77,Yes
6890-JQGMG,Female,0,No,Yes,33,Yes,No,Fiber optic,No,Yes,No,No,Yes,Yes,Two year,Yes,Credit card (automatic),91.79,3027.39,No
1794-CUWNS,Male,0,Yes,No,39,Yes,No,Fiber optic,Yes,Yes,Yes,No,No,Yes,Month-to-month,Yes,Credit card (automatic),90.58,3533.1,No
3079-MMWFX,Male,0,Yes,No,38,Yes,No,No,No internet service,No internet service,No internet service,No internet service,No internet service,No internet service,Two year,Yes,Credit card (automatic),19.83,777.55,No
3635-TNYBN,Female,0,Yes,No,35,Yes,No,DSL,No,No,No,Yes,Yes,No,Month-to-month,No,Electronic check,65.45,2294.79,Yes
9288-UWWAK,Male,0,No,Yes,50,Yes,No,No,No internet service,No internet service,No internet service,No internet service,No internet service,No internet service,Month-to-month,Yes,Electronic check,18.25,913.78,No
2905-XEIRG,Male,1,No,Yes,24,Yes,Yes,DSL,No,No,Yes,No,Yes,Yes,Two year,Yes,Mailed check,67.51,1589.46,No
3781-YSDQF,Male,1,No,Yes,71,Yes,No,No,No internet service,No internet service,No internet service,No internet service,No internet service,No internet service,One year,No,Electronic check,21.87,1529.53,No
2665-UJPQH,Male,0,No,Yes,3,Yes,No,Fiber optic,No,Yes,No,No,No,No,Month-to-month,Yes,Bank transfer (automatic),73.57,241.51,Yes
7497-RFVTN,Female,0,Yes,No,45,Yes,No,DSL,No,No,No,No,No,No,One year,No,Mailed check,42.19,1920.65,No
5629-HTHSA,Female,0,No,No,68,Yes,Yes,No,No internet service,No internet service,No internet service,No internet service,No internet service,No internet service,Month-to-month,Yes,Mailed check,24.37,1646.35,No
6460-DPVBF,Male,0,Yes,No,16,Yes,No,DSL,No,No,No,No,Yes,Yes,Two year,No,Bank transfer (automatic),60.07,959.93,No
2262-AAPQU,Female,0,No,No,19,Yes,No,Fiber optic,No,Yes,Yes,Yes,No,Yes,Month-to-month,No,Mailed check,86.34,1662.71,Yes
7631-UQXKE,Male,0,No,No,72,Yes,No,No,No internet service,No internet service,No internet service,No internet service,No internet service,No internet service,Month-to-month,No,Electronic check,19.14,1351.31,No
7221-PVHTV,Male,0,Yes,No,45,Yes,No,Fiber optic,No,No,Yes,No,Yes,Yes,Two year,Yes,Electronic check,91.93,4172.99,No
6137-NRUUE,Female,0,No,No,47,Yes,Yes,Fiber optic,No,Yes,No,Yes,Yes,Yes,Month-to-month,No,Bank transfer (automatic),98.8,4698.66,Yes
7309-VRBTT,Female,0,No,No,23,Yes,Yes,Fiber optic,No,No,Yes,No,No,Yes,Two year,Yes,Electronic check,72.69,1660.19,No
8492-RYYCF,Male,1,Yes,No,21,Yes,No,DSL,No,No,Yes,No,No,Yes,Month-to-month,Yes,Credit card (automatic),59.79,1304.96,Yes
4916-KEKWJ,Male,1,No,Yes,23,No,No phone service,Fiber optic,Yes,Yes,No,No,No,Yes,Month-to-month,Yes,Mailed check,87.12,2023.3,Yes
6761-BHUND,Female,0,No,No,21,Yes,Yes,No,No internet service,No internet service,No internet service,No internet service,No internet service,No internet service,Month-to-month,Yes,Credit card (automatic),19.64,411.54,No
7756-YNTNL,Female,0,Yes,No,23,Yes,No,DSL,No,No,No,Yes,No,Yes,Month-to-month,No,Credit card (automatic),60.05,1413.88,No
3739-DFNXF,Male,0,Yes,No,41,No,No phone service,DSL,Yes,No,Yes,Yes,No,No,Month-to-month,Yes,Bank transfer (automatic),72.95,2932.95,Yes
3572-QTVWN,Male,0,No,No,20,Yes,Yes,DSL,No,Yes,No,Yes,No,Yes,Month-to-month,Yes,Credit card (automatic),68.32,1333.65,Yes
6533-GLMVC,Female,0,Yes,Yes,10,Yes,No,Fiber optic,No,Yes,No,Yes,No,No,Month-to-month,No,Electronic check,75.3,726.59,Yes
5079-DHZBH,Male,1,Yes,No,66,Yes,No,No,No internet service,No internet service,No internet service,No internet service,No internet service,No internet service,One year,No,Bank transfer (automatic),18.76,1238.25,No
7863-XENVD,Male,0,No,No,16,Yes,No,No,No internet service,No internet service,No internet service,No internet service,No internet service,No internet service,Month-to-month,No,Mailed check,18.25,305.23,No
9215-UYMBN,Male,0,No,No,19,Yes,No,Fiber optic,Yes,Yes,No,Yes,Yes,Yes,Month-to-month,No,Bank transfer (automatic),100.17,1897.34,Yes
8346-PRMNV,Male,1,Yes,No,7,Yes,No,Fiber optic,No,No,No,No,Yes,Yes,Month-to-month,No,Credit card (automatic),73.07,499.13,Yes
2576-WQALF,Male,0,Yes,No,34,Yes,Yes,Fiber optic,Yes,Yes,Yes,Yes,No,Yes,Month-to-month,Yes,Electronic check,105.44,3590.07,Yes
1360-JLYJZ,Female,0,No,No,15,Yes,No,Fiber optic,Yes,No,Yes,No,Yes,Yes,Two year,No,Mailed check,102.77,1538.49,No
3375-WZAQP,Female,0,No,No,9,Yes,No,DSL,Yes,No,Yes,No,No,No,Month-to-month,No,Bank transfer (automatic),64.69,569.95,No
2327-NNJLV,Female,0,No,No,53,Yes,Yes,Fiber optic,Yes,No,Yes,Yes,No,No,Month-to-month,Yes,Electronic check,78.66,4167.38,Yes
4934-FAVLG,Female,0,No,No,72,Yes,Yes,Fiber optic,No,Yes,No,No,No,Yes,Month-to-month,Yes,Bank transfer (automatic),86.2,6232.5,Yes
1594-SSSFC,Male,0,Yes,No,17,Yes,Yes,No,No internet service,No internet service,No internet service,No internet service,No internet service,No internet service,One year,Yes,Electronic check,23.39,432.89,No
3146-TYFTJ,Male,0,No,No,45,Yes,No,Fiber optic,No,Yes,No,No,Yes,Yes,Month-to-month,Yes,Mailed check,94.21,4260.76,No
8838-ZYNPI,Female,0,No,No,36,Yes,Yes,Fiber optic,Yes,Yes,Yes,No,No,No,Month-to-month,No,Credit card (automatic),84.19,2991.74,Yes
4377-YWGWU,Male,0,No,No,31,Yes,No,Fiber optic,Yes,Yes,No,Yes,No,No,Two year,No,Bank transfer (automatic),93.84,2951.73,Yes
3396-RYZXD,Female,0,Yes,No,9,Yes,No,No,No internet service,No internet service,No internet service,No internet service,No internet service,No internet service,Month-to-month,Yes,Mailed check,20.49,137.21,No
6919-MRGBD,Female,1,Yes,No,33,Yes,No,DSL,No,No,No,Yes,No,Yes,One year,Yes,Mailed check,56.93,1874.32,Yes
5173-FAILO,Male,0,No,Yes,46,Yes,No,Fiber optic,Yes,No,Yes,Yes,Yes,No,One year,Yes,Bank transfer (automatic),94.81,4344.9,Yes
2940-RTEHX,Male,0,No,Yes,72,Yes,No,No,No internet service,No internet service,No internet service,No internet service,No internet service,No internet service,One year,Yes,Mailed check,23.94,1759.93,No
4030-GVCUU,Male,0,No,Yes,3,Yes,No,Fiber optic,No,Yes,No,Yes,No,No,Month-to-month,No,Electronic check,78.93,238.36,No
4465-VTSSR,Male,0,Yes,Yes,45,Yes,No,No,No internet service,No internet service,No internet service,No internet service,No internet service,No internet service,Two year,No,Electronic check,22.09,996.23,No
7861-KPJBA,Male,0,No,No,31,Yes,No,No,No internet service,No internet service,No internet service,No internet service,No internet service,No internet service,Month-to-month,Yes,Credit card (automatic),24.48,751.26,No
1332-AFKPW,Male,0,Yes,No,23,Yes,Yes,Fiber optic,No,Yes,No,Yes,No,No,Month-to-month,No,Electronic check,80.42,1826.78,No
7970-XQEBK,Female,0,No,No,66,Yes,Yes,DSL,No,No,Yes,Yes,Yes,Yes,Month-to-month,Yes,Electronic check,72.47,4741.73,Yes
9868-HANSO,Female,0,No,No,17,Yes,No,Fiber optic,Yes,Yes,Yes,Yes,No,Yes,Two year,Yes,Electronic check,98.51,1674.63,No
4174-HOSKH,Female,0,No,Yes,72,Yes,No,Fiber optic,Yes,No,Yes,Yes,Yes,Yes,Two year,Yes,Bank transfer (automatic),99.94,7194.13,Yes
1645-VVRED,Male,0,Yes,No,3,Yes,No,Fiber optic,Yes,No,No,No,No,Yes,Two year,No,Bank transfer (automatic),79.27,231.41,No
4492-YNOXW,Male,0,No,Yes,21,Yes,No,Fiber optic,No,No,Yes,Yes,Yes,Yes,Month-to-month,Yes,Electronic check,94.95,1990.14,Yes
1939-ZJJKS,Male,0,Yes,Yes,54,Yes,No,Fiber optic,No,No,No,No,Yes,Yes,Month-to-month,No,Bank transfer (automatic),81.68,4422.86,Yes
7331-IUKFP,Male,0,No,No,32,Yes,Yes,DSL,No,No,No,No,Yes,No,One year,Yes,Mailed check,54.96,1741.91,No
2079-ZROZI,Female,0,No,Yes,15,No,No phone service,Fiber optic,No,Yes,No,No,Yes,Yes,Two year,Yes,Mailed check,88.86,1321.55,Yes
9141-SPIEA,Male,0,No,No,18,Yes,Yes,No,No internet service,No internet service,No internet service,No internet service,No internet service,No internet service,Two year,Yes,Mailed check,21.43,434.08,No
4576-SZYGI,Male,0,No,No,39,Yes,Yes,Fiber optic,No,Yes,Yes,No,No,Yes,Month-to-month,Yes,Credit card (automatic),82.69,3247.29,Yes
9855-RLNAS,Female,0,No,No,13,Yes,No,DSL,No,No,Yes,Yes,Yes,Yes,Two year,No,Electronic check,69.98,909.82,No
1645-ZLRTQ,Male,0,Yes,No,72,Yes,Yes,Fiber optic,Yes,Yes,No,No,Yes,No,Month-to-month,Yes,Electronic check,88.47,6344.17,Yes
4828-AVJZQ,Male,0,Yes,No,26,Yes,Yes,DSL,No,No,Yes,No,No,No,Month-to-month,No,Electronic check,56.69,1485.57,Yes
1412-PQQES,Male,0,No,No,24,Yes,Yes,DSL,No,No,Yes,No,No,Yes,Month-to-month,No,Credit card (automatic),57.54,1356.71,No
7822-LGEUM,Female,0,No,No,36,No,No phone service,DSL,Yes,Yes,Yes,No,Yes,No,One year,No,Electronic check,74.82,2658.65,No
1961-GSWSF,Female,0,No,No,7,Yes,No,Fiber optic,Yes,No,No,Yes,Yes,Yes,Month-to-month,Yes,Electronic check,93.62,685.41,Yes
8773-ITVEG,Male,0,Yes,Yes,32,Yes,No,DSL,Yes,Yes,No,No,Yes,No,One year,No,Credit card (automatic),70.69,2309.47,No
5872-WPOAD,Female,0,Yes,No,72,Yes,Yes,DSL,No,No,No,Yes,Yes,Yes,Month-to-month,Yes,Credit card (automatic),65.71,4695.16,No
1005-FHDFK,Female,0,No,Yes,25,Yes,Yes,DSL,No,No,No,Yes,No,Yes,Month-to-month,Yes,Bank transfer (automatic),61.85,1538.61,No
7003-AQPUQ,Female,0,No,Yes,31,Yes,Yes,No,No internet service,No internet service,No internet service,No internet service,No internet service,No internet service,Two year,Yes,Bank transfer (automatic),21.8,681.31,No
5720-TCPLG,Male,0,No,No,49,Yes,No,DSL,No,Yes,No,No,No,No,Two year,Yes,Electronic check,55.24,2695.8,No
5000-RBPQM,Male,0,Yes,No,72,Yes,No,Fiber optic,No,No,No,No,Yes,No,One year,Yes,Electronic check,73.11,5273.31,Yes
2607-UHEEA,Female,0,Yes,Yes,32,Yes,Yes,DSL,Yes,Yes,No,No,No,Yes,Month-to-month,Yes,Mailed check,67.37,2171.5,Yes
2285-JRDGD,Male,0,Yes,No,23,Yes,No,No,No internet service,No internet service,No internet service,No internet service,No internet service,No internet service,Two year,Yes,Mailed check,18.25,429.84,No
9582-BIEJN,Female,0,Yes,Yes,53,Yes,Yes,DSL,No,No,Yes,No,No,Yes,Month-to-month,No,Mailed check,60.6,3189.23,Yes
9498-KFEDZ,Female,0,No,No,13,Yes,No,Fiber optic,No,Yes,Yes,Yes,No,No,Month-to-month,No,Credit card (automatic),82.86,1070.69,Yes
5154-MFQXL,Male,0,Yes,No,71,Yes,No,DSL,Yes,Yes,Yes,No,No,Yes,Month-to-month,No,Mailed check,67.58,4787.73,No
1783-DSSSD,Female,0,Yes,No,58,Yes,No,Fiber optic,No,Yes,Yes,Yes,No,Yes,Month-to-month,No,Bank transfer (automatic),94.79,5479.62,No
3516-CPAHN,Female,0,No,Yes,51,Yes,No,DSL,No,Yes,No,No,Yes,Yes,One year,Yes,Mailed check,69.09,3501.28,Yes
9541-ZBQAB,Female,0,Yes,No,37,Yes,No,DSL,No,Yes,Yes,No,Yes,Yes,Month-to-month,No,Mailed check,68.49,2530.59,No
2864-WSFZU,Male,0,No,No,44,No,No phone service,Fiber optic,No,No,No,No,No,No,One year,Yes,Credit card (automatic),59.07,2550.73,Yes
6385-GKWMW,Female,0,Yes,No,44,Yes,Yes,No,No internet service,No internet service,No internet service,No internet service,No internet service,No internet service,Two year,Yes,Bank transfer (automatic),20.66,881.58,No
9082-PGPPG,Female,0,Yes,Yes,35,Yes,No,No,No internet service,No internet service,No internet service,No internet service,No internet service,No internet service,Month-to-month,No,Mailed check,20.83,788.43,Yes
8038-RZQLG,Female,0,Yes,No,17,Yes,No,No,No internet service,No internet service,No internet service,No internet service,No internet service,No internet service,Month-to-month,Yes,Electronic check,20.39,339.33,No
7327-SGPNA,Female,0,No,No,45,Yes,Yes,Fiber optic,Yes,No,No,No,No,Yes,One year,No,Credit card (automatic),79.66,3539.84,Yes
9405-TSNAP,Female,1,Yes,No,9,Yes,No,Fiber optic,Yes,Yes,No,No,Yes,No,One year,Yes,Bank transfer (automatic),89.21,859.45,No
8371-WMDAU,Male,1,No,No,11,Yes,Yes,No,No internet service,No internet service,No internet service,No internet service,No internet service,No internet service,One year,No,Bank transfer (automatic),23.02,256.39,Yes
4741-HEZFY,Male,0,No,No,72,Yes,Yes,DSL,No,No,Yes,No,Yes,No,Month-to-month,Yes,Mailed check,62.66,4477.07,No
5884-WBVKR,Male,0,Yes,No,10,Yes,Yes,DSL,No,No,No,No,Yes,Yes,Month-to-month,Yes,Bank transfer (automatic),65.52,668.94,Yes
4496-FCBML,Male,0,No,No,62,Yes,No,DSL,No,Yes,No,No,No,Yes,Two year,No,Mailed check,54.69,3399.06,No
8516-UXSVI,Female,0,Yes,Yes,10,Yes,Yes,No,No internet service,No internet service,No internet service,No internet service,No internet service,No internet service,Month-to-month,No,Electronic check,22.3,210.87,No
3084-ZDPXY,Female,0,Yes,No,24,Yes,No,No,No internet service,No internet service,No internet service,No internet service,No internet service,No internet service,Month-to-month,No,Bank transfer (automatic),21.22,483.89,No
4297-AVTDU,Male,0,No,No,26,Yes,Yes,DSL,No,Yes,Yes,No,No,Yes,One year,Yes,Bank transfer (automatic),70.93,1819.62,No
7297-VVCDH,Female,0,Yes,No,6,Yes,Yes,Fiber optic,No,No,Yes,Yes,No,No,Month-to-month,Yes,Electronic check,83.63,517.15,Yes
7283-PJOZU,Female,0,No,No,41,Yes,No,Fiber optic,Yes,Yes,Yes,No,Yes,No,Two year,No,Mailed check,102.27,4194.13,No
4009-PQQQE,Male,0,No,No,7,No,No phone service,Fiber optic,Yes,Yes,Yes,No,No,No,One year,Yes,Credit card (automatic),89.48,638.6,Yes
1879-IABRD,Female,0,Yes,No,8,Yes,No,DSL,No,No,No,No,Yes,No,Two year,Yes,Mailed check,54.54,471.79,No
1093-TLSWU,Female,0,Yes,No,7,Yes,No,Fiber optic,Yes,Yes,No,No,Yes,Yes,Two year,No,Mailed check,103.9,716.08,Yes
7314-HYMZO,Female,0,No,No,2,No,No phone service,DSL,No,No,Yes,Yes,Yes,Yes,Month-to-month,Yes,Electronic check,74.87,193.86,No
2887-GTISW,Male,0,No,No,51,Yes,No,DSL,Yes,Yes,No,No,Yes,No,One year,No,Bank transfer (automatic),68.83,3505.14,No
9904-AJGXN,Female,0,Yes,No,18,Yes,Yes,Fiber optic,No,Yes,No,No,Yes,No,Month-to-month,Yes,Electronic check,74.58,1359.58,Yes
3302-GRSMR,Female,0,No,Yes,22,Yes,Yes,DSL,No,No,No,No,Yes,No,Month-to-month,Yes,Bank transfer (automatic),55.46,1213.2,No
2252-BAGEN,Female,0,Yes,No,24,Yes,No,Fiber optic,Yes,Yes,No,Yes,No,Yes,Month-to-month,Yes,Credit card (automatic),96.87,2344.3,Yes
1485-HNCKD,Female,0,No,Yes,18,Yes,Yes,DSL,Yes,No,No,Yes,Yes,No,Two year,No,Mailed check,74.9,1404.38,No
8857-YBRXZ,Female,0,Yes,No,10,No,No phone service,No,No internet service,No internet service,No internet service,No internet service,No internet service,No internet service,Month-to-month,No,Electronic check,18.9,237.27,No
4995-LDSNV,Male,0,Yes,No,17,Yes,Yes,Fiber optic,Yes,Yes,No,No,No,No,Two year,No,Credit card (automatic),83.69,1450.71,No
3966-HHCKY,Female,0,No,Yes,24,No,No phone service,Fiber optic,No,No,No,No,No,No,Month-to-month,No,Electronic check,60.94,1479.4,No
6119-EQTMT,Male,1,No,No,9,Yes,Yes,DSL,Yes,No,Yes,No,Yes,No,Month-to-month,Yes,Electronic check,69.85,601.06,No
2431-YXERK,Female,0,No,No,17,Yes,Yes,DSL,No,Yes,Yes,No,Yes,Yes,Two year,No,Electronic check,82.99,1394.73,No
4964-QVGDZ,Male,0,No,Yes,56,No,No phone service,DSL,No,No,Yes,No,No,No,Month-to-month,No,Mailed check,48.65,2694.75,No
3980-OTPLP,Male,0,Yes,No,17,Yes,No,Fiber optic,Yes,No,No,No,Yes,Yes,Two year,Yes,Electronic check,91.1,1516.57,No
9339-GULAM,Female,0,Yes,Yes,36,Yes,No,DSL,Yes,No,No,Yes,Yes,No,One year,Yes,Mailed check,74.13,2672.17,No
8893-ZESZX,Male,0,No,Yes,40,Yes,No,Fiber optic,Yes,Yes,No,No,Yes,No,Two year,Yes,Bank transfer (automatic),87.73,3495.28,Yes
5129-AWNRH,Female,0,Yes,No,4,Yes,No,Fiber optic,No,Yes,No,No,No,Yes,One year,Yes,Bank transfer (automatic),75.74,330.31,Yes
1222-LYXYM,Male,0,No,Yes,41,Yes,Yes,No,No internet service,No internet service,No internet service,No internet service,No internet service,No internet service,Month-to-month,Yes,Credit card (automatic),23.79,979.22,No
7502-QIQQX,Female,0,Yes,No,51,Yes,No,Fiber optic,No,No,Yes,Yes,Yes,Yes,One year,No,Credit card (automatic),91.37,4660.13,No
5703-ACYTB,Female,0,No,No,38,Yes,Yes,Fiber optic,No,No,No,No,No,No,One year,Yes,Bank transfer (automatic),69.28,2656.03,Yes
2375-TTGKC,Male,0,No,No,20,Yes,No,No,No internet service,No internet service,No internet service,No internet service,No internet service,No internet service,Month-to-month,Yes,Mailed check,18.25,354.09,No
1133-MXECM,Female,0,No,No,7,Yes,Yes,Fiber optic,No,No,No,No,Yes,Yes,Month-to-month,No,Electronic check,74.04,494.9,Yes
2103-WJPRQ,Male,0,Yes,No,39,Yes,No,DSL,No,Yes,Yes,No,No,Yes,Month-to-month,No,Mailed check,71.43,2805.71,Yes
3104-VOGLZ,Female,0,No,No,17,No,No phone service,DSL,No,No,No,No,Yes,No,Month-to-month,Yes,Mailed check,50.75,909.12,Yes
9797-QBGXR,Female,0,No,No,22,Yes,No,DSL,No,No,No,No,No,No,Month-to-month,Yes,Electronic check,40.5,851.81,Yes
1360-ICNZY,Female,0,No,No,13,No,No phone service,Fiber optic,Yes,No,No,No,No,No,Two year,Yes,Electronic check,71.34,912.73,Yes
2822-WEBIW,Male,0,No,No,24,Yes,Yes,DSL,No,No,No,Yes,No,No,Two year,No,Mailed check,56.2,1368.46,No
4503-ZVPDY,Male,0,Yes,No,23,Yes,Yes,Fiber optic,Yes,No,No,No,No,No,Month-to-month,Yes,Credit card (automatic),76.59,1770.27,Yes
1670-VGZQL,Female,0,Yes,No,10,No,No phone service,DSL,Yes,No,No,No,Yes,Yes,Month-to-month,Yes,Mailed check,62.5,588.23,Yes
9830-QXFQE,Female,0,Yes,No,35,Yes,Yes,Fiber optic,No,No,No,No,No,Yes,Month-to-month,Yes,Electronic check,68.95,2398.3,No
3059-WBRWD,Male,1,No,No,72,Yes,No,Fiber optic,No,Yes,Yes,Yes,No,No,Month-to-month,Yes,Mailed check,85.28,6159.51,Yes
2072-MKQBC,Male,0,No,No,54,Yes,No,DSL,Yes,Yes,No,No,Yes,No,One year,Yes,Credit card (automatic),64.63,3506.68,No
8839-TYQRR,Male,0,Yes,No,72,Yes,No,DSL,Yes,No,Yes,No,No,Yes,Month-to-month,Yes,Credit card (automatic),64.19,4614.35,No
6074-WFQOH,Female,0,No,Yes,17,Yes,Yes,No,No internet service,No internet service,No internet service,No internet service,No internet service,No internet service,Month-to-month,Yes,Credit card (automatic),18.27,322.24,No
7917-SPNDP,Male,1,Yes,No,11,Yes,No,Fiber optic,Yes,No,Yes,Yes,No,No,Month-to-month,Yes,Credit card (automatic),85.48,870.35,No
7817-NZRWJ,Male,0,No,No,4,Yes,Yes,No,No internet service,No internet service,No internet service,No internet service,No internet service,No internet service,Month-to-month,No,Bank transfer (automatic),18.6,75.3,Yes
6070-OSUXE,Female,0,Yes,No,21,Yes,Yes,DSL,Yes,No,No,No,No,Yes,Two year,Yes,Mailed check,71.53,1510.56,No
8264-OPSPY,Male,0,Yes,No,23,Yes,No,Fiber optic,No,No,Yes,Yes,Yes,No,Two year,Yes,Electronic check,86.59,1959.72,Yes
7188-WUHNG,Female,0,Yes,No,27,Yes,No,DSL,No,Yes,No,Yes,Yes,Yes,Month-to-month,Yes,Credit card (automatic),75.03,2045.56,Yes
4266-NOTXN,Male,0,No,No,10,Yes,Yes,Fiber optic,No,Yes,No,Yes,Yes,Yes,Month-to-month,Yes,Mailed check,91.42,911.83,Yes
5080-DTEPF,Female,0,No,Yes,31,Yes,Yes,Fiber optic,No,Yes,No,Yes,Yes,Yes,Month-to-month,Yes,Bank transfer (automatic),95.76,2954.81,Yes
8627-PRKWM,Female,1,Yes,No,26,Yes,No,DSL,Yes,Yes,No,No,Yes,No,Month-to-month,No,Mailed check,69.25,1797.14,Yes
2719-JUPWJ,Female,0,No,No,31,Yes,Yes,Fiber optic,Yes,Yes,No,Yes,No,No,Month-to-month,No,Electronic check,82.78,2493.81,No
2453-EKSIX,Male,0,No,No,36,Yes,Yes,DSL,No,Yes,No,Yes,Yes,No,One year,No,Bank transfer (automatic),61.84,2244.5,No
8088-LQKBW,Female,0,Yes,No,28,No,No phone service,DSL,No,No,No,No,Yes,No,Month-to-month,Yes,Bank transfer (automatic),50.3,1439.06,Yes
6006-KOXTE,Female,1,No,No,53,Yes,Yes,Fiber optic,Yes,No,Yes,No,No,Yes,Two year,Yes,Credit card (automatic),91.55,4877.29,No
4797-FTHPI,Male,0,Yes,No,35,Yes,No,DSL,No,No,No,No,No,No,Month-to-month,No,Credit card (automatic),43.89,1519.07,No
4417-MWLGZ,Male,0,No,No,26,Yes,No,Fiber optic,No,Yes,No,Yes,No,Yes,Two year,No,Electronic check,89.77,2341.3,Yes
5557-RCGSE,Male,0,No,No,14,No,No phone service,Fiber optic,Yes,Yes,Yes,No,Yes,No,One year,No,Credit card (automatic),90.41,1299.28,No
3243-GUOPZ,Female,0,Yes,No,21,Yes,No,Fiber optic,No,Yes,No,No,Yes,Yes,Month-to-month,No,Credit card (automatic),87.97,1829.63,No
8525-NGXSU,Female,0,No,No,7,Yes,No,DSL,No,No,Yes,No,No,No,One year,No,Bank transfer (automatic),56.35,402.57,No
2271-RDLTQ,Female,0,Yes,No,46,Yes,Yes,DSL,No,Yes,Yes,No,No,No,One year,Yes,Electronic check,61.95,2845.05,Yes
6427-LZBML,Female,0,No,No,14,Yes,Yes,Fiber optic,No,No,No,Yes,No,No,Month-to-month,Yes,Credit card (automatic),75.81,1056.23,Yes
9928-CPFZM,Female,1,No,Yes,11,No,No phone service,No,No internet service,No internet service,No internet service,No internet service,No internet service,No internet service,Month-to-month,Yes,Bank transfer (automatic),18.68,256.79,No
4872-IDYLM,Male,1,Yes,Yes,8,Yes,Yes,No,No internet service,No internet service,No internet service,No internet service,No internet service,No internet service,One year,Yes,Electronic check,21.21,164.29,No
9550-DWKVB,Male,0,No,No,14,Yes,No,Fiber optic,Yes,Yes,No,Yes,No,No,Month-to-month,Yes,Bank transfer (automatic),92.35,1298.52,Yes
3469-YXCRE,Female,0,Yes,No,17,Yes,No,Fiber optic,Yes,Yes,No,No,Yes,No,Month-to-month,No,Mailed check,88.86,1524.29,No
9760-XNCQW,Male,0,No,No,60,Yes,No,Fiber optic,No,Yes,Yes,No,No,Yes,Two year,No,Credit card (automatic),82.18,5012.25,No
9401-JVVBJ,Female,0,No,No,14,Yes,No,No,No internet service,No internet service,No internet service,No internet service,No internet service,No internet service,Two year,Yes,Electronic check,21.65,283.36,No
3734-YXYOQ,Female,0,No,No,70,Yes,No,Fiber optic,No,Yes,No,Yes,No,Yes,One year,Yes,Mailed check,82.94,5783.7,Yes
2601-BEDHW,Male,0,No,Yes,61,No,No phone service,Fiber optic,No,Yes,Yes,No,No,Yes,One year,Yes,Credit card (automatic),87.59,5338.52,No
7978-PGWSL,Female,0,No,Yes,59,No,No phone service,DSL,No,No,No,No,No,No,One year,No,Bank transfer (automatic),41.21,2414.74,No
3133-OYLGO,Male,0,Yes,No,39,Yes,No,No,No internet service,No internet service,No internet service,No internet service,No internet service,No internet service,Month-to-month,Yes,Mailed check,24.91,990.34,No
9150-MIUVK,Female,0,Yes,Yes,5,Yes,No,Fiber optic,No,Yes,Yes,No,Yes,No,Month-to-month,No,Electronic check,89.14,454.11,Yes
7937-TSUAM,Female,0,No,Yes,55,No,No phone service,Fiber optic,No,No,Yes,No,No,Yes,Month-to-month,Yes,Bank transfer (automatic),73.11,3991.35,No
5321-WPKDX,Female,0,Yes,No,6,No,No phone service,DSL,No,Yes,No,Yes,Yes,No,Month-to-month,No,Mailed check,67.94,404.29,Yes
5339-AJLJV,Male,0,Yes,No,10,Yes,No,DSL,No,No,No,No,Yes,No,Month-to-month,No,Bank transfer (automatic),48.68,495.6,No
2999-JBNFB,Male,0,Yes,No,17,Yes,Yes,Fiber optic,No,No,No,No,No,No,Month-to-month,Yes,Mailed check,66.45,1177.86,Yes
4470-GCUSA,Male,0,No,Yes,15,Yes,No,No,No internet service,No internet service,No internet service,No internet service,No internet service,No internet service,Month-to-month,Yes,Mailed check,23.97,361.8,No
3625-EDFYU,Male,0,No,No,47,Yes,Yes,Fiber optic,No,Yes,No,No,Yes,No,Month-to-month,No,Electronic check,85.1,3989.96,Yes
3612-OSADU,Male,0,Yes,No,43,Yes,Yes,Fiber optic,Yes,Yes,Yes,Yes,No,No,Two year,No,Credit card (automatic),95.25,4104.51,No
8984-ONZIE,Male,1,Yes,No,23,Yes,Yes,DSL,Yes,No,No,Yes,No,No,Two year,Yes,Bank transfer (automatic),64.73,1479.78,No
1582-ZBMOL,Female,1,No,No,39,Yes,Yes,DSL,Yes,No,Yes,No,No,No,Month-to-month,Yes,Credit card (automatic),63.04,2478.3,Yes
2908-HSRCQ,Male,0,Yes,No,29,Yes,No,Fiber optic,No,No,Yes,Yes,No,Yes,Month-to-month,Yes,Mailed check,90.19,2623.86,Yes
3145-RREUM,Male,1,No,Yes,25,No,No phone service,No,No internet service,No internet service,No internet service,No internet service,No internet service,No internet service,Month-to-month,No,Bank transfer (automatic),19.07,447.13,No
3116-RXFLT,Female,0,No,Yes,19,Yes,No,Fiber optic,No,No,Yes,No,No,Yes,Month-to-month,No,Electronic check,76.56,1502.46,Yes
2017-EGHCB,Female,1,No,No,13,Yes,Yes,DSL,Yes,No,No,No,No,No,Month-to-month,Yes,Mailed check,59.42,781.28,No
9298-NIDUW,Female,1,Yes,Yes,1,No,No phone service,Fiber optic,No,Yes,No,No,No,No,Two year,Yes,Electronic check,77.17,60.97,Yes
1370-MSAPW,Female,0,No,Yes,46,Yes,No,Fiber optic,No,Yes,Yes,Yes,No,Yes,Month-to-month,Yes,Electronic check,92.08,4221.62,Yes
1357-YEHWD,Female,1,No,Yes,14,Yes,Yes,Fiber optic,No,No,No,No,Yes,Yes,One year,Yes,Electronic check,87.78,1258.53,Yes
1775-NZFOY,Female,0,Yes,No,15,Yes,No,Fiber optic,Yes,Yes,Yes,Yes,No,No,Two year,Yes,Mailed check,101.45,1491.04,No
5069-CFXXY,Female,0,No,No,13,Yes,Yes,No,No internet service,No internet service,No internet service,No internet service,No internet service,No internet service,Month-to-month,Yes,Electronic check,18.25,241.3,Yes
5862-TXPRC,Female,1,Yes,No,31,Yes,No,Fiber optic,Yes,No,No,Yes,Yes,Yes,One year,Yes,Mailed check,94.17,2916.92,No
2287-RFUXQ,Male,0,No,No,37,No,No phone service,DSL,No,No,No,Yes,No,No,Month-to-month,Yes,Credit card (automatic),48.81,1831.1,Yes
6863-XJWIB,Male,0,No,No,16,No,No phone service,DSL,No,No,Yes,No,No,No,One year,Yes,Electronic check,49.63,798.29,No
2294-GHMKR,Male,0,Yes,Yes,26,Yes,Yes,Fiber optic,No,No,No,Yes,Yes,No,Month-to-month,Yes,Electronic check,78.57,2044.54,No
2402-SSKEM,Male,0,Yes,No,17,Yes,Yes,No,No internet service,No internet service,No internet service,No internet service,No internet service,No internet service,Month-to-month,Yes,Bank transfer (automatic),21.0,350.84,No
9246-SPRRP,Female,1,Yes,No,47,Yes,No,Fiber optic,No,No,Yes,Yes,No,Yes,Month-to-month,No,Electronic check,87.18,4093.82,Yes
3736-FRDNN,Male,1,Yes,No,33,No,No phone service,No,No internet service,No internet service,No internet service,No internet service,No internet service,No internet service,Two year,Yes,Electronic check,19.33,658.2,No
3241-JYRVO,Male,0,No,Yes,3,Yes,No,DSL,Yes,Yes,No,Yes,No,No,Month-to-month,No,Electronic check,58.85,163.11,Yes
9905-GCYHJ,Male,1,Yes,No,36,Yes,No,DSL,No,No,No,Yes,No,Yes,Two year,Yes,Credit card (automatic),55.54,2007.98,No
5976-TARRT,Female,0,No,No,27,Yes,No,DSL,No,Yes,Yes,Yes,Yes,No,Month-to-month,No,Mailed check,75.2,2060.66,Yes
2579-GAUXR,Male,1,Yes,Yes,12,No,No phone service,Fiber optic,No,No,No,No,No,Yes,Month-to-month,Yes,Credit card (automatic),72.58,843.19,Yes
1776-DRMHA,Female,0,No,No,11,Yes,No,Fiber optic,No,Yes,No,No,No,Yes,Month-to-month,No,Electronic check,82.9,925.76,Yes
1416-AGBEL,Female,0,No,Yes,43,Yes,No,No,No internet service,No internet service,No internet service,No internet service,No internet service,No internet service,Two year,Yes,Electronic check,18.94,825.75,No
1296-HEEJY,Male,0,No,Yes,45,Yes,Yes,Fiber optic,No,Yes,Yes,No,Yes,Yes,One year,Yes,Bank transfer (automatic),101.05,4564.16,No
7156-QMAWL,Female,0,No,Yes,29,Yes,No,Fiber optic,Yes,No,No,Yes,Yes,No,Month-to-month,No,Credit card (automatic),86.01,2483.9,No
7712-PBOAS,Male,0,No,No,16,Yes,No,Fiber optic,No,No,No,Yes,No,No,Two year,No,Bank transfer (automatic),70.8,1185.29,No
7760-BEITE,Male,0,No,Yes,12,Yes,Yes,Fiber optic,No,Yes,Yes,No,No,No,Two year,No,Electronic check,76.85,915.8,No
7890-ZYQPI,Female,0,No,No,13,Yes,Yes,DSL,No,Yes,No,No,No,Yes,Month-to-month,Yes,Credit card (automatic),65.96,906.4,No
6022-XJUDR,Female,0,Yes,No,19,Yes,No,Fiber optic,No,No,No,No,No,No,Month-to-month,Yes,Credit card (automatic),64.92,1248.54,Yes
4886-QUGDN,Male,0,Yes,No,52,Yes,No,Fiber optic,No,No,No,No,Yes,Yes,One year,Yes,Mailed check,82.87,4355.14,Yes
7375-VDEUR,Female,0,Yes,No,4,Yes,Yes,Fiber optic,Yes,Yes,No,No,No,Yes,Month-to-month,No,Credit card (automatic),91.36,420.27,Yes
3451-LPLWY,Male,0,No,Yes,26,Yes,No,No,No internet service,No internet service,No internet service,No internet service,No internet service,No internet service,Month-to-month,Yes,Credit card (automatic),21.54,569.32,Yes
1534-LNVQS,Female,0,No,No,19,Yes,No,Fiber optic,No,Yes,No,Yes,Yes,Yes,One year,No,Bank transfer (automatic),99.64,1927.63,No
5623-BGLGB,Female,0,No,No,34,Yes,No,No,No internet service,No internet service,No internet service,No internet service,No internet service,No internet service,One year,No,Electronic check,20.45,741.73,No
5392-SAFGT,Female,0,No,No,10,Yes,Yes,No,No internet service,No internet service,No internet service,No internet service,No internet service,No internet service,Month-to-month,Yes,Bank transfer (automatic),24.27,282.31,No
3724-KKFQQ,Female,0,Yes,Yes,21,Yes,Yes,Fiber optic,No,No,Yes,No,No,Yes,Month-to-month,No,Credit card (automatic),77.74,1603.99,Yes
6822-FAJUR,Male,0,No,No,44,Yes,No,DSL,No,No,Yes,No,Yes,No,Month-to-month,Yes,Electronic check,57.3,2509.94,No
8366-UEAHJ,Female,0,Yes,No,29,Yes,Yes,Fiber optic,Yes,Yes,No,No,No,Yes,One year,Yes,Electronic check,87.32,2531.92,Yes
9942-FNTLR,Female,0,Yes,No,17,Yes,Yes,Fiber optic,No,No,No,Yes,No,Yes,Month-to-month,Yes,Mailed check,82.19,1421.6,Yes
4991-VFRST,Female,0,No,No,12,Yes,Yes,DSL,No,No,Yes,Yes,Yes,Yes,Month-to-month,Yes,Bank transfer (automatic),75.87,892.33,Yes
5270-KQCFG,Male,1,Yes,No,61,No,No phone service,No,No internet service,No internet service,No internet service,No internet service,No internet service,No internet service,Month-to-month,Yes,Mailed check,21.86,1311.59,No
7930-KUXCY,Male,0,No,No,7,Yes,Yes,DSL,No,No,No,No,Yes,No,Month-to-month,Yes,Credit card (automatic),47.99,344.17,No
9857-MNGHN,Male,0,No,Yes,66,Yes,No,Fiber optic,No,No,Yes,Yes,No,No,One year,Yes,Credit card (automatic),83.13,5479.64,Yes
4653-PZSHX,Male,0,No,No,28,Yes,No,DSL,No,Yes,Yes,No,No,Yes,Month-to-month,Yes,Credit card (automatic),63.45,1749.46,Yes
1659-XOQDC,Male,0,Yes,Yes,23,Yes,No,Fiber optic,Yes,No,Yes,Yes,No,Yes,One year,Yes,Electronic check,94.74,2178.44,Yes
7823-ICXLR,Male,0,Yes,Yes,51,Yes,Yes,Fiber optic,No,No,No,No,No,No,Month-to-month,No,Electronic check,67.96,3468.84,Yes
6366-LXIFJ,Female,0,Yes,Yes,53,Yes,No,Fiber optic,Yes,Yes,Yes,No,Yes,No,Month-to-month,Yes,Electronic check,93.09,4959.03,No
1361-XUODE,Male,1,No,Yes,27,No,No phone service,DSL,No,No,Yes,No,No,Yes,Month-to-month,No,Bank transfer (automatic),57.2,1534.55,No
5912-FUHNK,Female,1,Yes,No,35,Yes,No,Fiber optic,No,No,No,No,No,Yes,Two year,No,Bank transfer (automatic),72.71,2516.85,No
6383-TQGGT,Female,0,Yes,No,9,Yes,Yes,Fiber optic,No,No,Yes,Yes,Yes,Yes,Month-to-month,No,Mailed check,94.25,877.79,Yes
8942-CYSSZ,Female,0,No,No,21,Yes,Yes,DSL,No,Yes,Yes,No,Yes,Yes,Month-to-month,Yes,Mailed check,68.11,1431.34,Yes
8180-QOCHR,Male,0,No,No,14,Yes,No,DSL,No,Yes,Yes,No,No,No,Month-to-month,Yes,Mailed check,60.23,854.72,Yes
5119-YHDTM,Male,0,No,No,61,Yes,No,No,No internet service,No internet service,No internet service,No internet service,No internet service,No internet service,One year,Yes,Electronic check,22.1,1316.64,No
1751-XZBGL,Female,1,Yes,No,57,Yes,Yes,DSL,No,Yes,No,No,No,Yes,One year,No,Mailed check,59.39,3383.72,No
8210-TRFGP,Female,0,No,No,9,Yes,No,DSL,No,Yes,Yes,No,Yes,Yes,One year,Yes,Credit card (automatic),69.02,618.25,Yes
9036-TYOOP,Male,0,Yes,No,8,No,No phone service,DSL,No,No,No,No,No,Yes,One year,Yes,Mailed check,50.38,391.17,No
8568-ORETO,Female,0,Yes,No,22,Yes,No,Fiber optic,No,Yes,Yes,No,Yes,Yes,Month-to-month,No,Electronic check,100.43,2202.3,Yes
2364-QIXNY,Female,0,Yes,No,68,Yes,Yes,Fiber optic,No,No,No,Yes,Yes,Yes,Month-to-month,Yes,Mailed check,86.75,5856.81,No
9058-OVXDW,Female,0,No,No,18,Yes,No,DSL,No,No,No,No,Yes,No,Month-to-month,No,Electronic check,54.94,998.03,Yes
3567-YCACC,Male,0,No,No,72,No,No phone service,DSL,No,No,No,Yes,No,No,Month-to-month,No,Electronic check,52.02,3719.43,No
9680-IDTBL,Female,0,Yes,No,7,Yes,Yes,DSL,No,No,No,Yes,Yes,No,Month-to-month,No,Mailed check,58.26,367.37,Yes
4567-GEGRT,Male,0,No,No,14,Yes,No,Fiber optic,No,Yes,No,Yes,No,Yes,One year,Yes,Bank transfer (automatic),82.8,1168.74,Yes
6202-VOJOG,Female,1,No,Yes,9,Yes,Yes,No,No internet service,No internet service,No internet service,No internet service,No internet service,No internet service,Two year,No,Electronic check,24.66,212.97,No
2034-GRVAW,Male,0,Yes,No,27,Yes,No,No,No internet service,No internet service,No internet service,No internet service,No internet service,No internet service,Two year,No,Mailed check,18.25,506.42,No
5433-YLPBT,Male,0,No,No,17,Yes,No,Fiber optic,No,No,Yes,No,Yes,Yes,Two year,No,Bank transfer (automatic),91.03,1593.97,No
1918-KQDSE,Female,0,Yes,No,64,Yes,No,Fiber optic,Yes,Yes,No,No,Yes,Yes,Month-to-month,Yes,Credit card (automatic),94.93,6084.5,No
9126-QFBIB,Male,0,Yes,Yes,16,Yes,Yes,DSL,No,Yes,No,No,No,Yes,Month-to-month,Yes,Electronic check,49.59,759.27,Yes
6573-ASIQP,Male,1,No,No,45,Yes,Yes,Fiber optic,No,No,Yes,No,No,No,Month-to-month,Yes,Bank transfer (automatic),73.34,3303.83,Yes
9625-XUHRS,Male,0,Yes,Yes,9,Yes,No,No,No internet service,No internet service,No internet service,No internet service,No internet service,No internet service,Month-to-month,Yes,Credit card (automatic),18.25,103.48,No
1412-UUUCZ,Male,0,No,No,20,Yes,Yes,No,No internet service,No internet service,No internet service,No internet service,No internet service,No internet service,Month-to-month,No,Bank transfer (automatic),18.25,374.99,No
1902-KDXER,Male,0,Yes,No,3,Yes,Yes,No,No internet service,No internet service,No internet service,No internet service,No internet service,No internet service,One year,No,Bank transfer (automatic),18.25,104.31,No
1104-KAMLK,Male,0,No,No,69,Yes,No,Fiber optic,Yes,Yes,Yes,Yes,Yes,Yes,Month-to-month,No,Electronic check,117.31,8092.11,Yes
9216-NCOGJ,Female,1,No,No,22,Yes,Yes,DSL,No,No,Yes,No,No,No,Month-to-month,Yes,Bank transfer (automatic),60.49,1366.29,No
6810-ONGMO,Female,0,No,Yes,45,Yes,No,No,No internet service,No internet service,No internet service,No internet service,No internet service,No internet service,Two year,No,Bank transfer (automatic),18.25,827.14,No
1411-VIWKY,Male,0,No,No,5,No,No phone service,DSL,No,Yes,No,No,Yes,No,One year,Yes,Bank transfer (automatic),56.91,259.42,No
8033-KKDUH,Female,0,No,Yes,7,Yes,Yes,DSL,No,Yes,No,No,Yes,Yes,One year,Yes,Electronic check,69.35,489.85,No
1142-XWANL,Male,0,Yes,No,9,Yes,No,No,No internet service,No internet service,No internet service,No internet service,No internet service,No internet service,Month-to-month,No,Mailed check,21.21,192.87,No
1536-TNRPH,Female,0,Yes,No,15,Yes,No,Fiber optic,Yes,No,No,No,No,No,Month-to-month,Yes,Electronic check,73.51,1164.29,Yes
9211-UUGVK,Male,0,No,Yes,52,Yes,Yes,DSL,No,Yes,Yes,No,No,Yes,Month-to-month,Yes,Mailed check,65.18,3391.67,No
8511-AMEVT,Female,0,No,No,17,Yes,Yes,Fiber optic,Yes,No,No,No,No,Yes,Month-to-month,Yes,Credit card (automatic),84.53,1479.99,Yes
4118-ZOIME,Male,0,Yes,No,36,Yes,No,Fiber optic,No,Yes,Yes,No,Yes,No,One year,Yes,Bank transfer (automatic),88.22,3181.51,No
7836-WUUBH,Female,0,No,Yes,72,Yes,No,DSL,Yes,No,No,Yes,No,No,Two year,Yes,Electronic check,60.32,4341.63,No
3762-QMPXL,Male,0,Yes,No,19,Yes,No,Fiber optic,No,Yes,No,No,Yes,No,Two year,Yes,Mailed check,82.91,1531.99,No
3794-IDKOJ,Female,0,Yes,Yes,6,Yes,Yes,DSL,Yes,Yes,No,No,Yes,Yes,Month-to-month,Yes,Mailed check,79.76,516.29,No
1519-YYHII,Male,0,No,Yes,10,Yes,No,Fiber optic,Yes,No,No,No,No,No,Month-to-month,No,Bank transfer (automatic),73.85,708.05,Yes
1353-EPDSI,Female,0,No,No,39,Yes,No,DSL,No,No,Yes,No,No,Yes,One year,No,Mailed check,64.5,2514.17,Yes
4779-GZOSS,Male,0,No,No,14,Yes,No,Fiber optic,Yes,Yes,Yes,Yes,Yes,No,One year,No,Credit card (automatic),98.88,1380.53,No
2941-XIQSH,Female,0,Yes,No,5,Yes,No,DSL,No,Yes,Yes,No,Yes,Yes,Two year,No,Electronic check,72.52,373.98,No
7804-GRVEX,Female,0,Yes,No,72,Yes,Yes,Fiber optic,Yes,Yes,Yes,No,No,No,Month-to-month,Yes,Bank transfer (automatic),90.16,6497.79,No
2040-XWUJZ,Female,0,No,No,55,Yes,Yes,No,No internet service,No internet service,No internet service,No internet service,No internet service,No internet service,One year,Yes,Mailed check,20.14,1130.71,No
6435-GIBJR,Male,0,Yes,No,11,Yes,Yes,DSL,No,No,No,No,No,No,Two year,No,Electronic check,46.18,500.45,No
5664-DIXFE,Male,0,No,Yes,72,Yes,Yes,Fiber optic,Yes,No,No,No,No,No,One year,Yes,Electronic check,68.55,4954.8,Yes
1467-QKWYO,Male,1,Yes,Yes,72,Yes,Yes,DSL,No,Yes,No,Yes,Yes,Yes,Month-to-month,No,Credit card (automatic),70.27,5067.3,No
4595-ZSVGV,Male,0,Yes,No,72,Yes,No,Fiber optic,Yes,Yes,No,No,No,No,Two year,Yes,Credit card (automatic),81.59,5862.08,No
2181-IRBTV,Female,0,Yes,No,20,Yes,No,Fiber optic,No,No,Yes,No,Yes,Yes,Month-to-month,Yes,Bank transfer (automatic),90.64,1830.69,No
9355-YCAXW,Female,1,Yes,No,24,Yes,No,No,No internet service,No internet service,No internet service,No internet service,No internet service,No internet service,Month-to-month,Yes,Credit card (automatic),18.93,500.01,No
7441-IPUXF,Female,0,Yes,Yes,37,Yes,No,No,No internet service,No internet service,No internet service,No internet service,No internet service,No internet service,Month-to-month,Yes,Electronic check,19.25,744.21,No
9585-MMBEQ,Female,0,No,No,13,Yes,Yes,No,No internet service,No internet service,No internet service,No internet service,No internet service,No internet service,Month-to-month,No,Electronic check,24.06,331.07,No
7905-BHLWQ,Female,0,No,Yes,52,Yes,Yes,DSL,No,Yes,Yes,No,No,No,One year,No,Credit card (automatic),60.4,3138.9,No
7105-GLQEH,Female,0,Yes,No,32,Yes,No,Fiber optic,No,No,Yes,No,No,Yes,Two year,Yes,Electronic check,86.83,2703.94,No
9844-EEVRD,Female,0,No,No,51,Yes,No,No,No internet service,No internet service,No internet service,No internet service,No internet service,No internet service,One year,Yes,Mailed check,20.23,1016.2,No
3438-NBUGO,Male,0,Yes,Yes,17,Yes,No,No,No internet service,No internet service,No internet service,No internet service,No internet service,No internet service,One year,No,Electronic check,20.38,339.7,No
8507-TZDNX,Female,0,Yes,No,30,Yes,No,Fiber optic,Yes,No,No,No,No,Yes,Two year,Yes,Mailed check,77.84,2324.04,No
1279-KUUJK,Female,0,No,No,8,Yes,No,DSL,No,No,No,No,Yes,No,Month-to-month,Yes,Credit card (automatic),46.04,348.09,No
7906-KFPIY,Male,0,No,No,16,No,No phone service,Fiber optic,No,Yes,No,No,Yes,Yes,Two year,Yes,Mailed check,89.2,1448.35,No
5557-AVXPY,Male,0,No,No,18,Yes,Yes,Fiber optic,No,Yes,Yes,Yes,Yes,No,One year,No,Electronic check,99.49,1764.65,Yes
2161-FNJAL,Female,0,Yes,Yes,39,Yes,Yes,Fiber optic,Yes,Yes,No,Yes,Yes,No,Month-to-month,Yes,Bank transfer (automatic),99.54,3875.05,No
1028-FUEPX,Female,0,Yes,Yes,49,Yes,No,DSL,No,Yes,Yes,No,Yes,Yes,Month-to-month,Yes,Credit card (automatic),72.13,3563.9,No
1709-HGHQP,Female,0,No,Yes,9,Yes,No,DSL,No,No,Yes,No,Yes,No,Two year,Yes,Electronic check,62.03,627.05,No
9160-YHJGI,Female,1,No,Yes,61,Yes,Yes,No,No internet service,No internet service,No internet service,No internet service,No internet service,No internet service,One year,Yes,Bank transfer (automatic),24.83,1524.61,No
2673-NISGU,Male,0,No,No,35,Yes,No,Fiber optic,Yes,No,No,No,Yes,No,One year,Yes,Mailed check,82.87,2848.38,No
2685-AMAZF,Male,0,No,No,41,Yes,No,No,No internet service,No internet service,No internet service,No internet service,No internet service,No internet service,Month-to-month,Yes,Electronic check,24.14,1004.1,No
6520-CRVDT,Female,0,Yes,No,49,Yes,Yes,No,No internet service,No internet service,No internet service,No internet service,No internet service,No internet service,Two year,Yes,Credit card (automatic),20.54,1041.16,No
7072-TFTPM,Female,0,No,No,11,Yes,Yes,No,No internet service,No internet service,No internet service,No internet service,No internet service,No internet service,Month-to-month,Yes,Electronic check,20.94,236.55,No
4513-CLMXG,Female,0,No,No,60,Yes,No,Fiber optic,Yes,No,No,Yes,Yes,No,Month-to-month,No,Credit card (automatic),88.3,5338.29,No
6241-AFPDB,Female,0,Yes,Yes,15,Yes,No,Fiber optic,No,No,No,No,No,Yes,Month-to-month,No,Electronic check,73.05,1105.61,Yes
5437-LFQPM,Male,0,Yes,Yes,23,Yes,No,Fiber optic,Yes,Yes,Yes,No,Yes,No,Two year,Yes,Bank transfer (automatic),88.99,2062.58,No
5648-QVXKJ,Female,0,No,No,20,Yes,Yes,DSL,No,Yes,Yes,Yes,Yes,Yes,Month-to-month,Yes,Electronic check,83.41,1689.74,No
1211-OUCDK,Male,1,Yes,No,72,No,No phone service,Fiber optic,No,No,No,Yes,No,Yes,Two year,Yes,Credit card (automatic),76.71,5515.32,No
4722-TQLPT,Male,0,No,Yes,11,Yes,Yes,Fiber optic,No,No,No,No,No,No,Month-to-month,Yes,Bank transfer (automatic),68.03,749.85,Yes
3429-WFRWB,Male,0,No,No,72,Yes,No,DSL,Yes,No,No,Yes,Yes,No,One year,Yes,Electronic check,70.19,5058.8,No
2575-IVPVS,Male,0,Yes,Yes,69,No,No phone service,Fiber optic,No,Yes,No,No,Yes,Yes,Month-to-month,Yes,Bank transfer (automatic),90.35,6225.22,No
8573-UBLYN,Female,0,No,No,7,Yes,Yes,Fiber optic,No,No,No,Yes,Yes,No,Month-to-month,No,Bank transfer (automatic),84.1,567.47,Yes
8735-ANFGD,Male,0,No,No,14,Yes,Yes,No,No internet service,No internet service,No internet service,No internet service,No internet service,No internet service,Month-to-month,No,Mailed check,22.06,338.56,No
8847-TJZAB,Male,1,Yes,Yes,14,Yes,No,No,No internet service,No internet service,No internet service,No internet service,No internet service,No internet service,Two year,Yes,Credit card (automatic),18.56,266.37,No
6544-JSUPB,Female,0,No,No,42,Yes,Yes,Fiber optic,No,Yes,No,No,Yes,Yes,Month-to-month,Yes,Credit card (automatic),92.6,3900.38,No
5970-GJFJP,Female,1,Yes,No,60,Yes,Yes,No,No internet service,No internet service,No internet service,No internet service,No internet service,No internet service,Two year,No,Mailed check,18.67,1113.17,No
5440-RMSIE,Male,0,No,No,14,Yes,Yes,DSL,No,No,No,No,Yes,Yes,Two year,No,Electronic check,58.6,852.99,No
4109-ILMLM,Male,0,Yes,No,6,Yes,No,Fiber optic,No,Yes,No,Yes,Yes,Yes,Month-to-month,No,Bank transfer (automatic),87.8,541.62,No
1383-FKMVC,Male,0,Yes,No,42,Yes,No,DSL,No,No,No,No,No,Yes,Two year,Yes,Bank transfer (automatic),52.73,2244.23,No
2217-UWFCI,Female,1,No,Yes,28,Yes,No,Fiber optic,Yes,No,No,No,No,No,One year,Yes,Mailed check,76.53,2152.63,No
6731-COGXI,Male,0,Yes,Yes,7,Yes,Yes,Fiber optic,No,No,No,No,Yes,No,Month-to-month,Yes,Mailed check,73.86,498.88,Yes
3494-ZSKPD,Male,0,Yes,No,38,Yes,No,No,No internet service,No internet service,No internet service,No internet service,No internet service,No internet service,Month-to-month,No,Mailed check,21.47,821.68,No
8942-BLLLW,Male,0,Yes,No,26,Yes,No,Fiber optic,No,No,No,No,Yes,No,Month-to-month,No,Mailed check,75.19,1939.22,Yes
6850-ROYON,Female,0,No,Yes,9,Yes,Yes,Fiber optic,No,No,No,No,Yes,No,One year,Yes,Electronic check,79.64,738.72,Yes
7829-YDBUW,Male,0,No,No,17,Yes,No,DSL,No,No,Yes,No,Yes,Yes,Two year,Yes,Electronic check,67.21,1132.26,No
7166-YUZAV,Female,0,Yes,No,72,Yes,Yes,Fiber optic,Yes,No,Yes,Yes,Yes,Yes,Month-to-month,Yes,Electronic check,105.02,7568.02,Yes
6142-CNJEE,Male,0,Yes,Yes,1,Yes,Yes,DSL,No,Yes,Yes,No,Yes,No,Month-to-month,No,Electronic check,69.23,59.19,No
9487-DOZYZ,Female,0,Yes,Yes,10,No,No phone service,Fiber optic,Yes,No,No,Yes,No,No,Month-to-month,Yes,Electronic check,74.09,727.85,Yes
5756-INCER,Male,0,No,No,6,Yes,No,DSL,No,No,No,Yes,Yes,Yes,One year,No,Credit card (automatic),69.0,411.97,No
8676-YPMNO,Male,0,Yes,Yes,21,Yes,No,DSL,No,No,Yes,Yes,Yes,Yes,One year,Yes,Bank transfer (automatic),71.22,1515.13,Yes
2598-SSXUN,Male,0,No,No,29,Yes,Yes,Fiber optic,No,No,No,No,Yes,Yes,Month-to-month,Yes,Mailed check,81.01,2307.41,Yes
9553-NUMWJ,Female,0,Yes,No,23,Yes,No,Fiber optic,Yes,No,No,No,No,No,One year,No,Electronic check,74.71,1697.11,No
4328-KYLDC,Female,0,No,Yes,26,Yes,No,No,No internet service,No internet service,No internet service,No internet service,No internet service,No internet service,Month-to-month,No,Credit card (automatic),22.83,583.13,No
3445-MUYXG,Male,1,No,No,31,No,No phone service,No,No internet service,No internet service,No internet service,No internet service,No internet service,No internet service,One year,No,Electronic check,18.25,546.68,No
8023-ZINSM,Male,0,Yes,Yes,16,Yes,Yes,Fiber optic,No,No,No,Yes,No,No,Two year,No,Credit card (automatic),75.22,1187.16,Yes
7298-PLRQZ,Female,0,No,No,72,Yes,No,Fiber optic,No,No,Yes,No,Yes,Yes,Month-to-month,Yes,Bank transfer (automatic),90.71,6547.9,Yes
2136-DGLRT,Female,0,Yes,Yes,27,Yes,Yes,DSL,Yes,No,Yes,No,No,No,One year,Yes,Electronic check,57.81,1577.2,No
2401-XQSGR,Male,0,No,No,8,Yes,Yes,Fiber optic,No,No,Yes,No,Yes,Yes,One year,Yes,Electronic check,95.94,769.81,Yes
4460-CKNPO,Male,0,Yes,No,24,Yes,Yes,No,No internet service,No internet service,No internet service,No internet service,No internet service,No internet service,Month-to-month,Yes,Bank transfer (automatic),24.46,575.94,No
7107-NHBJS,Female,0,Yes,No,42,Yes,No,No,No internet service,No internet service,No internet service,No internet service,No internet service,No internet service,Month-to-month,No,Electronic check,18.25,734.11,No
1267-YSGNS,Female,0,Yes,Yes,46,No,No phone service,Fiber optic,No,Yes,Yes,No,Yes,No,Two year,Yes,Mailed check,84.95,3944.44,No
5333-WVZCK,Female,0,Yes,No,38,Yes,No,No,No internet service,No internet service,No internet service,No internet service,No internet service,No internet service,Month-to-month,Yes,Credit card (automatic),21.69,831.36,No
1949-PMPGR,Female,0,No,No,29,Yes,Yes,Fiber optic,No,Yes,Yes,Yes,Yes,No,One year,No,Electronic check,98.21,2815.76,Yes
7503-KIQZM,Male,0,No,No,11,Yes,Yes,DSL,No,Yes,No,No,No,No,Two year,No,Electronic check,54.25,607.34,No
4898-NMHUC,Male,0,Yes,No,33,Yes,Yes,Fiber optic,No,Yes,No,Yes,Yes,No,Two year,Yes,Mailed check,87.06,2878.74,No
9875-YUXEE,Male,0,No,No,24,Yes,Yes,Fiber optic,Yes,Yes,No,Yes,Yes,Yes,One year,No,Electronic check,101.32,2419.13,Yes
4159-ZCILP,Male,0,No,No,14,No,No phone service,DSL,No,Yes,No,No,No,Yes,Month-to-month,Yes,Bank transfer (automatic),63.05,879.67,Yes
3129-NCRKX,Male,0,Yes,No,27,Yes,Yes,Fiber optic,No,Yes,Yes,No,Yes,No,Month-to-month,Yes,Credit card (automatic),90.55,2453.51,Yes
6034-GFMTQ,Male,1,Yes,No,48,Yes,No,No,No internet service,No internet service,No internet service,No internet service,No internet service,No internet service,One year,Yes,Mailed check,21.1,1000.07,No
1933-YKGAM,Male,0,No,No,5,Yes,Yes,Fiber optic,No,No,No,No,No,No,Two year,Yes,Mailed check,67.54,315.53,Yes
7504-GBSTH,Female,1,Yes,No,11,Yes,Yes,DSL,Yes,Yes,Yes,No,Yes,Yes,Month-to-month,No,Mailed check,79.8,889.55,No
9691-PVHNU,Male,0,No,No,44,Yes,No,DSL,Yes,No,No,No,No,No,Month-to-month,Yes,Mailed check,55.91,2468.84,Yes
9698-RUGCY,Male,0,Yes,Yes,9,Yes,Yes,DSL,No,No,No,Yes,No,Yes,Month-to-month,No,Credit card (automatic),61.98,523.2,No
1700-VEYTP,Female,0,Yes,No,58,Yes,Yes,DSL,No,No,No,Yes,Yes,No,Month-to-month,Yes,Electronic check,58.44,3357.8,Yes
4988-ZMEXA,Female,0,No,No,21,Yes,Yes,DSL,No,Yes,Yes,Yes,Yes,No,Two year,Yes,Credit card (automatic),78.1,1586.55,Yes
7866-URPUH,Female,0,No,No,37,Yes,Yes,Fiber optic,No,No,Yes,No,Yes,No,Month-to-month,No,Bank transfer (automatic),84.09,3073.0,Yes
4134-BYEHC,Female,0,No,No,42,Yes,No,Fiber optic,No,No,No,No,No,No,One year,Yes,Mailed check,64.56,2705.56,Yes
7184-VLEFT,Female,1,Yes,No,25,Yes,No,Fiber optic,No,Yes,No,Yes,Yes,Yes,Month-to-month,Yes,Credit card (automatic),100.64,2493.42,Yes
1153-CKZBY,Male,0,No,Yes,61,Yes,Yes,Fiber optic,Yes,Yes,No,No,Yes,Yes,Month-to-month,No,Electronic check,96.16,5874.42,Yes
9689-DXVLR,Male,0,No,No,28,Yes,Yes,DSL,No,No,Yes,Yes,Yes,Yes,One year,Yes,Electronic check,75.05,2082.07,No
1176-XVMGD,Female,0,No,No,30,Yes,Yes,No,No internet service,No internet service,No internet service,No internet service,No internet service,No internet service,Two year,No,Credit card (automatic),23.42,664.98,No
8082-ALDXM,Male,0,No,Yes,7,Yes,No,No,No internet service,No internet service,No internet service,No internet service,No internet service,No internet service,Month-to-month,Yes,Credit card (automatic),18.31,96.09,No
6602-UDIUP,Male,0,No,Yes,72,Yes,Yes,DSL,No,No,No,No,No,Yes,Month-to-month,Yes,Credit card (automatic),53.69,3877.92,No
3370-TNUUV,Male,0,No,No,48,Yes,Yes,DSL,Yes,No,Yes,No,No,Yes,Month-to-month,No,Bank transfer (automatic),69.0,3332.37,No
6750-UOXUX,Male,0,No,No,10,Yes,No,No,No internet service,No internet service,No internet service,No internet service,No internet service,No internet service,One year,Yes,Electronic check,18.6,125.89,No
1145-LQWHR,Male,0,No,No,7,Yes,No,Fiber optic,No,No,Yes,Yes,No,Yes,Month-to-month,No,Credit card (automatic),85.43,589.27,Yes
8620-IRAXH,Male,0,No,No,18,Yes,No,No,No internet service,No internet service,No internet service,No internet service,No internet service,No internet service,Month-to-month,Yes,Mailed check,21.25,407.48,No
3045-WFULL,Female,1,No,No,21,Yes,No,DSL,No,Yes,Yes,Yes,Yes,No,Month-to-month,No,Credit card (automatic),85.5,1789.49,No
5312-UPXVY,Female,0,No,Yes,26,Yes,Yes,No,No internet service,No internet service,No internet service,No internet service,No internet service,No internet service,Two year,Yes,Bank transfer (automatic),20.64,528.72,No
4803-SOOKU,Male,0,Yes,No,59,Yes,Yes,Fiber optic,No,No,No,No,Yes,Yes,Month-to-month,Yes,Credit card (automatic),83.92,5013.54,Yes
7442-LYQBO,Female,1,Yes,No,61,Yes,No,Fiber optic,Yes,No,No,No,No,No,One year,Yes,Electronic check,74.49,4534.57,No
7481-YLTUZ,Male,0,Yes,No,48,No,No phone service,DSL,Yes,Yes,Yes,Yes,No,Yes,Two year,Yes,Mailed check,82.6,4017.06,No
5809-UYELU,Female,0,No,No,3,Yes,Yes,Fiber optic,No,Yes,No,No,No,Yes,Month-to-month,Yes,Electronic check,86.93,245.59,Yes
7120-VYWVW,Female,0,Yes,Yes,72,No,No phone service,Fiber optic,No,No,No,No,No,No,Month-to-month,Yes,Bank transfer (automatic),61.06,4409.0,Yes
1533-UBXKU,Male,0,Yes,No,52,Yes,Yes,DSL,No,No,No,No,No,No,Month-to-month,No,Mailed check,49.66,2572.51,No
7677-UFPON,Female,1,No,No,40,Yes,No,No,No internet service,No internet service,No internet service,No internet service,No internet service,No internet service,Two year,Yes,Electronic check,21.58,917.19,No
1843-TIEGF,Female,0,Yes,No,21,Yes,Yes,DSL,No,No,Yes,No,No,No,Month-to-month,Yes,Electronic check,54.8,1133.59,Yes
2531-UVFEW,Female,0,No,Yes,37,Yes,No,DSL,Yes,No,No,No,No,Yes,One year,Yes,Electronic check,59.4,2197.87,No
7010-KPUSS,Female,1,No,Yes,6,No,No phone service,DSL,No,No,No,No,No,No,Month-to-month,No,Credit card (automatic),43.55,245.07,No
4047-BOCBC,Female,0,Yes,No,36,Yes,No,Fiber optic,Yes,Yes,Yes,No,Yes,No,Month-to-month,No,Electronic check,93.6,3403.01,No
2620-TRDSE,Male,1,Yes,No,50,No,No phone service,DSL,No,No,No,Yes,Yes,No,Month-to-month,Yes,Mailed check,51.93,2604.93,Yes
7911-PKEWQ,Female,0,No,No,32,Yes,Yes,No,No internet service,No internet service,No internet service,No internet service,No internet service,No internet service,One year,No,Bank transfer (automatic),20.62,640.04,No
9234-RSXVL,Female,0,No,No,21,No,No phone service,Fiber optic,No,No,No,Yes,Yes,Yes,Month-to-month,Yes,Electronic check,84.84,1779.98,Yes
3460-SIGGH,Female,0,Yes,Yes,62,Yes,Yes,No,No internet service,No internet service,No internet service,No internet service,No internet service,No internet service,One year,Yes,Mailed check,23.04,1418.64,No
5221-WCPKT,Male,0,Yes,No,72,Yes,No,DSL,No,Yes,No,No,Yes,Yes,Two year,Yes,Mailed check,62.83,4541.88,No
5268-EBAQE,Female,0,No,No,39,No,No phone service,Fiber optic,No,Yes,Yes,No,Yes,Yes,Month-to-month,Yes,Electronic check,96.14,3724.61,Yes
6402-AGVXM,Male,0,No,Yes,50,Yes,No,No,No internet service,No internet service,No internet service,No internet service,No internet service,No internet service,Month-to-month,No,Electronic check,21.93,1031.79,No
5458-YDKNR,Female,0,No,No,25,Yes,Yes,No,No internet service,No internet service,No internet service,No internet service,No internet service,No internet service,Month-to-month,No,Bank transfer (automatic),19.83,513.4,No
4254-ARZNV,Male,0,Yes,Yes,18,Yes,Yes,Fiber optic,Yes,No,No,No,Yes,Yes,One year,Yes,Credit card (automatic),85.25,1568.6,No
5631-YACMX,Female,0,No,No,53,Yes,No,No,No internet service,No internet service,No internet service,No internet service,No internet service,No internet service,Two year,Yes,Electronic check,18.25,974.39,No
3259-RBTVW,Female,0,No,No,72,Yes,No,DSL,No,No,Yes,No,No,Yes,Month-to-month,Yes,Credit card (automatic),58.33,4199.85,No
5953-PZDUF,Male,0,Yes,Yes,15,Yes,No,DSL,Yes,No,No,No,No,No,One year,Yes,Electronic check,51.37,737.08,Yes
2480-GKUHK,Female,1,No,No,10,Yes,No,Fiber optic,Yes,No,No,No,Yes,Yes,Month-to-month,Yes,Bank transfer (automatic),85.55,846.82,Yes
2218-TSMDW,Male,0,No,No,17,Yes,Yes,DSL,Yes,No,No,Yes,No,Yes,One year,Yes,Electronic check,73.53,1242.07,Yes
8386-ZSZUI,Female,1,No,Yes,14,Yes,No,No,No internet service,No internet service,No internet service,No internet service,No internet service,No internet service,Month-to-month,No,Mailed check,18.25,263.78,No
6785-CGSTI,Female,1,No,No,66,No,No phone service,DSL,No,No,Yes,No,No,No,Month-to-month,No,Mailed check,47.93,3142.5,No
1023-NUZFD,Male,0,Yes,No,60,Yes,No,DSL,No,Yes,Yes,No,Yes,Yes,Two year,Yes,Electronic check,76.88,4644.14,No
7867-CWAZQ,Male,0,No,No,16,Yes,No,Fiber optic,No,No,No,No,Yes,Yes,Month-to-month,Yes,Credit card (automatic),81.11,1304.31,No
6733-HYOCB,Male,0,Yes,Yes,31,Yes,No,Fiber optic,No,No,No,No,No,Yes,Two year,Yes,Credit card (automatic),71.46,2238.69,No
8446-OCGUY,Male,0,No,No,10,No,No phone service,DSL,No,Yes,No,Yes,Yes,No,Month-to-month,Yes,Electronic check,66.97,677.96,No
5627-YKUWC,Female,0,Yes,Yes,24,Yes,Yes,No,No internet service,No internet service,No internet service,No internet service,No internet service,No internet service,Month-to-month,Yes,Bank transfer (automatic),23.14,525.66,Yes
1542-UIQYK,Female,1,Yes,Yes,10,No,No phone service,No,No internet service,No internet service,No internet service,No internet service,No internet service,No internet service,Month-to-month,No,Mailed check,18.25,183.6,No
8927-REVVY,Male,1,No,Yes,21,Yes,No,Fiber optic,Yes,No,Yes,No,Yes,Yes,Month-to-month,No,Electronic check,98.36,2067.79,Yes
9831-ILDST,Female,0,Yes,Yes,10,Yes,No,DSL,No,No,No,Yes,Yes,No,Month-to-month,Yes,Electronic check,58.77,607.17,No
9135-DPLNR,Male,0,No,No,62,Yes,Yes,DSL,Yes,No,No,Yes,Yes,No,One year,Yes,Electronic check,64.9,4000.49,No
7485-IPFTB,Female,0,Yes,No,32,Yes,Yes,DSL,Yes,No,No,Yes,No,Yes,Month-to-month,No,Electronic check,63.18,2069.85,No
1832-UEIGX,Male,0,Yes,No,36,Yes,No,DSL,No,Yes,Yes,No,No,Yes,Month-to-month,Yes,Mailed check,69.63,2501.64,Yes
9106-KBNSI,Female,0,Yes,No,14,Yes,No,Fiber optic,No,Yes,Yes,Yes,Yes,No,Month-to-month,No,Credit card (automatic),98.75,1367.36,Yes
1218-VAFFS,Female,0,Yes,Yes,19,Yes,Yes,Fiber optic,No,No,No,No,Yes,Yes,One year,No,Mailed check,83.52,1563.95,No
1343-QZEED,Male,0,Yes,No,30,Yes,Yes,DSL,No,No,No,Yes,No,No,Two year,No,Mailed check,56.83,1700.5,No
8860-GHSYH,Female,0,Yes,No,72,Yes,No,No,No internet service,No internet service,No internet service,No internet service,No internet service,No internet service,Month-to-month,Yes,Credit card (automatic),22.0,1567.12,No
7572-IVWFU,Female,1,No,Yes,27,Yes,Yes,Fiber optic,No,No,No,No,No,No,Month-to-month,No,Credit card (automatic),65.84,1775.26,Yes
5082-USHJC,Male,0,No,No,70,Yes,Yes,Fiber optic,No,No,Yes,No,No,No,Two year,Yes,Bank transfer (automatic),69.65,4899.88,No
5030-GSJNZ,Male,1,Yes,Yes,20,Yes,No,Fiber optic,No,No,No,No,Yes,Yes,Month-to-month,Yes,Mailed check,82.87,1645.54,Yes
7328-CTLRS,Female,0,Yes,No,28,Yes,No,No,No internet service,No internet service,No internet service,No internet service,No internet service,No internet service,Month-to-month,Yes,Electronic check,18.25,513.37,No
1497-BSMKV,Male,0,Yes,No,59,Yes,Yes,Fiber optic,Yes,No,Yes,No,No,No,Month-to-month,No,Electronic check,82.63,4876.24,Yes
6626-ZLQBY,Male,1,Yes,Yes,46,No,No phone service,DSL,Yes,No,No,No,No,Yes,One year,Yes,Bank transfer (automatic),57.23,2613.53,No
4072-WQFUT,Male,0,Yes,No,14,Yes,No,Fiber optic,No,Yes,No,No,Yes,No,Two year,No,Credit card (automatic),77.28,1016.93,No
1030-CGBHK,Female,0,No,No,36,Yes,No,Fiber optic,No,Yes,No,No,No,No,One year,No,Credit card (automatic),70.95,2539.54,Yes
6392-PJHNJ,Male,0,No,Yes,38,Yes,No,DSL,No,No,Yes,No,Yes,No,Two year,Yes,Mailed check,57.36,2166.96,No
9217-BRNGQ,Male,0,No,No,42,Yes,No,No,No internet service,No internet service,No internet service,No internet service,No internet service,No internet service,One year,Yes,Electronic check,21.82,875.65,No
5120-GGXGS,Female,0,No,No,15,Yes,Yes,DSL,No,Yes,No,Yes,Yes,No,One year,No,Credit card (automatic),68.49,965.36,No
8653-OPMEM,Female,0,No,Yes,9,Yes,Yes,Fiber optic,No,No,No,No,Yes,No,Month-to-month,Yes,Bank transfer (automatic),74.99,685.49,Yes
6329-YKXNW,Female,0,Yes,Yes,72,Yes,Yes,No,No internet service,No internet service,No internet service,No internet service,No internet service,No internet service,One year,No,Mailed check,20.72,1480.34,No
4334-KXWYX,Male,0,Yes,No,72,No,No phone service,DSL,No,No,No,No,No,Yes,Month-to-month,Yes,Electronic check,47.69,3410.34,Yes
9454-PIQGZ,Female,0,No,No,42,Yes,No,Fiber optic,No,No,Yes,No,Yes,Yes,Month-to-month,No,Bank transfer (automatic),85.4,3552.96,Yes
6277-RHRDS,Female,0,Yes,No,20,Yes,No,DSL,No,Yes,No,Yes,No,Yes,One year,Yes,Electronic check,65.54,1304.0,Yes
4335-LENHC,Male,0,Yes,No,65,Yes,No,No,No internet service,No internet service,No internet service,No internet service,No internet service,No internet service,Two year,No,Bank transfer (automatic),21.84,1436.76,No
5186-GSJCU,Female,1,No,No,12,Yes,No,No,No internet service,No internet service,No internet service,No internet service,No internet service,No internet service,One year,No,Bank transfer (automatic),21.63,256.04,No
9678-OTSYI,Male,0,Yes,No,13,Yes,No,No,No internet service,No internet service,No internet service,No internet service,No internet service,No internet service,Month-to-month,Yes,Electronic check,18.25,220.43,No
7768-ZJGJL,Male,0,Yes,No,72,Yes,No,DSL,No,Yes,No,No,Yes,Yes,Two year,Yes,Electronic check,65.03,4685.8,No
5567-BRNKC,Male,0,No,Yes,72,Yes,Yes,Fiber optic,No,Yes,Yes,Yes,No,No,Month-to-month,Yes,Mailed check,94.99,6861.49,No
1391-DMWFQ,Female,1,Yes,Yes,18,Yes,No,Fiber optic,Yes,Yes,Yes,No,Yes,Yes,Month-to-month,No,Mailed check,100.76,1788.35,Yes
8415-PWLVN,Male,0,Yes,Yes,14,Yes,No,Fiber optic,Yes,No,No,Yes,Yes,Yes,One year,No,Bank transfer (automatic),100.32,1426.84,No
1445-OMQKM,Male,0,Yes,No,28,Yes,Yes,No,No internet service,No internet service,No internet service,No internet service,No internet service,No internet service,Month-to-month,Yes,Electronic check,23.27,619.1,Yes
7066-CHXMC,Male,1,Yes,No,11,Yes,Yes,No,No internet service,No internet service,No internet service,No internet service,No internet service,No internet service,Month-to-month,Yes,Bank transfer (automatic),20.29,228.99,No
7318-EUGJV,Male,0,No,No,7,Yes,No,Fiber optic,No,No,No,No,No,No,One year,No,Credit card (automatic),64.76,427.91,Yes
1954-BOXAQ,Male,1,No,No,7,Yes,Yes,DSL,Yes,Yes,Yes,Yes,Yes,Yes,Two year,No,Bank transfer (automatic),94.04,637.44,No
9609-ZXPHV,Female,0,Yes,No,35,Yes,No,DSL,Yes,No,No,No,Yes,No,Month-to-month,No,Electronic check,58.75,2044.3,Yes
5177-WQPVK,Male,0,Yes,Yes,26,Yes,No,DSL,Yes,No,No,No,No,No,Month-to-month,Yes,Bank transfer (automatic),47.57,1248.64,No
8605-ECOZN,Male,1,Yes,No,59,Yes,Yes,DSL,No,No,Yes,No,Yes,No,Month-to-month,Yes,Electronic check,62.9,3719.35,No
1668-PDDOY,Female,1,No,No,72,Yes,Yes,Fiber optic,No,No,No,Yes,Yes,No,One year,Yes,Electronic check,78.53,5679.47,No
1392-HEOCJ,Male,0,Yes,No,41,Yes,No,DSL,No,Yes,No,No,Yes,Yes,Month-to-month,Yes,Electronic check,72.26,2940.06,No
9887-QTHSD,Female,0,Yes,No,11,No,No phone service,DSL,No,No,Yes,No,No,No,One year,Yes,Bank transfer (automatic),45.43,492.39,Yes
2387-BOTEG,Male,0,No,Yes,3,Yes,No,DSL,Yes,No,No,Yes,Yes,Yes,One year,No,Mailed check,74.26,217.23,No
1176-LDHVC,Male,0,No,No,21,Yes,No,DSL,No,Yes,No,No,No,No,One year,Yes,Credit card (automatic),51.27,1089.95,No
1976-PDTKD,Male,0,No,No,19,Yes,No,DSL,Yes,Yes,No,Yes,Yes,No,Month-to-month,No,Credit card (automatic),77.14,1433.03,Yes
3292-AKDVV,Male,0,No,No,12,Yes,No,DSL,No,No,Yes,Yes,Yes,No,Month-to-month,No,Electronic check,63.98,762.4,Yes
5631-CQKMB,Male,0,No,No,40,Yes,No,Fiber optic,No,Yes,No,Yes,No,No,Two year,Yes,Credit card (automatic),76.57,3028.6,No
1428-XXFDD,Female,0,No,No,42,Yes,No,DSL,Yes,Yes,Yes,No,Yes,No,Two year,Yes,Credit card (automatic),75.76,3193.72,No
8417-TGMIY,Male,0,No,Yes,35,Yes,No,DSL,No,Yes,Yes,No,No,No,Month-to-month,No,Credit card (automatic),68.26,2358.47,No
1291-KXHNE,Female,0,Yes,No,72,Yes,Yes,Fiber optic,No,No,No,Yes,No,Yes,Month-to-month,No,Bank transfer (automatic),80.38,5744.01,Yes
7648-RICLP,Female,0,Yes,Yes,8,Yes,Yes,Fiber optic,No,No,Yes,No,Yes,No,Two year,No,Electronic check,79.37,614.18,No
2731-VUPJN,Male,0,Yes,Yes,22,Yes,No,DSL,No,Yes,No,No,No,Yes,Month-to-month,Yes,Electronic check,67.49,1508.15,Yes
4691-XSLGE,Female,0,No,Yes,27,Yes,Yes,No,No internet service,No internet service,No internet service,No internet service,No internet service,No internet service,Two year,Yes,Mailed check,21.41,566.5,No
2855-MPWVL,Male,0,No,No,20,Yes,No,DSL,Yes,No,Yes,No,No,No,Month-to-month,No,Electronic check,59.9,1243.79,No
1356-QBEMC,Male,0,No,No,17,Yes,No,No,No internet service,No internet service,No internet service,No internet service,No internet service,No internet service,Month-to-month,Yes,Electronic check,18.4,315.19,No
4536-MTUGC,Male,0,Yes,No,47,Yes,No,No,No internet service,No internet service,No internet service,No internet service,No internet service,No internet service,Month-to-month,Yes,Electronic check,23.45,1123.31,No
8178-MANJM,Female,0,No,No,15,Yes,Yes,No,No internet service,No internet service,No internet service,No internet service,No internet service,No internet service,Month-to-month,No,Mailed check,19.14,323.42,No
6625-KGOTM,Female,0,Yes,Yes,13,Yes,No,No,No internet service,No internet service,No internet service,No internet service,No internet service,No internet service,Two year,Yes,Electronic check,22.88,292.54,No
1221-BEQWW,Male,0,Yes,No,42,Yes,No,No,No internet service,No internet service,No internet service,No internet service,No internet service,No internet service,Two year,Yes,Credit card (automatic),21.18,899.53,No
9068-KVEBP,Female,0,No,No,41,Yes,No,DSL,No,Yes,Yes,No,Yes,No,Month-to-month,Yes,Credit card (automatic),63.93,2590.44,Yes
4438-DEMIL,Female,0,No,Yes,7,Yes,Yes,DSL,No,No,No,Yes,Yes,Yes,Two year,Yes,Credit card (automatic),72.89,504.51,No
6601-FPJOT,Male,0,No,No,59,Yes,Yes,Fiber optic,No,No,Yes,No,Yes,Yes,Month-to-month,No,Bank transfer (automatic),89.71,5278.76,Yes
5086-GYKCD,Female,0,Yes,No,72,Yes,No,Fiber optic,Yes,Yes,Yes,No,No,Yes,One year,Yes,Mailed check,95.39,6890.95,No
1329-DHDIU,Female,0,Yes,No,5,Yes,No,Fiber optic,No,No,Yes,No,Yes,No,Month-to-month,Yes,Electronic check,84.29,446.82,Yes
6476-VTYJC,Female,0,Yes,No,47,Yes,No,DSL,No,No,Yes,Yes,Yes,No,Month-to-month,Yes,Electronic check,68.66,3257.47,No
8999-KRGCB,Female,0,Yes,No,33,Yes,Yes,DSL,Yes,No,No,No,Yes,Yes,Month-to-month,No,Mailed check,64.03,2077.28,No
3890-KBOWP,Male,0,No,No,31,Yes,Yes,Fiber optic,Yes,No,Yes,Yes,No,No,One year,Yes,Electronic check,91.54,2838.82,Yes
6523-SBZWR,Male,0,Yes,No,62,Yes,Yes,Fiber optic,No,No,No,Yes,No,Yes,Two year,No,Mailed check,85.01,5267.85,No
7929-KOHJO,Female,0,Yes,Yes,33,No,No phone service,Fiber optic,No,No,No,No,No,Yes,Two year,No,Electronic check,69.06,2261.38,No
6943-KMCSQ,Male,0,Yes,No,32,Yes,No,DSL,Yes,No,No,No,No,No,Two year,Yes,Bank transfer (automatic),52.0,1664.54,No
3374-MRNIF,Male,0,No,No,19,No,No phone service,No,No internet service,No internet service,No internet service,No internet service,No internet service,No internet service,Two year,Yes,Credit card (automatic),18.25,336.57,No
2569-QPWAP,Female,0,No,No,64,Yes,Yes,No,No internet service,No internet service,No internet service,No internet service,No internet service,No internet service,Month-to-month,Yes,Electronic check,21.85,1388.59,No
8614-ABKXC,Male,0,Yes,No,6,Yes,Yes,DSL,No,Yes,No,No,Yes,No,Month-to-month,Yes,Bank transfer (automatic),63.73,393.67,Yes
1312-UGBZO,Male,0,Yes,Yes,54,Yes,Yes,Fiber optic,No,Yes,Yes,Yes,Yes,Yes,One year,No,Bank transfer (automatic),107.17,5772.44,No
5092-NORAE,Female,0,No,No,14,Yes,Yes,DSL,No,No,No,No,Yes,Yes,Month-to-month,No,Mailed check,59.62,816.05,Yes
8025-ZHHOB,Male,0,No,No,26,Yes,No,Fiber optic,Yes,Yes,No,No,No,Yes,Month-to-month,No,Bank transfer (automatic),87.95,2238.52,Yes
2113-HORUN,Male,0,Yes,No,11,Yes,Yes,Fiber optic,No,No,No,No,No,Yes,Month-to-month,No,Electronic check,73.55,811.21,No
2543-OBHPS,Female,1,Yes,Yes,20,Yes,Yes,Fiber optic,No,Yes,No,Yes,Yes,Yes,Month-to-month,Yes,Bank transfer (automatic),99.1,1997.32,Yes
8201-SLKXS,Male,0,No,Yes,13,Yes,No,DSL,Yes,No,No,No,No,No,Two year,No,Bank transfer (automatic),52.39,664.1,No
7271-VCJXW,Male,0,No,No,22,No,No phone service,Fiber optic,Yes,No,No,No,No,Yes,Month-to-month,Yes,Bank transfer (automatic),75.24,1633.09,Yes
1659-KSPPC,Male,0,Yes,No,56,Yes,No,Fiber optic,No,Yes,Yes,Yes,No,Yes,Month-to-month,No,Mailed check,86.93,4868.8,No
4009-PXCPY,Female,0,Yes,No,18,Yes,Yes,DSL,Yes,No,Yes,No,No,Yes,Two year,Yes,Mailed check,68.14,1206.07,No
9923-INOEC,Male,0,Yes,No,39,Yes,No,Fiber optic,No,Yes,No,No,Yes,No,Month-to-month,Yes,Electronic check,83.02,3235.49,Yes
5525-ORNUK,Male,0,Yes,No,17,Yes,Yes,Fiber optic,No,Yes,No,No,No,No,Month-to-month,Yes,Electronic check,77.26,1295.68,Yes
4890-BZBIV,Male,0,Yes,Yes,13,Yes,Yes,No,No internet service,No internet service,No internet service,No internet service,No internet service,No internet service,Month-to-month,No,Credit card (automatic),22.57,308.86,No
2881-YRJZX,Male,0,Yes,No,28,No,No phone service,Fiber optic,No,No,Yes,No,Yes,Yes,One year,Yes,Credit card (automatic),91.94,2555.98,No
8721-YQGZH,Female,0,Yes,No,2,Yes,No,No,No internet service,No internet service,No internet service,No internet service,No internet service,No internet service,Two year,No,Credit card (automatic),18.25,91.44,No
4595-EPJNH,Male,0,Yes,Yes,17,Yes,Yes,Fiber optic,No,Yes,No,No,Yes,Yes,Month-to-month,No,Bank transfer (automatic),87.54,1482.93,Yes
4591-IDMUD,Female,1,No,No,65,Yes,No,DSL,No,No,Yes,No,Yes,No,Month-to-month,Yes,Credit card (automatic),63.81,4110.08,No
3175-BVVYD,Male,0,Yes,Yes,38,Yes,No,DSL,No,No,No,No,Yes,Yes,Month-to-month,Yes,Electronic check,63.07,2381.65,Yes
9114-EOBPS,Male,0,No,No,27,Yes,No,No,No internet service,No internet service,No internet service,No internet service,No internet service,No internet service,One year,No,Electronic check,21.78,616.13,No
9347-NEZEY,Female,0,Yes,Yes,25,Yes,Yes,Fiber optic,Yes,No,No,Yes,Yes,No,Month-to-month,Yes,Mailed check,87.77,2225.56,No
2535-GUISN,Male,0,No,No,56,Yes,No,No,No internet service,No internet service,No internet service,No internet service,No internet service,No internet service,One year,Yes,Credit card (automatic),18.25,1023.89,No
2029-ANWVB,Male,1,No,No,17,Yes,Yes,Fiber optic,No,Yes,No,No,No,No,Month-to-month,Yes,Credit card (automatic),67.78,1115.58,Yes
5104-PQFCE,Female,0,No,Yes,21,Yes,Yes,DSL,No,Yes,No,No,No,No,Two year,No,Electronic check,55.21,1130.18,No
3128-VFQRW,Male,0,Yes,No,2,Yes,Yes,Fiber optic,Yes,No,No,No,No,No,Month-to-month,Yes,Credit card (automatic),75.97,183.63,Yes
8025-CPJGT,Female,0,Yes,No,25,Yes,No,DSL,No,No,Yes,Yes,No,Yes,One year,Yes,Electronic check,66.68,1659.28,No
6109-WVMPU,Female,1,No,No,39,Yes,No,Fiber optic,No,No,No,Yes,No,Yes,One year,Yes,Credit card (automatic),84.63,3314.48,No
4751-UCWRW,Male,0,Yes,No,18,Yes,Yes,Fiber optic,No,No,Yes,Yes,Yes,Yes,Month-to-month,Yes,Bank transfer (automatic),90.48,1637.98,No
5592-ELHCH,Male,1,Yes,No,35,Yes,Yes,Fiber optic,No,No,No,No,Yes,No,Month-to-month,Yes,Mailed check,70.91,2457.48,No
8360-NNJGV,Male,1,Yes,No,21,Yes,No,Fiber optic,No,No,Yes,No,No,Yes,Month-to-month,Yes,Electronic check,83.38,1739.31,Yes
3804-FZZTR,Male,0,No,No,37,Yes,No,DSL,Yes,No,Yes,No,No,Yes,One year,Yes,Credit card (automatic),64.1,2364.52,No
5205-RNAEN,Male,1,No,No,30,Yes,No,Fiber optic,No,Yes,No,No,Yes,No,Month-to-month,No,Electronic check,78.96,2355.35,Yes
3253-SWAIA,Female,1,Yes,No,14,Yes,No,DSL,Yes,Yes,No,No,No,No,Month-to-month,Yes,Bank transfer (automatic),53.4,743.62,No
6467-BCMAA,Male,0,No,No,22,Yes,No,Fiber optic,No,Yes,Yes,Yes,Yes,Yes,Month-to-month,No,Bank transfer (automatic),101.59,2239.76,No
1476-BVKPM,Female,0,No,No,25,Yes,No,DSL,Yes,No,Yes,No,No,Yes,One year,Yes,Electronic check,69.11,1730.32,No
6099-ERILS,Male,0,Yes,No,25,Yes,Yes,DSL,No,Yes,No,No,No,Yes,Two year,No,Bank transfer (automatic),66.04,1630.71,No
9555-IKSCP,Male,0,Yes,No,72,No,No phone service,No,No internet service,No internet service,No internet service,No internet service,No internet service,No internet service,Two year,No,Bank transfer (automatic),21.15,1510.6,No
1939-ZUNZV,Male,0,Yes,No,24,Yes,Yes,DSL,No,Yes,No,No,No,Yes,Month-to-month,Yes,Mailed check,54.06,1330.42,Yes
5922-FETFR,Female,0,No,No,66,Yes,No,Fiber optic,Yes,Yes,No,No,Yes,Yes,Two year,Yes,Bank transfer (automatic),96.89,6390.9,No
5930-ZOIEG,Male,0,No,No,11,Yes,No,Fiber optic,Yes,No,No,Yes,Yes,Yes,One year,Yes,Bank transfer (automatic),98.64,1083.67,No
5699-SKCKA,Male,0,No,No,36,Yes,Yes,Fiber optic,No,No,No,Yes,No,Yes,Two year,Yes,Bank transfer (automatic),83.48,2986.26,Yes
3326-DBYUG,Female,0,No,Yes,47,Yes,No,Fiber optic,Yes,No,No,No,No,Yes,Month-to-month,Yes,Mailed check,74.63,3500.48,No
2829-SUYXQ,Female,0,Yes,No,6,Yes,Yes,Fiber optic,Yes,Yes,Yes,No,Yes,Yes,Two year,Yes,Credit card (automatic),107.91,633.05,Yes
6612-ODAQR,Male,0,No,Yes,40,Yes,No,No,No internet service,No internet service,No internet service,No internet service,No internet service,No internet service,Month-to-month,No,Electronic check,21.16,816.29,No
4136-IDFPZ,Female,0,No,No,3,No,No phone service,DSL,No,No,Yes,No,Yes,No,Month-to-month,Yes,Credit card (automatic),55.68,193.59,No
1252-ZCXFT,Male,0,No,Yes,16,No,No phone service,DSL,No,No,No,No,Yes,No,Month-to-month,Yes,Credit card (automatic),50.17,807.92,No
1195-GENUM,Male,0,Yes,Yes,28,Yes,Yes,Fiber optic,Yes,Yes,Yes,No,No,No,Month-to-month,No,Electronic check,89.67,2570.18,Yes
9928-SIVLN,Male,0,Yes,Yes,72,No,No phone service,Fiber optic,Yes,Yes,No,No,Yes,No,Month-to-month,Yes,Electronic check,83.79,6081.78,Yes
5084-ERTMI,Male,1,Yes,Yes,40,Yes,Yes,DSL,No,No,No,No,Yes,Yes,Month-to-month,Yes,Credit card (automatic),58.55,2336.79,No
8833-NIWGF,Male,0,Yes,No,16,Yes,Yes,Fiber optic,No,No,Yes,No,No,No,Two year,Yes,Electronic check,73.68,1173.02,No
5837-CCNVY,Female,0,No,Yes,55,No,No phone service,Fiber optic,Yes,Yes,Yes,No,No,No,Month-to-month,Yes,Electronic check,83.97,4592.89,No
7549-BZOVT,Male,0,No,Yes,8,No,No phone service,No,No internet service,No internet service,No internet service,No internet service,No internet service,No internet service,Month-to-month,Yes,Bank transfer (automatic),18.25,104.34,No
1583-ZYDHF,Female,0,No,No,4,Yes,No,DSL,No,No,No,No,No,Yes,Month-to-month,No,Bank transfer (automatic),51.45,208.63,Yes
5268-ACXWW,Female,0,Yes,No,35,Yes,Yes,DSL,Yes,No,No,No,No,Yes,Month-to-month,No,Bank transfer (automatic),63.77,2227.18,Yes
2955-TCDVI,Female,0,Yes,No,18,Yes,No,DSL,Yes,No,No,No,Yes,No,Month-to-month,Yes,Electronic check,62.24,1128.1,Yes
2770-FRKUQ,Female,0,Yes,No,29,Yes,No,No,No internet service,No internet service,No internet service,No internet service,No internet service,No internet service,Month-to-month,No,Credit card (automatic),19.19,524.94,No
9235-JVCHL,Female,0,No,Yes,8,Yes,Yes,DSL,No,Yes,No,Yes,No,No,Month-to-month,Yes,Credit card (automatic),55.67,514.55,No
6887-YOQFJ,Female,0,No,No,59,Yes,Yes,DSL,No,No,Yes,No,No,Yes,Month-to-month,No,Electronic check,61.41,3653.73,No
1431-TKSIN,Male,0,Yes,No,55,No,No phone service,Fiber optic,No,No,No,Yes,Yes,No,Month-to-month,Yes,Credit card (automatic),73.58,4018.31,No
8426-DRMSS,Male,0,No,No,6,Yes,Yes,DSL,No,No,No,Yes,Yes,No,Month-to-month,Yes,Electronic check,61.97,339.65,No
1087-QDIVK,Female,1,No,No,11,Yes,Yes,Fiber optic,No,No,No,No,Yes,Yes,Month-to-month,No,Credit card (automatic),81.14,880.94,Yes
9550-VIWLN,Female,0,Yes,No,66,Yes,No,DSL,Yes,Yes,Yes,Yes,No,Yes,One year,Yes,Mailed check,87.7,5783.52,No
1584-CEKKP,Male,1,Yes,No,17,Yes,Yes,Fiber optic,No,No,Yes,No,No,No,One year,Yes,Mailed check,79.46,1392.91,Yes
4832-ACKOP,Female,0,Yes,No,9,Yes,No,DSL,No,Yes,Yes,No,Yes,Yes,Month-to-month,No,Electronic check,71.15,644.07,Yes
9202-JNAMF,Male,0,Yes,No,31,Yes,No,Fiber optic,No,Yes,Yes,No,No,Yes,Month-to-month,Yes,Electronic check,98.24,3039.29,Yes
8418-LXCPN,Female,0,No,Yes,18,Yes,Yes,DSL,No,Yes,Yes,No,No,No,Two year,Yes,Electronic check,62.13,1081.67,No
5540-HEHHN,Male,0,Yes,No,8,Yes,No,DSL,Yes,No,No,No,Yes,No,Two year,No,Bank transfer (automatic),63.28,490.43,No
7417-CXZDX,Male,0,No,No,72,No,No phone service,No,No internet service,No internet service,No internet service,No internet service,No internet service,No internet service,Month-to-month,Yes,Bank transfer (automatic),19.8,1444.42,No
5750-UIGDY,Male,1,No,No,4,Yes,Yes,No,No internet service,No internet service,No internet service,No internet service,No internet service,No internet service,Month-to-month,Yes,Mailed check,21.65,72.42,No
9838-WJXNO,Male,0,No,No,23,Yes,No,Fiber optic,No,No,Yes,Yes,No,Yes,Month-to-month,No,Mailed check,90.22,2042.26,Yes
7955-IHAPN,Male,0,No,No,48,Yes,No,Fiber optic,No,Yes,No,No,Yes,Yes,Two year,Yes,Mailed check,89.6,4296.38,No
4707-DPGYC,Male,0,Yes,No,62,Yes,No,Fiber optic,No,No,No,No,No,Yes,Month-to-month,Yes,Mailed check,75.26,4679.28,No
7998-ZEYVF,Male,0,No,No,41,No,No phone service,Fiber optic,No,No,Yes,No,No,Yes,Month-to-month,Yes,Electronic check,77.19,3173.39,Yes
3592-WZEOZ,Male,0,Yes,Yes,50,Yes,Yes,Fiber optic,Yes,No,Yes,No,No,Yes,Month-to-month,Yes,Credit card (automatic),85.64,4311.75,Yes
5334-EWOPA,Male,0,No,No,45,Yes,Yes,Fiber optic,No,Yes,Yes,No,Yes,Yes,Month-to-month,Yes,Bank transfer (automatic),97.82,4400.85,Yes
2263-JCIOW,Male,0,No,Yes,28,No,No phone service,Fiber optic,No,No,No,No,Yes,No,Month-to-month,No,Electronic check,67.13,1910.0,No
5462-XCMLN,Male,0,Yes,No,13,Yes,Yes,Fiber optic,No,No,No,Yes,Yes,No,Month-to-month,No,Electronic check,73.14,930.83,Yes
9644-FHAHF,Male,0,Yes,No,19,No,No phone service,Fiber optic,No,No,Yes,Yes,Yes,Yes,Month-to-month,Yes,Credit card (automatic),88.2,1667.51,Yes
2041-PXNXC,Male,0,No,No,10,Yes,No,DSL,No,No,Yes,Yes,No,No,Month-to-month,No,Electronic check,62.34,630.02,Yes
3645-CMPFD,Male,0,No,No,30,Yes,No,No,No internet service,No internet service,No internet service,No internet service,No internet service,No internet service,Month-to-month,Yes,Bank transfer (automatic),18.81,532.38,No
3924-SCYNG,Male,0,No,No,13,No,No phone service,Fiber optic,Yes,No,No,No,No,Yes,One year,No,Bank transfer (automatic),75.96,987.14,No
8637-MEDVC,Female,1,Yes,No,24,Yes,No,Fiber optic,No,Yes,No,Yes,No,No,Month-to-month,Yes,Mailed check,89.26,2120.9,Yes
8432-KHRKV,Female,1,No,No,22,Yes,No,Fiber optic,Yes,Yes,Yes,No,No,No,Two year,No,Electronic check,88.89,1964.63,No
4101-DDYQD,Female,0,No,No,34,Yes,No,Fiber optic,Yes,No,Yes,No,Yes,No,Month-to-month,No,Credit card (automatic),88.79,3028.54,No
3490-CLLUW,Male,0,Yes,No,24,Yes,Yes,Fiber optic,No,No,No,No,Yes,No,Month-to-month,No,Electronic check,69.93,1626.4,No
3595-AKRUM,Female,0,No,Yes,25,Yes,No,Fiber optic,No,No,No,No,Yes,Yes,Month-to-month,Yes,Bank transfer (automatic),78.13,1991.5,Yes
3186-HUJGE,Male,0,No,Yes,7,Yes,Yes,DSL,No,No,Yes,Yes,No,No,Month-to-month,Yes,Bank transfer (automatic),59.06,396.18,No
8840-OVLKM,Female,0,No,No,16,Yes,No,No,No internet service,No internet service,No internet service,No internet service,No internet service,No internet service,Month-to-month,No,Mailed check,21.59,342.3,No
7493-ANFIV,Female,0,Yes,No,0,Yes,No,DSL,No,No,No,Yes,Yes,Yes,Month-to-month,Yes,Credit card (automatic),71.48, ,Yes
7456-VWPRT,Female,0,Yes,No,39,Yes,No,No,No internet service,No internet service,No internet service,No internet service,No internet service,No internet service,One year,No,Electronic check,19.14,731.59,No
7138-WESWZ,Female,1,No,No,21,Yes,No,No,No internet service,No internet service,No internet service,No internet service,No internet service,No internet service,One year,Yes,Bank transfer (automatic),22.8,497.13,No
7617-ZBFRA,Male,0,No,Yes,18,Yes,No,No,No internet service,No internet service,No internet service,No internet service,No internet service,No internet service,One year,Yes,Credit card (automatic),20.4,337.81,No
1310-BVCWX,Female,1,Yes,No,30,Yes,Yes,DSL,No,No,Yes,Yes,Yes,Yes,Month-to-month,Yes,Electronic check,68.74,2070.39,Yes
6357-HTYCX,Female,0,No,No,27,Yes,No,DSL,Yes,Yes,No,No,No,Yes,One year,No,Credit card (automatic),64.45,1738.31,No
5836-UUNOV,Male,0,Yes,No,30,Yes,No,Fiber optic,No,Yes,No,No,No,Yes,Month-to-month,Yes,Electronic check,79.48,2399.79,Yes
3746-WFALH,Female,0,No,No,34,No,No phone service,DSL,No,Yes,Yes,No,No,Yes,Two year,Yes,Electronic check,64.18,2130.99,Yes
7359-XNCQY,Male,0,Yes,Yes,23,Yes,No,No,No internet service,No internet service,No internet service,No internet service,No internet service,No internet service,Month-to-month,No,Credit card (automatic),20.61,508.65,No
4555-AZCLX,Female,0,Yes,No,10,Yes,No,Fiber optic,Yes,No,Yes,No,Yes,Yes,Two year,No,Mailed check,98.49,1009.93,No
2141-KLECO,Female,0,No,No,8,Yes,Yes,No,No internet service,No internet service,No internet service,No internet service,No internet service,No internet service,Two year,Yes,Mailed check,21.31,171.35,No
1170-PKBFU,Male,0,Yes,No,15,Yes,No,No,No internet service,No internet service,No internet service,No internet service,No internet service,No internet service,Two year,Yes,Mailed check,20.74,343.82,No
6916-ZVKAC,Female,0,No,Yes,72,Yes,No,No,No internet service,No internet service,No internet service,No internet service,No internet service,No internet service,Two year,Yes,Credit card (automatic),20.61,1505.17,No
9949-XIMCI,Male,0,No,No,26,Yes,No,DSL,No,Yes,No,No,Yes,Yes,Month-to-month,No,Credit card (automatic),66.9,1763.02,No
2673-UOODV,Female,0,Yes,No,37,Yes,No,No,No internet service,No internet service,No internet service,No internet service,No internet service,No internet service,Two year,Yes,Electronic check,24.33,924.26,No
7261-FQSTC,Female,0,No,No,19,Yes,Yes,DSL,No,Yes,Yes,No,Yes,Yes,Month-to-month,Yes,Electronic check,81.14,1514.96,Yes
9405-DYBFB,Female,0,No,No,22,Yes,Yes,Fiber optic,Yes,No,Yes,No,No,No,Month-to-month,Yes,Electronic check,84.06,1841.73,Yes
4187-DPOSD,Female,0,No,Yes,13,Yes,No,Fiber optic,No,Yes,Yes,No,No,No,Two year,No,Mailed check,80.08,1040.79,No
5134-PETPF,Male,0,No,Yes,38,Yes,Yes,DSL,Yes,No,Yes,No,No,No,Month-to-month,Yes,Credit card (automatic),55.69,2097.89,No
9946-WDFHY,Male,0,Yes,Yes,20,Yes,No,Fiber optic,No,No,Yes,No,No,Yes,Month-to-month,No,Bank transfer (automatic),84.39,1698.68,No
7601-RJLJF,Male,1,Yes,Yes,41,Yes,No,Fiber optic,Yes,Yes,No,Yes,Yes,Yes,Two year,Yes,Mailed check,107.12,4393.69,No
1262-EEHWA,Male,0,Yes,Yes,2,Yes,No,Fiber optic,Yes,Yes,No,No,Yes,Yes,Two year,Yes,Bank transfer (automatic),87.2,180.06,No
1618-WKREN,Male,0,No,Yes,42,Yes,No,Fiber optic,No,No,No,Yes,No,No,Month-to-month,Yes,Mailed check,74.04,3075.68,Yes
2656-EHVNC,Male,0,Yes,No,11,Yes,No,DSL,Yes,No,Yes,Yes,No,No,Two year,No,Mailed check,61.65,641.9,No
1558-ORYDA,Male,1,Yes,No,13,Yes,No,Fiber optic,No,No,Yes,Yes,No,No,Month-to-month,Yes,Bank transfer (automatic),89.09,1163.09,Yes
3919-NCXRU,Male,0,No,No,50,Yes,Yes,Fiber optic,No,No,No,No,Yes,No,One year,No,Credit card (automatic),78.2,3901.78,No
5979-AMGVE,Female,0,Yes,No,54,Yes,No,DSL,No,No,No,No,No,No,Two year,Yes,Mailed check,43.28,2314.53,No
4157-UZFLY,Male,0,No,Yes,28,Yes,No,Fiber optic,No,No,Yes,No,Yes,Yes,Month-to-month,Yes,Mailed check,84.63,2359.98,Yes
8576-RSHTB,Female,0,Yes,No,52,Yes,No,Fiber optic,Yes,Yes,No,Yes,No,Yes,Month-to-month,Yes,Credit card (automatic),98.75,5132.97,Yes
3578-CRXMD,Male,1,Yes,No,16,Yes,Yes,No,No internet service,No internet service,No internet service,No internet service,No internet service,No internet service,Two year,Yes,Credit card (automatic),19.9,323.19,No
7516-IWNKT,Male,0,Yes,Yes,18,Yes,Yes,No,No internet service,No internet service,No internet service,No internet service,No internet service,No internet service,One year,No,Credit card (automatic),18.25,335.43,No
9081-PKGSZ,Male,0,Yes,No,63,Yes,Yes,Fiber optic,No,Yes,No,Yes,No,No,Two year,No,Electronic check,76.05,4778.06,No
3316-MNKLQ,Male,0,No,No,3,Yes,Yes,Fiber optic,Yes,Yes,Yes,Yes,Yes,No,One year,Yes,Credit card (automatic),107.75,310.52,Yes
9391-BSKKH,Male,0,Yes,No,38,Yes,No,Fiber optic,No,No,No,Yes,No,Yes,Month-to-month,No,Mailed check,83.41,3139.67,No
9017-PECAO,Male,0,No,No,23,Yes,No,Fiber optic,No,No,No,No,No,No,Month-to-month,No,Electronic check,64.12,1455.02,Yes
4964-YTTEU,Male,1,No,Yes,31,Yes,Yes,Fiber optic,No,Yes,No,Yes,No,Yes,Two year,Yes,Credit card (automatic),89.45,2761.16,No
1495-HNRXL,Male,1,Yes,Yes,27,No,No phone service,DSL,No,No,No,No,No,Yes,Month-to-month,No,Electronic check,47.4,1249.31,Yes
4000-NCSTI,Female,0,No,Yes,30,No,No phone service,DSL,No,No,Yes,Yes,Yes,Yes,Two year,Yes,Mailed check,70.26,2058.91,No
8170-UNEZS,Male,0,No,No,23,Yes,No,Fiber optic,Yes,Yes,No,No,Yes,No,Two year,Yes,Credit card (automatic),92.02,2079.93,No
5099-HDAFZ,Female,1,Yes,No,30,Yes,No,DSL,Yes,No,Yes,No,Yes,No,Month-to-month,Yes,Credit card (automatic),67.13,2030.83,No
3596-YTFUX,Male,0,No,No,37,Yes,No,No,No internet service,No internet service,No internet service,No internet service,No internet service,No internet service,Two year,Yes,Credit card (automatic),20.94,779.13,No
3260-KMIWJ,Female,0,Yes,No,19,Yes,No,DSL,Yes,No,Yes,Yes,Yes,No,Month-to-month,No,Electronic check,70.94,1356.72,No
5394-BGYUZ,Female,0,No,No,23,Yes,Yes,Fiber optic,No,No,Yes,Yes,No,Yes,Month-to-month,Yes,Bank transfer (automatic),94.65,2165.93,Yes
9266-DHDWQ,Female,0,Yes,Yes,29,Yes,Yes,DSL,No,Yes,No,No,Yes,Yes,One year,No,Electronic check,70.3,2016.61,No
1501-HXUHA,Female,0,No,No,52,Yes,No,Fiber optic,Yes,No,No,No,Yes,Yes,Month-to-month,Yes,Bank transfer (automatic),100.1,5243.24,Yes
6544-KNRZX,Male,1,No,Yes,5,Yes,No,DSL,No,Yes,Yes,No,Yes,Yes,Month-to-month,No,Bank transfer (automatic),77.11,406.66,Yes
7477-FVSQT,Female,0,No,No,10,Yes,Yes,Fiber optic,Yes,No,No,No,No,No,Month-to-month,No,Credit card (automatic),70.79,735.24,No
7213-YUHVU,Male,0,No,No,72,Yes,Yes,No,No internet service,No internet service,No internet service,No internet service,No internet service,No internet service,Two year,Yes,Bank transfer (automatic),20.03,1393.52,No
4990-DHOBV,Female,0,Yes,No,34,Yes,No,Fiber optic,No,No,No,Yes,No,No,Month-to-month,No,Electronic check,70.46,2432.8,No
1578-LCQBP,Female,0,No,No,33,Yes,No,DSL,Yes,No,No,No,No,Yes,Month-to-month,Yes,Electronic check,59.49,1966.82,No
6166-BZQLF,Male,0,Yes,No,72,Yes,No,Fiber optic,No,No,Yes,Yes,Yes,No,Month-to-month,Yes,Mailed check,84.12,6046.03,Yes
5880-NWGHA,Female,0,Yes,Yes,33,Yes,No,Fiber optic,Yes,No,No,Yes,Yes,No,Month-to-month,No,Credit card (automatic),83.99,2783.58,Yes
8548-XTYQZ,Male,1,Yes,No,17,Yes,No,Fiber optic,No,No,Yes,Yes,No,Yes,Month-to-month,No,Electronic check,88.95,1536.3,Yes
8679-ZYWNL,Female,0,No,No,2,Yes,Yes,No,No internet service,No internet service,No internet service,No internet service,No internet service,No internet service,Month-to-month,Yes,Bank transfer (automatic),21.46,59.11,No
1987-WBGJV,Female,0,No,Yes,22,Yes,No,No,No internet service,No internet service,No internet service,No internet service,No internet service,No internet service,Month-to-month,Yes,Bank transfer (automatic),18.25,417.75,Yes
5198-GNUSK,Male,0,Yes,Yes,26,Yes,Yes,No,No internet service,No internet service,No internet service,No internet service,No internet service,No internet service,One year,No,Electronic check,18.25,467.12,No
3238-RPAQG,Female,0,No,No,47,No,No phone service,Fiber optic,Yes,No,No,No,No,No,Month-to-month,Yes,Electronic check,70.86,3302.81,Yes
5923-EHZFB,Female,0,No,No,48,Yes,No,No,No internet service,No internet service,No internet service,No internet service,No internet service,No internet service,One year,No,Bank transfer (automatic),18.92,900.48,No
5451-MMKBN,Male,1,Yes,No,38,Yes,No,Fiber optic,No,No,No,No,No,No,One year,No,Credit card (automatic),63.45,2451.75,Yes
3847-RXJWG,Female,0,Yes,No,54,No,No phone service,DSL,Yes,No,Yes,No,No,No,Month-to-month,No,Credit card (automatic),53.77,2884.23,No
2516-LVRNY,Male,0,No,Yes,30,Yes,No,Fiber optic,Yes,No,Yes,Yes,No,Yes,One year,Yes,Bank transfer (automatic),98.46,2966.1,Yes
5717-QZRGC,Female,0,No,Yes,6,Yes,Yes,Fiber optic,No,No,Yes,No,No,No,One year,Yes,Mailed check,73.21,395.92,No
1914-UVTAF,Male,0,Yes,No,21,No,No phone service,Fiber optic,No,Yes,No,No,No,No,Month-to-month,No,Electronic check,67.28,1404.47,Yes
2537-FCGYW,Female,0,No,Yes,21,Yes,Yes,No,No internet service,No internet service,No internet service,No internet service,No internet service,No internet service,One year,No,Mailed check,23.26,512.33,No
7182-GGJGE,Female,0,Yes,No,28,Yes,Yes,No,No internet service,No internet service,No internet service,No internet service,No internet service,No internet service,Two year,Yes,Bank transfer (automatic),23.74,635.6,No
5211-MCYEO,Male,0,No,No,55,Yes,No,Fiber optic,No,No,Yes,No,No,No,Month-to-month,No,Electronic check,72.81,3980.91,Yes
3511-DPISP,Male,0,Yes,No,25,Yes,No,Fiber optic,No,No,No,Yes,Yes,No,Two year,Yes,Electronic check,84.74,2129.28,No
5956-ZZGON,Female,0,Yes,Yes,25,Yes,Yes,DSL,Yes,No,No,No,Yes,No,One year,Yes,Bank transfer (automatic),61.15,1524.22,No
1312-PHCTX,Female,0,Yes,No,72,Yes,No,DSL,No,No,No,No,No,No,Two year,No,Credit card (automatic),43.78,3157.46,No
4741-XSIOQ,Male,0,No,No,11,Yes,No,DSL,Yes,Yes,No,No,No,Yes,Month-to-month,Yes,Credit card (automatic),66.35,749.65,No
9866-ELIJR,Male,0,Yes,Yes,32,Yes,No,DSL,No,No,No,No,Yes,No,Two year,Yes,Electronic check,51.24,1604.11,No
3973-FUXOY,Male,0,Yes,No,16,No,No phone service,No,No internet service,No internet service,No internet service,No internet service,No internet service,No internet service,Month-to-month,Yes,Electronic check,19.03,274.85,No
1426-APUDC,Female,0,Yes,No,35,Yes,No,Fiber optic,No,Yes,Yes,No,Yes,No,Month-to-month,No,Mailed check,88.52,3127.32,Yes
3813-NVZZW,Male,0,No,No,60,Yes,Yes,Fiber optic,No,No,Yes,Yes,Yes,No,One year,Yes,Credit card (automatic),93.9,5613.11,Yes
7509-ZIRRM,Female,0,Yes,Yes,43,Yes,No,DSL,No,No,No,Yes,No,No,Month-to-month,Yes,Bank transfer (automatic),59.72,2588.84,No
4346-PMTPZ,Male,0,Yes,No,32,Yes,No,Fiber optic,Yes,Yes,No,No,Yes,No,Month-to-month,Yes,Electronic check,84.52,2701.14,No
8891-IOGGW,Female,1,Yes,No,26,Yes,No,Fiber optic,Yes,No,No,No,No,No,Month-to-month,Yes,Electronic check,72.22,1928.6,Yes
6746-EOJCZ,Male,0,No,Yes,54,Yes,No,DSL,Yes,No,No,Yes,No,No,Two year,No,Bank transfer (automatic),59.01,3181.08,No
5546-USDFU,Male,0,Yes,No,45,Yes,No,DSL,No,No,Yes,No,Yes,No,Month-to-month,No,Mailed check,62.63,2848.8,Yes
9597-KUTTE,Female,1,Yes,Yes,26,Yes,No,Fiber optic,No,Yes,Yes,Yes,Yes,Yes,Month-to-month,No,Electronic check,99.09,2562.73,Yes
6691-HJNIH,Female,0,No,No,72,Yes,No,DSL,No,No,No,No,No,Yes,Month-to-month,Yes,Mailed check,54.24,3901.92,No
3507-MYTLJ,Male,0,No,Yes,14,Yes,No,Fiber optic,Yes,No,Yes,Yes,No,No,Month-to-month,Yes,Electronic check,84.17,1183.02,Yes
7911-QGMZY,Male,1,No,Yes,72,Yes,No,No,No internet service,No internet service,No internet service,No internet service,No internet service,No internet service,Two year,Yes,Credit card (automatic),18.52,1358.03,No
3237-SLEAR,Male,0,Yes,No,55,Yes,No,DSL,Yes,Yes,No,No,No,No,One year,No,Electronic check,68.64,3780.51,No
6584-UEXYW,Male,0,No,Yes,8,Yes,Yes,DSL,Yes,No,No,No,No,No,One year,Yes,Electronic check,52.63,472.9,Yes
4889-TMCAI,Male,0,No,Yes,15,Yes,No,Fiber optic,No,Yes,No,No,No,Yes,Two year,No,Electronic check,88.5,1363.7,Yes
2520-XTJXA,Female,1,No,Yes,32,Yes,No,DSL,Yes,No,No,Yes,No,Yes,One year,No,Electronic check,60.82,1970.07,No
3720-JWHOZ,Male,1,No,No,6,Yes,Yes,Fiber optic,No,No,Yes,Yes,Yes,No,Two year,Yes,Credit card (automatic),94.36,593.29,Yes
8485-RBDOH,Female,1,No,Yes,46,Yes,No,DSL,No,No,No,No,No,No,Month-to-month,Yes,Credit card (automatic),46.08,2121.09,No
9013-FBSUI,Male,0,No,No,25,Yes,Yes,DSL,No,No,No,No,No,No,One year,Yes,Mailed check,47.61,1183.02,No
1181-KBNNP,Male,0,Yes,No,47,No,No phone service,Fiber optic,Yes,No,Yes,No,Yes,Yes,Two year,No,Credit card (automatic),91.49,4314.88,No
3614-NVZDW,Female,1,No,No,43,Yes,Yes,No,No internet service,No internet service,No internet service,No internet service,No internet service,No internet service,Month-to-month,No,Electronic check,24.47,1086.38,No
5918-ZJODY,Male,0,No,No,22,Yes,Yes,Fiber optic,No,No,Yes,No,No,Yes,Month-to-month,No,Credit card (automatic),78.88,1731.42,Yes
9297-TWAMK,Female,0,No,Yes,16,Yes,No,DSL,Yes,No,Yes,Yes,Yes,Yes,Two year,Yes,Bank transfer (automatic),77.01,1240.92,No
6798-PPSHA,Male,0,Yes,No,3,Yes,Yes,Fiber optic,No,No,Yes,Yes,No,Yes,Month-to-month,Yes,Electronic check,94.12,274.79,Yes
4938-IHRBO,Female,1,Yes,No,72,Yes,Yes,DSL,Yes,Yes,Yes,No,No,Yes,Two year,Yes,Credit card (automatic),78.28,5627.79,No
9366-JNOWS,Female,0,No,No,41,Yes,Yes,DSL,Yes,No,No,No,No,No,One year,Yes,Electronic check,59.55,2439.43,No
8511-OKDHY,Female,0,No,No,9,No,No phone service,Fiber optic,No,No,No,Yes,Yes,Yes,One year,Yes,Mailed check,82.14,764.97,Yes
2149-TGVFY,Male,1,Yes,No,25,Yes,No,No,No internet service,No internet service,No internet service,No internet service,No internet service,No internet service,One year,Yes,Bank transfer (automatic),24.93,594.66,No
7480-JHMSX,Male,1,No,No,53,Yes,No,No,No internet service,No internet service,No internet service,No internet service,No internet service,No internet service,Two year,No,Bank transfer (automatic),20.08,1090.69,No
3919-HHXCE,Male,1,Yes,No,28,Yes,No,Fiber optic,No,No,No,No,Yes,No,One year,Yes,Electronic check,73.91,2079.38,No
7251-QBORT,Female,0,No,No,7,Yes,Yes,No,No internet service,No internet service,No internet service,No internet service,No internet service,No internet service,Month-to-month,No,Electronic check,18.25,132.3,No
3595-BTQVM,Male,0,No,Yes,45,No,No phone service,Fiber optic,No,No,No,No,No,No,Two year,Yes,Bank transfer (automatic),63.79,2898.98,No
8618-AXDQQ,Male,0,No,Yes,7,No,No phone service,No,No internet service,No internet service,No internet service,No internet service,No internet service,No internet service,One year,No,Bank transfer (automatic),20.29,163.32,No
4533-IYMAP,Male,0,Yes,No,49,Yes,Yes,No,No internet service,No internet service,No internet service,No internet service,No internet service,No internet service,Two year,Yes,Mailed check,18.25,918.17,No
2252-UTBDG,Male,1,Yes,No,35,Yes,No,Fiber optic,No,Yes,No,No,Yes,No,Two year,Yes,Bank transfer (automatic),75.69,2667.13,Yes
9387-TWYHH,Male,0,Yes,No,25,Yes,No,DSL,No,No,No,No,No,No,Month-to-month,No,Electronic check,47.48,1185.13,Yes
8399-USDDP,Male,0,No,No,25,Yes,No,Fiber optic,No,No,No,Yes,No,Yes,One year,Yes,Mailed check,77.26,1958.76,Yes
4927-MUYTV,Male,0,No,No,21,Yes,No,No,No internet service,No internet service,No internet service,No internet service,No internet service,No internet service,One year,No,Electronic check,24.09,505.53,No
7078-BUFKE,Female,0,No,No,41,Yes,No,Fiber optic,No,No,Yes,No,No,Yes,Month-to-month,No,Credit card (automatic),76.22,3116.45,Yes
3890-SXSBG,Male,1,No,No,9,Yes,No,Fiber optic,Yes,No,No,No,Yes,Yes,Two year,No,Credit card (automatic),86.98,774.58,No
9095-KLHET,Male,0,Yes,No,17,Yes,Yes,Fiber optic,No,Yes,No,No,No,No,One year,No,Electronic check,76.1,1240.86,Yes
6693-XSSCI,Female,0,Yes,No,68,Yes,Yes,Fiber optic,Yes,Yes,No,No,Yes,No,Two year,Yes,Bank transfer (automatic),86.96,5916.25,No
2801-IUXEU,Female,0,No,No,72,Yes,No,No,No internet service,No internet service,No internet service,No internet service,No internet service,No internet service,One year,No,Electronic check,21.45,1539.45,Yes
1461-MNBZO,Male,0,No,No,23,Yes,Yes,Fiber optic,Yes,Yes,No,No,No,No,Month-to-month,Yes,Credit card (automatic),84.48,1934.56,Yes
8133-VJQKB,Female,0,Yes,No,29,Yes,Yes,DSL,Yes,Yes,No,No,No,No,One year,Yes,Mailed check,58.92,1727.31,No
4068-CCHLL,Female,1,No,Yes,10,Yes,No,DSL,Yes,Yes,Yes,Yes,Yes,Yes,Month-to-month,No,Electronic check,92.02,941.74,No
5546-CKMXF,Female,0,No,No,14,Yes,No,No,No internet service,No internet service,No internet service,No internet service,No internet service,No internet service,Two year,Yes,Mailed check,18.51,207.95,No
6477-IKVOJ,Female,0,Yes,Yes,3,Yes,No,DSL,Yes,Yes,Yes,No,No,No,Month-to-month,Yes,Electronic check,68.49,157.95,Yes
6076-VVNIK,Female,0,Yes,No,5,Yes,No,No,No internet service,No internet service,No internet service,No internet service,No internet service,No internet service,Month-to-month,No,Mailed check,18.29,95.52,No
2459-DTQKJ,Male,0,No,No,19,Yes,Yes,DSL,No,Yes,Yes,Yes,No,Yes,One year,Yes,Credit card (automatic),79.46,1465.79,No
3191-PODQE,Male,0,Yes,No,51,Yes,No,DSL,No,No,No,No,Yes,Yes,Month-to-month,No,Credit card (automatic),64.88,3309.17,No
5742-ADSKE,Female,0,Yes,No,26,No,No phone service,DSL,Yes,Yes,No,No,Yes,Yes,Month-to-month,Yes,Bank transfer (automatic),75.57,1966.98,No
5668-FHGZC,Female,0,No,No,66,No,No phone service,DSL,No,No,No,No,Yes,Yes,Two year,Yes,Bank transfer (automatic),61.86,4080.72,No
7122-PWQFD,Male,0,No,Yes,17,Yes,No,No,No internet service,No internet service,No internet service,No internet service,No internet service,No internet service,One year,No,Mailed check,23.12,374.91,Yes
3810-WQSRW,Male,1,Yes,No,58,Yes,Yes,DSL,No,No,No,Yes,No,Yes,One year,No,Electronic check,65.89,3859.31,No
5524-VJWUL,Female,1,Yes,Yes,72,Yes,No,Fiber optic,No,No,No,No,No,Yes,Month-to-month,Yes,Electronic check,74.96,5331.68,Yes
2411-WIJPA,Male,0,No,Yes,35,Yes,No,No,No internet service,No internet service,No internet service,No internet service,No internet service,No internet service,Month-to-month,Yes,Bank transfer (automatic),22.49,823.17,No
9765-DAJFV,Female,0,Yes,No,3,Yes,No,Fiber optic,No,No,No,No,No,Yes,Month-to-month,Yes,Bank transfer (automatic),70.92,215.82,Yes
3936-FNRUU,Female,0,No,No,3,Yes,No,No,No internet service,No internet service,No internet service,No internet service,No internet service,No internet service,Month-to-month,No,Mailed check,22.54,18.61,No
1181-KAWCM,Female,0,No,No,6,Yes,Yes,DSL,No,No,Yes,Yes,No,No,Month-to-month,Yes,Bank transfer (automatic),59.61,320.43,No
4794-JSQGY,Female,0,Yes,No,13,No,No phone service,Fiber optic,No,No,Yes,Yes,No,No,One year,Yes,Electronic check,72.29,940.68,No
8499-TZTKW,Female,0,No,No,48,Yes,No,Fiber optic,No,Yes,No,No,Yes,Yes,One year,No,Electronic check,82.87,4013.8,Yes
5197-SXSBM,Female,0,Yes,No,18,Yes,No,No,No internet service,No internet service,No internet service,No internet service,No internet service,No internet service,Two year,Yes,Bank transfer (automatic),18.25,334.55,No
3707-BAULX,Female,1,No,No,58,Yes,No,Fiber optic,No,Yes,No,Yes,Yes,Yes,One year,No,Mailed check,84.84,4919.54,No
1850-QEKAO,Female,1,No,Yes,15,Yes,No,Fiber optic,No,No,Yes,Yes,Yes,No,Two year,Yes,Bank transfer (automatic),89.47,1348.31,No
4469-WIPMA,Female,0,Yes,No,72,Yes,No,Fiber optic,No,No,Yes,No,Yes,No,Month-to-month,No,Electronic check,85.22,6104.13,Yes
2956-CMKXT,Male,0,Yes,No,68,Yes,No,Fiber optic,No,No,No,No,No,Yes,Month-to-month,No,Bank transfer (automatic),75.55,5125.29,No
5449-XJHAW,Female,0,No,No,17,Yes,No,No,No internet service,No internet service,No internet service,No internet service,No internet service,No internet service,Month-to-month,Yes,Credit card (automatic),18.68,306.75,No
7905-RISWI,Male,0,Yes,No,12,Yes,Yes,DSL,No,No,No,Yes,Yes,No,One year,No,Electronic check,54.75,659.86,No
3617-QNOFH,Female,0,Yes,No,69,Yes,No,DSL,No,No,No,No,No,No,Two year,Yes,Electronic check,45.0,3124.18,No
7003-IARDR,Female,0,Yes,No,9,Yes,No,DSL,No,No,Yes,Yes,No,Yes,Month-to-month,Yes,Mailed check,75.41,664.52,No
7347-UUZVJ,Male,0,Yes,No,16,Yes,Yes,No,No internet service,No internet service,No internet service,No internet service,No internet service,No internet service,Two year,No,Mailed check,19.77,314.59,No
3716-HFYSJ,Male,0,No,No,9,Yes,No,Fiber optic,No,No,No,No,Yes,No,Month-to-month,No,Bank transfer (automatic),74.07,672.76,Yes
8580-RVAVC,Male,0,Yes,No,31,Yes,No,DSL,No,No,Yes,No,Yes,Yes,One year,No,Electronic check,65.98,2002.64,No
2584-EUEEG,Female,0,Yes,No,60,Yes,Yes,No,No internet service,No internet service,No internet service,No internet service,No internet service,No internet service,Month-to-month,Yes,Bank transfer (automatic),24.08,1473.76,No
8848-ZJYEH,Male,0,Yes,No,18,Yes,No,DSL,No,No,Yes,No,Yes,Yes,Month-to-month,No,Mailed check,67.61,1234.81,No
1975-QVFHB,Male,0,No,No,52,No,No phone service,No,No internet service,No internet service,No internet service,No internet service,No internet service,No internet service,Month-to-month,Yes,Credit card (automatic),20.28,1039.8,No
1103-SNTMY,Female,0,No,Yes,33,No,No phone service,No,No internet service,No internet service,No internet service,No internet service,No internet service,No internet service,One year,No,Mailed check,18.25,623.43,No
7432-XJZRD,Female,0,No,Yes,9,Yes,Yes,Fiber optic,No,No,Yes,No,No,Yes,Month-to-month,Yes,Credit card (automatic),80.63,731.33,No
9663-EDWGI,Male,0,No,No,16,Yes,Yes,DSL,No,Yes,No,Yes,Yes,Yes,Month-to-month,Yes,Mailed check,71.86,1148.61,Yes
7459-EAUIO,Male,0,No,Yes,6,Yes,Yes,Fiber optic,Yes,No,Yes,Yes,Yes,Yes,Month-to-month,No,Mailed check,110.85,670.63,Yes
6458-BSYBU,Female,0,Yes,No,72,Yes,Yes,Fiber optic,No,Yes,No,No,No,No,Month-to-month,Yes,Bank transfer (automatic),71.13,5163.27,No
3369-LEZFF,Female,0,Yes,Yes,29,Yes,No,DSL,No,Yes,No,No,Yes,Yes,Month-to-month,Yes,Electronic check,71.63,2080.64,Yes
3259-AMFXS,Female,0,Yes,Yes,25,No,No phone service,Fiber optic,Yes,No,Yes,No,Yes,Yes,Month-to-month,No,Mailed check,92.17,2350.37,No
8222-OOACT,Male,0,Yes,No,28,Yes,No,DSL,Yes,Yes,No,Yes,Yes,No,Month-to-month,No,Mailed check,77.98,2184.89,No
1870-JEAEV,Male,0,No,No,11,Yes,No,No,No internet service,No internet service,No internet service,No internet service,No internet service,No internet service,Two year,Yes,Credit card (automatic),21.1,209.37,No
2571-PUAAZ,Male,0,Yes,No,18,No,No phone service,Fiber optic,No,No,No,No,Yes,Yes,Month-to-month,No,Credit card (automatic),78.55,1401.87,Yes
5475-ITMII,Female,0,No,Yes,34,Yes,No,DSL,Yes,No,No,Yes,No,No,Month-to-month,No,Mailed check,61.31,2100.03,No
6622-ERXHQ,Male,0,Yes,Yes,4,Yes,No,Fiber optic,Yes,No,Yes,Yes,Yes,No,Month-to-month,No,Electronic check,104.18,436.77,Yes
7208-FKJCZ,Male,0,Yes,Yes,2,Yes,Yes,Fiber optic,Yes,Yes,No,No,No,Yes,Two year,Yes,Bank transfer (automatic),92.34,210.61,No
2481-XXWNE,Female,0,Yes,No,15,Yes,No,DSL,Yes,Yes,No,No,Yes,Yes,One year,No,Bank transfer (automatic),72.74,1064.57,No
1079-UGFGI,Female,0,Yes,Yes,13,Yes,Yes,DSL,Yes,No,No,No,No,No,One year,Yes,Credit card (automatic),56.29,755.09,Yes
7513-SILVE,Female,0,Yes,No,63,Yes,No,DSL,No,Yes,No,No,No,No,Two year,No,Mailed check,52.01,3345.06,No
5112-LXCZO,Male,0,No,Yes,11,Yes,Yes,Fiber optic,No,Yes,No,No,Yes,No,Month-to-month,Yes,Credit card (automatic),78.56,840.89,Yes
1064-NBRKA,Male,0,No,No,35,Yes,No,DSL,No,Yes,Yes,No,Yes,No,Two year,No,Mailed check,62.83,2228.93,No
1615-SXSUB,Male,0,No,No,13,Yes,Yes,DSL,No,Yes,No,No,No,No,One year,Yes,Electronic check,52.73,673.48,Yes
8953-VNLIX,Male,0,No,No,33,Yes,No,No,No internet service,No internet service,No internet service,No internet service,No internet service,No internet service,Two year,No,Electronic check,20.05,646.75,No
3355-URIVY,Female,0,Yes,Yes,29,Yes,No,DSL,Yes,No,Yes,No,No,No,One year,Yes,Bank transfer (automatic),61.02,1807.7,No
3579-QAGJT,Male,0,No,Yes,72,Yes,No,DSL,No,Yes,No,Yes,No,Yes,Two year,Yes,Electronic check,68.5,4970.12,No
8066-FGJNY,Female,0,Yes,No,10,Yes,Yes,Fiber optic,No,No,Yes,No,No,No,Month-to-month,Yes,Electronic check,69.88,725.87,Yes
6432-WVADZ,Female,0,Yes,No,10,No,No phone service,No,No internet service,No internet service,No internet service,No internet service,No internet service,No internet service,Month-to-month,Yes,Credit card (automatic),18.25,204.22,No
4883-SIOWC,Female,0,Yes,No,72,Yes,No,Fiber optic,No,No,No,No,Yes,Yes,Two year,No,Mailed check,75.24,5395.79,No
6462-TCIWQ,Male,0,No,No,59,Yes,No,DSL,Yes,Yes,Yes,Yes,Yes,No,Month-to-month,Yes,Electronic check,88.9,5263.9,No
5670-HLFIJ,Male,0,No,Yes,16,Yes,No,Fiber optic,No,Yes,Yes,No,Yes,No,Month-to-month,Yes,Mailed check,88.23,1388.31,No
8985-IJHVC,Male,1,No,No,11,Yes,No,Fiber optic,No,Yes,No,No,Yes,No,Two year,Yes,Mailed check,81.23,879.89,Yes
6615-EAJRW,Male,0,No,Yes,9,Yes,Yes,DSL,No,No,No,No,Yes,Yes,Month-to-month,Yes,Bank transfer (automatic),64.85,586.93,Yes
7480-GYECN,Male,0,Yes,Yes,57,No,No phone service,DSL,No,Yes,Yes,No,Yes,Yes,Month-to-month,Yes,Mailed check,72.71,4147.49,No
7717-RASJJ,Male,0,No,No,14,Yes,No,Fiber optic,Yes,No,Yes,No,No,Yes,Two year,Yes,Electronic check,85.99,1190.18,Yes
4515-BQKZL,Female,0,No,No,12,Yes,No,Fiber optic,No,No,Yes,No,No,Yes,Month-to-month,Yes,Electronic check,87.76,1037.17,Yes
9648-EJWNG,Male,0,No,No,11,Yes,No,DSL,Yes,No,No,No,Yes,No,Month-to-month,No,Bank transfer (automatic),63.43,685.54,Yes
8295-KTQLQ,Female,0,Yes,No,39,Yes,No,Fiber optic,Yes,No,Yes,Yes,Yes,Yes,Two year,No,Electronic check,109.6,4265.43,No
8045-YWMMH,Male,0,Yes,No,21,Yes,No,DSL,No,Yes,Yes,No,Yes,No,One year,No,Credit card (automatic),71.23,1487.15,No
9328-KDOAK,Male,0,Yes,No,58,Yes,No,Fiber optic,No,Yes,No,Yes,Yes,No,Month-to-month,Yes,Mailed check,83.28,4889.13,Yes
7059-GIAXT,Male,0,No,Yes,72,Yes,No,No,No internet service,No internet service,No internet service,No internet service,No internet service,No internet service,Month-to-month,No,Mailed check,21.91,1538.95,No
5613-IKFUR,Male,0,Yes,Yes,29,Yes,No,DSL,No,No,Yes,No,Yes,Yes,Month-to-month,No,Bank transfer (automatic),70.04,2006.54,No
5700-STNXX,Male,0,Yes,No,32,Yes,No,Fiber optic,No,Yes,No,No,Yes,Yes,Month-to-month,Yes,Electronic check,84.29,2677.58,No
4014-ZALYV,Female,0,No,Yes,20,Yes,Yes,Fiber optic,No,No,Yes,No,Yes,Yes,Month-to-month,Yes,Credit card (automatic),86.73,1744.52,No
7571-WWBVY,Male,0,No,No,28,Yes,No,No,No internet service,No internet service,No internet service,No internet service,No internet service,No internet service,Two year,Yes,Bank transfer (automatic),20.49,626.78,No
1420-OCIAP,Male,1,No,No,3,Yes,No,Fiber optic,No,No,No,Yes,No,Yes,Month-to-month,Yes,Credit card (automatic),84.31,253.39,Yes
6367-NFYJG,Female,0,No,No,34,Yes,No,Fiber optic,Yes,Yes,Yes,No,No,No,Month-to-month,Yes,Mailed check,86.45,2940.89,Yes
9869-PUDRE,Male,0,No,Yes,50,Yes,No,Fiber optic,Yes,Yes,No,No,Yes,Yes,Month-to-month,Yes,Mailed check,100.84,5036.87,Yes
7239-CSMLT,Female,1,Yes,No,9,Yes,No,Fiber optic,Yes,No,Yes,No,No,Yes,Month-to-month,No,Electronic check,86.56,788.37,Yes
9445-RUCJS,Male,0,No,No,72,Yes,Yes,No,No internet service,No internet service,No internet service,No internet service,No internet service,No internet service,Month-to-month,Yes,Electronic check,18.25,1289.29,Yes
1394-INLQU,Female,0,Yes,No,15,Yes,No,Fiber optic,No,No,No,Yes,No,No,Month-to-month,Yes,Electronic check,72.72,1079.07,Yes
7551-PFMBT,Male,1,Yes,Yes,69,Yes,Yes,Fiber optic,Yes,Yes,Yes,No,Yes,Yes,One year,No,Mailed check,101.91,7021.13,No
6251-NOFUT,Male,0,No,No,42,Yes,No,No,No internet service,No internet service,No internet service,No internet service,No internet service,No internet service,One year,Yes,Bank transfer (automatic),20.39,876.05,No
6579-OKQWD,Female,0,No,No,8,Yes,No,DSL,Yes,Yes,Yes,No,Yes,No,Month-to-month,Yes,Credit card (automatic),76.07,595.11,Yes
7619-OVLLJ,Female,0,No,No,56,Yes,No,Fiber optic,No,No,No,Yes,No,No,Two year,Yes,Credit card (automatic),74.47,4175.36,No
2416-VNSMO,Male,0,Yes,No,25,Yes,Yes,No,No internet service,No internet service,No internet service,No internet service,No internet service,No internet service,One year,Yes,Mailed check,21.66,540.6,No
7662-XBZPL,Female,0,No,No,36,Yes,No,No,No internet service,No internet service,No internet service,No internet service,No internet service,No internet service,Month-to-month,Yes,Electronic check,25.87,914.06,No
9234-OMKZL,Male,0,Yes,No,20,Yes,No,DSL,Yes,No,No,Yes,Yes,Yes,Month-to-month,No,Mailed check,79.32,1605.81,Yes
1002-ZPVNH,Male,1,Yes,No,23,Yes,No,Fiber optic,No,No,Yes,Yes,Yes,No,Month-to-month,No,Credit card (automatic),86.88,1970.39,Yes
7710-DSKJI,Male,0,Yes,Yes,4,Yes,No,DSL,No,No,No,No,Yes,Yes,Month-to-month,No,Bank transfer (automatic),66.17,294.06,No
9569-BBBKE,Female,0,Yes,Yes,39,Yes,No,Fiber optic,No,Yes,Yes,No,Yes,Yes,Month-to-month,Yes,Bank transfer (automatic),89.78,3527.36,Yes
5768-KZTHO,Male,1,Yes,No,25,Yes,No,Fiber optic,No,No,Yes,No,No,No,Month-to-month,Yes,Electronic check,76.82,1964.94,No
4611-HZNLN,Female,0,No,No,32,Yes,Yes,Fiber optic,No,No,No,Yes,No,No,Month-to-month,Yes,Electronic check,71.57,2279.14,Yes
7815-ARMGI,Male,0,Yes,Yes,37,Yes,Yes,No,No internet service,No internet service,No internet service,No internet service,No internet service,No internet service,Month-to-month,Yes,Credit card (automatic),18.25,688.83,No
2191-PTPCX,Female,0,No,Yes,35,Yes,No,DSL,No,Yes,No,No,Yes,Yes,Two year,Yes,Mailed check,67.65,2347.48,No
9981-PGTBA,Female,0,No,Yes,40,Yes,Yes,No,No internet service,No internet service,No internet service,No internet service,No internet service,No internet service,Month-to-month,No,Electronic check,18.25,739.29,No
3407-FSURV,Male,1,Yes,Yes,4,Yes,No,Fiber optic,No,No,No,Yes,No,Yes,Two year,No,Electronic check,82.29,326.86,Yes
7133-BAVEJ,Male,0,No,Yes,20,Yes,Yes,DSL,Yes,Yes,Yes,Yes,Yes,No,One year,No,Bank transfer (automatic),82.92,1647.83,No
1842-ZOOVF,Male,0,Yes,No,8,Yes,Yes,No,No internet service,No internet service,No internet service,No internet service,No internet service,No internet service,One year,Yes,Electronic check,18.25,127.26,No
1833-JJXYB,Female,0,No,Yes,1,Yes,No,No,No internet service,No internet service,No internet service,No internet service,No internet service,No internet service,Month-to-month,Yes,Mailed check,21.73,57.59,Yes
4730-KUJHV,Male,0,No,No,36,Yes,No,No,No internet service,No internet service,No internet service,No internet service,No internet service,No internet service,Month-to-month,Yes,Electronic check,23.26,834.28,No
1116-JJDRA,Female,0,Yes,No,72,No,No phone service,No,No internet service,No internet service,No internet service,No internet service,No internet service,No internet service,Month-to-month,No,Electronic check,18.25,1335.5,No
9878-IWZVR,Male,1,Yes,Yes,1,Yes,No,DSL,No,Yes,No,Yes,No,No,One year,Yes,Mailed check,57.32,72.72,No
3727-VWGCC,Female,0,No,No,39,No,No phone service,DSL,No,Yes,No,No,No,Yes,Month-to-month,Yes,Electronic check,60.21,2312.73,No
6408-GBPKV,Male,0,Yes,No,19,Yes,Yes,DSL,No,No,Yes,No,No,No,Two year,Yes,Electronic check,53.7,1008.78,No
3030-PIVZE,Male,0,No,Yes,23,Yes,No,DSL,Yes,No,No,Yes,Yes,Yes,Month-to-month,No,Electronic check,74.89,1711.83,No
5010-EGRQC,Female,0,Yes,No,38,Yes,No,No,No internet service,No internet service,No internet service,No internet service,No internet service,No internet service,One year,No,Mailed check,18.75,740.54,No
9018-DSCSD,Male,0,No,No,34,Yes,No,Fiber optic,No,No,Yes,Yes,No,Yes,Month-to-month,Yes,Electronic check,89.58,3038.34,Yes
2796-LOHXI,Female,0,Yes,Yes,20,Yes,No,DSL,No,No,No,No,Yes,No,One year,Yes,Mailed check,50.79,1057.9,No
5500-TJHTY,Male,0,Yes,No,15,Yes,No,Fiber optic,No,No,No,Yes,Yes,Yes,Month-to-month,No,Credit card (automatic),89.6,1357.3,Yes
9924-BCLWT,Male,0,Yes,No,34,Yes,No,Fiber optic,No,Yes,Yes,Yes,No,Yes,One year,No,Electronic check,98.9,3358.89,Yes
2571-TYJOJ,Female,0,Yes,Yes,2,Yes,Yes,Fiber optic,No,Yes,Yes,No,No,No,Month-to-month,Yes,Mailed check,84.47,148.41,Yes
3714-JUUAH,Female,0,No,No,38,Yes,Yes,No,No internet service,No internet service,No internet service,No internet service,No internet service,No internet service,Two year,Yes,Mailed check,18.25,733.69,No
6379-DGBKT,Female,0,No,Yes,19,Yes,Yes,Fiber optic,Yes,Yes,Yes,No,Yes,Yes,One year,Yes,Mailed check,98.52,1875.15,Yes
1464-JIADQ,Male,0,Yes,Yes,65,Yes,No,Fiber optic,No,No,Yes,No,No,Yes,Month-to-month,Yes,Electronic check,86.41,5611.01,Yes
1143-TBXIR,Male,0,Yes,Yes,24,Yes,No,DSL,No,No,No,Yes,No,No,Month-to-month,No,Credit card (automatic),52.96,1318.35,No
8402-VTONM,Male,0,Yes,No,62,Yes,No,Fiber optic,Yes,Yes,No,No,No,No,Month-to-month,No,Mailed check,80.23,5010.29,No
6462-STFYR,Female,0,No,No,10,Yes,No,Fiber optic,Yes,No,No,No,Yes,Yes,Month-to-month,Yes,Electronic check,86.89,863.05,Yes
6804-NNSHC,Male,1,No,No,9,Yes,No,Fiber optic,Yes,No,No,No,Yes,Yes,One year,No,Electronic check,86.84,755.27,Yes
5785-STZPN,Male,1,No,No,13,Yes,No,DSL,No,No,Yes,No,No,Yes,Month-to-month,Yes,Bank transfer (automatic),53.62,676.62,Yes
9530-BFEYX,Male,0,No,No,72,Yes,No,Fiber optic,Yes,No,Yes,No,Yes,No,Two year,Yes,Electronic check,91.75,6606.01,No
7794-RUYDO,Male,0,Yes,Yes,24,Yes,No,DSL,No,Yes,No,No,No,No,Two year,No,Mailed check,49.94,1191.36,No
6003-QSVHB,Male,0,Yes,No,15,Yes,No,No,No internet service,No internet service,No internet service,No internet service,No internet service,No internet service,Month-to-month,No,Electronic check,19.13,290.69,No
2688-SUJBY,Male,0,No,No,34,Yes,Yes,Fiber optic,Yes,Yes,No,No,Yes,No,Two year,Yes,Electronic check,91.52,3056.29,No
2545-FIGUD,Female,1,Yes,No,13,Yes,No,DSL,No,Yes,Yes,Yes,Yes,Yes,Two year,Yes,Mailed check,87.05,1108.7,No
1346-LFTFT,Female,0,Yes,No,33,Yes,No,Fiber optic,No,Yes,No,Yes,Yes,No,One year,No,Bank transfer (automatic),92.42,3029.01,No
1370-VCDJO,Male,0,Yes,No,24,Yes,Yes,No,No internet service,No internet service,No internet service,No internet service,No internet service,No internet service,One year,Yes,Electronic check,19.16,471.17,No
3574-UZEOI,Female,0,No,No,14,No,No phone service,Fiber optic,No,No,No,Yes,Yes,No,Month-to-month,Yes,Bank transfer (automatic),76.45,1079.96,Yes
4888-GMWJL,Female,0,No,No,25,Yes,No,No,No internet service,No internet service,No internet service,No internet service,No internet service,No internet service,Month-to-month,Yes,Electronic check,21.83,562.88,Yes
9986-TZCPU,Male,0,No,No,25,Yes,No,No,No internet service,No internet service,No internet service,No internet service,No internet service,No internet service,Month-to-month,No,Electronic check,19.72,460.62,Yes
7420-VVKSA,Male,0,Yes,No,46,Yes,No,No,No internet service,No internet service,No internet service,No internet service,No internet service,No internet service,Month-to-month,Yes,Credit card (automatic),18.25,845.95,No
7193-LPHRH,Male,0,Yes,No,7,Yes,No,Fiber optic,Yes,No,No,No,No,No,Month-to-month,Yes,Mailed check,66.86,490.88,Yes
9253-OIHTX,Male,0,Yes,Yes,17,Yes,Yes,Fiber optic,Yes,Yes,No,No,Yes,Yes,Month-to-month,Yes,Credit card (automatic),91.15,1543.88,Yes
5216-RCUVD,Female,0,No,Yes,30,Yes,Yes,DSL,Yes,Yes,Yes,No,No,No,Month-to-month,No,Electronic check,66.08,1982.69,Yes
1945-EQVNX,Female,0,Yes,Yes,12,Yes,Yes,No,No internet service,No internet service,No internet service,No internet service,No internet service,No internet service,Month-to-month,No,Mailed check,20.19,232.91,No
9522-UOHGN,Male,0,No,No,21,Yes,No,No,No internet service,No internet service,No internet service,No internet service,No internet service,No internet service,Month-to-month,Yes,Bank transfer (automatic),22.63,486.22,No
1343-SOBMP,Female,0,No,Yes,14,Yes,Yes,DSL,No,Yes,No,Yes,No,Yes,Month-to-month,Yes,Bank transfer (automatic),72.84,1017.89,No
4968-RFUNQ,Male,0,No,No,18,Yes,No,Fiber optic,Yes,Yes,Yes,No,Yes,No,Month-to-month,No,Bank transfer (automatic),93.06,1692.75,Yes
1038-VCXAJ,Female,0,No,No,9,Yes,No,DSL,No,No,Yes,No,No,No,Two year,Yes,Electronic check,47.87,428.54,Yes
3498-PFUOW,Female,0,Yes,No,72,Yes,Yes,No,No internet service,No internet service,No internet service,No internet service,No internet service,No internet service,Month-to-month,Yes,Bank transfer (automatic),18.25,1312.53,No
4476-KBYGR,Male,0,No,No,2,Yes,Yes,DSL,No,No,No,No,No,Yes,One year,Yes,Bank transfer (automatic),52.92,91.61,No
7772-ZSQHZ,Male,0,Yes,Yes,14,Yes,No,Fiber optic,Yes,No,No,Yes,Yes,Yes,Month-to-month,Yes,Bank transfer (automatic),101.34,1472.58,Yes
7517-XIMHH,Female,0,No,No,24,Yes,No,Fiber optic,No,Yes,No,Yes,No,No,Two year,Yes,Electronic check,76.62,1808.98,No
3270-SWMQD,Female,0,No,No,24,Yes,No,DSL,No,No,No,No,Yes,No,Month-to-month,Yes,Credit card (automatic),52.44,1268.8,Yes
8552-GKOZX,Male,0,No,No,58,Yes,Yes,No,No internet service,No internet service,No internet service,No internet service,No internet service,No internet service,Two year,Yes,Bank transfer (automatic),18.53,1022.63,No
4145-TDGRE,Male,0,Yes,No,7,Yes,Yes,Fiber optic,Yes,Yes,Yes,Yes,Yes,Yes,Two year,No,Electronic check,118.75,826.27,No
7814-VYTFE,Male,1,No,No,4,Yes,No,Fiber optic,Yes,Yes,No,No,No,Yes,Two year,Yes,Bank transfer (automatic),83.95,324.39,No
9195-UHXEP,Female,0,No,No,16,Yes,Yes,DSL,Yes,No,No,No,Yes,No,Two year,No,Electronic check,64.55,1019.7,No
5065-LSNRT,Female,0,No,No,24,Yes,Yes,Fiber optic,No,No,No,No,Yes,Yes,Two year,Yes,Electronic check,77.29,1833.62,No
3354-YACPK,Female,0,No,No,19,No,No phone service,DSL,Yes,Yes,No,No,No,No,Two year,Yes,Electronic check,58.33,1076.62,No
9645-BMBTD,Female,0,No,No,49,Yes,No,Fiber optic,No,No,No,Yes,No,Yes,Month-to-month,No,Bank transfer (automatic),79.43,3877.07,Yes
9936-AWZMI,Female,0,Yes,No,8,No,No phone service,Fiber optic,No,No,No,No,No,No,Month-to-month,No,Mailed check,61.64,481.61,No
7027-MPRWR,Female,0,Yes,No,15,Yes,Yes,DSL,No,No,No,No,Yes,No,One year,Yes,Bank transfer (automatic),56.76,931.87,No
6378-XRKZM,Male,0,Yes,No,37,Yes,No,No,No internet service,No internet service,No internet service,No internet service,No internet service,No internet service,Month-to-month,Yes,Credit card (automatic),21.43,793.13,No
7388-JAGQG,Female,0,No,No,25,Yes,No,DSL,Yes,Yes,Yes,No,No,No,Month-to-month,Yes,Credit card (automatic),65.09,1666.53,Yes
2159-JVMGM,Male,1,No,Yes,58,Yes,No,Fiber optic,No,Yes,No,No,Yes,No,Two year,No,Credit card (automatic),87.09,5029.93,Yes
1186-IGBUX,Male,0,Yes,Yes,25,Yes,No,No,No internet service,No internet service,No internet service,No internet service,No internet service,No internet service,Month-to-month,Yes,Electronic check,24.2,620.35,No
8332-KRJWM,Female,0,Yes,No,7,Yes,Yes,No,No internet service,No internet service,No internet service,No internet service,No internet service,No internet service,Month-to-month,Yes,Bank transfer (automatic),22.24,192.97,No
4544-RJVET,Female,0,No,No,53,No,No phone service,Fiber optic,Yes,No,No,Yes,No,No,Month-to-month,No,Mailed check,74.2,3932.25,No
1672-HJIJV,Female,0,No,No,49,No,No phone service,DSL,No,Yes,Yes,No,Yes,No,Month-to-month,Yes,Electronic check,60.72,3011.97,No
9798-ELGBO,Male,0,No,Yes,33,Yes,Yes,Fiber optic,No,No,Yes,No,No,No,Month-to-month,Yes,Bank transfer (automatic),69.84,2270.14,Yes
8521-ARCQN,Female,0,Yes,No,72,Yes,Yes,Fiber optic,No,Yes,No,No,No,No,One year,No,Credit card (automatic),72.45,5256.01,No
2233-COTAB,Male,0,No,No,26,No,No phone service,Fiber optic,No,No,No,Yes,No,No,One year,Yes,Bank transfer (automatic),69.28,1813.47,No
9902-TCJAR,Male,0,Yes,No,27,Yes,No,Fiber optic,No,Yes,Yes,No,No,No,Month-to-month,Yes,Mailed check,78.2,2108.04,Yes
3502-TCZXO,Male,1,Yes,No,48,Yes,Yes,No,No internet service,No internet service,No internet service,No internet service,No internet service,No internet service,Month-to-month,Yes,Bank transfer (automatic),22.83,1133.4,No
6425-ZGIYE,Female,1,No,Yes,31,Yes,No,Fiber optic,Yes,No,No,Yes,Yes,Yes,Month-to-month,Yes,Electronic check,103.96,3208.27,Yes
9364-IKYQV,Male,0,Yes,No,27,Yes,No,No,No internet service,No internet service,No internet service,No internet service,No internet service,No internet service,Two year,Yes,Bank transfer (automatic),27.34,753.9,No
8240-XIKXI,Female,0,No,No,4,Yes,No,No,No internet service,No internet service,No internet service,No internet service,No internet service,No internet service,One year,No,Electronic check,20.1,84.86,No
2311-NYSKN,Male,0,Yes,No,6,Yes,Yes,No,No internet service,No internet service,No internet service,No internet service,No internet service,No internet service,Month-to-month,No,Electronic check,18.25,120.34,No
7988-BOAOQ,Male,1,Yes,Yes,6,Yes,Yes,DSL,No,Yes,No,Yes,Yes,Yes,Two year,No,Electronic check,77.13,481.06,Yes
6492-ZKCJF,Female,0,No,No,18,Yes,Yes,Fiber optic,No,Yes,No,Yes,Yes,Yes,Month-to-month,Yes,Credit card (automatic),99.14,1744.32,Yes
2538-OIWCI,Male,0,Yes,Yes,60,Yes,No,No,No internet service,No internet service,No internet service,No internet service,No internet service,No internet service,Month-to-month,Yes,Electronic check,21.65,1311.31,No
3465-UATYO,Female,0,Yes,No,72,Yes,No,Fiber optic,No,Yes,Yes,Yes,No,No,Two year,No,Mailed check,92.7,6722.81,No
2846-FVNPD,Female,0,Yes,No,66,Yes,No,Fiber optic,No,No,No,No,Yes,No,Month-to-month,Yes,Bank transfer (automatic),68.52,4510.53,Yes
6911-KUXDG,Male,0,Yes,No,68,Yes,No,DSL,No,Yes,Yes,No,Yes,No,One year,Yes,Mailed check,64.8,4439.72,No
1089-CSWEB,Female,0,No,No,11,Yes,No,Fiber optic,No,Yes,No,Yes,Yes,No,Month-to-month,Yes,Electronic check,87.77,998.88,Yes
1911-HXSYQ,Female,0,Yes,No,25,Yes,No,Fiber optic,No,No,No,Yes,No,Yes,Month-to-month,Yes,Electronic check,85.21,2117.44,Yes
2786-TVPKK,Female,0,No,Yes,9,Yes,No,No,No internet service,No internet service,No internet service,No internet service,No internet service,No internet service,Month-to-month,Yes,Electronic check,18.48,124.36,No
4319-WUWNR,Female,0,No,No,32,Yes,Yes,DSL,No,Yes,Yes,No,Yes,Yes,Month-to-month,No,Electronic check,75.25,2419.62,Yes
6008-QDURY,Female,0,No,Yes,18,Yes,No,DSL,No,Yes,Yes,No,No,No,Month-to-month,Yes,Credit card (automatic),68.02,1222.86,Yes
6482-MMWRK,Female,1,No,No,4,Yes,No,Fiber optic,Yes,No,Yes,No,No,No,One year,Yes,Mailed check,85.64,357.98,Yes
8857-GTVSR,Male,0,No,No,36,Yes,No,No,No internet service,No internet service,No internet service,No internet service,No internet service,No internet service,Month-to-month,No,Electronic check,24.29,856.57,No
7453-MEQIP,Female,0,No,Yes,13,Yes,Yes,DSL,No,Yes,Yes,No,Yes,Yes,Two year,Yes,Mailed check,74.64,973.92,Yes
3509-FLDIE,Female,0,Yes,No,23,Yes,No,DSL,No,No,No,No,Yes,Yes,Two year,No,Bank transfer (automatic),60.58,1375.99,No
3056-XBUHL,Female,0,No,Yes,16,No,No phone service,No,No internet service,No internet service,No internet service,No internet service,No internet service,No internet service,Two year,Yes,Credit card (automatic),18.69,311.16,No
2298-HBYWD,Female,1,Yes,Yes,39,Yes,No,DSL,No,No,No,Yes,No,Yes,One year,No,Mailed check,60.59,2357.57,No
6689-GSQMJ,Male,0,Yes,No,28,Yes,Yes,Fiber optic,No,No,No,No,No,Yes,Two year,No,Bank transfer (automatic),69.41,1919.98,Yes
8842-THJIQ,Female,1,No,Yes,24,Yes,Yes,No,No internet service,No internet service,No internet service,No internet service,No internet service,No internet service,One year,No,Credit card (automatic),18.61,467.96,No
8013-DVUPG,Female,0,Yes,Yes,65,Yes,Yes,No,No internet service,No internet service,No internet service,No internet service,No internet service,No internet service,Month-to-month,Yes,Mailed check,23.69,1518.52,Yes
3742-KVJOR,Male,0,Yes,No,17,Yes,No,DSL,No,Yes,No,No,No,No,Month-to-month,No,Mailed check,56.13,969.47,No
4631-XWBKE,Male,0,Yes,No,34,Yes,No,No,No internet service,No internet service,No internet service,No internet service,No internet service,No internet service,Month-to-month,Yes,Bank transfer (automatic),24.74,850.15,No
2450-MFBZP,Female,0,Yes,No,17,Yes,No,No,No internet service,No internet service,No internet service,No internet service,No internet service,No internet service,Two year,Yes,Credit card (automatic),22.09,376.19,No
7993-YDDTD,Male,0,No,No,72,Yes,Yes,No,No internet service,No internet service,No internet service,No internet service,No internet service,No internet service,Two year,Yes,Mailed check,18.25,1332.65,No
9606-SPXST,Female,1,Yes,Yes,55,Yes,No,Fiber optic,No,No,Yes,No,No,Yes,Month-to-month,No,Credit card (automatic),82.28,4493.83,Yes
3893-VDCGT,Male,1,No,No,72,Yes,No,Fiber optic,Yes,No,No,Yes,Yes,No,One year,Yes,Bank transfer (automatic),90.24,6503.75,No
9633-QDATY,Male,0,No,No,27,Yes,No,Fiber optic,No,No,No,No,Yes,No,Two year,No,Electronic check,68.81,1847.96,No
1925-WNADB,Female,1,Yes,Yes,57,Yes,No,Fiber optic,No,Yes,Yes,No,No,Yes,One year,No,Bank transfer (automatic),84.21,4771.8,No
2232-SKHOB,Female,1,Yes,No,8,Yes,No,Fiber optic,No,Yes,No,Yes,Yes,Yes,Month-to-month,Yes,Credit card (automatic),91.83,773.61,Yes
5849-DUXBG,Female,0,Yes,No,7,Yes,No,Fiber optic,Yes,No,Yes,No,Yes,Yes,Month-to-month,Yes,Electronic check,91.44,621.14,Yes
2190-QXEAI,Female,0,No,Yes,21,Yes,Yes,Fiber optic,No,No,No,Yes,No,Yes,Month-to-month,Yes,Mailed check,79.0,1693.82,No
8388-PESNR,Female,0,Yes,Yes,32,Yes,Yes,Fiber optic,Yes,Yes,No,No,No,No,Month-to-month,Yes,Electronic check,82.96,2717.89,Yes
5388-WEUSM,Female,0,Yes,No,61,Yes,No,DSL,Yes,No,No,No,Yes,Yes,Month-to-month,Yes,Bank transfer (automatic),68.58,4306.16,No
7211-JQUQO,Female,0,No,No,26,Yes,Yes,No,No internet service,No internet service,No internet service,No internet service,No internet service,No internet service,Month-to-month,Yes,Electronic check,18.87,447.29,No
6563-CYTEE,Female,1,No,Yes,20,No,No phone service,No,No internet service,No internet service,No internet service,No internet service,No internet service,No internet service,One year,Yes,Credit card (automatic),18.25,375.19,No
8885-AAPOY,Female,0,Yes,No,45,Yes,No,Fiber optic,Yes,Yes,Yes,No,No,No,Month-to-month,Yes,Mailed check,88.62,3969.44,Yes
7781-NWDJE,Male,0,No,Yes,72,Yes,No,Fiber optic,Yes,No,Yes,Yes,No,Yes,One year,Yes,Mailed check,103.98,7521.87,No
3013-MBWVM,Male,0,No,No,47,Yes,Yes,No,No internet service,No internet service,No internet service,No internet service,No internet service,No internet service,Two year,Yes,Electronic check,18.47,873.07,No
3251-EMNLZ,Female,0,No,Yes,36,Yes,No,Fiber optic,No,No,Yes,No,No,Yes,Two year,Yes,Bank transfer (automatic),77.53,2838.74,No
7343-PGBXQ,Female,0,Yes,No,56,Yes,Yes,Fiber optic,No,No,No,No,No,No,Two year,Yes,Mailed check,66.1,3716.97,No
6637-HPWFE,Female,0,Yes,No,53,Yes,Yes,DSL,No,No,No,No,No,No,One year,Yes,Credit card (automatic),46.8,2489.59,No
1607-MNUGN,Male,0,Yes,No,47,Yes,Yes,No,No internet service,No internet service,No internet service,No internet service,No internet service,No internet service,Month-to-month,No,Bank transfer (automatic),18.25,870.02,No
7480-RVYQH,Female,0,Yes,Yes,54,No,No phone service,DSL,No,Yes,No,No,Yes,Yes,One year,Yes,Electronic check,67.32,3598.99,Yes
7430-GDTTC,Male,0,Yes,No,32,Yes,Yes,No,No internet service,No internet service,No internet service,No internet service,No internet service,No internet service,One year,No,Credit card (automatic),25.17,788.67,No
1517-FLHZN,Female,0,No,No,72,Yes,No,Fiber optic,No,Yes,Yes,Yes,No,Yes,Month-to-month,Yes,Credit card (automatic),101.42,7322.5,No
9145-GEIIJ,Female,0,No,Yes,7,Yes,Yes,Fiber optic,No,No,No,Yes,Yes,No,Two year,No,Electronic check,78.48,564.47,No
3250-UURBQ,Female,0,No,No,41,Yes,Yes,Fiber optic,No,No,No,Yes,No,No,Month-to-month,Yes,Electronic check,77.94,3177.21,No
4190-FRDCC,Female,0,No,No,14,Yes,Yes,Fiber optic,Yes,Yes,No,Yes,Yes,Yes,Two year,No,Mailed check,104.94,1480.31,No
1125-OISQQ,Male,0,Yes,No,30,Yes,No,No,No internet service,No internet service,No internet service,No internet service,No internet service,No internet service,One year,Yes,Bank transfer (automatic),20.61,578.73,Yes
2908-TZRME,Male,0,Yes,No,8,Yes,No,DSL,No,No,No,Yes,No,No,Month-to-month,Yes,Mailed check,59.14,494.5,Yes
3929-JUNIJ,Female,0,No,No,18,Yes,Yes,DSL,No,Yes,Yes,No,No,No,Two year,No,Mailed check,60.76,1126.2,No
6010-IRANW,Female,1,Yes,No,20,Yes,No,No,No internet service,No internet service,No internet service,No internet service,No internet service,No internet service,Month-to-month,Yes,Electronic check,18.25,392.45,Yes
5884-QUWUY,Female,1,Yes,No,37,Yes,Yes,DSL,No,No,No,Yes,Yes,No,Month-to-month,Yes,Mailed check,61.52,2310.19,No
1069-OYOGK,Male,0,No,Yes,17,No,No phone service,DSL,Yes,No,No,Yes,No,Yes,Two year,No,Credit card (automatic),69.98,1170.84,Yes
6887-LLTDE,Male,0,Yes,No,22,Yes,Yes,DSL,No,Yes,No,No,Yes,Yes,Month-to-month,Yes,Electronic check,66.57,1515.57,Yes
6302-PBICK,Male,0,Yes,Yes,46,Yes,Yes,Fiber optic,Yes,Yes,No,No,No,No,Month-to-month,Yes,Mailed check,86.31,3970.74,No
5623-JCNKH,Male,1,No,No,62,Yes,No,No,No internet service,No internet service,No internet service,No internet service,No internet service,No internet service,Month-to-month,Yes,Electronic check,25.6,1619.26,No
4594-GINJD,Male,0,No,Yes,19,Yes,No,Fiber optic,No,No,No,Yes,Yes,Yes,Month-to-month,Yes,Mailed check,82.92,1530.16,Yes
9302-FQUBS,Female,0,No,No,69,Yes,No,DSL,No,No,No,No,Yes,Yes,Two year,No,Electronic check,61.18,4241.2,No
8534-CTQVY,Female,0,Yes,No,44,Yes,No,Fiber optic,No,No,Yes,No,No,Yes,Month-to-month,Yes,Credit card (automatic),71.26,3159.6,Yes
7535-RGMFI,Male,0,No,No,68,Yes,No,Fiber optic,No,No,No,No,Yes,Yes,Month-to-month,No,Credit card (automatic),88.48,6024.19,No
7478-MTOIH,Male,0,No,Yes,28,Yes,Yes,No,No internet service,No internet service,No internet service,No internet service,No internet service,No internet service,Two year,Yes,Mailed check,22.33,589.96,No
6867-LFIXT,Male,0,Yes,No,21,Yes,Yes,Fiber optic,No,No,No,No,No,No,One year,Yes,Mailed check,66.11,1404.6,No
8153-CLDSS,Female,0,No,No,25,Yes,Yes,DSL,Yes,Yes,Yes,Yes,No,No,Month-to-month,Yes,Electronic check,76.79,1876.73,Yes
1183-TKWOA,Male,0,No,No,36,Yes,Yes,No,No internet service,No internet service,No internet service,No internet service,No internet service,No internet service,Two year,No,Electronic check,18.25,604.65,No
9925-AXNNK,Female,0,No,No,28,Yes,Yes,DSL,No,No,No,No,Yes,Yes,Two year,Yes,Electronic check,66.05,1851.6,No
7442-YXHNW,Female,0,Yes,Yes,29,Yes,Yes,No,No internet service,No internet service,No internet service,No internet service,No internet service,No internet service,One year,Yes,Credit card (automatic),18.59,546.1,No
5687-PSAGT,Male,0,No,No,44,Yes,No,DSL,No,Yes,Yes,No,Yes,Yes,Month-to-month,No,Mailed check,70.53,3164.04,No
6103-CLTSM,Female,1,Yes,No,17,Yes,Yes,Fiber optic,No,No,Yes,No,No,Yes,Month-to-month,No,Credit card (automatic),82.24,1413.02,Yes
3734-SBJYF,Female,0,Yes,No,31,Yes,No,DSL,No,No,No,No,Yes,Yes,One year,No,Electronic check,63.16,1972.3,No
4842-BERIG,Male,1,Yes,Yes,8,Yes,No,No,No internet service,No internet service,No internet service,No internet service,No internet service,No internet service,Month-to-month,Yes,Bank transfer (automatic),18.25,130.12,Yes
6544-XOSLJ,Male,0,Yes,Yes,26,Yes,Yes,Fiber optic,No,No,No,No,Yes,Yes,Two year,No,Mailed check,82.5,2152.71,No
4935-IBDAT,Female,1,Yes,Yes,20,Yes,Yes,No,No internet service,No internet service,No internet service,No internet service,No internet service,No internet service,Month-to-month,No,Mailed check,25.37,481.1,No
8652-CDMNK,Female,0,No,No,20,Yes,No,No,No internet service,No internet service,No internet service,No internet service,No internet service,No internet service,Month-to-month,Yes,Credit card (automatic),18.7,394.33,No
5042-KRAWK,Female,0,No,No,10,Yes,No,DSL,No,No,Yes,No,Yes,Yes,Two year,Yes,Electronic check,69.37,723.6,No
5814-DYAIN,Female,0,Yes,No,16,Yes,No,DSL,No,Yes,No,Yes,No,Yes,One year,Yes,Mailed check,64.26,1036.47,Yes
5529-MIFXJ,Male,1,No,Yes,37,Yes,No,No,No internet service,No internet service,No internet service,No internet service,No internet service,No internet service,Month-to-month,Yes,Credit card (automatic),18.25,653.86,No
7082-GLTGY,Female,1,No,Yes,12,Yes,Yes,Fiber optic,No,No,Yes,Yes,No,No,Month-to-month,No,Electronic check,78.98,945.6,No
3855-HWSNA,Male,0,Yes,No,4,Yes,No,No,No internet service,No internet service,No internet service,No internet service,No internet service,No internet service,Month-to-month,Yes,Bank transfer (automatic),22.16,114.9,No
5469-OJTRJ,Male,0,No,Yes,41,No,No phone service,Fiber optic,No,Yes,No,No,No,No,One year,Yes,Credit card (automatic),71.45,2922.41,No
1788-GXTOF,Female,0,No,No,72,Yes,No,Fiber optic,No,Yes,No,No,No,No,Month-to-month,Yes,Electronic check,72.79,5229.03,Yes
8272-OWNZU,Female,0,No,No,15,Yes,Yes,Fiber optic,No,No,Yes,No,No,Yes,Two year,Yes,Electronic check,78.43,1151.49,Yes
1602-GESND,Female,0,No,No,72,Yes,No,Fiber optic,No,No,Yes,No,Yes,No,Month-to-month,No,Credit card (automatic),78.1,5646.08,Yes
4997-FGNAS,Male,0,No,Yes,3,Yes,No,No,No internet service,No internet service,No internet service,No internet service,No internet service,No internet service,Two year,No,Electronic check,18.25,70.46,No
8682-EOHAQ,Male,0,No,Yes,39,Yes,No,Fiber optic,No,No,No,No,Yes,No,One year,Yes,Bank transfer (automatic),71.44,2794.24,No
1190-ULMJC,Female,0,Yes,No,14,Yes,No,No,No internet service,No internet service,No internet service,No internet service,No internet service,No internet service,Month-to-month,Yes,Bank transfer (automatic),19.63,287.06,No
7495-THDLF,Female,1,Yes,Yes,72,Yes,No,DSL,No,No,Yes,No,No,No,Month-to-month,No,Credit card (automatic),54.31,3877.55,No
8425-KUOTG,Female,0,No,No,23,No,No phone service,No,No internet service,No internet service,No internet service,No internet service,No internet service,No internet service,One year,Yes,Bank transfer (automatic),21.75,496.19,Yes
5003-NUPVE,Female,0,Yes,No,16,Yes,No,Fiber optic,No,Yes,Yes,Yes,No,Yes,Month-to-month,No,Mailed check,89.87,1414.32,Yes
1243-LDJFI,Male,0,Yes,No,0,Yes,No,DSL,Yes,Yes,Yes,No,Yes,No,Month-to-month,No,Electronic check,68.35, ,Yes
3152-DQNVR,Male,0,Yes,Yes,49,No,No phone service,Fiber optic,No,No,No,No,No,Yes,One year,Yes,Bank transfer (automatic),69.42,3397.7,Yes
5772-CJQBG,Male,0,No,No,47,Yes,No,Fiber optic,Yes,No,No,No,Yes,Yes,Month-to-month,Yes,Bank transfer (automatic),79.67,3753.13,Yes
8492-YVQVR,Male,0,No,No,66,Yes,Yes,No,No internet service,No internet service,No internet service,No internet service,No internet service,No internet service,One year,Yes,Electronic check,20.83,1381.05,No
1519-JGLJZ,Male,0,Yes,Yes,32,Yes,No,Fiber optic,No,No,Yes,Yes,No,No,Month-to-month,Yes,Electronic check,84.24,2682.42,Yes
4547-VUYFL,Female,0,Yes,No,21,Yes,Yes,DSL,No,Yes,Yes,Yes,Yes,No,Month-to-month,Yes,Bank transfer (automatic),71.81,1515.26,Yes
5649-ARCAS,Male,0,Yes,No,58,Yes,No,No,No internet service,No internet service,No internet service,No internet service,No internet service,No internet service,Month-to-month,Yes,Credit card (automatic),22.95,1310.02,Yes
3741-BMJNH,Male,0,Yes,Yes,18,Yes,No,DSL,Yes,No,No,Yes,No,Yes,Two year,Yes,Credit card (automatic),69.24,1246.68,No
7592-QKZEP,Female,0,No,No,7,Yes,Yes,Fiber optic,No,Yes,Yes,Yes,No,No,Two year,Yes,Credit card (automatic),90.46,605.38,No
3604-PKWXM,Male,0,Yes,Yes,38,Yes,Yes,Fiber optic,No,No,Yes,No,No,No,Month-to-month,Yes,Electronic check,75.21,2806.23,Yes
5441-SRHLE,Male,0,No,Yes,54,Yes,Yes,Fiber optic,Yes,No,No,No,Yes,Yes,Month-to-month,No,Bank transfer (automatic),79.86,4324.9,Yes
1068-JILYL,Female,0,Yes,Yes,5,Yes,No,Fiber optic,No,No,No,Yes,Yes,Yes,Two year,Yes,Mailed check,88.06,443.97,Yes
9507-SEJWX,Male,0,Yes,No,30,Yes,No,Fiber optic,Yes,Yes,No,Yes,Yes,No,Month-to-month,No,Mailed check,100.27,2983.11,No
8031-LBQUU,Female,0,No,No,49,Yes,No,No,No internet service,No internet service,No internet service,No internet service,No internet service,No internet service,Month-to-month,Yes,Electronic check,18.25,874.19,No
6023-OOJAJ,Female,0,Yes,No,17,Yes,Yes,No,No internet service,No internet service,No internet service,No internet service,No internet service,No internet service,Month-to-month,No,Electronic check,24.61,343.72,No
7687-LWKRV,Male,0,Yes,No,72,Yes,No,No,No internet service,No internet service,No internet service,No internet service,No internet service,No internet service,One year,No,Electronic check,18.25,1314.29,No
7094-PJLXG,Female,0,Yes,Yes,15,Yes,Yes,DSL,No,Yes,No,Yes,No,No,One year,Yes,Electronic check,61.33,923.32,No
6627-SHGQG,Female,0,No,No,15,Yes,Yes,DSL,No,Yes,Yes,No,Yes,Yes,One year,Yes,Mailed check,75.96,1144.44,No
1353-AFPXZ,Female,0,Yes,No,18,Yes,No,DSL,No,No,No,No,No,Yes,One year,No,Credit card (automatic),51.77,943.66,No
5045-GXCVF,Female,0,No,No,11,Yes,Yes,No,No internet service,No internet service,No internet service,No internet service,No internet service,No internet service,Month-to-month,Yes,Credit card (automatic),18.46,220.76,No
1801-DCUWU,Female,0,No,No,15,Yes,No,DSL,No,No,Yes,No,Yes,Yes,Two year,Yes,Credit card (automatic),70.68,1021.73,Yes
7582-KHBTV,Female,0,No,No,30,Yes,No,Fiber optic,No,No,No,No,Yes,Yes,One year,Yes,Bank transfer (automatic),85.64,2557.53,Yes
8506-WSUJG,Female,0,No,No,12,Yes,No,No,No internet service,No internet service,No internet service,No internet service,No internet service,No internet service,Two year,Yes,Bank transfer (automatic),26.5,327.94,No
9043-JSWTL,Male,0,No,No,41,Yes,Yes,Fiber optic,Yes,No,No,No,Yes,Yes,One year,Yes,Credit card (automatic),77.6,3142.52,No
7128-GFSYO,Female,0,No,No,6,Yes,Yes,DSL,No,Yes,No,No,Yes,No,Two year,Yes,Bank transfer (automatic),66.09,376.42,No
4942-WLRLH,Female,0,Yes,Yes,13,Yes,No,DSL,Yes,No,No,No,No,No,Month-to-month,No,Electronic check,52.81,716.69,No
2463-QAIBG,Female,0,No,No,72,Yes,Yes,Fiber optic,No,No,No,No,No,No,Month-to-month,Yes,Bank transfer (automatic),65.22,4673.42,No
1550-VMNYQ,Male,0,No,No,15,Yes,No,Fiber optic,No,Yes,Yes,No,No,Yes,Month-to-month,No,Electronic check,87.83,1315.0,Yes
2127-GTWNX,Male,0,Yes,No,26,Yes,No,Fiber optic,Yes,No,Yes,No,No,No,Month-to-month,Yes,Credit card (automatic),81.41,2124.76,No
8721-HGVHB,Female,0,No,No,28,Yes,Yes,DSL,Yes,No,No,Yes,Yes,Yes,Two year,No,Credit card (automatic),75.29,2119.44,No
9214-FAHGJ,Female,0,Yes,No,10,Yes,Yes,No,No internet service,No internet service,No internet service,No internet service,No internet service,No internet service,Month-to-month,No,Mailed check,18.77,200.67,No
5833-EJIUE,Male,0,No,Yes,14,Yes,Yes,No,No internet service,No internet service,No internet service,No internet service,No internet service,No internet service,Month-to-month,Yes,Electronic check,21.61,275.43,No
4529-VRHEI,Male,1,Yes,Yes,35,Yes,Yes,Fiber optic,No,No,No,No,Yes,No,Month-to-month,No,Mailed check,70.33,2442.09,Yes
2107-LIJIE,Male,0,Yes,No,15,Yes,No,Fiber optic,Yes,Yes,Yes,No,No,Yes,Month-to-month,Yes,Credit card (automatic),94.28,1433.81,Yes
1671-UBVUD,Female,0,Yes,No,14,Yes,No,Fiber optic,No,No,Yes,No,Yes,Yes,One year,No,Bank transfer (automatic),82.84,1164.21,Yes
8671-ZLXFL,Male,0,Yes,No,14,Yes,No,DSL,No,No,No,No,No,No,Month-to-month,No,Electronic check,46.68,655.52,Yes
6309-KQWYM,Female,0,Yes,No,66,Yes,Yes,No,No internet service,No internet service,No internet service,No internet service,No internet service,No internet service,Month-to-month,Yes,Electronic check,21.33,1413.78,No
4426-HZMLW,Male,0,Yes,No,57,Yes,Yes,Fiber optic,No,No,No,No,No,No,Month-to-month,No,Bank transfer (automatic),65.16,3667.67,No
3895-NZNFC,Male,0,No,Yes,30,Yes,No,DSL,No,Yes,Yes,No,No,No,Two year,No,Mailed check,58.62,1717.72,No
3180-RPEGG,Male,1,Yes,Yes,23,Yes,No,No,No internet service,No internet service,No internet service,No internet service,No internet service,No internet service,Month-to-month,No,Electronic check,18.25,422.39,Yes
1179-WJCTR,Female,0,No,Yes,29,Yes,No,No,No internet service,No internet service,No internet service,No internet service,No internet service,No internet service,Month-to-month,Yes,Bank transfer (automatic),18.25,532.72,No
7316-LTIWJ,Male,0,No,No,37,Yes,Yes,DSL,No,No,No,No,Yes,No,Month-to-month,Yes,Mailed check,53.04,1942.63,No
9744-VLZCD,Female,0,Yes,Yes,37,Yes,No,Fiber optic,Yes,Yes,No,No,Yes,Yes,Month-to-month,Yes,Credit card (automatic),88.42,3311.36,Yes
8362-BTGKR,Female,0,Yes,No,15,Yes,Yes,No,No internet service,No internet service,No internet service,No internet service,No internet service,No internet service,One year,Yes,Mailed check,22.95,343.39,No
9988-BYAQZ,Male,0,Yes,No,19,Yes,No,DSL,No,Yes,Yes,No,No,No,Month-to-month,Yes,Credit card (automatic),56.71,1080.94,No
9653-LQEZE,Female,0,Yes,No,18,Yes,No,No,No internet service,No internet service,No internet service,No internet service,No internet service,No internet service,Month-to-month,No,Bank transfer (automatic),18.25,299.86,Yes
9568-HIGWU,Male,0,No,Yes,32,Yes,No,Fiber optic,No,No,No,No,Yes,Yes,Month-to-month,Yes,Credit card (automatic),79.12,2534.01,Yes
3749-JNWRG,Male,0,No,No,63,Yes,No,Fiber optic,Yes,Yes,Yes,No,Yes,No,Two year,No,Bank transfer (automatic),91.23,5715.25,No
8084-NIOLT,Male,0,No,No,26,Yes,No,DSL,No,No,No,No,Yes,Yes,One year,No,Credit card (automatic),55.98,1429.83,No
4702-TNOCL,Male,0,Yes,No,28,Yes,Yes,DSL,No,Yes,Yes,No,Yes,No,Month-to-month,Yes,Credit card (automatic),73.32,2072.14,No
7026-AEKZV,Female,0,No,No,12,Yes,No,Fiber optic,No,No,No,No,Yes,No,Month-to-month,Yes,Electronic check,75.14,895.82,Yes
9920-MLYUP,Female,0,Yes,No,5,Yes,No,DSL,No,No,No,Yes,No,Yes,One year,No,Credit card (automatic),65.81,306.95,No
2011-QOKDR,Female,1,No,No,19,Yes,Yes,Fiber optic,Yes,Yes,No,Yes,Yes,Yes,Month-to-month,No,Mailed check,107.55,2037.43,Yes
1038-QZXMX,Female,0,No,No,43,Yes,No,DSL,No,Yes,Yes,No,No,No,Month-to-month,No,Bank transfer (automatic),56.43,2454.41,Yes
6780-PUGDA,Female,0,Yes,Yes,13,Yes,No,Fiber optic,No,Yes,No,Yes,No,Yes,Month-to-month,Yes,Mailed check,88.06,1201.49,No
3276-OZPTO,Male,1,No,No,4,Yes,Yes,DSL,Yes,No,No,No,Yes,No,Month-to-month,Yes,Mailed check,54.55,198.72,No
9141-KDWOO,Male,0,No,No,38,Yes,Yes,Fiber optic,No,No,No,No,No,No,Month-to-month,No,Mailed check,67.7,2521.41,No
7630-WVWPK,Male,1,No,No,35,Yes,Yes,DSL,No,Yes,Yes,No,Yes,Yes,Month-to-month,No,Electronic check,81.1,2837.64,No
5455-QAIYK,Female,0,Yes,No,16,Yes,Yes,No,No internet service,No internet service,No internet service,No internet service,No internet service,No internet service,One year,Yes,Mailed check,19.15,286.1,No
4035-QNAOQ,Female,0,No,No,14,Yes,No,DSL,No,No,No,Yes,Yes,No,Two year,Yes,Bank transfer (automatic),57.91,851.39,No
8374-ZXNUZ,Male,0,Yes,No,20,Yes,No,DSL,No,Yes,No,No,Yes,No,One year,Yes,Credit card (automatic),62.61,1238.93,No
8336-DLFMS,Female,0,Yes,No,17,Yes,Yes,DSL,No,Yes,Yes,No,No,No,Two year,No,Mailed check,58.95,1019.5,No
4902-QGCRC,Female,0,No,Yes,72,Yes,No,Fiber optic,Yes,Yes,No,Yes,No,No,One year,Yes,Credit card (automatic),83.83,6043.44,Yes
7178-WAQSK,Female,0,Yes,No,20,Yes,Yes,DSL,No,No,Yes,No,No,Yes,One year,Yes,Electronic check,57.48,1161.23,No
8842-JRJOF,Female,0,Yes,Yes,33,No,No phone service,Fiber optic,No,No,No,No,Yes,No,Two year,No,Credit card (automatic),71.15,2343.57,No
4935-ZAKYQ,Female,0,No,Yes,22,Yes,No,DSL,No,Yes,No,No,No,Yes,Two year,No,Electronic check,66.1,1496.41,No
6283-DOGOW,Female,0,Yes,No,34,No,No phone service,No,No internet service,No internet service,No internet service,No internet service,No internet service,No internet service,Month-to-month,Yes,Bank transfer (automatic),18.47,602.4,No
2634-CYSEP,Female,0,No,Yes,16,Yes,Yes,DSL,No,Yes,Yes,No,Yes,Yes,One year,No,Mailed check,71.29,1133.17,No
1756-LYKVT,Male,0,No,Yes,16,Yes,No,DSL,No,Yes,No,Yes,No,No,Month-to-month,Yes,Electronic check,56.68,933.37,No
4631-PBQMU,Female,1,Yes,No,26,Yes,Yes,Fiber optic,Yes,No,No,No,Yes,No,Month-to-month,No,Bank transfer (automatic),79.59,2069.92,Yes
7783-FVDPV,Male,0,No,No,14,Yes,No,DSL,No,Yes,No,No,No,No,Month-to-month,Yes,Credit card (automatic),46.75,631.94,Yes
6236-NLNKE,Female,0,No,No,19,Yes,Yes,Fiber optic,No,No,Yes,Yes,No,No,Month-to-month,Yes,Credit card (automatic),82.71,1551.47,Yes
2378-ADTUL,Male,0,No,No,41,Yes,Yes,Fiber optic,No,No,Yes,No,No,No,Two year,Yes,Electronic check,69.76,2847.1,Yes
6719-TVPNL,Male,0,No,No,58,Yes,No,No,No internet service,No internet service,No internet service,No internet service,No internet service,No internet service,Two year,Yes,Credit card (automatic),19.36,1123.76,No
9068-IPRXI,Male,0,No,No,72,Yes,Yes,DSL,No,No,Yes,Yes,Yes,No,One year,No,Credit card (automatic),66.45,4785.89,No
9984-IDGSO,Male,1,No,Yes,39,Yes,No,DSL,No,Yes,No,Yes,Yes,No,Month-to-month,No,Bank transfer (automatic),76.06,2970.05,Yes
9276-SRQND,Male,0,Yes,Yes,32,Yes,No,DSL,No,No,Yes,Yes,Yes,Yes,Month-to-month,Yes,Credit card (automatic),82.68,2710.38,Yes
3764-MCXIV,Male,0,Yes,Yes,11,Yes,No,Fiber optic,No,Yes,No,Yes,Yes,No,Month-to-month,Yes,Bank transfer (automatic),91.89,1028.97,Yes
5618-JQVJB,Male,1,No,No,53,Yes,No,Fiber optic,No,No,No,Yes,No,No,One year,Yes,Electronic check,72.47,3877.87,No
7105-YJBPF,Male,0,No,Yes,72,Yes,No,Fiber optic,No,Yes,Yes,No,Yes,No,Month-to-month,No,Electronic check,90.91,6554.44,Yes
9645-PRYPR,Female,0,No,No,18,Yes,No,No,No internet service,No internet service,No internet service,No internet service,No internet service,No internet service,Month-to-month,Yes,Mailed check,22.44,397.7,No
5194-XYLDG,Female,0,Yes,No,72,Yes,Yes,Fiber optic,No,Yes,No,No,No,No,One year,No,Electronic check,67.56,4863.92,No
7191-RHISW,Female,0,No,No,57,Yes,No,Fiber optic,Yes,Yes,No,Yes,No,Yes,Month-to-month,No,Credit card (automatic),95.96,5503.09,Yes
2359-QUGSD,Male,0,Yes,No,39,Yes,No,Fiber optic,No,No,No,Yes,No,No,One year,No,Electronic check,68.0,2680.11,No
4799-YRVRQ,Male,0,Yes,No,23,Yes,Yes,Fiber optic,No,No,No,Yes,No,Yes,Two year,Yes,Credit card (automatic),79.12,1831.68,No
1756-DTPDW,Female,0,No,No,8,Yes,No,Fiber optic,Yes,No,No,Yes,Yes,Yes,Month-to-month,Yes,Bank transfer (automatic),98.97,813.37,Yes
6146-KHVAC,Male,0,Yes,Yes,72,Yes,No,DSL,No,No,Yes,Yes,No,Yes,Two year,Yes,Credit card (automatic),67.86,4897.72,No
9499-HZNSG,Male,0,No,No,7,Yes,No,DSL,No,No,No,Yes,Yes,Yes,Two year,No,Electronic check,76.39,550.68,No
5914-VGFDI,Female,0,Yes,Yes,72,Yes,No,No,No internet service,No internet service,No internet service,No internet service,No internet service,No internet service,Month-to-month,No,Electronic check,20.94,1502.77,No
5043-VUXFS,Female,1,No,Yes,72,Yes,No,No,No internet service,No internet service,No internet service,No internet service,No internet service,No internet service,Month-to-month,Yes,Electronic check,23.71,1670.66,No
2026-ZQRGW,Male,0,No,Yes,11,Yes,Yes,DSL,No,Yes,Yes,Yes,Yes,Yes,Month-to-month,No,Credit card (automatic),75.73,822.01,Yes
4394-EEDQT,Female,1,Yes,No,7,Yes,Yes,DSL,No,No,No,Yes,No,No,Two year,No,Credit card (automatic),54.76,381.45,No
4139-WYSYF,Male,0,No,Yes,18,Yes,No,No,No internet service,No internet service,No internet service,No internet service,No internet service,No internet service,One year,Yes,Bank transfer (automatic),23.86,392.06,No
9669-CMLWC,Female,0,No,No,24,Yes,Yes,Fiber optic,No,Yes,No,No,Yes,Yes,Month-to-month,Yes,Mailed check,93.86,2278.59,Yes
5558-TIDGL,Male,0,Yes,No,16,No,No phone service,DSL,No,No,No,Yes,Yes,No,Month-to-month,No,Electronic check,58.63,928.6,Yes
4303-PUROM,Male,0,No,No,17,Yes,No,No,No internet service,No internet service,No internet service,No internet service,No internet service,No internet service,Month-to-month,No,Bank transfer (automatic),19.85,355.28,No
3182-YXKXN,Female,0,No,No,25,Yes,Yes,Fiber optic,No,Yes,No,No,Yes,Yes,Month-to-month,Yes,Bank transfer (automatic),78.07,1973.52,Yes
6240-AYTYY,Male,1,Yes,No,72,Yes,Yes,DSL,Yes,No,Yes,Yes,Yes,Yes,Two year,Yes,Credit card (automatic),84.21,6069.27,No
5521-SAFIU,Female,0,No,No,22,Yes,Yes,Fiber optic,No,No,No,No,Yes,Yes,Two year,Yes,Electronic check,77.82,1717.82,Yes
2939-AMNYU,Male,0,Yes,Yes,42,Yes,Yes,No,No internet service,No internet service,No internet service,No internet service,No internet service,No internet service,Two year,No,Bank transfer (automatic),21.44,925.95,No
1779-GXEXW,Female,0,Yes,Yes,8,Yes,No,Fiber optic,No,No,No,Yes,No,Yes,Month-to-month,Yes,Electronic check,79.98,629.68,Yes
4817-LMMJI,Female,1,Yes,No,27,Yes,No,Fiber optic,Yes,Yes,Yes,Yes,No,Yes,Two year,Yes,Credit card (automatic),104.0,2795.4,No
6384-WOZYW,Male,0,No,No,19,Yes,Yes,DSL,No,No,Yes,Yes,Yes,No,Month-to-month,No,Credit card (automatic),67.18,1266.25,No
3637-KWASQ,Female,0,No,No,41,Yes,No,Fiber optic,No,Yes,No,No,No,No,Month-to-month,No,Mailed check,70.61,2926.35,Yes
6208-AUPDE,Male,0,Yes,Yes,8,Yes,No,Fiber optic,No,Yes,No,No,No,Yes,Month-to-month,Yes,Mailed check,84.0,657.87,Yes
1701-HMMEI,Male,1,Yes,No,62,No,No phone service,Fiber optic,No,Yes,Yes,No,No,Yes,One year,No,Mailed check,91.42,5703.89,Yes
2041-LFJXK,Male,0,Yes,No,18,Yes,Yes,Fiber optic,No,Yes,Yes,No,Yes,No,Month-to-month,Yes,Electronic check,86.79,1569.47,Yes
9163-URTKD,Female,0,No,No,13,Yes,Yes,Fiber optic,No,No,No,No,No,No,Month-to-month,Yes,Electronic check,67.2,871.92,Yes
8034-IZBUN,Female,0,Yes,Yes,72,Yes,No,Fiber optic,No,Yes,No,No,No,No,Month-to-month,Yes,Bank transfer (automatic),80.89,5830.9,Yes
9302-OVEBJ,Female,0,Yes,No,31,Yes,No,No,No internet service,No internet service,No internet service,No internet service,No internet service,No internet service,Month-to-month,No,Mailed check,25.1,804.89,No
7844-MZVCP,Female,0,Yes,No,24,Yes,No,No,No internet service,No internet service,No internet service,No internet service,No internet service,No internet service,Month-to-month,Yes,Bank transfer (automatic),26.25,663.38,No
6899-VVWFR,Female,0,Yes,No,8,No,No phone service,Fiber optic,Yes,No,Yes,No,Yes,No,Month-to-month,No,Bank transfer (automatic),81.74,679.79,Yes
5528-HMYCH,Male,0,No,Yes,11,Yes,No,No,No internet service,No internet service,No internet service,No internet service,No internet service,No internet service,Month-to-month,No,Electronic check,21.04,333.0,No
2663-OLRAS,Female,1,No,No,8,Yes,Yes,Fiber optic,No,No,No,Yes,Yes,Yes,Month-to-month,No,Bank transfer (automatic),84.47,633.2,Yes
9715-UDJZX,Female,1,Yes,No,26,No,No phone service,Fiber optic,Yes,No,Yes,No,Yes,No,Month-to-month,Yes,Bank transfer (automatic),95.29,2482.47,Yes
6843-LINBX,Male,1,No,No,57,Yes,No,DSL,Yes,No,No,No,Yes,No,Month-to-month,Yes,Electronic check,59.44,3398.02,No
7590-PMKQW,Female,1,Yes,No,33,Yes,No,DSL,No,No,Yes,No,No,No,One year,No,Electronic check,45.19,1519.63,No
7077-ZGTLW,Male,0,No,No,27,Yes,No,DSL,No,Yes,Yes,No,No,No,Month-to-month,No,Credit card (automatic),60.43,1632.31,No
6900-DCGZF,Male,1,Yes,Yes,25,Yes,Yes,DSL,No,No,Yes,Yes,Yes,Yes,Month-to-month,Yes,Credit card (automatic),71.12,1796.49,No
6185-LWHRK,Male,1,Yes,Yes,47,Yes,Yes,Fiber optic,No,Yes,No,No,No,No,Two year,Yes,Electronic check,76.76,3601.53,Yes
7822-DZKHS,Male,0,No,No,21,Yes,No,No,No internet service,No internet service,No internet service,No internet service,No internet service,No internet service,Month-to-month,Yes,Electronic check,21.06,454.5,No
5485-DFIIV,Male,0,Yes,No,6,Yes,No,Fiber optic,No,Yes,Yes,No,Yes,Yes,Month-to-month,No,Mailed check,104.51,606.84,Yes
3830-AEHCZ,Female,0,No,No,52,Yes,No,No,No internet service,No internet service,No internet service,No internet service,No internet service,No internet service,Month-to-month,No,Credit card (automatic),20.69,1043.96,No
9236-YNZFA,Female,0,Yes,No,9,Yes,Yes,DSL,No,No,No,No,Yes,No,Two year,No,Electronic check,53.1,470.55,No
2312-SRXQK,Female,0,Yes,Yes,5,Yes,Yes,DSL,Yes,No,Yes,Yes,Yes,Yes,Two year,Yes,Credit card (automatic),74.93,387.71,No
6434-MPNHF,Male,0,No,Yes,32,Yes,No,DSL,No,No,Yes,No,Yes,Yes,Month-to-month,Yes,Electronic check,69.6,2184.82,No
1495-RSIMK,Male,0,Yes,No,3,Yes,No,Fiber optic,Yes,No,Yes,No,No,Yes,Month-to-month,No,Mailed check,90.27,291.7,Yes
5012-ONOLU,Male,0,Yes,No,25,Yes,Yes,DSL,No,No,Yes,Yes,Yes,Yes,Month-to-month,Yes,Electronic check,78.96,1949.21,No
1472-GHGMQ,Female,0,No,Yes,29,Yes,No,DSL,No,No,No,No,No,No,Month-to-month,Yes,Electronic check,44.08,1289.98,Yes
5011-JXGFU,Male,1,Yes,No,36,Yes,No,DSL,Yes,No,No,No,No,No,Month-to-month,Yes,Electronic check,55.05,1986.34,Yes
2474-WGUHV,Female,0,No,No,33,Yes,No,Fiber optic,No,No,Yes,Yes,Yes,Yes,One year,Yes,Credit card (automatic),101.41,3307.65,No
9990-VSRUR,Female,0,Yes,Yes,7,Yes,Yes,No,No internet service,No internet service,No internet service,No internet service,No internet service,No internet service,Two year,No,Credit card (automatic),20.42,110.03,No
5994-FHYCS,Female,0,No,Yes,48,Yes,No,DSL,No,Yes,No,No,No,No,Month-to-month,No,Electronic check,50.11,2431.2,No
1031-KZHYD,Female,1,No,No,25,Yes,Yes,DSL,No,Yes,No,No,No,No,Two year,Yes,Credit card (automatic),46.6,1186.89,No
1337-CZRCA,Male,1,Yes,Yes,19,No,No phone service,DSL,Yes,No,No,Yes,Yes,Yes,Month-to-month,No,Electronic check,80.5,1504.82,Yes
8954-TFRVT,Female,0,No,Yes,8,Yes,Yes,Fiber optic,No,No,No,No,Yes,Yes,Two year,No,Mailed check,84.91,670.46,Yes
3114-USXRY,Female,0,No,Yes,55,Yes,Yes,Fiber optic,No,Yes,Yes,No,No,Yes,Two year,Yes,Mailed check,83.18,4584.74,No
3500-ZTBQH,Female,0,No,Yes,51,Yes,No,DSL,Yes,No,Yes,No,No,Yes,One year,No,Electronic check,67.91,3453.78,No
9805-YVSJJ,Female,0,Yes,No,16,Yes,Yes,DSL,No,No,Yes,No,Yes,Yes,Two year,Yes,Bank transfer (automatic),71.75,1145.16,No
6896-TDANV,Female,0,No,Yes,36,Yes,Yes,Fiber optic,No,Yes,No,Yes,No,No,One year,Yes,Mailed check,82.28,2976.87,Yes
3278-AUPJS,Female,0,No,No,43,Yes,Yes,DSL,No,No,No,No,No,Yes,Two year,Yes,Credit card (automatic),54.65,2319.87,No
1448-YQTHC,Male,0,No,No,20,Yes,Yes,Fiber optic,No,Yes,Yes,Yes,Yes,Yes,One year,Yes,Electronic check,98.06,1952.32,Yes
4338-TSGEU,Female,0,No,Yes,51,Yes,Yes,No,No internet service,No internet service,No internet service,No internet service,No internet service,No internet service,Month-to-month,Yes,Credit card (automatic),23.05,1177.06,No
5967-IMPBU,Female,0,No,Yes,53,Yes,Yes,No,No internet service,No internet service,No internet service,No internet service,No internet service,No internet service,Month-to-month,Yes,Mailed check,18.82,1003.19,No
8921-ZKXGN,Male,0,No,No,4,No,No phone service,DSL,No,No,No,No,No,Yes,Month-to-month,No,Credit card (automatic),48.05,201.59,Yes
2307-JCYCS,Female,0,No,No,42,Yes,No,No,No internet service,No internet service,No internet service,No internet service,No internet service,No internet service,Two year,Yes,Mailed check,20.36,856.41,No
7325-SFLJB,Male,0,No,No,17,Yes,No,Fiber optic,Yes,Yes,No,No,Yes,Yes,Month-to-month,Yes,Mailed check,101.51,1712.45,Yes
2815-TQPDY,Female,0,No,No,12,Yes,Yes,DSL,Yes,No,Yes,No,No,Yes,One year,Yes,Electronic check,73.14,915.51,Yes
9063-FQLKX,Male,0,Yes,No,3,Yes,No,DSL,No,No,Yes,Yes,Yes,No,Month-to-month,Yes,Bank transfer (automatic),76.15,218.04,Yes
6206-SRWFL,Male,1,No,Yes,27,Yes,Yes,Fiber optic,No,Yes,No,No,Yes,No,Month-to-month,Yes,Electronic check,80.01,2114.12,Yes
9878-OEZFU,Female,0,Yes,Yes,20,Yes,Yes,No,No internet service,No internet service,No internet service,No internet service,No internet service,No internet service,Month-to-month,No,Bank transfer (automatic),23.3,414.6,No
6037-GWDSP,Male,0,No,No,16,No,No phone service,No,No internet service,No internet service,No internet service,No internet service,No internet service,No internet service,Month-to-month,Yes,Bank transfer (automatic),19.98,311.73,No
3026-BUCDM,Male,0,No,Yes,44,No,No phone service,Fiber optic,Yes,No,No,No,Yes,Yes,Month-to-month,No,Credit card (automatic),82.38,3652.4,Yes
6498-WWWKI,Male,0,No,No,72,Yes,Yes,Fiber optic,No,Yes,Yes,No,No,No,Month-to-month,Yes,Mailed check,82.41,5951.53,Yes
4002-ZWFBR,Male,1,Yes,Yes,36,Yes,Yes,DSL,No,Yes,No,Yes,Yes,Yes,Month-to-month,No,Bank transfer (automatic),78.15,2824.42,No
9608-ZFCYN,Female,0,No,No,20,Yes,No,Fiber optic,Yes,No,No,Yes,No,No,Two year,No,Mailed check,86.2,1793.06,No
1824-KZMMK,Female,0,Yes,No,53,Yes,Yes,DSL,No,Yes,No,Yes,Yes,Yes,Month-to-month,Yes,Mailed check,80.35,4243.22,No
9042-ENIOS,Male,0,No,No,10,Yes,Yes,Fiber optic,Yes,No,No,Yes,No,Yes,Month-to-month,No,Mailed check,85.97,884.8,Yes
6987-RDHPU,Female,0,No,No,17,Yes,No,Fiber optic,No,No,Yes,Yes,Yes,No,Month-to-month,No,Bank transfer (automatic),85.58,1446.97,Yes
9858-SOGLL,Male,1,No,Yes,29,Yes,No,Fiber optic,No,No,No,No,No,No,One year,No,Mailed check,64.74,1874.58,No
9692-ARETT,Female,0,Yes,Yes,29,Yes,No,DSL,No,No,No,No,Yes,No,Month-to-month,Yes,Electronic check,55.34,1615.93,Yes
6193-WPZLZ,Male,0,No,No,49,Yes,Yes,No,No internet service,No internet service,No internet service,No internet service,No internet service,No internet service,Two year,Yes,Credit card (automatic),23.34,1171.95,No
7159-WSMOB,Male,0,Yes,Yes,71,Yes,No,DSL,No,No,Yes,No,No,No,One year,No,Mailed check,50.9,3625.94,No
4993-RMUCU,Male,0,No,No,48,Yes,No,DSL,Yes,No,No,No,No,No,Month-to-month,Yes,Bank transfer (automatic),57.12,2697.5,No
1588-ZZHRT,Female,0,No,No,72,No,No phone service,Fiber optic,No,Yes,No,No,No,No,Two year,No,Mailed check,70.08,5044.34,No
5022-ZHULT,Male,1,No,No,72,Yes,No,Fiber optic,No,Yes,No,No,Yes,Yes,One year,No,Credit card (automatic),86.54,6243.17,No
7680-RXAGI,Male,0,Yes,No,32,Yes,No,Fiber optic,No,Yes,No,No,Yes,No,Month-to-month,Yes,Bank transfer (automatic),80.34,2537.65,Yes
2522-OOFLZ,Female,0,Yes,No,23,Yes,Yes,No,No internet service,No internet service,No internet service,No internet service,No internet service,No internet service,Month-to-month,Yes,Mailed check,18.25,421.49,Yes
9330-WEOKM,Female,1,No,No,40,Yes,Yes,DSL,No,No,No,No,No,No,One year,Yes,Mailed check,41.66,1700.32,No
2810-JFPFL,Male,0,No,Yes,5,Yes,Yes,Fiber optic,No,No,Yes,No,No,Yes,Month-to-month,No,Credit card (automatic),78.85,413.31,Yes
2631-MEYVQ,Female,0,Yes,No,48,Yes,No,DSL,No,Yes,No,Yes,No,Yes,One year,No,Bank transfer (automatic),73.77,3516.2,No
5332-WRVWZ,Female,0,No,Yes,44,Yes,No,DSL,No,Yes,No,No,Yes,No,Month-to-month,No,Mailed check,62.37,2744.74,No
9663-RMGWD,Male,0,Yes,No,10,Yes,No,DSL,Yes,Yes,Yes,No,No,No,Month-to-month,No,Mailed check,66.73,709.12,No
9713-EHQXM,Female,0,Yes,Yes,67,Yes,Yes,DSL,No,No,No,No,No,Yes,One year,No,Electronic check,49.37,3310.52,No
6590-SOCID,Male,0,No,No,55,Yes,Yes,Fiber optic,Yes,No,No,No,No,No,Month-to-month,No,Mailed check,75.21,4124.6,No
6630-LJHBX,Female,0,No,No,39,Yes,No,No,No internet service,No internet service,No internet service,No internet service,No internet service,No internet service,Two year,Yes,Credit card (automatic),20.5,805.64,No
4962-UKNTL,Male,1,No,Yes,22,Yes,No,No,No internet service,No internet service,No internet service,No internet service,No internet service,No internet service,Two year,Yes,Bank transfer (automatic),18.25,424.65,No
4685-OFFKH,Female,0,Yes,No,68,Yes,No,Fiber optic,Yes,No,No,Yes,No,Yes,Month-to-month,Yes,Bank transfer (automatic),89.13,6028.98,Yes
2697-IKHPX,Male,0,No,Yes,5,Yes,No,Fiber optic,Yes,Yes,Yes,No,Yes,Yes,Month-to-month,Yes,Mailed check,110.41,545.16,Yes
3289-PUCDI,Female,1,No,No,24,Yes,No,DSL,No,No,No,No,Yes,No,Month-to-month,Yes,Credit card (automatic),52.14,1254.79,Yes
2043-WYXNJ,Female,0,No,No,42,Yes,No,DSL,No,No,Yes,No,No,No,Month-to-month,No,Credit card (automatic),51.93,2210.28,No
8145-BZFMT,Male,0,Yes,No,58,Yes,No,Fiber optic,No,Yes,No,No,No,Yes,Two year,Yes,Credit card (automatic),76.53,4438.67,No
4109-XULLH,Female,0,No,No,53,Yes,No,Fiber optic,No,No,No,No,No,Yes,Two year,Yes,Electronic check,75.24,4003.2,No
4394-DEKGC,Female,0,Yes,No,9,Yes,No,Fiber optic,Yes,No,No,No,Yes,No,Month-to-month,No,Bank transfer (automatic),79.02,685.24,No
5298-RHNUN,Female,0,No,Yes,36,No,No phone service,Fiber optic,No,No,Yes,Yes,No,No,One year,Yes,Mailed check,75.49,2719.59,Yes
3624-VWXIH,Male,0,No,No,29,Yes,No,DSL,Yes,No,Yes,No,No,No,Month-to-month,No,Bank transfer (automatic),68.02,2005.93,Yes
5430-THQVP,Female,0,Yes,No,4,Yes,No,DSL,No,No,Yes,No,Yes,Yes,Two year,Yes,Mailed check,68.37,252.55,No
2300-DVAXQ,Male,0,Yes,No,8,Yes,No,No,No internet service,No internet service,No internet service,No internet service,No internet service,No internet service,Two year,Yes,Credit card (automatic),22.58,208.57,No
3131-NFLCG,Male,0,No,No,3,Yes,Yes,DSL,No,No,No,No,Yes,Yes,One year,No,Mailed check,59.87,203.81,Yes
9868-GBHXG,Female,0,No,No,4,No,No phone service,No,No internet service,No internet service,No internet service,No internet service,No internet service,No internet service,Month-to-month,Yes,Electronic check,18.25,90.15,Yes
8272-CTOED,Female,0,Yes,Yes,9,Yes,No,DSL,Yes,No,No,No,Yes,No,Month-to-month,Yes,Credit card (automatic),62.58,619.89,Yes
1346-MTUAA,Female,0,Yes,Yes,23,Yes,Yes,DSL,Yes,No,Yes,No,Yes,No,One year,Yes,Mailed check,68.38,1549.63,No
3004-YCBYD,Male,0,No,No,24,Yes,Yes,Fiber optic,Yes,No,No,Yes,Yes,Yes,One year,No,Electronic check,95.95,2300.11,Yes
9298-UKGFM,Female,0,Yes,Yes,35,Yes,Yes,DSL,Yes,Yes,No,Yes,No,No,Two year,Yes,Mailed check,65.94,2317.88,No
3923-RKWOX,Female,1,No,Yes,15,No,No phone service,No,No internet service,No internet service,No internet service,No internet service,No internet service,No internet service,Month-to-month,Yes,Credit card (automatic),18.25,245.08,Yes
3462-TLTMC,Male,0,No,No,60,Yes,No,Fiber optic,No,Yes,Yes,No,No,Yes,Month-to-month,Yes,Mailed check,86.45,5177.55,No
4982-JHCXZ,Female,0,Yes,No,51,Yes,Yes,Fiber optic,No,No,No,Yes,Yes,No,One year,No,Electronic check,82.73,4223.89,Yes
7781-DAEOF,Male,1,No,No,34,Yes,No,Fiber optic,No,Yes,No,No,Yes,No,One year,Yes,Credit card (automatic),78.65,2697.65,No
2019-NTAGY,Male,1,No,No,72,Yes,No,DSL,No,No,Yes,Yes,Yes,Yes,One year,Yes,Credit card (automatic),76.02,5460.91,No
8925-IRUQD,Female,0,No,No,31,Yes,No,Fiber optic,Yes,No,Yes,Yes,No,Yes,One year,No,Electronic check,89.77,2762.46,No
5881-MMBMJ,Female,0,No,Yes,6,Yes,No,DSL,Yes,No,No,Yes,Yes,Yes,Month-to-month,Yes,Bank transfer (automatic),78.14,449.16,Yes
5352-HGVWU,Male,0,Yes,No,41,Yes,No,Fiber optic,No,Yes,No,No,Yes,No,Month-to-month,Yes,Credit card (automatic),80.3,3301.94,Yes
8007-DHHLM,Male,0,Yes,No,28,Yes,Yes,Fiber optic,No,Yes,Yes,Yes,Yes,Yes,Month-to-month,No,Electronic check,112.32,3196.52,Yes
8283-ZRIQT,Male,0,No,No,18,Yes,Yes,No,No internet service,No internet service,No internet service,No internet service,No internet service,No internet service,Two year,Yes,Credit card (automatic),18.92,321.74,No
2499-ISLRW,Female,0,Yes,No,21,Yes,Yes,Fiber optic,Yes,No,Yes,No,Yes,Yes,One year,No,Electronic check,92.07,1918.08,No
2223-DFNCL,Male,0,Yes,Yes,37,Yes,Yes,No,No internet service,No internet service,No internet service,No internet service,No internet service,No internet service,One year,Yes,Electronic check,18.59,683.32,No
6784-FHPJB,Male,0,Yes,No,33,Yes,No,DSL,No,No,No,No,No,Yes,Month-to-month,No,Mailed check,52.87,1768.55,No
2772-URHDV,Female,1,No,Yes,72,Yes,No,Fiber optic,Yes,No,No,Yes,Yes,No,Month-to-month,No,Electronic check,82.1,5885.28,Yes
1115-FHTGO,Male,0,Yes,Yes,30,Yes,Yes,Fiber optic,No,No,Yes,Yes,Yes,Yes,Two year,No,Mailed check,98.29,2987.83,No
2551-PVGEW,Female,0,No,No,31,Yes,No,DSL,Yes,No,No,Yes,Yes,No,Two year,No,Electronic check,66.59,2122.84,No
2607-ROLBE,Female,0,No,Yes,28,Yes,Yes,DSL,Yes,Yes,Yes,No,No,No,Month-to-month,Yes,Electronic check,66.54,1881.99,No
5529-BQUOY,Female,0,Yes,Yes,27,Yes,Yes,Fiber optic,No,Yes,Yes,No,No,Yes,Month-to-month,Yes,Mailed check,88.41,2365.11,Yes
9690-RZUOL,Male,0,No,No,10,Yes,Yes,Fiber optic,No,No,Yes,Yes,No,No,Month-to-month,Yes,Mailed check,83.88,846.7,Yes
9803-FEZZA,Male,0,Yes,No,16,Yes,Yes,DSL,No,No,No,No,No,Yes,Month-to-month,Yes,Credit card (automatic),51.57,840.32,No
4321-PBSKQ,Male,0,No,No,36,Yes,No,Fiber optic,No,No,Yes,No,No,No,Two year,No,Credit card (automatic),72.22,2550.14,No
1499-IFQJX,Female,0,No,Yes,6,Yes,Yes,DSL,Yes,No,Yes,No,No,Yes,One year,No,Credit card (automatic),74.14,514.96,Yes
9824-XZLOL,Female,0,No,No,21,Yes,Yes,DSL,No,No,No,No,Yes,No,Month-to-month,Yes,Electronic check,48.93,1054.94,No
9771-CGVXX,Male,0,No,No,63,Yes,Yes,DSL,No,Yes,Yes,Yes,No,No,Month-to-month,Yes,Credit card (automatic),67.74,4306.77,No
2052-JHMBG,Male,0,No,No,20,Yes,No,Fiber optic,No,No,No,No,No,Yes,Two year,Yes,Bank transfer (automatic),70.87,1455.76,No
5481-RACZS,Female,0,No,No,72,Yes,Yes,No,No internet service,No internet service,No internet service,No internet service,No internet service,No internet service,Two year,Yes,Credit card (automatic),18.25,1312.93,No
4423-TAJXC,Male,0,No,No,21,Yes,No,No,No internet service,No internet service,No internet service,No internet service,No internet service,No internet service,Two year,Yes,Electronic check,21.62,455.3,No
3365-TLYFZ,Male,0,Yes,Yes,54,Yes,No,DSL,No,No,Yes,Yes,No,Yes,Month-to-month,Yes,Bank transfer (automatic),68.97,3714.24,No
2719-XUWKM,Female,0,No,No,28,Yes,No,DSL,No,Yes,Yes,No,No,Yes,One year,No,Bank transfer (automatic),62.96,1745.95,No
8446-QPGVM,Male,0,No,No,10,Yes,No,No,No internet service,No internet service,No internet service,No internet service,No internet service,No internet service,Month-to-month,No,Mailed check,22.48,254.62,No
2254-UQAIH,Male,0,Yes,No,72,Yes,No,Fiber optic,No,No,No,No,No,No,Month-to-month,No,Credit card (automatic),66.99,4809.49,No
2765-VJYLX,Male,0,No,No,9,Yes,No,DSL,No,No,No,No,No,No,Month-to-month,Yes,Electronic check,44.85,407.35,Yes
7737-DROSK,Male,0,No,No,17,Yes,Yes,No,No internet service,No internet service,No internet service,No internet service,No internet service,No internet service,Month-to-month,No,Mailed check,18.25,323.93,No
5941-PLEZW,Female,0,No,No,72,Yes,Yes,No,No internet service,No internet service,No internet service,No internet service,No internet service,No internet service,Two year,Yes,Mailed check,25.28,1846.3,No
8653-HWJJY,Female,0,Yes,Yes,31,Yes,Yes,DSL,No,No,Yes,No,Yes,Yes,One year,Yes,Bank transfer (automatic),66.04,2016.04,Yes
2982-SQNBI,Female,0,No,Yes,13,Yes,No,No,No internet service,No internet service,No internet service,No internet service,No internet service,No internet service,Month-to-month,Yes,Electronic check,18.25,275.45,Yes
6811-DHAFF,Male,0,No,No,27,Yes,No,Fiber optic,No,No,Yes,No,No,No,Two year,Yes,Mailed check,72.36,1985.01,No
9281-ABDFL,Female,0,Yes,No,40,Yes,Yes,No,No internet service,No internet service,No internet service,No internet service,No internet service,No internet service,One year,Yes,Electronic check,23.36,967.77,Yes
9892-OLTRV,Male,0,No,No,20,Yes,Yes,Fiber optic,No,No,No,No,Yes,No,Month-to-month,No,Electronic check,69.65,1398.22,No
9433-EFSXM,Female,0,No,No,68,Yes,Yes,Fiber optic,No,No,No,Yes,No,Yes,Month-to-month,Yes,Bank transfer (automatic),82.4,5585.5,No
7697-MAZMK,Male,0,Yes,Yes,14,No,No phone service,Fiber optic,No,No,No,No,Yes,Yes,Two year,No,Electronic check,75.93,1059.09,Yes
2600-KIBGQ,Female,0,No,No,3,Yes,No,DSL,No,Yes,No,Yes,No,No,Month-to-month,Yes,Electronic check,60.29,153.76,No
7722-QSJIU,Male,1,Yes,No,50,Yes,Yes,Fiber optic,No,No,Yes,No,Yes,Yes,Month-to-month,No,Credit card (automatic),89.55,4459.27,Yes
8209-QQKIT,Male,0,No,No,24,Yes,No,Fiber optic,No,No,Yes,Yes,Yes,No,Two year,Yes,Electronic check,93.9,2282.13,Yes
6607-UZFKX,Male,0,No,No,54,Yes,Yes,DSL,No,Yes,Yes,No,Yes,Yes,Two year,Yes,Mailed check,75.08,4061.75,No
1828-GQLFU,Male,0,No,No,19,Yes,No,No,No internet service,No internet service,No internet service,No internet service,No internet service,No internet service,Two year,No,Bank transfer (automatic),22.18,452.98,No
1903-IFXXW,Male,0,No,No,36,No,No phone service,DSL,Yes,No,Yes,No,No,No,One year,No,Credit card (automatic),60.72,2182.34,No
2665-JKCZF,Female,0,Yes,No,19,Yes,No,No,No internet service,No internet service,No internet service,No internet service,No internet service,No internet service,Two year,Yes,Bank transfer (automatic),21.99,415.17,No
8638-IUPUN,Female,0,Yes,Yes,22,Yes,No,Fiber optic,No,No,No,Yes,No,No,One year,Yes,Bank transfer (automatic),69.42,1529.14,No
1566-PLMOI,Male,0,No,Yes,7,No,No phone service,Fiber optic,No,No,No,No,No,No,Two year,No,Electronic check,66.07,488.94,Yes
4664-VMHRO,Female,0,Yes,No,9,No,No phone service,No,No internet service,No internet service,No internet service,No internet service,No internet service,No internet service,Month-to-month,Yes,Bank transfer (automatic),18.25,196.39,No
8009-TQWDN,Female,0,Yes,No,33,Yes,No,Fiber optic,Yes,No,No,No,No,No,Month-to-month,No,Credit card (automatic),72.67,2428.33,Yes
2997-NSDRM,Female,0,Yes,No,50,Yes,No,DSL,Yes,No,No,Yes,Yes,Yes,Two year,Yes,Electronic check,79.93,3951.65,No
2131-FNREH,Female,0,No,No,36,Yes,No,DSL,No,Yes,Yes,No,No,No,One year,Yes,Mailed check,59.06,2180.93,No
5795-DEYHV,Female,0,No,No,11,Yes,No,Fiber optic,No,Yes,No,No,No,No,Two year,No,Electronic check,75.87,852.86,No
8711-YCEKB,Female,0,Yes,No,38,Yes,No,No,No internet service,No internet service,No internet service,No internet service,No internet service,No internet service,One year,Yes,Electronic check,22.28,806.91,No
5293-XNVMG,Female,0,Yes,Yes,12,Yes,Yes,Fiber optic,No,Yes,No,No,No,No,Month-to-month,Yes,Electronic check,68.62,817.18,No
8518-WLQTA,Female,0,Yes,No,33,Yes,No,DSL,No,No,Yes,Yes,Yes,Yes,Month-to-month,Yes,Bank transfer (automatic),77.43,2602.82,No
5399-QUVVS,Male,1,Yes,Yes,15,Yes,Yes,No,No internet service,No internet service,No internet service,No internet service,No internet service,No internet service,One year,No,Mailed check,20.94,312.33,No
8513-EETSM,Male,0,Yes,No,23,Yes,No,Fiber optic,No,Yes,No,No,Yes,No,One year,Yes,Bank transfer (automatic),85.15,1951.89,Yes
4679-JRRFQ,Male,0,No,No,16,Yes,No,Fiber optic,Yes,No,No,Yes,No,No,Month-to-month,Yes,Bank transfer (automatic),83.96,1302.4,Yes
6506-YKYMB,Female,0,No,No,39,Yes,Yes,No,No internet service,No internet service,No internet service,No internet service,No internet service,No internet service,One year,No,Electronic check,21.36,873.03,No
7144-QXUZW,Male,0,Yes,No,18,No,No phone service,DSL,No,Yes,No,No,No,No,Month-to-month,Yes,Electronic check,54.55,990.49,Yes
1078-PTJUO,Female,0,No,No,40,Yes,Yes,Fiber optic,No,No,No,No,Yes,No,Two year,Yes,Electronic check,70.45,2820.76,Yes
4118-AJHKT,Female,0,No,No,2,Yes,Yes,Fiber optic,No,No,No,Yes,Yes,No,Two year,No,Bank transfer (automatic),82.15,156.4,Yes
7676-GXRRF,Female,0,Yes,Yes,52,No,No phone service,DSL,No,Yes,Yes,Yes,No,Yes,One year,Yes,Credit card (automatic),66.62,3496.47,No
7792-FCGXI,Male,0,Yes,Yes,11,Yes,No,DSL,No,No,No,No,No,Yes,Month-to-month,No,Mailed check,54.23,599.74,Yes
8755-NEMTS,Female,1,No,Yes,72,Yes,No,No,No internet service,No internet service,No internet service,No internet service,No internet service,No internet service,Two year,No,Credit card (automatic),24.16,1711.55,No
9298-ZXZLQ,Female,0,Yes,Yes,19,Yes,Yes,No,No internet service,No internet service,No internet service,No internet service,No internet service,No internet service,Two year,No,Mailed check,21.03,411.38,No
3567-CKZAX,Male,0,No,Yes,63,Yes,No,DSL,No,No,No,No,No,No,Month-to-month,No,Mailed check,42.07,2666.41,Yes
4817-PUZGM,Female,0,No,No,4,Yes,No,DSL,Yes,No,Yes,No,Yes,Yes,Two year,No,Credit card (automatic),82.23,284.16,No
6439-JLVAE,Male,0,No,No,57,Yes,Yes,DSL,No,No,No,Yes,No,No,Month-to-month,Yes,Electronic check,51.32,2957.26,No
1968-YDUPH,Female,1,Yes,Yes,13,No,No phone service,DSL,Yes,Yes,Yes,Yes,No,No,Month-to-month,Yes,Electronic check,78.18,995.77,No
2078-JZTVR,Female,0,Yes,No,56,Yes,No,Fiber optic,No,No,No,Yes,Yes,Yes,Two year,Yes,Electronic check,86.18,4819.06,No
2783-NSVQA,Male,1,No,No,26,Yes,No,Fiber optic,Yes,No,No,No,Yes,Yes,Month-to-month,No,Bank transfer (automatic),89.4,2288.52,No
6920-OKWDD,Male,0,Yes,No,21,Yes,No,DSL,No,Yes,Yes,No,No,No,Month-to-month,Yes,Electronic check,63.1,1335.76,No
7542-OAZUF,Male,0,Yes,No,64,Yes,Yes,Fiber optic,No,Yes,No,No,No,No,Month-to-month,No,Electronic check,74.2,4741.2,Yes
3731-HBAEV,Male,0,No,No,17,Yes,No,Fiber optic,No,Yes,Yes,Yes,No,Yes,One year,Yes,Credit card (automatic),94.31,1630.11,Yes
6234-CWYLG,Female,0,Yes,No,72,Yes,Yes,DSL,No,No,No,No,Yes,No,One year,Yes,Electronic check,51.72,3693.38,No
4086-OKATJ,Male,1,No,No,22,Yes,No,Fiber optic,Yes,Yes,Yes,No,No,No,Month-to-month,No,Bank transfer (automatic),91.65,2008.81,Yes
2662-TSHVW,Male,0,No,No,28,Yes,Yes,Fiber optic,No,Yes,No,Yes,No,Yes,Two year,Yes,Bank transfer (automatic),93.91,2664.85,No
4999-DEHSV,Female,0,No,Yes,30,Yes,Yes,Fiber optic,Yes,No,Yes,No,Yes,Yes,Month-to-month,Yes,Bank transfer (automatic),95.0,2811.34,No
1805-SABAM,Female,0,Yes,No,9,Yes,No,Fiber optic,Yes,No,Yes,No,No,No,Two year,Yes,Credit card (automatic),73.36,674.95,No
1805-RKUPI,Female,0,No,Yes,34,Yes,Yes,No,No internet service,No internet service,No internet service,No internet service,No internet service,No internet service,Month-to-month,No,Credit card (automatic),23.29,838.0,No
2489-WECOB,Female,0,No,No,13,Yes,Yes,Fiber optic,Yes,No,No,No,No,No,Month-to-month,No,Credit card (automatic),69.32,900.32,Yes
4559-NMJLO,Male,0,Yes,Yes,11,Yes,No,No,No internet service,No internet service,No internet service,No internet service,No internet service,No internet service,Month-to-month,Yes,Credit card (automatic),22.33,266.17,No
7905-NVUTO,Female,0,No,No,11,Yes,Yes,Fiber optic,No,No,No,No,No,Yes,Two year,Yes,Bank transfer (automatic),72.45,785.92,No
4926-QTDBR,Male,1,Yes,Yes,19,Yes,Yes,DSL,Yes,No,No,No,Yes,No,Month-to-month,No,Electronic check,62.1,1187.5,No
9353-IQQTW,Female,0,Yes,No,66,Yes,No,DSL,Yes,No,No,No,Yes,Yes,One year,Yes,Electronic check,68.2,4487.45,No
8879-ZEAWX,Female,0,No,No,15,Yes,No,Fiber optic,Yes,No,No,No,No,Yes,Month-to-month,Yes,Credit card (automatic),76.81,1128.83,Yes
9852-MEGBY,Female,0,Yes,No,34,Yes,No,No,No internet service,No internet service,No internet service,No internet service,No internet service,No internet service,Month-to-month,Yes,Bank transfer (automatic),21.14,689.39,No
6274-EKSCM,Female,1,Yes,No,62,Yes,No,Fiber optic,Yes,No,No,No,No,No,Month-to-month,Yes,Electronic check,74.33,4624.22,Yes
3746-NVXUX,Female,1,No,No,22,Yes,No,DSL,Yes,No,Yes,No,No,No,Two year,No,Credit card (automatic),62.79,1378.78,No
1131-SGQLM,Male,0,Yes,No,30,Yes,No,DSL,No,No,Yes,No,No,No,One year,No,Bank transfer (automatic),54.46,1616.7,No
1263-AWNSQ,Female,0,No,No,69,Yes,Yes,Fiber optic,No,Yes,No,Yes,No,No,Month-to-month,Yes,Electronic check,80.68,5565.67,Yes
7163-YFQUY,Female,0,Yes,No,39,Yes,No,Fiber optic,No,No,No,Yes,No,Yes,Month-to-month,Yes,Bank transfer (automatic),81.98,3218.59,Yes
9885-WSUMX,Female,0,No,No,35,Yes,No,Fiber optic,No,No,Yes,No,Yes,Yes,Two year,Yes,Electronic check,84.59,2970.37,No
4698-IPECM,Male,0,No,No,26,Yes,No,DSL,Yes,No,Yes,Yes,Yes,No,One year,Yes,Mailed check,74.97,1914.69,No
5761-PWCEJ,Male,0,Yes,No,72,Yes,No,Fiber optic,No,Yes,No,No,No,No,One year,No,Mailed check,76.56,5525.63,No
2771-FUAEO,Female,0,No,No,19,Yes,No,Fiber optic,No,Yes,No,Yes,No,No,Two year,Yes,Mailed check,84.14,1567.59,Yes
2165-DEWBQ,Male,0,Yes,No,17,No,No phone service,No,No internet service,No internet service,No internet service,No internet service,No internet service,No internet service,Two year,No,Credit card (automatic),18.25,351.87,No
5293-EYWVD,Male,0,Yes,No,20,Yes,No,No,No internet service,No internet service,No internet service,No internet service,No internet service,No internet service,Month-to-month,Yes,Electronic check,18.91,375.02,No
8161-XFFSD,Male,0,Yes,No,41,Yes,No,Fiber optic,No,Yes,Yes,No,Yes,No,Two year,Yes,Mailed check,87.03,3581.37,No
5293-KJXMD,Female,0,Yes,No,32,Yes,Yes,DSL,Yes,No,Yes,No,Yes,Yes,Two year,No,Electronic check,75.61,2367.3,No
7192-YRBFX,Male,0,Yes,No,12,Yes,No,No,No internet service,No internet service,No internet service,No internet service,No internet service,No internet service,Two year,Yes,Electronic check,20.4,243.83,No
5454-IGQLU,Male,0,No,No,45,Yes,No,No,No internet service,No internet service,No internet service,No internet service,No internet service,No internet service,One year,Yes,Credit card (automatic),20.07,870.05,No
3542-JFLQL,Male,0,No,No,38,Yes,No,Fiber optic,No,No,Yes,No,Yes,Yes,Month-to-month,No,Mailed check,95.76,3611.81,Yes
2804-ZLFDS,Female,0,No,No,15,Yes,No,Fiber optic,Yes,No,No,No,Yes,No,One year,Yes,Electronic check,73.79,1114.57,Yes
2740-LIGQO,Female,0,No,No,34,No,No phone service,Fiber optic,No,Yes,No,No,Yes,Yes,One year,Yes,Bank transfer (automatic),82.21,2805.65,No
6932-OCVKT,Male,0,Yes,Yes,52,Yes,No,Fiber optic,No,No,Yes,No,No,Yes,Month-to-month,No,Credit card (automatic),83.8,4366.94,Yes
3297-TGYPQ,Male,0,Yes,Yes,21,Yes,Yes,No,No internet service,No internet service,No internet service,No internet service,No internet service,No internet service,Two year,Yes,Bank transfer (automatic),25.14,520.6,No
4836-ZLFZI,Female,0,Yes,No,4,Yes,Yes,Fiber optic,Yes,No,No,Yes,No,No,One year,No,Electronic check,86.79,330.49,Yes
1060-ZJSND,Male,0,No,Yes,24,Yes,No,Fiber optic,No,No,No,Yes,No,No,Month-to-month,Yes,Mailed check,73.69,1780.44,Yes
8521-PWDWN,Female,0,No,Yes,20,Yes,No,No,No internet service,No internet service,No internet service,No internet service,No internet service,No internet service,Month-to-month,Yes,Bank transfer (automatic),20.89,421.57,No
1504-GLJDY,Male,0,Yes,No,3,Yes,No,No,No internet service,No internet service,No internet service,No internet service,No internet service,No internet service,One year,Yes,Bank transfer (automatic),19.18,118.01,No
5565-TPSSO,Female,0,Yes,Yes,17,Yes,No,Fiber optic,No,No,No,No,Yes,Yes,Month-to-month,Yes,Credit card (automatic),81.83,1389.43,Yes
2613-WWDNM,Male,1,Yes,No,10,Yes,Yes,No,No internet service,No internet service,No internet service,No internet service,No internet service,No internet service,One year,No,Electronic check,23.59,246.21,No
5850-IIDVN,Female,0,No,Yes,63,No,No phone service,Fiber optic,No,No,Yes,No,No,No,Month-to-month,No,Bank transfer (automatic),71.82,4557.69,Yes
6109-YATDX,Male,0,Yes,Yes,64,Yes,Yes,DSL,No,Yes,No,No,Yes,No,One year,Yes,Bank transfer (automatic),61.61,3935.7,No
6249-TINQJ,Female,0,No,No,36,Yes,No,DSL,No,No,No,No,No,No,Two year,Yes,Electronic check,40.23,1419.17,No
7135-PRZHS,Female,0,Yes,No,23,Yes,No,DSL,Yes,No,No,No,Yes,No,Two year,No,Electronic check,56.94,1267.17,No
2559-XCTTZ,Female,0,Yes,No,19,Yes,No,Fiber optic,No,No,No,No,Yes,Yes,One year,No,Credit card (automatic),75.69,1454.39,No
4520-KNFZK,Male,1,Yes,No,49,Yes,Yes,No,No internet service,No internet service,No internet service,No internet service,No internet service,No internet service,Two year,Yes,Electronic check,21.14,1048.09,No
8468-ZQBUM,Male,0,No,No,22,Yes,No,DSL,Yes,Yes,Yes,Yes,Yes,No,Month-to-month,Yes,Bank transfer (automatic),85.08,1875.67,No
6436-UFUZE,Female,0,No,No,25,Yes,No,No,No internet service,No internet service,No internet service,No internet service,No internet service,No internet service,Two year,Yes,Mailed check,19.69,471.64,No
7946-MFWHU,Female,0,Yes,No,31,Yes,Yes,DSL,Yes,Yes,Yes,Yes,Yes,Yes,Month-to-month,Yes,Credit card (automatic),89.91,2787.01,No
1963-IEGDN,Male,0,Yes,Yes,72,Yes,Yes,DSL,Yes,Yes,Yes,No,Yes,No,Two year,Yes,Mailed check,67.84,4906.87,No
5792-THOND,Male,0,Yes,Yes,5,Yes,Yes,DSL,No,No,Yes,No,Yes,No,One year,No,Credit card (automatic),60.23,264.36,No
4169-ILWPR,Male,0,Yes,No,15,Yes,No,Fiber optic,Yes,Yes,No,No,No,No,Two year,Yes,Electronic check,82.24,1250.93,No
6825-KOZBJ,Female,0,Yes,No,7,Yes,Yes,No,No internet service,No internet service,No internet service,No internet service,No internet service,No internet service,One year,Yes,Electronic check,18.25,122.32,No
1484-ZCWLK,Female,1,Yes,No,36,Yes,No,DSL,No,No,No,No,No,No,Two year,No,Credit card (automatic),45.34,1625.48,No
9772-IXBYY,Female,0,No,No,5,Yes,Yes,DSL,No,No,Yes,No,Yes,No,Two year,No,Credit card (automatic),62.76,288.19,No
4191-KPQFB,Female,0,No,No,13,Yes,Yes,No,No internet service,No internet service,No internet service,No internet service,No internet service,No internet service,Month-to-month,No,Mailed check,22.78,310.27,No
4455-XICQK,Male,0,No,No,29,Yes,Yes,Fiber optic,No,Yes,No,No,Yes,No,Month-to-month,No,Credit card (automatic),76.86,2194.72,Yes
2842-CUPED,Male,0,No,No,45,Yes,No,Fiber optic,No,Yes,Yes,No,Yes,No,Month-to-month,Yes,Electronic check,86.41,3894.4,Yes
9522-QMFIB,Male,0,No,No,24,Yes,Yes,Fiber optic,Yes,No,Yes,No,No,Yes,Month-to-month,Yes,Mailed check,91.28,2205.04,Yes
6584-DPYBS,Female,0,No,Yes,13,Yes,Yes,Fiber optic,No,Yes,No,No,No,No,Month-to-month,Yes,Electronic check,74.09,958.88,Yes
1563-XTVOJ,Male,0,Yes,No,20,Yes,Yes,Fiber optic,No,No,No,No,No,No,Two year,No,Electronic check,66.77,1363.57,No
5937-IODGW,Male,1,Yes,No,19,Yes,No,Fiber optic,Yes,Yes,No,Yes,Yes,Yes,Two year,Yes,Bank transfer (automatic),103.43,1966.05,Yes
2715-QUQOY,Male,0,Yes,No,49,Yes,No,No,No internet service,No internet service,No internet service,No internet service,No internet service,No internet service,Month-to-month,No,Bank transfer (automatic),22.0,1060.58,No
7556-GELWC,Male,0,No,No,14,Yes,No,DSL,No,No,No,No,No,Yes,Month-to-month,No,Credit card (automatic),49.77,739.68,No
4605-UJBQJ,Female,0,Yes,No,47,Yes,Yes,Fiber optic,No,No,Yes,No,Yes,Yes,Month-to-month,Yes,Mailed check,90.03,4234.6,Yes
4184-OCFCG,Male,1,Yes,Yes,24,Yes,Yes,No,No internet service,No internet service,No internet service,No internet service,No internet service,No internet service,Month-to-month,Yes,Bank transfer (automatic),18.48,419.28,No
2352-WDRPL,Male,0,No,No,55,Yes,No,DSL,No,Yes,No,No,Yes,Yes,Two year,Yes,Credit card (automatic),69.18,3790.21,No
5898-BJSNI,Female,0,No,Yes,28,Yes,No,DSL,Yes,Yes,Yes,No,No,No,Month-to-month,Yes,Electronic check,75.52,2084.11,Yes
4606-WKNRH,Male,0,No,Yes,16,Yes,No,Fiber optic,Yes,No,Yes,No,No,Yes,One year,Yes,Credit card (automatic),88.25,1403.21,Yes
4169-PZUDJ,Male,1,No,No,54,Yes,Yes,Fiber optic,No,No,No,Yes,No,No,Two year,Yes,Bank transfer (automatic),70.76,3808.28,No
6963-PCZDC,Male,0,No,Yes,72,Yes,No,Fiber optic,Yes,Yes,Yes,No,No,No,One year,Yes,Credit card (automatic),84.02,6053.31,No
4783-JPKUZ,Female,0,No,No,29,Yes,No,No,No internet service,No internet service,No internet service,No internet service,No internet service,No internet service,Two year,Yes,Credit card (automatic),19.07,568.83,No
8313-QGXXW,Male,0,Yes,No,49,No,No phone service,DSL,No,Yes,Yes,Yes,Yes,No,Month-to-month,Yes,Bank transfer (automatic),74.67,3660.35,No
3993-QGQGS,Female,0,No,No,28,Yes,No,DSL,Yes,Yes,Yes,No,No,No,Two year,Yes,Credit card (automatic),70.02,1992.76,No
5592-WNOVB,Female,0,No,No,14,Yes,Yes,DSL,No,Yes,No,Yes,Yes,Yes,Two year,No,Mailed check,75.18,1061.67,No
9991-DWYJY,Female,1,Yes,No,57,No,No phone service,No,No internet service,No internet service,No internet service,No internet service,No internet service,No internet service,Month-to-month,No,Electronic check,18.25,1020.31,No
8596-HWNHS,Male,0,No,No,9,Yes,No,DSL,No,No,Yes,No,No,Yes,Two year,Yes,Electronic check,71.01,654.09,No
5993-FVDSJ,Female,0,No,Yes,7,Yes,Yes,Fiber optic,No,Yes,Yes,No,Yes,Yes,Two year,No,Mailed check,94.15,693.35,No
7758-NGYDT,Male,0,No,No,57,No,No phone service,No,No internet service,No internet service,No internet service,No internet service,No internet service,No internet service,Two year,No,Mailed check,18.25,1018.93,No
3151-BRUWJ,Male,0,No,No,20,Yes,No,DSL,No,Yes,Yes,No,Yes,Yes,One year,Yes,Credit card (automatic),75.45,1517.0,Yes
4278-HSGXL,Female,0,Yes,No,10,Yes,No,DSL,No,Yes,Yes,Yes,Yes,No,Two year,Yes,Credit card (automatic),67.03,668.61,No
4073-IWGRC,Male,0,Yes,No,72,Yes,No,No,No internet service,No internet service,No internet service,No internet service,No internet service,No internet service,Month-to-month,Yes,Mailed check,20.01,1431.53,No
5763-NEXLV,Male,0,Yes,No,43,Yes,No,DSL,Yes,No,Yes,Yes,No,No,One year,Yes,Electronic check,67.52,2868.7,No
1880-ZRXTS,Male,0,No,No,24,Yes,No,Fiber optic,Yes,Yes,Yes,No,No,No,Two year,No,Bank transfer (automatic),91.29,2177.51,Yes
1960-GUVLS,Male,0,No,No,33,Yes,Yes,Fiber optic,No,No,No,No,Yes,Yes,Two year,No,Bank transfer (automatic),81.03,2727.84,No
2394-ERHQU,Male,1,No,Yes,30,No,No phone service,Fiber optic,No,Yes,Yes,Yes,Yes,No,Two year,Yes,Bank transfer (automatic),90.94,2719.94,No
1658-XFBET,Female,0,No,No,42,Yes,No,DSL,No,No,Yes,No,Yes,No,Month-to-month,Yes,Electronic check,61.8,2581.77,No
4616-RUTGT,Female,0,No,No,23,Yes,Yes,No,No internet service,No internet service,No internet service,No internet service,No internet service,No internet service,Two year,Yes,Bank transfer (automatic),22.72,530.86,No
6357-WFPGJ,Male,1,Yes,No,45,Yes,No,Fiber optic,Yes,No,Yes,No,No,Yes,Two year,Yes,Credit card (automatic),90.83,4084.36,No
4773-EORWI,Female,0,Yes,No,29,Yes,Yes,DSL,Yes,No,Yes,No,No,No,Two year,No,Mailed check,61.23,1768.66,No
8866-NNUAB,Male,0,Yes,No,3,Yes,No,DSL,No,No,Yes,Yes,Yes,No,One year,Yes,Bank transfer (automatic),66.57,193.97,No
9321-TNAKG,Male,0,No,No,17,Yes,No,Fiber optic,No,No,No,Yes,No,Yes,Month-to-month,Yes,Electronic check,81.3,1383.81,Yes
2250-CMVVT,Male,0,Yes,Yes,39,Yes,No,Fiber optic,No,No,Yes,No,Yes,Yes,Two year,Yes,Mailed check,98.59,3796.02,No
3987-OEXTO,Male,0,No,Yes,7,Yes,No,Fiber optic,Yes,No,No,No,Yes,Yes,Month-to-month,Yes,Mailed check,87.65,641.63,Yes
5683-MBNIJ,Male,0,No,No,29,Yes,Yes,DSL,No,No,Yes,No,No,No,Month-to-month,Yes,Electronic check,48.08,1407.61,Yes
2499-HGISB,Male,1,Yes,No,21,Yes,No,Fiber optic,No,No,Yes,No,No,Yes,Month-to-month,Yes,Credit card (automatic),79.35,1725.58,No
6553-VXBIX,Male,0,No,Yes,72,Yes,Yes,DSL,No,Yes,Yes,No,Yes,No,Month-to-month,Yes,Electronic check,62.02,4480.94,No
7839-URLVQ,Female,0,No,No,46,Yes,Yes,Fiber optic,Yes,No,Yes,Yes,No,Yes,Month-to-month,No,Bank transfer (automatic),92.53,4262.43,No
7883-DPYWF,Male,0,No,Yes,8,Yes,No,Fiber optic,Yes,No,No,No,Yes,Yes,Month-to-month,No,Bank transfer (automatic),93.15,737.62,Yes
3934-TRARD,Male,0,Yes,No,41,Yes,Yes,No,No internet service,No internet service,No internet service,No internet service,No internet service,No internet service,Month-to-month,Yes,Bank transfer (automatic),21.05,817.82,No
5420-FVLUU,Male,0,Yes,No,20,Yes,Yes,DSL,No,No,No,Yes,Yes,No,Month-to-month,No,Electronic check,66.78,1328.15,No
8102-UOLAN,Female,1,Yes,No,27,Yes,Yes,Fiber optic,No,No,Yes,No,No,Yes,Month-to-month,Yes,Mailed check,82.16,2183.16,Yes
6288-BDYSF,Male,0,No,No,20,No,No phone service,DSL,No,Yes,Yes,No,Yes,Yes,One year,Yes,Bank transfer (automatic),73.8,1507.55,No
2621-AUZQX,Female,0,No,Yes,72,Yes,No,DSL,Yes,Yes,Yes,No,No,Yes,Month-to-month,No,Credit card (automatic),79.72,5753.79,No
3278-ULQVJ,Male,0,No,No,72,Yes,No,DSL,No,Yes,Yes,No,Yes,Yes,Month-to-month,Yes,Bank transfer (automatic),73.65,5295.73,No
1510-SNAZP,Male,0,No,No,14,Yes,No,No,No internet service,No internet service,No internet service,No internet service,No internet service,No internet service,Month-to-month,Yes,Electronic check,19.6,270.76,No
1964-FWNBO,Female,0,Yes,No,55,Yes,Yes,Fiber optic,No,No,No,Yes,No,Yes,One year,No,Credit card (automatic),79.25,4364.26,No
2240-GVZAV,Male,0,No,Yes,16,Yes,Yes,No,No internet service,No internet service,No internet service,No internet service,No internet service,No internet service,Two year,No,Bank transfer (automatic),18.9,326.19,No
1202-JARTI,Male,0,Yes,Yes,14,Yes,Yes,DSL,Yes,Yes,No,No,No,No,Two year,No,Credit card (automatic),60.38,839.6,No
8707-GJKHY,Male,0,Yes,Yes,29,Yes,No,Fiber optic,Yes,Yes,No,No,Yes,Yes,Month-to-month,Yes,Bank transfer (automatic),99.86,2890.89,No
9166-MBYXT,Female,1,No,No,26,Yes,Yes,Fiber optic,No,No,Yes,No,Yes,Yes,One year,Yes,Credit card (automatic),89.3,2310.0,Yes
4194-ZFTKD,Female,0,No,Yes,12,No,No phone service,Fiber optic,Yes,No,Yes,Yes,Yes,No,One year,Yes,Electronic check,92.51,1139.38,Yes
2210-GHSRJ,Female,0,No,No,6,Yes,Yes,No,No internet service,No internet service,No internet service,No internet service,No internet service,No internet service,Month-to-month,Yes,Mailed check,21.46,114.37,No
7885-LYTBJ,Female,0,No,No,27,Yes,Yes,No,No internet service,No internet service,No internet service,No internet service,No internet service,No internet service,Month-to-month,Yes,Electronic check,18.77,474.24,Yes
3405-JJBEU,Male,0,Yes,No,12,Yes,No,No,No internet service,No internet service,No internet service,No internet service,No internet service,No internet service,Month-to-month,No,Electronic check,20.26,269.87,No
9257-QOTSG,Female,0,Yes,No,22,Yes,Yes,DSL,Yes,Yes,No,Yes,Yes,Yes,Two year,Yes,Credit card (automatic),77.64,1684.48,No
6675-JGLPF,Male,1,Yes,No,59,Yes,Yes,Fiber optic,No,Yes,No,No,Yes,Yes,Month-to-month,Yes,Credit card (automatic),90.06,5312.77,Yes
5937-NYLRL,Female,0,No,No,23,No,No phone service,No,No internet service,No internet service,No internet service,No internet service,No internet service,No internet service,Month-to-month,No,Electronic check,19.38,486.46,No
2597-GHUED,Male,0,No,No,5,Yes,Yes,Fiber optic,Yes,Yes,Yes,Yes,No,No,Month-to-month,No,Bank transfer (automatic),86.97,432.07,Yes
4631-QVNYA,Male,0,Yes,No,54,Yes,No,Fiber optic,No,Yes,Yes,No,Yes,No,One year,Yes,Mailed check,88.57,4748.48,No
9769-ISIUL,Female,0,Yes,No,37,Yes,No,Fiber optic,No,Yes,No,No,No,Yes,Month-to-month,No,Electronic check,75.89,2785.73,Yes
2763-SISEE,Male,0,No,No,48,Yes,Yes,Fiber optic,Yes,Yes,No,Yes,No,Yes,Two year,Yes,Bank transfer (automatic),96.55,4633.97,No
1865-OAGXH,Female,0,No,No,26,Yes,Yes,DSL,Yes,No,No,No,No,Yes,Month-to-month,Yes,Mailed check,58.84,1526.73,Yes
6309-JHCWH,Male,0,Yes,No,25,Yes,No,DSL,Yes,Yes,No,Yes,No,No,Two year,No,Electronic check,64.47,1594.48,No
8764-IEGHQ,Female,0,Yes,No,72,Yes,No,DSL,No,No,Yes,Yes,No,No,One year,Yes,Mailed check,53.06,3754.47,No
7846-IYOBC,Female,0,No,Yes,37,Yes,No,Fiber optic,Yes,No,No,No,No,Yes,Month-to-month,No,Mailed check,75.69,2818.8,Yes
7728-CANXI,Male,0,No,Yes,54,Yes,Yes,DSL,No,No,Yes,No,Yes,No,One year,No,Bank transfer (automatic),58.14,3174.85,No
1607-YAYDU,Female,1,Yes,No,72,Yes,Yes,No,No internet service,No internet service,No internet service,No internet service,No internet service,No internet service,One year,No,Electronic check,23.99,1686.77,No
7855-QWEXR,Female,0,Yes,No,72,Yes,No,Fiber optic,No,Yes,No,Yes,No,Yes,One year,Yes,Bank transfer (automatic),81.87,5879.44,No
3706-TKYCX,Female,0,No,Yes,9,Yes,No,DSL,Yes,No,No,No,Yes,No,Two year,Yes,Electronic check,52.61,440.35,No
2033-TMRET,Male,0,No,No,11,Yes,Yes,Fiber optic,Yes,No,No,No,Yes,No,Two year,No,Credit card (automatic),82.46,913.34,No
6425-RYYLW,Female,0,Yes,No,7,Yes,No,DSL,No,No,Yes,Yes,No,Yes,One year,No,Electronic check,66.1,496.88,No
8079-WVAHZ,Female,0,No,No,25,Yes,No,Fiber optic,No,Yes,No,Yes,Yes,Yes,Month-to-month,No,Bank transfer (automatic),97.55,2427.57,Yes
6395-ILSDA,Male,0,No,Yes,72,Yes,No,No,No internet service,No internet service,No internet service,No internet service,No internet service,No internet service,Two year,Yes,Mailed check,20.88,1532.65,No
6302-PUUEI,Male,0,Yes,No,0,Yes,No,Fiber optic,Yes,No,No,No,Yes,No,Two year,Yes,Mailed check,75.95, ,Yes
7066-ORHTO,Male,0,Yes,Yes,16,Yes,No,DSL,Yes,No,Yes,No,No,Yes,Month-to-month,Yes,Credit card (automatic),66.39,1084.93,No
5044-QLAHM,Female,0,No,No,25,Yes,Yes,Fiber optic,No,No,No,Yes,Yes,No,One year,Yes,Bank transfer (automatic),74.12,1866.67,Yes
3999-HSIJP,Male,0,No,Yes,10,Yes,Yes,Fiber optic,Yes,Yes,No,No,No,Yes,One year,Yes,Bank transfer (automatic),85.19,818.26,Yes
8365-XACHI,Female,0,Yes,No,21,Yes,No,Fiber optic,No,No,No,No,No,Yes,Two year,No,Credit card (automatic),68.14,1451.23,No
2308-HOXTZ,Female,1,No,Yes,22,Yes,No,Fiber optic,Yes,No,Yes,No,No,Yes,One year,Yes,Bank transfer (automatic),83.84,1833.41,Yes
6198-NQYZE,Male,0,Yes,Yes,7,Yes,No,DSL,No,Yes,Yes,No,Yes,Yes,Month-to-month,Yes,Electronic check,84.49,551.71,Yes
5325-HKOTI,Male,0,No,No,47,No,No phone service,No,No internet service,No internet service,No internet service,No internet service,No internet service,No internet service,One year,No,Mailed check,18.25,842.24,No
5353-VNWKT,Female,0,Yes,No,21,Yes,No,Fiber optic,Yes,No,Yes,No,Yes,Yes,Month-to-month,No,Credit card (automatic),98.41,2050.56,Yes
2971-KOLBF,Male,0,Yes,Yes,9,Yes,Yes,Fiber optic,Yes,Yes,Yes,Yes,No,Yes,Two year,Yes,Bank transfer (automatic),97.98,870.37,Yes
7824-OOJOA,Female,0,Yes,No,26,Yes,Yes,DSL,No,Yes,No,Yes,Yes,No,Two year,No,Electronic check,67.02,1735.33,No
9871-TBBMZ,Female,0,No,Yes,46,Yes,No,DSL,No,No,Yes,No,Yes,Yes,Month-to-month,Yes,Mailed check,66.79,3101.75,Yes
5311-RBXOQ,Female,0,No,Yes,24,Yes,No,Fiber optic,Yes,Yes,Yes,Yes,Yes,No,Month-to-month,Yes,Electronic check,101.73,2433.15,Yes
9557-ZGVZC,Male,0,No,Yes,10,Yes,No,Fiber optic,Yes,No,Yes,Yes,No,No,Month-to-month,Yes,Electronic check,82.13,789.66,No
6534-LKBWY,Female,1,Yes,No,30,Yes,Yes,No,No internet service,No internet service,No internet service,No internet service,No internet service,No internet service,One year,No,Mailed check,23.47,760.34,No
8583-CAIKI,Female,0,No,No,72,Yes,No,DSL,No,No,No,Yes,No,No,One year,No,Electronic check,46.24,3324.43,No
1393-FVKKZ,Male,0,No,Yes,16,Yes,Yes,No,No internet service,No internet service,No internet service,No internet service,No internet service,No internet service,Two year,No,Bank transfer (automatic),19.14,303.25,No
6987-EQQNJ,Female,0,No,No,12,Yes,No,DSL,No,Yes,Yes,No,No,No,One year,No,Mailed check,53.63,617.97,No
3240-YBTFW,Female,0,Yes,Yes,18,Yes,Yes,No,No internet service,No internet service,No internet service,No internet service,No internet service,No internet service,One year,Yes,Electronic check,20.25,347.06,No
4263-RMEEH,Female,1,No,Yes,13,Yes,No,DSL,No,No,No,No,Yes,Yes,One year,Yes,Electronic check,65.21,820.66,Yes
6275-SJNRM,Male,0,Yes,No,13,Yes,No,Fiber optic,Yes,Yes,No,Yes,Yes,No,Two year,No,Credit card (automatic),100.03,1295.44,No
2580-AXKHG,Male,0,Yes,No,8,Yes,No,Fiber optic,No,Yes,No,No,No,No,Month-to-month,No,Credit card (automatic),79.5,659.49,No
2623-BZVFZ,Male,0,No,No,54,No,No phone service,Fiber optic,No,No,Yes,No,Yes,No,Month-to-month,Yes,Mailed check,80.96,4329.52,No
1951-LGIMD,Male,0,Yes,Yes,43,Yes,No,No,No internet service,No internet service,No internet service,No internet service,No internet service,No internet service,Two year,Yes,Credit card (automatic),18.25,783.23,No
4361-BZUOB,Male,1,Yes,Yes,20,Yes,Yes,No,No internet service,No internet service,No internet service,No internet service,No internet service,No internet service,Month-to-month,Yes,Electronic check,18.25,378.3,Yes
6980-KUUER,Female,0,No,No,15,Yes,Yes,DSL,Yes,No,No,Yes,No,No,Month-to-month,Yes,Mailed check,58.0,835.1,No
8793-MZTOF,Male,0,Yes,No,35,Yes,Yes,DSL,No,No,No,No,No,No,Two year,No,Mailed check,45.92,1624.19,No
2110-JGVOE,Female,1,No,No,29,Yes,Yes,DSL,Yes,Yes,Yes,No,Yes,Yes,One year,Yes,Electronic check,86.91,2517.68,No
7352-GDNUM,Male,0,No,Yes,28,Yes,No,DSL,Yes,Yes,No,No,Yes,No,Two year,No,Credit card (automatic),67.17,1864.71,No
7688-BVPXS,Male,0,No,No,65,Yes,No,Fiber optic,No,Yes,No,No,Yes,No,Two year,No,Mailed check,80.32,5200.17,No
4596-NGAKQ,Male,0,Yes,Yes,38,Yes,No,DSL,Yes,Yes,No,No,Yes,No,Month-to-month,No,Electronic check,67.98,2604.23,Yes
3262-UUHDS,Male,0,No,No,72,Yes,Yes,Fiber optic,No,No,No,No,Yes,No,Two year,No,Electronic check,72.8,5222.06,No
1345-HXSCS,Female,0,No,No,17,Yes,No,DSL,Yes,No,Yes,No,No,No,One year,Yes,Bank transfer (automatic),59.4,1044.79,Yes
8183-VUNNP,Female,0,Yes,Yes,72,Yes,Yes,No,No internet service,No internet service,No internet service,No internet service,No internet service,No internet service,Month-to-month,No,Bank transfer (automatic),18.25,1302.77,No
8799-FVQVB,Female,0,No,No,36,Yes,No,DSL,Yes,No,Yes,No,No,Yes,Month-to-month,Yes,Bank transfer (automatic),69.7,2496.01,No
5356-CTWZO,Male,0,No,No,10,Yes,No,Fiber optic,Yes,Yes,No,No,No,Yes,Month-to-month,Yes,Mailed check,86.7,853.3,Yes
6272-TGOYY,Female,0,Yes,No,14,Yes,No,Fiber optic,No,Yes,No,Yes,Yes,Yes,Two year,No,Bank transfer (automatic),92.92,1278.26,No
4775-ZWSEM,Male,0,Yes,No,41,Yes,Yes,Fiber optic,No,No,Yes,No,Yes,No,Month-to-month,Yes,Electronic check,82.32,3381.39,No
3672-QDVHT,Female,0,No,No,8,Yes,Yes,Fiber optic,No,No,No,No,No,No,Month-to-month,No,Bank transfer (automatic),70.02,590.0,Yes
7736-ATOPT,Female,0,Yes,Yes,24,Yes,Yes,DSL,No,No,No,No,Yes,Yes,Month-to-month,Yes,Mailed check,58.97,1393.49,Yes
9501-NMDFT,Male,0,No,No,72,Yes,Yes,Fiber optic,No,Yes,Yes,No,Yes,No,Month-to-month,Yes,Bank transfer (automatic),83.87,6057.05,Yes
2429-QZUMG,Male,0,Yes,No,1,Yes,Yes,DSL,No,No,No,No,No,No,Two year,No,Credit card (automatic),49.01,74.73,No
7600-CZTPR,Male,0,Yes,No,24,Yes,No,DSL,No,No,Yes,Yes,Yes,No,Two year,Yes,Bank transfer (automatic),77.52,1865.81,No
9667-TQSLV,Male,0,No,No,14,Yes,Yes,No,No internet service,No internet service,No internet service,No internet service,No internet service,No internet service,Two year,Yes,Bank transfer (automatic),19.8,291.99,No
1516-BTPQS,Female,0,No,Yes,72,Yes,Yes,DSL,No,No,Yes,No,No,No,One year,No,Electronic check,47.48,3424.6,No
7113-NGRWI,Female,0,Yes,Yes,22,Yes,No,DSL,Yes,Yes,Yes,Yes,Yes,No,Two year,Yes,Bank transfer (automatic),76.42,1663.68,No
7431-ZKUBU,Female,0,No,Yes,12,Yes,No,DSL,No,Yes,Yes,No,Yes,Yes,Two year,Yes,Mailed check,73.66,841.23,No
9018-LFAOZ,Male,0,Yes,No,8,Yes,Yes,Fiber optic,Yes,No,No,Yes,No,Yes,One year,Yes,Electronic check,87.63,716.45,No
4971-ORQYC,Female,0,Yes,No,9,Yes,No,Fiber optic,No,No,Yes,No,No,No,Month-to-month,No,Electronic check,68.99,597.58,Yes
5864-XBRMY,Male,1,No,No,72,Yes,Yes,DSL,Yes,No,No,Yes,No,No,Month-to-month,No,Mailed check,57.74,4148.29,No
1145-MHUWN,Female,0,Yes,No,2,Yes,No,Fiber optic,No,Yes,No,No,Yes,Yes,Month-to-month,Yes,Mailed check,80.21,178.81,Yes
6021-ZPEHV,Male,0,No,No,37,Yes,No,No,No internet service,No internet service,No internet service,No internet service,No internet service,No internet service,One year,No,Credit card (automatic),22.46,803.99,No
3959-YSQPE,Male,0,Yes,No,70,Yes,No,No,No internet service,No internet service,No internet service,No internet service,No internet service,No internet service,Two year,No,Electronic check,19.85,1400.75,No
5011-KBUMN,Female,0,Yes,No,24,Yes,Yes,No,No internet service,No internet service,No internet service,No internet service,No internet service,No internet service,Month-to-month,Yes,Electronic check,18.25,421.28,No
7009-ZOIOP,Male,0,Yes,No,9,Yes,No,DSL,No,No,No,Yes,No,Yes,Month-to-month,Yes,Bank transfer (automatic),65.63,587.61,Yes
9009-BLHRI,Male,0,No,No,37,Yes,No,DSL,No,Yes,No,Yes,No,No,Month-to-month,No,Bank transfer (automatic),60.2,2234.51,No
5553-FUQYW,Female,1,No,No,11,Yes,No,Fiber optic,No,No,No,No,No,No,Two year,No,Bank transfer (automatic),68.77,764.21,No
7295-QGLGV,Male,0,Yes,No,15,Yes,Yes,Fiber optic,Yes,Yes,No,No,Yes,No,Month-to-month,No,Bank transfer (automatic),85.75,1270.37,Yes
5172-UGCGQ,Female,0,Yes,No,13,Yes,Yes,Fiber optic,No,No,No,No,Yes,No,Two year,No,Bank transfer (automatic),69.67,886.8,No
5721-FBOXO,Female,0,No,No,13,Yes,No,No,No internet service,No internet service,No internet service,No internet service,No internet service,No internet service,One year,No,Mailed check,19.99,250.4,No
9966-PUTAZ,Female,0,Yes,No,51,Yes,Yes,Fiber optic,No,No,Yes,No,Yes,No,Month-to-month,Yes,Electronic check,84.3,4294.77,Yes
7428-JWVCK,Female,0,No,No,21,Yes,Yes,Fiber optic,No,No,Yes,Yes,No,No,One year,No,Credit card (automatic),79.11,1687.7,No
6717-ZGFXQ,Female,0,No,Yes,39,Yes,Yes,Fiber optic,No,No,Yes,No,Yes,No,Month-to-month,Yes,Bank transfer (automatic),81.82,3161.14,Yes
6937-GFVIO,Female,0,No,No,39,Yes,Yes,DSL,No,Yes,No,No,No,Yes,Month-to-month,Yes,Credit card (automatic),62.17,2405.59,Yes
4193-GLLZC,Female,0,Yes,No,25,Yes,No,Fiber optic,No,No,No,No,Yes,No,Month-to-month,Yes,Credit card (automatic),72.32,1787.81,Yes
9281-QIGLD,Female,1,Yes,Yes,72,Yes,No,DSL,No,Yes,No,No,Yes,Yes,Month-to-month,Yes,Credit card (automatic),68.02,4871.05,Yes
5856-SWCRP,Male,0,Yes,No,10,Yes,Yes,Fiber optic,Yes,No,Yes,No,Yes,No,Two year,No,Electronic check,94.3,890.52,Yes
2597-WGTFH,Male,0,Yes,Yes,23,Yes,No,Fiber optic,Yes,No,No,No,Yes,Yes,Month-to-month,Yes,Credit card (automatic),82.35,1941.39,No
6355-KSAGF,Female,1,Yes,No,3,Yes,No,No,No internet service,No internet service,No internet service,No internet service,No internet service,No internet service,One year,No,Bank transfer (automatic),19.68,83.87,No
4967-NORMH,Male,0,No,Yes,27,Yes,No,Fiber optic,No,No,No,Yes,No,No,Month-to-month,Yes,Credit card (automatic),69.17,1822.68,Yes
1033-KASQM,Male,1,Yes,Yes,49,Yes,No,DSL,Yes,Yes,Yes,No,No,Yes,Two year,No,Credit card (automatic),66.14,3227.58,No
5241-RUGYF,Male,0,Yes,No,7,Yes,No,DSL,No,No,No,No,Yes,Yes,One year,No,Mailed check,62.48,420.41,No
7121-QBIXV,Female,0,Yes,Yes,15,Yes,Yes,No,No internet service,No internet service,No internet service,No internet service,No internet service,No internet service,Two year,No,Mailed check,23.35,335.98,No
2135-HEGJD,Male,0,Yes,No,13,Yes,No,DSL,No,Yes,Yes,No,No,No,Two year,No,Electronic check,52.6,708.01,No
5118-BJMJF,Female,0,No,No,1,No,No phone service,Fiber optic,No,No,No,No,No,Yes,Month-to-month,Yes,Electronic check,71.03,79.19,Yes
4880-MBFVN,Female,0,Yes,No,9,Yes,Yes,DSL,No,No,No,Yes,No,No,Month-to-month,Yes,Credit card (automatic),55.23,444.05,No
4247-CLJMZ,Female,1,No,Yes,41,Yes,No,No,No internet service,No internet service,No internet service,No internet service,No internet service,No internet service,Month-to-month,Yes,Credit card (automatic),19.69,838.96,No
7864-KEVJG,Male,1,No,Yes,24,Yes,No,DSL,No,Yes,Yes,No,Yes,No,Month-to-month,Yes,Electronic check,70.59,1675.94,Yes
6303-OJNXT,Female,1,Yes,Yes,32,Yes,No,Fiber optic,Yes,Yes,Yes,No,No,Yes,One year,Yes,Electronic check,98.46,3153.72,No
9485-BDAKO,Female,0,No,No,49,Yes,No,Fiber optic,No,Yes,No,No,No,Yes,Month-to-month,No,Electronic check,75.51,3693.37,Yes
1547-KBMNL,Male,0,Yes,No,72,Yes,No,Fiber optic,Yes,No,No,No,Yes,No,Two year,No,Electronic check,74.66,5399.29,No
6955-BLSTT,Female,0,Yes,Yes,9,Yes,Yes,Fiber optic,Yes,No,Yes,No,Yes,No,Two year,Yes,Credit card (automatic),88.57,802.02,No
3076-CAJMC,Male,0,No,Yes,38,Yes,No,DSL,Yes,No,No,No,Yes,Yes,Month-to-month,Yes,Mailed check,68.72,2591.36,No
6989-PHZTA,Female,0,No,Yes,15,Yes,Yes,DSL,No,No,Yes,No,Yes,Yes,Month-to-month,Yes,Bank transfer (automatic),72.29,1088.42,Yes
1127-FYTXQ,Male,0,Yes,Yes,10,Yes,No,DSL,No,No,No,No,Yes,Yes,Month-to-month,No,Electronic check,55.41,574.52,Yes
7661-WBFYN,Female,0,No,Yes,20,Yes,Yes,No,No internet service,No internet service,No internet service,No internet service,No internet service,No internet service,Month-to-month,Yes,Electronic check,21.9,427.5,No
4497-MNHOQ,Female,0,Yes,No,39,Yes,Yes,DSL,Yes,No,No,Yes,Yes,Yes,One year,Yes,Mailed check,73.3,2851.79,No
7946-HAKYD,Male,0,No,Yes,26,Yes,No,Fiber optic,No,No,No,No,No,Yes,Month-to-month,No,Mailed check,72.94,1915.36,Yes
3989-TZIGS,Female,0,No,No,18,Yes,No,DSL,No,No,Yes,No,No,No,Month-to-month,Yes,Mailed check,54.05,981.13,No
1739-TRJFH,Male,0,Yes,Yes,42,Yes,No,Fiber optic,No,No,Yes,Yes,No,No,Month-to-month,No,Electronic check,83.35,3456.38,Yes
2719-SBGHJ,Female,1,No,No,40,Yes,Yes,DSL,No,Yes,Yes,No,Yes,No,One year,Yes,Mailed check,67.9,2732.62,No
4682-YRDUM,Female,0,No,No,17,No,No phone service,No,No internet service,No internet service,No internet service,No internet service,No internet service,No internet service,One year,Yes,Electronic check,20.03,311.41,No
7823-ZBMBA,Male,0,Yes,Yes,38,Yes,No,No,No internet service,No internet service,No internet service,No internet service,No internet service,No internet service,Two year,Yes,Credit card (automatic),18.59,690.0,No
7957-YZYGU,Male,0,No,No,26,Yes,No,Fiber optic,No,Yes,No,No,Yes,Yes,Two year,No,Mailed check,82.84,2124.16,No
5680-QUNIS,Female,0,No,Yes,13,Yes,No,No,No internet service,No internet service,No internet service,No internet service,No internet service,No internet service,One year,Yes,Credit card (automatic),20.7,258.02,No
1898-PJMKP,Male,0,Yes,No,40,Yes,No,DSL,No,No,No,Yes,Yes,No,Two year,Yes,Credit card (automatic),56.41,2284.91,No
8100-COOHY,Female,0,No,No,41,Yes,No,Fiber optic,No,No,No,No,No,No,Month-to-month,No,Bank transfer (automatic),67.42,2739.75,Yes
4001-ZGAYF,Female,0,No,No,8,Yes,No,DSL,Yes,No,No,Yes,No,No,Two year,No,Mailed check,60.76,485.91,No
4072-HFDKN,Female,0,No,No,37,Yes,No,Fiber optic,No,No,No,No,Yes,Yes,One year,No,Electronic check,79.96,2932.41,No
7878-XDHRC,Male,0,Yes,Yes,54,Yes,No,Fiber optic,No,Yes,No,No,Yes,Yes,Two year,Yes,Mailed check,80.35,4334.11,No
7082-MYLTH,Female,0,No,No,9,Yes,No,Fiber optic,No,No,Yes,No,Yes,Yes,Month-to-month,No,Bank transfer (automatic),83.11,727.45,No
5269-RVANV,Female,1,No,No,29,No,No phone service,No,No internet service,No internet service,No internet service,No internet service,No internet service,No internet service,One year,No,Mailed check,18.25,520.92,No
7227-HBXYZ,Male,1,No,No,9,Yes,No,No,No internet service,No internet service,No internet service,No internet service,No internet service,No internet service,Month-to-month,Yes,Bank transfer (automatic),23.45,192.5,No
4227-CJLPZ,Male,0,Yes,No,10,Yes,Yes,DSL,Yes,No,No,Yes,Yes,Yes,One year,Yes,Credit card (automatic),71.2,712.83,No
5468-NWBIK,Male,0,No,Yes,5,Yes,Yes,Fiber optic,No,No,Yes,No,No,No,Month-to-month,Yes,Credit card (automatic),70.63,344.89,Yes
2269-WGPUW,Male,0,No,No,59,Yes,No,No,No internet service,No internet service,No internet service,No internet service,No internet service,No internet service,Two year,Yes,Mailed check,21.0,1244.16,No
8325-WOGAN,Female,0,Yes,No,54,No,No phone service,Fiber optic,Yes,Yes,No,No,Yes,Yes,Two year,Yes,Credit card (automatic),93.16,5047.32,No
5815-ZCLWM,Male,1,Yes,Yes,56,Yes,No,Fiber optic,No,Yes,Yes,Yes,Yes,Yes,Month-to-month,Yes,Mailed check,113.31,6381.38,Yes
1263-MNQIX,Female,0,No,No,18,Yes,Yes,Fiber optic,No,No,Yes,No,No,No,Two year,Yes,Mailed check,74.59,1301.67,No
7748-VWPAA,Male,1,No,No,49,Yes,Yes,DSL,No,No,Yes,Yes,Yes,No,Month-to-month,Yes,Credit card (automatic),67.34,3326.29,No
9498-RIDKI,Male,0,No,No,10,No,No phone service,Fiber optic,No,No,Yes,No,Yes,Yes,One year,No,Bank transfer (automatic),78.17,774.59,No
3931-OVEYY,Male,0,Yes,Yes,8,Yes,No,Fiber optic,No,Yes,No,No,No,No,Two year,No,Mailed check,76.53,583.67,No
1406-ZWJOW,Female,0,No,No,18,Yes,No,DSL,Yes,No,Yes,No,No,No,Two year,No,Electronic check,58.42,1070.72,No
5115-YGAOA,Female,1,Yes,Yes,52,Yes,No,No,No internet service,No internet service,No internet service,No internet service,No internet service,No internet service,Month-to-month,No,Electronic check,18.25,988.78,No
9221-JTUKI,Male,0,No,No,30,Yes,No,DSL,No,No,No,Yes,No,No,Month-to-month,No,Electronic check,49.66,1469.98,No
4770-CMFPS,Female,0,Yes,No,17,Yes,Yes,No,No internet service,No internet service,No internet service,No internet service,No internet service,No internet service,Month-to-month,Yes,Electronic check,19.6,374.16,No
6781-DDEJI,Male,0,Yes,Yes,16,Yes,Yes,Fiber optic,No,No,Yes,No,Yes,Yes,Month-to-month,No,Mailed check,85.99,1395.92,Yes
6594-HLTSD,Male,0,No,Yes,59,Yes,No,DSL,No,No,No,No,No,No,Month-to-month,No,Mailed check,46.4,2719.64,Yes
2103-VLGAI,Male,0,No,Yes,43,Yes,No,DSL,No,No,No,Yes,Yes,No,One year,Yes,Mailed check,62.59,2710.56,Yes
9858-OAIGB,Female,0,Yes,No,61,Yes,Yes,Fiber optic,Yes,No,No,Yes,Yes,No,Month-to-month,No,Bank transfer (automatic),88.78,5411.78,No
9672-DODUS,Female,0,Yes,No,58,Yes,Yes,DSL,Yes,No,No,No,Yes,No,Month-to-month,No,Bank transfer (automatic),61.15,3525.44,No
1659-HIJBM,Female,0,No,Yes,4,Yes,No,DSL,No,Yes,Yes,No,Yes,No,Month-to-month,Yes,Mailed check,60.37,263.6,Yes
5441-FWTZI,Male,0,No,No,53,No,No phone service,Fiber optic,Yes,Yes,No,Yes,Yes,No,Month-to-month,No,Credit card (automatic),89.47,4710.38,Yes
2424-QXSFX,Male,0,Yes,No,44,Yes,No,No,No internet service,No internet service,No internet service,No internet service,No internet service,No internet service,One year,No,Electronic check,18.83,815.67,No
1080-OVQTZ,Female,0,No,Yes,11,Yes,Yes,Fiber optic,Yes,No,Yes,Yes,Yes,Yes,Month-to-month,No,Electronic check,104.07,1167.68,Yes
5718-TGEBP,Male,1,Yes,No,18,Yes,No,Fiber optic,No,No,Yes,No,Yes,No,One year,No,Electronic check,72.46,1306.47,Yes
2761-KOFKU,Female,0,No,No,22,Yes,No,Fiber optic,No,Yes,Yes,No,Yes,No,Month-to-month,No,Electronic check,87.97,1951.79,Yes
4813-IRGTY,Female,0,Yes,No,72,Yes,Yes,Fiber optic,No,No,No,No,Yes,Yes,Two year,Yes,Bank transfer (automatic),77.6,5621.39,No
7988-NZCFN,Male,0,Yes,No,26,Yes,Yes,DSL,Yes,No,No,No,Yes,Yes,Two year,No,Mailed check,69.95,1810.34,No
6229-FYGRE,Female,0,No,Yes,42,Yes,Yes,Fiber optic,No,Yes,No,Yes,No,Yes,Month-to-month,No,Mailed check,83.3,3473.44,Yes
5360-VHSTB,Female,0,Yes,Yes,53,Yes,No,Fiber optic,Yes,Yes,Yes,No,Yes,No,Month-to-month,Yes,Electronic check,94.71,5032.67,Yes
8535-DPJBK,Male,0,No,Yes,17,Yes,Yes,DSL,Yes,No,No,No,No,Yes,One year,Yes,Electronic check,56.83,976.42,No
2076-AJQWW,Female,0,Yes,Yes,58,Yes,No,DSL,No,Yes,No,Yes,No,No,Two year,Yes,Electronic check,57.82,3336.41,No
5923-VBCKS,Female,0,Yes,No,24,Yes,No,Fiber optic,No,No,Yes,No,No,No,Month-to-month,Yes,Mailed check,77.64,1899.07,Yes
8646-PLCRT,Male,0,No,No,72,Yes,No,DSL,Yes,No,Yes,Yes,Yes,No,Month-to-month,No,Mailed check,75.6,5407.28,No
4880-PIHFM,Female,0,No,No,11,Yes,No,Fiber optic,No,No,No,No,Yes,Yes,Month-to-month,Yes,Mailed check,80.66,889.7,Yes
6346-UYZAB,Male,1,Yes,No,22,Yes,Yes,Fiber optic,Yes,No,Yes,Yes,No,No,One year,No,Electronic check,83.44,1826.35,Yes
6166-CFBXB,Female,0,No,No,55,Yes,No,DSL,Yes,No,Yes,No,No,Yes,Two year,Yes,Electronic check,65.36,3589.86,No
5995-HRXNZ,Female,0,Yes,Yes,13,Yes,No,No,No internet service,No internet service,No internet service,No internet service,No internet service,No internet service,Month-to-month,No,Electronic check,22.25,304.59,No
6842-PSXOB,Female,1,No,No,46,Yes,Yes,No,No internet service,No internet service,No internet service,No internet service,No internet service,No internet service,Month-to-month,Yes,Mailed check,21.45,993.01,Yes
6876-XTDKT,Male,0,Yes,Yes,19,Yes,Yes,Fiber optic,Yes,No,No,No,No,No,Month-to-month,No,Credit card (automatic),70.47,1331.37,Yes
1300-ACUNP,Female,0,No,Yes,9,Yes,No,Fiber optic,Yes,No,No,No,No,Yes,One year,Yes,Credit card (automatic),74.19,687.45,Yes
6035-HVDHV,Male,1,Yes,No,7,Yes,No,Fiber optic,Yes,No,Yes,No,No,No,Two year,Yes,Credit card (automatic),82.59,611.77,Yes
5853-XNDGR,Male,0,No,No,29,Yes,Yes,DSL,Yes,No,Yes,No,No,Yes,One year,Yes,Credit card (automatic),70.58,2021.55,No
6401-PPOEY,Male,1,No,No,36,Yes,No,Fiber optic,Yes,Yes,No,No,Yes,Yes,Two year,No,Bank transfer (automatic),96.36,3477.05,Yes
5180-YOQTD,Female,0,No,Yes,10,Yes,No,DSL,No,Yes,No,Yes,Yes,No,Month-to-month,No,Mailed check,64.04,640.67,Yes
9464-JHBWO,Male,0,Yes,No,38,Yes,Yes,No,No internet service,No internet service,No internet service,No internet service,No internet service,No internet service,Month-to-month,No,Electronic check,19.28,706.54,No
5005-MRQFY,Male,0,Yes,Yes,7,Yes,Yes,Fiber optic,Yes,No,No,No,Yes,No,Month-to-month,No,Bank transfer (automatic),74.74,550.98,Yes
5606-FMBNB,Female,0,Yes,No,18,Yes,No,Fiber optic,Yes,No,No,Yes,No,No,Month-to-month,Yes,Bank transfer (automatic),82.22,1493.5,Yes
8110-RNWPV,Male,1,No,No,24,Yes,No,DSL,No,No,No,No,Yes,No,Month-to-month,Yes,Mailed check,53.32,1258.04,Yes
9927-JGLMD,Male,1,Yes,No,22,Yes,No,Fiber optic,No,Yes,No,No,No,Yes,Two year,No,Credit card (automatic),80.81,1813.27,Yes
8238-BDJMT,Male,0,No,No,28,Yes,No,DSL,No,No,No,No,Yes,Yes,Month-to-month,Yes,Electronic check,62.18,1784.93,Yes
1487-SAPHN,Male,0,Yes,No,23,Yes,Yes,Fiber optic,No,Yes,No,No,Yes,No,Month-to-month,Yes,Bank transfer (automatic),80.09,1826.21,Yes
2920-LECXV,Female,0,No,No,20,Yes,Yes,Fiber optic,Yes,Yes,Yes,Yes,No,No,Month-to-month,No,Electronic check,103.87,2122.58,Yes
9172-ZMKON,Male,0,No,Yes,20,Yes,Yes,Fiber optic,No,No,No,Yes,Yes,No,Two year,Yes,Credit card (automatic),73.43,1461.83,No
2810-GMACP,Male,1,No,Yes,15,Yes,No,Fiber optic,No,No,Yes,No,Yes,Yes,Month-to-month,No,Bank transfer (automatic),94.09,1371.9,Yes
9758-AQNIT,Female,0,No,No,39,Yes,Yes,DSL,Yes,Yes,Yes,Yes,No,No,One year,No,Bank transfer (automatic),81.9,3177.55,No
3642-RIWYI,Female,0,No,No,21,Yes,No,Fiber optic,Yes,Yes,Yes,No,Yes,Yes,Two year,Yes,Electronic check,116.93,2442.22,No
8463-GVOAJ,Female,1,No,No,13,Yes,No,DSL,Yes,No,No,No,Yes,No,One year,Yes,Bank transfer (automatic),67.08,849.19,No
4744-XVAMH,Female,0,No,Yes,37,Yes,No,No,No internet service,No internet service,No internet service,No internet service,No internet service,No internet service,One year,Yes,Bank transfer (automatic),20.36,731.7,No
7231-CZMMQ,Female,0,No,Yes,33,Yes,Yes,Fiber optic,No,Yes,No,Yes,Yes,Yes,Month-to-month,Yes,Bank transfer (automatic),95.11,3131.02,Yes
2964-IUCMG,Male,0,Yes,No,10,Yes,Yes,Fiber optic,Yes,No,No,No,No,Yes,One year,No,Bank transfer (automatic),86.54,865.18,Yes
2330-PNHBF,Female,0,Yes,No,65,Yes,Yes,No,No internet service,No internet service,No internet service,No internet service,No internet service,No internet service,One year,No,Electronic check,18.38,1159.3,No
2934-KFLUS,Female,0,No,No,18,Yes,Yes,DSL,No,Yes,Yes,No,No,Yes,One year,No,Bank transfer (automatic),66.64,1185.75,No
7061-RWLVP,Male,0,No,Yes,18,Yes,No,Fiber optic,Yes,Yes,No,No,No,Yes,One year,Yes,Credit card (automatic),81.74,1487.99,No
7612-ICIBH,Male,0,Yes,Yes,24,Yes,No,Fiber optic,No,No,Yes,No,No,Yes,Two year,No,Credit card (automatic),76.64,1833.19,Yes
6104-DOPRA,Male,0,Yes,No,32,Yes,No,Fiber optic,No,Yes,Yes,No,No,Yes,Two year,Yes,Mailed check,90.5,2883.73,No
7681-WFXDZ,Female,0,No,No,25,Yes,No,Fiber optic,No,No,Yes,No,Yes,Yes,Month-to-month,No,Mailed check,88.46,2178.27,Yes
6358-DTTSY,Female,0,Yes,Yes,12,Yes,Yes,No,No internet service,No internet service,No internet service,No internet service,No internet service,No internet service,Two year,No,Electronic check,23.23,258.51,No
3776-MYYIJ,Female,1,No,No,4,Yes,Yes,Fiber optic,Yes,No,Yes,No,No,Yes,Month-to-month,Yes,Bank transfer (automatic),86.28,402.78,Yes
7966-QXIES,Male,0,No,No,65,Yes,No,No,No internet service,No internet service,No internet service,No internet service,No internet service,No internet service,Month-to-month,No,Mailed check,18.68,1252.1,No
2169-AXOSN,Male,0,Yes,Yes,11,Yes,Yes,Fiber optic,No,Yes,Yes,Yes,No,Yes,Month-to-month,Yes,Electronic check,98.28,1087.56,Yes
6549-RPUES,Male,1,Yes,No,35,Yes,Yes,Fiber optic,No,No,Yes,Yes,No,Yes,Month-to-month,Yes,Bank transfer (automatic),77.65,2690.0,Yes
9977-WMKEC,Female,0,Yes,No,25,Yes,No,DSL,Yes,Yes,Yes,No,No,Yes,Month-to-month,Yes,Credit card (automatic),68.45,1700.62,Yes
4404-QFAQK,Female,0,Yes,Yes,3,Yes,Yes,DSL,No,No,Yes,No,No,No,Two year,Yes,Bank transfer (automatic),50.6,167.69,Yes
4627-MVNDP,Female,1,No,No,14,Yes,No,No,No internet service,No internet service,No internet service,No internet service,No internet service,No internet service,Month-to-month,No,Electronic check,20.95,308.03,No
2145-SJZYI,Female,0,No,Yes,72,Yes,Yes,No,No internet service,No internet service,No internet service,No internet service,No internet service,No internet service,Month-to-month,No,Electronic check,24.11,1742.29,No
2222-NVZLK,Female,0,No,No,4,Yes,No,Fiber optic,Yes,Yes,Yes,No,No,No,One year,No,Electronic check,90.43,390.51,Yes
9693-EEIDV,Female,0,Yes,No,19,Yes,Yes,Fiber optic,No,No,No,Yes,No,Yes,Month-to-month,Yes,Mailed check,81.47,1523.76,Yes
1292-ZHICZ,Male,0,No,No,32,Yes,No,DSL,No,No,Yes,Yes,Yes,Yes,Two year,Yes,Credit card (automatic),74.28,2397.79,No
1160-TSSYU,Male,0,Yes,No,11,Yes,Yes,DSL,Yes,No,No,No,Yes,No,Month-to-month,Yes,Bank transfer (automatic),60.82,674.04,Yes
4684-MJDIJ,Male,0,No,No,27,Yes,Yes,DSL,No,No,No,Yes,Yes,Yes,Two year,No,Mailed check,71.77,1959.34,No
9825-JJCWV,Male,0,Yes,No,37,No,No phone service,No,No internet service,No internet service,No internet service,No internet service,No internet service,No internet service,Month-to-month,Yes,Bank transfer (automatic),18.25,667.28,No
8635-UDOGW,Male,0,No,No,34,Yes,No,DSL,Yes,No,No,No,Yes,Yes,Month-to-month,Yes,Credit card (automatic),64.0,2200.4,No
2534-SIGZH,Male,0,No,Yes,27,Yes,No,Fiber optic,No,Yes,No,Yes,No,No,Month-to-month,Yes,Bank transfer (automatic),79.21,2162.41,No
7952-LXBPV,Female,0,Yes,No,22,No,No phone service,Fiber optic,Yes,Yes,No,Yes,Yes,Yes,Two year,Yes,Bank transfer (automatic),107.84,2364.06,No
2192-XIJET,Male,0,No,Yes,11,Yes,No,Fiber optic,No,Yes,No,No,Yes,No,Month-to-month,No,Electronic check,69.92,782.21,Yes
1583-GAKCN,Female,1,Yes,No,37,Yes,No,Fiber optic,No,No,Yes,No,Yes,Yes,Month-to-month,Yes,Bank transfer (automatic),81.18,3016.39,Yes
8882-MQXJG,Female,0,Yes,No,25,Yes,No,Fiber optic,Yes,No,Yes,No,No,Yes,Month-to-month,No,Credit card (automatic),88.87,2248.89,Yes
5182-KQFKA,Female,0,No,No,72,Yes,No,DSL,No,Yes,No,Yes,Yes,No,Month-to-month,Yes,Electronic check,62.13,4461.29,No
6928-SPZYH,Female,0,No,No,44,Yes,Yes,Fiber optic,No,Yes,No,No,Yes,Yes,Month-to-month,Yes,Electronic check,86.37,3813.23,No
7810-BTUEQ,Male,0,Yes,No,16,No,No phone service,Fiber optic,No,Yes,No,No,Yes,No,Month-to-month,Yes,Credit card (automatic),76.38,1247.17,Yes
6861-ANGVE,Female,0,Yes,No,30,Yes,No,No,No internet service,No internet service,No internet service,No internet service,No internet service,No internet service,Two year,No,Mailed check,18.25,564.01,No
2209-AACTA,Male,1,Yes,No,8,Yes,Yes,Fiber optic,Yes,No,Yes,Yes,Yes,No,Two year,Yes,Mailed check,91.86,739.64,Yes
9116-NOUBD,Female,0,No,No,4,Yes,Yes,Fiber optic,No,Yes,Yes,Yes,Yes,No,Month-to-month,Yes,Bank transfer (automatic),98.37,416.66,Yes
9660-HQRCC,Male,0,No,Yes,16,Yes,Yes,No,No internet service,No internet service,No internet service,No internet service,No internet service,No internet service,Two year,Yes,Mailed check,22.37,343.01,No
1286-ZDZWX,Male,0,Yes,No,7,Yes,No,DSL,No,No,Yes,No,No,No,Month-to-month,Yes,Credit card (automatic),49.61,335.89,Yes
3342-BTEDP,Female,0,Yes,Yes,40,Yes,No,DSL,No,No,No,No,No,No,Month-to-month,No,Electronic check,41.53,1673.7,Yes
7316-IBJAX,Female,0,No,Yes,72,Yes,No,DSL,No,No,Yes,No,Yes,Yes,Month-to-month,Yes,Bank transfer (automatic),72.91,5282.36,Yes
2615-SHXEC,Male,0,No,Yes,53,Yes,No,No,No internet service,No internet service,No internet service,No internet service,No internet service,No internet service,Month-to-month,No,Mailed check,22.11,1161.56,No
6173-LCWZW,Female,0,Yes,No,18,Yes,No,Fiber optic,No,No,No,No,No,Yes,Month-to-month,Yes,Mailed check,71.7,1282.02,Yes
3027-NAQUT,Male,0,No,No,42,Yes,No,Fiber optic,No,Yes,No,Yes,Yes,No,Two year,No,Mailed check,79.47,3344.49,No
6973-RDJNB,Female,0,Yes,No,15,Yes,No,Fiber optic,No,Yes,No,No,No,No,One year,Yes,Credit card (automatic),72.12,1087.03,Yes
8522-SEBXX,Male,0,Yes,No,58,Yes,Yes,Fiber optic,No,No,No,Yes,No,Yes,Month-to-month,Yes,Mailed check,79.64,4631.97,No
5451-VYODV,Male,0,No,No,37,Yes,No,Fiber optic,No,No,Yes,No,No,No,Month-to-month,No,Electronic check,74.69,2759.84,No
1926-LEFEB,Male,0,No,Yes,24,Yes,No,DSL,No,No,No,No,Yes,No,Month-to-month,No,Electronic check,50.99,1184.86,No
6091-KQOPQ,Male,0,Yes,No,23,Yes,Yes,Fiber optic,Yes,No,Yes,Yes,Yes,No,Month-to-month,Yes,Credit card (automatic),88.28,2047.84,Yes
8257-RZJZF,Male,1,No,No,37,Yes,No,Fiber optic,No,Yes,Yes,Yes,Yes,No,Month-to-month,Yes,Mailed check,91.93,3413.49,Yes
2733-CRYCO,Male,1,No,No,23,Yes,No,Fiber optic,No,No,Yes,Yes,Yes,Yes,Month-to-month,Yes,Bank transfer (automatic),101.86,2354.09,Yes
6220-OYAHE,Male,0,No,No,51,Yes,Yes,DSL,No,No,Yes,Yes,No,Yes,Month-to-month,Yes,Bank transfer (automatic),68.86,3510.19,Yes
5410-VBRFO,Male,1,No,No,18,Yes,No,DSL,Yes,Yes,Yes,Yes,No,No,Month-to-month,Yes,Electronic check,73.25,1343.97,No
5881-LXTVV,Female,0,No,No,21,Yes,No,DSL,Yes,Yes,No,Yes,No,No,Two year,Yes,Electronic check,73.26,1526.47,No
4686-OYSUA,Male,0,No,No,22,Yes,No,No,No internet service,No internet service,No internet service,No internet service,No internet service,No internet service,One year,Yes,Bank transfer (automatic),21.7,489.38,No
4600-TQOOQ,Female,0,Yes,No,20,Yes,No,DSL,Yes,Yes,Yes,No,No,No,Month-to-month,Yes,Mailed check,71.9,1408.29,Yes
7353-TPBCF,Female,1,No,Yes,12,Yes,Yes,Fiber optic,No,No,No,No,Yes,Yes,Month-to-month,Yes,Bank transfer (automatic),82.32,1030.79,Yes
1564-ITNZV,Male,0,Yes,Yes,17,Yes,No,DSL,No,No,No,Yes,Yes,Yes,Two year,Yes,Bank transfer (automatic),68.17,1105.7,No
7126-YLDCA,Female,0,No,No,24,No,No phone service,DSL,Yes,No,No,Yes,Yes,No,Month-to-month,No,Mailed check,65.07,1552.02,No
5319-BHCRY,Male,0,Yes,No,23,Yes,Yes,Fiber optic,Yes,Yes,Yes,Yes,No,No,Month-to-month,Yes,Credit card (automatic),89.24,2016.28,No
1599-EHKCQ,Male,0,Yes,No,70,No,No phone service,No,No internet service,No internet service,No internet service,No internet service,No internet service,No internet service,Month-to-month,No,Credit card (automatic),19.23,1331.76,No
8520-XKKHF,Female,0,No,No,32,Yes,No,Fiber optic,No,Yes,No,No,Yes,Yes,Two year,Yes,Mailed check,85.5,2709.12,Yes
2777-ROOVR,Female,0,Yes,No,60,Yes,No,Fiber optic,No,Yes,Yes,No,Yes,No,Month-to-month,Yes,Mailed check,94.48,5651.44,Yes
3723-TFXGR,Female,0,Yes,No,6,Yes,No,Fiber optic,No,No,No,No,No,No,One year,No,Mailed check,64.5,396.9,No
3765-BLCDD,Male,1,Yes,No,47,Yes,No,Fiber optic,Yes,Yes,No,No,Yes,No,Month-to-month,No,Electronic check,86.13,4032.4,Yes
9418-ASLOJ,Female,0,No,No,32,No,No phone service,No,No internet service,No internet service,No internet service,No internet service,No internet service,No internet service,Month-to-month,No,Bank transfer (automatic),18.27,557.19,No
2082-OLQVU,Male,0,Yes,No,22,Yes,Yes,DSL,Yes,No,No,No,No,No,Month-to-month,No,Credit card (automatic),47.72,1072.73,No
8061-AGDMO,Male,0,Yes,No,11,Yes,Yes,DSL,No,No,Yes,No,No,Yes,One year,Yes,Electronic check,60.47,693.02,Yes
3287-FQAAD,Male,0,No,No,40,Yes,Yes,Fiber optic,Yes,Yes,No,Yes,No,No,One year,No,Bank transfer (automatic),85.43,3437.13,No
8146-ZJFJA,Female,0,No,Yes,36,Yes,No,Fiber optic,Yes,Yes,No,No,Yes,Yes,One year,Yes,Bank transfer (automatic),97.51,3517.39,No
2982-LZHWS,Male,0,No,Yes,41,Yes,No,Fiber optic,No,Yes,No,No,No,No,Month-to-month,Yes,Electronic check,70.25,2878.07,Yes
3783-VRGAK,Female,0,Yes,No,16,Yes,No,No,No internet service,No internet service,No internet service,No internet service,No internet service,No internet service,One year,No,Mailed check,20.43,317.06,No
4620-URAET,Female,0,No,No,51,Yes,Yes,DSL,Yes,Yes,Yes,No,Yes,No,Month-to-month,Yes,Credit card (automatic),72.68,3748.99,No
4489-VUFJU,Female,0,No,No,38,Yes,No,No,No internet service,No internet service,No internet service,No internet service,No internet service,No internet service,Month-to-month,Yes,Electronic check,19.9,775.33,No
1181-OFHMD,Female,1,No,No,18,Yes,No,Fiber optic,No,No,No,No,No,No,Two year,Yes,Credit card (automatic),62.17,1117.8,No
6217-RWTFM,Female,0,No,No,66,Yes,Yes,No,No internet service,No internet service,No internet service,No internet service,No internet service,No internet service,Month-to-month,Yes,Mailed check,18.9,1202.83,No
9841-MKLEK,Male,0,Yes,No,29,Yes,No,Fiber optic,No,No,No,Yes,Yes,No,One year,Yes,Credit card (automatic),80.38,2337.02,No
6592-CNQDV,Male,0,No,Yes,4,Yes,No,Fiber optic,Yes,Yes,No,Yes,No,Yes,Month-to-month,Yes,Credit card (automatic),91.93,327.48,No
7058-NAOYZ,Female,0,No,Yes,18,Yes,No,Fiber optic,Yes,Yes,No,No,Yes,Yes,Month-to-month,No,Mailed check,101.4,1827.74,No
9281-YUCOX,Male,1,Yes,No,51,Yes,No,Fiber optic,No,Yes,Yes,No,No,No,Two year,No,Bank transfer (automatic),79.84,4091.38,No
7735-MKVIQ,Male,0,Yes,No,18,Yes,No,No,No internet service,No internet service,No internet service,No internet service,No internet service,No internet service,Month-to-month,Yes,Bank transfer (automatic),18.25,353.69,No
7468-PVBFC,Male,0,Yes,Yes,25,Yes,Yes,Fiber optic,No,No,Yes,Yes,No,Yes,Month-to-month,No,Bank transfer (automatic),92.45,2296.22,Yes
2437-VBKAM,Male,0,No,Yes,52,Yes,Yes,DSL,No,No,Yes,No,Yes,No,Two year,No,Electronic check,56.18,2904.9,No
6159-CNUUK,Male,0,Yes,No,18,Yes,Yes,No,No internet service,No internet service,No internet service,No internet service,No internet service,No internet service,Two year,No,Bank transfer (automatic),18.94,301.43,Yes
3700-XKMHI,Male,0,No,No,43,Yes,No,Fiber optic,No,No,No,No,Yes,No,Month-to-month,Yes,Electronic check,72.31,3091.45,Yes
7574-GMKNN,Female,0,No,No,8,Yes,Yes,Fiber optic,No,Yes,Yes,No,Yes,Yes,Month-to-month,Yes,Bank transfer (automatic),88.94,698.93,Yes
1959-GRVIJ,Male,0,Yes,No,32,Yes,Yes,DSL,No,Yes,Yes,No,No,No,Month-to-month,No,Credit card (automatic),56.05,1765.2,No
3900-TEQGA,Female,0,Yes,Yes,30,Yes,No,Fiber optic,Yes,No,Yes,No,Yes,Yes,One year,Yes,Electronic check,94.09,2813.27,Yes
1395-PPXVY,Female,0,Yes,No,34,Yes,Yes,Fiber optic,Yes,Yes,Yes,Yes,Yes,No,One year,No,Mailed check,106.34,3616.93,Yes
3859-VARMC,Male,0,Yes,Yes,37,Yes,Yes,No,No internet service,No internet service,No internet service,No internet service,No internet service,No internet service,One year,Yes,Electronic check,19.23,697.82,No
5938-JQPIF,Female,0,No,Yes,26,Yes,No,Fiber optic,Yes,No,No,No,Yes,Yes,Month-to-month,No,Mailed check,90.25,2307.71,No
2193-JJEXY,Female,0,No,No,24,Yes,No,DSL,No,Yes,No,No,No,No,Month-to-month,No,Mailed check,55.94,1271.83,Yes
4788-TZFSI,Female,0,No,No,25,Yes,No,Fiber optic,Yes,Yes,Yes,No,No,Yes,Month-to-month,No,Credit card (automatic),94.45,2401.37,Yes
4972-VLTOK,Male,0,No,No,64,Yes,Yes,Fiber optic,Yes,No,Yes,No,No,Yes,Two year,No,Electronic check,94.44,6041.41,No
6297-PUXAF,Male,0,Yes,No,28,Yes,Yes,Fiber optic,Yes,No,No,Yes,Yes,No,Month-to-month,No,Bank transfer (automatic),79.36,2197.03,Yes
3197-SQRAB,Male,0,No,No,72,Yes,No,No,No internet service,No internet service,No internet service,No internet service,No internet service,No internet service,Month-to-month,No,Bank transfer (automatic),22.14,1559.97,No
9249-KHLVY,Female,0,Yes,Yes,36,Yes,No,No,No internet service,No internet service,No internet service,No internet service,No internet service,No internet service,One year,Yes,Electronic check,24.61,872.3,No
5129-OAZBB,Female,0,No,No,28,Yes,No,No,No internet service,No internet service,No internet service,No internet service,No internet service,No internet service,Two year,Yes,Mailed check,25.29,706.2,No
3567-NMXET,Female,0,Yes,No,9,Yes,Yes,DSL,No,No,Yes,Yes,Yes,No,Month-to-month,No,Electronic check,66.44,598.6,Yes
8296-AOUNU,Female,0,Yes,Yes,45,Yes,No,DSL,Yes,Yes,No,No,Yes,Yes,Month-to-month,Yes,Electronic check,76.18,3454.75,No
9564-FGIXO,Female,0,No,No,21,Yes,No,DSL,No,Yes,No,No,No,No,One year,No,Mailed check,54.91,1129.86,Yes
5485-TNZWF,Female,0,No,Yes,50,Yes,No,No,No internet service,No internet service,No internet service,No internet service,No internet service,No internet service,Two year,Yes,Electronic check,20.56,1032.14,No
1370-ITDJE,Male,0,Yes,Yes,14,Yes,Yes,Fiber optic,No,No,No,No,No,No,Month-to-month,Yes,Bank transfer (automatic),59.88,867.93,Yes
8406-GLIFF,Female,0,Yes,Yes,25,Yes,Yes,DSL,No,Yes,No,Yes,Yes,Yes,Two year,Yes,Electronic check,74.77,1836.8,No
7029-ERVQQ,Male,0,No,Yes,20,Yes,Yes,Fiber optic,No,Yes,Yes,Yes,No,Yes,Two year,Yes,Bank transfer (automatic),93.36,1881.82,No
5080-HAOUM,Male,0,No,No,43,Yes,No,No,No internet service,No internet service,No internet service,No internet service,No internet service,No internet service,Month-to-month,No,Electronic check,18.25,781.74,No
8097-TLYVL,Female,0,No,No,67,Yes,No,DSL,No,Yes,No,Yes,No,Yes,Month-to-month,Yes,Mailed check,71.3,4775.03,No
6419-LDYZR,Female,0,Yes,No,25,Yes,Yes,Fiber optic,Yes,No,Yes,No,No,No,Month-to-month,No,Electronic check,80.04,1996.01,Yes
5180-TMYDP,Male,0,Yes,No,19,Yes,No,Fiber optic,No,Yes,No,Yes,No,No,Month-to-month,Yes,Bank transfer (automatic),81.77,1541.68,Yes
6131-SUOFL,Male,0,No,No,10,Yes,No,DSL,No,Yes,No,No,Yes,No,Month-to-month,No,Credit card (automatic),56.68,539.77,Yes
4051-UQBGV,Male,0,No,No,17,Yes,Yes,Fiber optic,No,Yes,Yes,No,No,Yes,Month-to-month,No,Electronic check,88.81,1519.44,Yes
5413-LXOTB,Male,0,Yes,No,68,Yes,No,No,No internet service,No internet service,No internet service,No internet service,No internet service,No internet service,One year,No,Bank transfer (automatic),18.85,1295.68,No
8341-JPPQE,Male,0,Yes,No,25,Yes,No,DSL,No,No,No,No,Yes,Yes,Month-to-month,Yes,Mailed check,64.16,1639.09,Yes
4031-CVCUE,Female,0,Yes,No,35,Yes,No,Fiber optic,Yes,Yes,No,Yes,No,No,Two year,Yes,Bank transfer (automatic),93.43,3263.47,No
2733-SZTTY,Female,0,No,No,7,Yes,No,No,No internet service,No internet service,No internet service,No internet service,No internet service,No internet service,One year,No,Mailed check,18.25,114.14,No
6330-TYAGH,Male,0,Yes,Yes,7,Yes,No,Fiber optic,Yes,No,Yes,No,Yes,Yes,Month-to-month,Yes,Mailed check,101.31,725.23,Yes
8339-JQCVT,Male,0,No,No,6,Yes,Yes,DSL,No,No,No,No,Yes,No,Month-to-month,Yes,Credit card (automatic),57.14,353.97,Yes
6456-KDZAM,Male,0,No,Yes,57,Yes,No,Fiber optic,No,Yes,No,Yes,No,Yes,Month-to-month,Yes,Credit card (automatic),98.4,5634.75,No
6284-PPNTE,Male,0,Yes,Yes,26,Yes,Yes,Fiber optic,No,No,No,Yes,No,No,Month-to-month,No,Credit card (automatic),75.7,1930.5,Yes
6591-AOLSH,Female,0,Yes,No,14,Yes,Yes,DSL,Yes,No,No,No,Yes,Yes,Two year,Yes,Electronic check,72.41,1020.17,Yes
3509-EWYJD,Female,0,Yes,No,46,No,No phone service,DSL,No,No,Yes,No,No,Yes,Month-to-month,Yes,Credit card (automatic),59.62,2740.01,No
6781-IHYRD,Female,0,Yes,Yes,20,Yes,No,No,No internet service,No internet service,No internet service,No internet service,No internet service,No internet service,Month-to-month,No,Bank transfer (automatic),20.23,382.89,No
8909-WZKPP,Male,0,No,No,50,Yes,No,Fiber optic,No,No,Yes,No,No,Yes,One year,No,Credit card (automatic),78.61,3906.32,No
4846-CKTTK,Female,0,No,No,25,Yes,No,DSL,No,No,No,No,Yes,No,Month-to-month,Yes,Bank transfer (automatic),50.33,1249.2,Yes
3244-GKGAJ,Male,0,Yes,Yes,50,Yes,Yes,DSL,No,No,No,No,No,No,Month-to-month,No,Electronic check,47.82,2389.8,No
8352-KJRKY,Male,0,No,No,12,No,No phone service,No,No internet service,No internet service,No internet service,No internet service,No internet service,No internet service,Month-to-month,Yes,Bank transfer (automatic),18.25,167.39,No
5970-JXWAN,Female,0,Yes,No,34,Yes,Yes,No,No internet service,No internet service,No internet service,No internet service,No internet service,No internet service,Month-to-month,No,Electronic check,22.98,795.34,No
3770-RQZZO,Female,0,No,No,41,Yes,No,Fiber optic,No,Yes,Yes,No,Yes,No,Month-to-month,Yes,Mailed check,85.46,3514.14,Yes
1815-DRHZN,Female,0,No,Yes,6,Yes,Yes,Fiber optic,No,No,No,Yes,No,No,Two year,Yes,Electronic check,69.4,423.45,No
3241-KDFVE,Female,0,Yes,No,26,Yes,Yes,DSL,No,Yes,Yes,No,No,Yes,Month-to-month,Yes,Bank transfer (automatic),66.07,1749.23,No
1037-BAKHF,Female,0,No,No,9,Yes,Yes,DSL,No,Yes,No,No,No,Yes,Month-to-month,No,Mailed check,67.6,591.1,Yes
9730-TUGEY,Female,0,No,Yes,7,Yes,Yes,No,No internet service,No internet service,No internet service,No internet service,No internet service,No internet service,Month-to-month,Yes,Credit card (automatic),19.36,138.17,No
7378-UEBZA,Male,0,Yes,No,21,Yes,No,Fiber optic,Yes,No,No,No,No,No,Two year,Yes,Bank transfer (automatic),69.95,1494.16,No
9137-GGIVU,Male,1,No,No,35,Yes,No,DSL,No,Yes,No,No,No,Yes,Month-to-month,No,Credit card (automatic),51.21,1784.15,No
5241-HZJEB,Male,0,Yes,Yes,14,Yes,No,Fiber optic,No,Yes,Yes,No,No,No,Month-to-month,No,Credit card (automatic),82.55,1159.7,Yes
5869-QJCLL,Male,1,Yes,No,22,Yes,Yes,Fiber optic,Yes,No,No,No,Yes,Yes,Two year,Yes,Credit card (automatic),86.75,1924.83,No
1948-NNKWR,Male,1,No,No,16,No,No phone service,No,No internet service,No internet service,No internet service,No internet service,No internet service,No internet service,Month-to-month,Yes,Bank transfer (automatic),19.38,321.5,No
9602-CJTQX,Male,0,Yes,No,47,Yes,No,DSL,No,No,Yes,No,No,Yes,One year,Yes,Bank transfer (automatic),60.33,2815.37,No
8147-MVQBM,Female,0,Yes,No,59,No,No phone service,Fiber optic,Yes,Yes,No,No,Yes,No,Month-to-month,Yes,Mailed check,88.42,5231.49,No
4937-MHZLZ,Female,0,Yes,Yes,72,Yes,Yes,Fiber optic,No,Yes,Yes,No,Yes,No,Month-to-month,Yes,Electronic check,86.48,6257.04,No
7426-YXEWI,Female,1,Yes,No,54,Yes,No,Fiber optic,No,Yes,No,No,Yes,Yes,Two year,Yes,Bank transfer (automatic),86.42,4671.95,No
1920-KIFYK,Male,0,Yes,No,38,No,No phone service,Fiber optic,No,Yes,Yes,No,No,Yes,Month-to-month,Yes,Electronic check,93.3,3542.89,Yes
7844-BSGDF,Female,0,Yes,Yes,47,Yes,No,Fiber optic,No,Yes,No,No,Yes,No,One year,Yes,Electronic check,83.99,3944.01,Yes
5208-JUKSS,Male,1,No,No,16,No,No phone service,Fiber optic,No,No,No,Yes,Yes,No,Month-to-month,Yes,Bank transfer (automatic),81.32,1299.52,Yes
9738-QWMJS,Male,0,Yes,No,21,Yes,No,DSL,No,Yes,No,Yes,No,No,One year,Yes,Mailed check,62.5,1310.37,Yes
3414-ZOVKC,Male,1,No,No,31,Yes,Yes,No,No internet service,No internet service,No internet service,No internet service,No internet service,No internet service,Month-to-month,Yes,Credit card (automatic),21.23,682.92,No
2163-ZFCOQ,Male,0,No,Yes,6,Yes,No,DSL,No,No,Yes,No,Yes,No,Two year,Yes,Mailed check,57.19,309.66,No
5620-BFVYI,Male,0,Yes,No,15,Yes,No,DSL,Yes,No,No,No,Yes,Yes,Month-to-month,No,Bank transfer (automatic),64.84,997.2,No
7127-MFQAU,Female,0,No,No,72,Yes,No,DSL,Yes,Yes,Yes,Yes,No,Yes,Two year,Yes,Electronic check,73.96,5251.03,No
9909-AKSKB,Female,0,No,No,21,Yes,Yes,DSL,Yes,No,No,No,Yes,Yes,Month-to-month,Yes,Bank transfer (automatic),68.07,1397.4,No
7782-OWVRI,Female,0,No,No,5,Yes,No,DSL,No,Yes,No,No,Yes,Yes,Month-to-month,Yes,Mailed check,68.17,342.23,No
9227-PNURH,Male,0,No,No,17,Yes,No,Fiber optic,Yes,No,Yes,Yes,No,Yes,Month-to-month,No,Electronic check,92.41,1607.79,No
7697-HGOXU,Female,0,Yes,No,29,No,No phone service,Fiber optic,No,Yes,No,No,Yes,No,Month-to-month,Yes,Credit card (automatic),79.02,2329.55,Yes
4258-NXDXG,Female,0,Yes,Yes,36,Yes,Yes,Fiber optic,No,No,No,Yes,Yes,Yes,One year,Yes,Electronic check,89.57,3244.26,No
8119-AIWIU,Male,0,No,No,25,Yes,No,No,No internet service,No internet service,No internet service,No internet service,No internet service,No internet service,Month-to-month,Yes,Electronic check,21.45,546.61,No
5374-ZKZIJ,Female,1,No,No,34,Yes,No,Fiber optic,No,No,No,No,No,Yes,Two year,Yes,Bank transfer (automatic),72.95,2487.3,No
3283-AMLLA,Male,0,No,No,15,Yes,No,No,No internet service,No internet service,No internet service,No internet service,No internet service,No internet service,Two year,Yes,Electronic check,20.06,295.54,No
5528-ZMNUM,Male,0,No,Yes,61,Yes,No,DSL,No,No,No,No,Yes,No,Month-to-month,No,Electronic check,52.49,3163.04,Yes
3693-PVYKZ,Male,0,Yes,No,52,No,No phone service,Fiber optic,Yes,Yes,Yes,No,No,No,Two year,Yes,Electronic check,77.06,3990.61,No
9865-DCOQC,Female,0,Yes,No,4,Yes,Yes,DSL,Yes,Yes,Yes,Yes,Yes,No,Two year,Yes,Electronic check,85.67,334.01,No
6241-KCXVJ,Male,0,No,No,11,Yes,No,Fiber optic,Yes,Yes,Yes,Yes,Yes,Yes,Month-to-month,No,Electronic check,110.92,1200.2,Yes
2550-RKTZF,Male,0,Yes,Yes,46,Yes,No,No,No internet service,No internet service,No internet service,No internet service,No internet service,No internet service,Two year,Yes,Electronic check,22.3,995.47,No
2611-UDHDC,Male,0,No,No,32,Yes,No,DSL,Yes,Yes,Yes,Yes,No,No,Two year,No,Credit card (automatic),78.24,2491.79,No
4217-QFZCM,Female,1,No,Yes,31,Yes,Yes,Fiber optic,No,No,Yes,Yes,No,Yes,Month-to-month,No,Mailed check,92.02,2823.63,Yes
1946-KLGPH,Male,0,Yes,Yes,28,Yes,No,Fiber optic,No,No,Yes,Yes,Yes,No,One year,No,Electronic check,94.05,2677.23,No
4567-VHKXT,Male,1,Yes,No,54,Yes,No,DSL,No,No,No,No,No,No,Month-to-month,Yes,Credit card (automatic),45.95,2493.6,No
5959-WRZNK,Male,0,No,No,31,Yes,Yes,Fiber optic,No,No,Yes,Yes,No,Yes,One year,Yes,Mailed check,87.95,2721.77,No
3074-FORQX,Female,1,No,No,37,Yes,No,DSL,Yes,No,No,Yes,No,No,One year,Yes,Bank transfer (automatic),59.84,2194.26,No
9522-HAJPY,Female,0,No,Yes,28,Yes,Yes,Fiber optic,No,Yes,Yes,No,Yes,No,Month-to-month,No,Electronic check,86.75,2413.62,Yes
7847-GREMG,Female,0,Yes,Yes,12,Yes,Yes,No,No internet service,No internet service,No internet service,No internet service,No internet service,No internet service,Two year,Yes,Mailed check,18.25,246.15,No
7234-GKSMF,Male,1,Yes,No,48,Yes,No,DSL,Yes,No,No,Yes,No,Yes,Two year,Yes,Bank transfer (automatic),62.8,2951.95,No
4356-KTWDT,Male,1,Yes,Yes,19,Yes,Yes,No,No internet service,No internet service,No internet service,No internet service,No internet service,No internet service,Two year,No,Mailed check,25.1,503.61,No
5060-GBKEQ,Female,0,Yes,No,19,Yes,No,Fiber optic,Yes,No,Yes,Yes,Yes,No,Month-to-month,Yes,Credit card (automatic),96.01,1852.9,No
3172-UHHSN,Male,0,Yes,Yes,23,Yes,No,DSL,Yes,Yes,No,No,No,Yes,Month-to-month,Yes,Credit card (automatic),71.47,1659.75,No
6991-GCRXM,Female,0,No,Yes,8,No,No phone service,Fiber optic,No,Yes,Yes,No,Yes,No,One year,Yes,Bank transfer (automatic),87.1,682.08,Yes
3353-JBAUH,Female,0,Yes,No,72,Yes,No,Fiber optic,No,No,Yes,No,No,Yes,One year,Yes,Electronic check,75.53,5433.99,Yes
1911-XNKNU,Male,1,No,Yes,46,Yes,Yes,Fiber optic,No,No,No,No,Yes,No,Two year,No,Mailed check,72.47,3278.07,No
9675-TAFZQ,Female,0,No,No,11,No,No phone service,Fiber optic,Yes,No,Yes,No,Yes,No,Two year,Yes,Electronic check,86.62,949.47,Yes
2564-LTKPK,Female,0,No,No,71,Yes,Yes,Fiber optic,No,Yes,Yes,No,Yes,Yes,Month-to-month,Yes,Mailed check,106.35,7537.59,Yes
5557-LKRNK,Male,0,No,Yes,17,Yes,No,No,No internet service,No internet service,No internet service,No internet service,No internet service,No internet service,One year,Yes,Mailed check,18.31,333.58,No
4991-HPROE,Male,0,Yes,No,19,No,No phone service,DSL,No,Yes,Yes,No,No,No,Month-to-month,Yes,Electronic check,56.53,1112.91,Yes
8027-AQFLU,Male,0,No,No,17,Yes,Yes,Fiber optic,No,Yes,Yes,No,Yes,Yes,Two year,Yes,Bank transfer (automatic),99.81,1715.04,No
8423-DWHPN,Female,0,Yes,No,63,Yes,No,DSL,No,No,Yes,No,No,No,Month-to-month,No,Electronic check,50.46,3178.05,No
4448-NTVYI,Male,1,Yes,Yes,56,Yes,No,Fiber optic,Yes,No,Yes,Yes,Yes,No,Month-to-month,Yes,Credit card (automatic),92.91,5212.5,Yes
8186-BMIVS,Male,0,No,No,23,Yes,No,DSL,No,No,Yes,No,Yes,Yes,Month-to-month,Yes,Electronic check,67.19,1537.92,Yes
9867-TQSTS,Female,0,Yes,No,25,Yes,Yes,DSL,Yes,Yes,Yes,No,Yes,No,Month-to-month,Yes,Electronic check,71.76,1817.45,Yes
5566-OPJHH,Male,0,Yes,Yes,45,Yes,No,DSL,Yes,Yes,No,No,No,No,Month-to-month,No,Electronic check,63.39,2848.59,No
3394-WEHOV,Male,0,No,Yes,44,Yes,No,No,No internet service,No internet service,No internet service,No internet service,No internet service,No internet service,Two year,Yes,Bank transfer (automatic),19.32,880.02,No
4152-VFWZU,Female,1,Yes,Yes,26,Yes,Yes,DSL,Yes,No,No,No,No,Yes,One year,Yes,Bank transfer (automatic),57.19,1478.64,No
3252-BWQMT,Male,0,Yes,Yes,26,Yes,Yes,Fiber optic,No,Yes,No,Yes,No,No,Month-to-month,Yes,Electronic check,75.67,1964.43,Yes
6276-WPHXK,Male,0,Yes,Yes,46,Yes,Yes,Fiber optic,No,Yes,Yes,Yes,No,No,Month-to-month,Yes,Electronic check,86.83,3974.48,Yes
8060-GXWFM,Male,0,Yes,No,5,Yes,No,DSL,Yes,No,No,No,Yes,Yes,Month-to-month,Yes,Electronic check,68.4,383.43,Yes
1705-GWRLA,Male,0,No,No,35,Yes,No,No,No internet service,No internet service,No internet service,No internet service,No internet service,No internet service,Two year,Yes,Electronic check,18.25,661.4,No
5172-RDYAR,Male,0,No,No,33,Yes,Yes,DSL,No,No,No,No,Yes,No,One year,Yes,Electronic check,50.65,1698.11,Yes
2563-FDCCF,Female,0,Yes,Yes,63,Yes,Yes,No,No internet service,No internet service,No internet service,No internet service,No internet service,No internet service,Month-to-month,No,Credit card (automatic),21.78,1399.06,No
4382-HCJLG,Female,0,No,Yes,37,Yes,No,DSL,Yes,No,No,No,Yes,Yes,Month-to-month,No,Electronic check,59.23,2183.54,No
2674-UVULE,Male,0,No,No,40,Yes,No,Fiber optic,Yes,Yes,No,No,Yes,Yes,Two year,Yes,Electronic check,100.06,3981.07,No
5538-MCFTN,Female,1,No,No,15,Yes,No,Fiber optic,No,Yes,Yes,Yes,Yes,No,Two year,Yes,Electronic check,98.5,1501.45,Yes
8427-JAKKT,Female,0,No,No,16,Yes,Yes,DSL,No,No,No,No,Yes,Yes,Two year,No,Bank transfer (automatic),65.37,1038.43,No
9423-FGCLB,Female,1,No,Yes,34,Yes,No,No,No internet service,No internet service,No internet service,No internet service,No internet service,No internet service,Month-to-month,No,Credit card (automatic),22.73,791.28,No
5622-SZAGC,Female,0,No,Yes,3,Yes,Yes,Fiber optic,Yes,Yes,Yes,Yes,No,Yes,Month-to-month,No,Electronic check,95.26,285.23,Yes
3301-PKEOT,Female,0,No,No,20,Yes,Yes,Fiber optic,Yes,No,Yes,No,No,No,Month-to-month,Yes,Mailed check,79.08,1599.76,Yes
1656-FEZRK,Female,1,Yes,No,9,Yes,No,DSL,No,No,Yes,No,No,Yes,Two year,Yes,Electronic check,51.35,471.69,No
3356-PTKPK,Male,0,Yes,Yes,17,Yes,Yes,DSL,No,No,Yes,Yes,No,No,Month-to-month,Yes,Electronic check,62.33,1043.32,Yes
6970-HXOZJ,Female,0,Yes,No,4,Yes,No,No,No internet service,No internet service,No internet service,No internet service,No internet service,No internet service,Two year,Yes,Mailed check,20.45,45.41,No
2536-MXQHB,Male,0,No,Yes,10,Yes,Yes,DSL,Yes,No,No,No,No,No,Month-to-month,No,Credit card (automatic),48.39,473.8,Yes
5962-OGGVC,Male,0,Yes,No,58,Yes,No,DSL,Yes,Yes,No,No,No,Yes,Month-to-month,Yes,Credit card (automatic),72.95,4238.36,No
8558-ESGAQ,Female,0,No,No,9,Yes,Yes,DSL,No,Yes,No,No,No,No,Month-to-month,No,Bank transfer (automatic),58.52,504.84,No
1657-TFESU,Male,0,Yes,No,13,Yes,No,DSL,No,No,No,No,Yes,No,Two year,Yes,Mailed check,52.17,678.49,No
6605-AEHJI,Male,0,No,No,18,Yes,Yes,DSL,No,Yes,Yes,No,No,Yes,Two year,Yes,Bank transfer (automatic),71.73,1290.98,No
3560-SAMOF,Male,0,Yes,No,40,Yes,No,DSL,Yes,No,No,No,No,No,Month-to-month,No,Mailed check,59.67,2346.42,No
1453-SKJSA,Male,0,Yes,No,23,Yes,No,DSL,No,Yes,Yes,No,No,No,Month-to-month,No,Mailed check,61.54,1377.73,Yes
5918-AOCZD,Female,0,Yes,No,6,Yes,No,Fiber optic,No,No,Yes,No,No,Yes,Month-to-month,Yes,Mailed check,73.58,458.61,Yes
8812-YSQGC,Female,1,No,No,3,No,No phone service,Fiber optic,Yes,Yes,No,No,No,Yes,Month-to-month,Yes,Electronic check,85.52,208.03,Yes
8889-YECEC,Male,0,No,No,20,Yes,No,No,No internet service,No internet service,No internet service,No internet service,No internet service,No internet service,Month-to-month,Yes,Credit card (automatic),19.46,385.94,No
7870-RMYON,Male,1,Yes,Yes,22,Yes,Yes,Fiber optic,Yes,No,No,Yes,Yes,Yes,Month-to-month,Yes,Bank transfer (automatic),97.71,2172.8,Yes
4339-ZFTHZ,Male,0,No,No,49,Yes,Yes,Fiber optic,Yes,Yes,Yes,No,Yes,Yes,One year,No,Bank transfer (automatic),97.92,4760.13,Yes
8371-CYVGD,Male,0,No,No,10,Yes,No,DSL,Yes,Yes,No,Yes,No,No,Month-to-month,Yes,Mailed check,69.5,698.78,No
5195-WYOCC,Female,0,No,No,68,Yes,No,Fiber optic,No,No,No,No,Yes,Yes,Two year,No,Credit card (automatic),81.21,5492.64,No
7679-PAZWC,Female,1,No,No,6,Yes,Yes,Fiber optic,No,No,Yes,No,No,No,Month-to-month,No,Electronic check,76.27,464.6,Yes
8209-ATOPN,Male,0,No,No,6,No,No phone service,Fiber optic,No,No,No,Yes,No,No,One year,Yes,Mailed check,70.07,405.89,Yes
9683-RTPIH,Male,1,No,No,20,Yes,No,DSL,No,No,No,No,Yes,Yes,Month-to-month,Yes,Electronic check,63.65,1256.42,Yes
5889-DLYVA,Female,0,No,Yes,47,Yes,Yes,Fiber optic,No,Yes,No,No,No,Yes,Two year,Yes,Electronic check,85.31,3988.8,No
7376-STEGD,Female,0,No,No,31,Yes,Yes,Fiber optic,Yes,Yes,Yes,Yes,Yes,Yes,Two year,Yes,Credit card (automatic),103.86,3206.14,No
7539-JWIOV,Male,0,No,Yes,10,Yes,No,Fiber optic,No,No,Yes,No,Yes,No,Two year,No,Bank transfer (automatic),80.69,772.43,No
6008-HBPRF,Male,1,Yes,No,72,Yes,No,Fiber optic,Yes,Yes,No,No,Yes,No,Month-to-month,Yes,Bank transfer (automatic),84.47,6065.07,Yes
5895-FCSKN,Male,0,Yes,No,30,No,No phone service,DSL,No,No,Yes,No,Yes,No,Two year,No,Electronic check,55.52,1624.64,No
2827-HZEBC,Female,1,No,No,32,Yes,No,DSL,Yes,No,No,No,No,No,Month-to-month,No,Bank transfer (automatic),53.22,1726.15,Yes
1272-YFCBR,Male,0,No,No,44,Yes,Yes,DSL,No,Yes,No,No,No,Yes,Month-to-month,Yes,Mailed check,62.31,2732.49,No
9129-YODTV,Male,0,No,Yes,33,Yes,Yes,Fiber optic,Yes,No,Yes,Yes,Yes,No,Month-to-month,Yes,Bank transfer (automatic),103.84,3451.73,Yes
1769-EIIUS,Female,0,No,No,17,Yes,No,DSL,No,No,No,Yes,No,No,Two year,No,Mailed check,54.04,931.39,Yes
4492-MZXXU,Female,0,No,Yes,72,No,No phone service,No,No internet service,No internet service,No internet service,No internet service,No internet service,No internet service,Two year,No,Electronic check,20.16,1449.99,No
4331-CSJLX,Male,0,Yes,Yes,64,Yes,No,Fiber optic,No,Yes,Yes,Yes,Yes,No,Two year,Yes,Mailed check,85.02,5412.83,Yes
4920-JSFVZ,Male,0,No,No,72,Yes,Yes,No,No internet service,No internet service,No internet service,No internet service,No internet service,No internet service,One year,Yes,Mailed check,18.25,1289.44,No
2883-RPWMD,Male,0,Yes,No,19,Yes,Yes,No,No internet service,No internet service,No internet service,No internet service,No internet service,No internet service,One year,No,Mailed check,18.73,360.25,No
7741-NLDBK,Female,0,No,Yes,72,Yes,No,Fiber optic,Yes,No,Yes,No,No,No,Two year,Yes,Credit card (automatic),83.11,6031.62,Yes
9157-AUXTS,Male,0,No,No,9,Yes,Yes,Fiber optic,No,Yes,Yes,Yes,No,No,Month-to-month,Yes,Mailed check,89.08,766.63,Yes
2403-QPVNZ,Female,0,Yes,Yes,26,Yes,Yes,Fiber optic,Yes,Yes,No,No,No,Yes,Month-to-month,Yes,Credit card (automatic),88.93,2327.49,No
6580-MQDWN,Female,0,No,No,43,Yes,Yes,No,No internet service,No internet service,No internet service,No internet service,No internet service,No internet service,Two year,No,Mailed check,23.44,1054.0,Yes
8010-QWYZZ,Female,0,No,Yes,7,Yes,Yes,Fiber optic,Yes,No,No,No,No,Yes,Month-to-month,Yes,Credit card (automatic),83.34,613.12,Yes
8341-XMDOL,Female,0,Yes,Yes,72,Yes,No,Fiber optic,No,Yes,No,Yes,No,Yes,One year,No,Mailed check,86.82,6243.83,No
8202-FGMKQ,Male,0,No,No,17,Yes,Yes,DSL,No,Yes,Yes,Yes,Yes,No,Month-to-month,No,Bank transfer (automatic),77.38,1315.06,No
9668-VYFQO,Male,0,No,No,66,Yes,Yes,Fiber optic,No,No,No,No,Yes,Yes,One year,Yes,Electronic check,83.24,5501.98,No
3712-EJZUN,Female,0,No,No,8,Yes,Yes,Fiber optic,No,No,Yes,Yes,Yes,No,Two year,No,Credit card (automatic),87.95,709.6,No
2886-CUZDY,Male,0,Yes,No,26,Yes,No,DSL,Yes,Yes,No,Yes,No,Yes,Two year,No,Mailed check,70.3,1867.94,No
1343-ZZGPD,Male,0,Yes,No,15,No,No phone service,Fiber optic,No,No,No,No,No,No,Month-to-month,Yes,Electronic check,61.72,935.14,Yes
2490-FMETL,Male,0,No,No,15,Yes,Yes,Fiber optic,No,Yes,Yes,No,Yes,Yes,One year,Yes,Bank transfer (automatic),86.33,1301.28,No
9398-BGNYB,Male,0,Yes,No,9,Yes,Yes,Fiber optic,Yes,Yes,Yes,No,No,Yes,One year,Yes,Bank transfer (automatic),98.01,873.83,Yes
9837-XVWOD,Male,0,Yes,No,9,Yes,Yes,Fiber optic,Yes,Yes,No,Yes,Yes,No,Month-to-month,No,Bank transfer (automatic),93.41,836.22,No
4781-PQMMS,Female,0,No,No,10,Yes,No,Fiber optic,No,No,Yes,No,No,Yes,Month-to-month,No,Electronic check,82.73,815.8,Yes
5094-VKEXI,Female,0,No,Yes,10,Yes,Yes,Fiber optic,No,Yes,Yes,No,Yes,No,Month-to-month,No,Electronic check,91.17,933.96,Yes
5044-BTMHF,Female,0,No,Yes,56,Yes,No,Fiber optic,No,No,Yes,Yes,Yes,No,Month-to-month,No,Electronic check,82.46,4604.04,Yes
5443-HTNRC,Female,0,No,No,62,Yes,No,Fiber optic,Yes,Yes,No,No,No,Yes,Month-to-month,Yes,Mailed check,85.78,5309.09,Yes
7250-ICUVR,Male,1,Yes,No,7,Yes,No,No,No internet service,No internet service,No internet service,No internet service,No internet service,No internet service,One year,No,Mailed check,18.25,177.81,No
5221-WHSQA,Female,0,Yes,No,21,Yes,No,DSL,No,No,No,No,No,Yes,Month-to-month,Yes,Credit card (automatic),50.31,1043.77,No
1125-CLLAK,Female,0,No,No,55,Yes,No,Fiber optic,Yes,No,No,No,Yes,No,Month-to-month,Yes,Credit card (automatic),89.76,4887.68,Yes
5619-ASZML,Male,0,Yes,No,40,Yes,Yes,DSL,No,Yes,No,No,No,Yes,Month-to-month,Yes,Electronic check,60.71,2470.81,No
6619-WNSGB,Female,0,Yes,No,20,Yes,Yes,Fiber optic,Yes,Yes,No,No,No,No,Month-to-month,No,Electronic check,83.81,1667.46,Yes
6496-FLENU,Male,0,No,No,15,Yes,Yes,DSL,No,Yes,No,No,Yes,No,One year,Yes,Credit card (automatic),61.68,948.7,No
8071-KYPVL,Male,0,Yes,Yes,7,No,No phone service,Fiber optic,No,No,Yes,Yes,Yes,No,One year,No,Bank transfer (automatic),86.62,652.35,No
5847-JILOZ,Male,0,No,No,72,Yes,No,DSL,Yes,No,Yes,No,No,No,Month-to-month,Yes,Bank transfer (automatic),57.79,4125.34,Yes
9413-VCYEJ,Male,0,No,Yes,32,No,No phone service,Fiber optic,Yes,No,No,No,Yes,No,Month-to-month,Yes,Credit card (automatic),81.36,2586.95,Yes
6415-UVKMD,Male,0,No,Yes,28,Yes,No,Fiber optic,No,No,No,No,Yes,Yes,Two year,No,Credit card (automatic),83.07,2334.76,No
7101-IHGTU,Female,0,Yes,No,12,Yes,Yes,DSL,No,No,No,Yes,No,Yes,One year,No,Mailed check,62.32,713.49,Yes
8430-LHLDT,Female,0,Yes,Yes,24,Yes,Yes,No,No internet service,No internet service,No internet service,No internet service,No internet service,No internet service,One year,No,Electronic check,23.11,535.48,No
2658-TMBBH,Male,0,No,No,56,Yes,No,DSL,No,No,No,No,Yes,No,Two year,No,Credit card (automatic),53.29,2983.19,No
3567-YZSBN,Female,0,No,No,6,Yes,No,DSL,No,Yes,Yes,No,Yes,No,Two year,Yes,Credit card (automatic),65.46,409.15,No
6672-BWPDV,Male,0,Yes,No,12,Yes,No,Fiber optic,No,Yes,Yes,Yes,No,No,Two year,Yes,Electronic check,83.93,1001.29,Yes
1860-PRYCD,Female,0,Yes,Yes,8,Yes,No,DSL,No,Yes,Yes,No,Yes,Yes,Two year,Yes,Mailed check,69.79,531.78,No
4270-BUXUA,Male,0,No,No,66,Yes,Yes,Fiber optic,No,No,No,No,Yes,No,One year,Yes,Electronic check,73.87,4829.46,No
9971-VVVRC,Male,0,Yes,No,6,Yes,No,DSL,No,No,Yes,No,No,No,One year,No,Electronic check,48.12,305.09,Yes
3695-VSWHF,Male,0,Yes,No,31,Yes,No,Fiber optic,Yes,No,No,Yes,No,No,Two year,No,Bank transfer (automatic),76.4,2392.09,No
4026-HJLRR,Female,0,Yes,No,8,No,No phone service,Fiber optic,Yes,No,No,Yes,No,No,Month-to-month,Yes,Electronic check,76.96,615.86,Yes
3652-WZQYH,Female,0,Yes,No,29,Yes,No,Fiber optic,Yes,Yes,Yes,Yes,No,Yes,Month-to-month,No,Electronic check,102.65,2983.6,Yes
7028-WVXKH,Female,0,Yes,No,8,Yes,Yes,DSL,No,No,No,Yes,Yes,Yes,Two year,No,Electronic check,66.05,528.94,No
7126-GDWVC,Female,1,Yes,No,16,Yes,Yes,DSL,Yes,No,Yes,No,Yes,Yes,Two year,Yes,Electronic check,71.19,1114.54,Yes
5833-GQXYF,Male,0,No,No,72,Yes,No,Fiber optic,Yes,Yes,Yes,No,Yes,Yes,Two year,No,Electronic check,98.41,7096.44,No
3276-MJNGV,Male,0,No,No,36,Yes,No,DSL,No,No,No,Yes,Yes,No,One year,No,Bank transfer (automatic),60.03,2197.82,No
7255-XWQIN,Male,0,Yes,No,27,Yes,No,Fiber optic,No,Yes,No,No,Yes,Yes,One year,Yes,Electronic check,93.44,2525.6,Yes
6631-KXVJQ,Male,0,Yes,No,34,Yes,Yes,No,No internet service,No internet service,No internet service,No internet service,No internet service,No internet service,Month-to-month,Yes,Credit card (automatic),19.26,673.4,No
7128-BODJP,Male,0,No,Yes,72,Yes,No,No,No internet service,No internet service,No internet service,No internet service,No internet service,No internet service,Month-to-month,Yes,Electronic check,22.61,1599.87,No
9763-FIILG,Male,0,Yes,No,29,Yes,No,DSL,Yes,No,No,No,Yes,Yes,Month-to-month,No,Credit card (automatic),77.24,2227.75,No
8508-ZYITM,Male,1,Yes,No,53,Yes,Yes,No,No internet service,No internet service,No internet service,No internet service,No internet service,No internet service,Month-to-month,No,Credit card (automatic),18.87,1001.52,No
4038-ALLIN,Female,0,No,No,55,No,No phone service,Fiber optic,No,No,Yes,No,Yes,No,Month-to-month,Yes,Mailed check,84.88,4697.64,Yes
6360-TMSGY,Male,1,No,No,50,Yes,No,No,No internet service,No internet service,No internet service,No internet service,No internet service,No internet service,Month-to-month,Yes,Mailed check,22.35,1099.27,No
1469-QHNRC,Female,0,No,No,72,Yes,No,No,No internet service,No internet service,No internet service,No internet service,No internet service,No internet service,Two year,No,Mailed check,29.78,2158.19,No
5235-CFNFD,Female,0,Yes,No,41,Yes,No,DSL,Yes,Yes,No,No,No,No,Month-to-month,Yes,Mailed check,58.04,2389.26,Yes
9563-IKQGU,Male,0,Yes,Yes,51,Yes,No,No,No internet service,No internet service,No internet service,No internet service,No internet service,No internet service,One year,No,Electronic check,19.96,1036.87,No
1503-SFJCZ,Male,0,Yes,No,16,No,No phone service,DSL,No,No,No,No,Yes,Yes,Month-to-month,Yes,Bank transfer (automatic),59.65,936.64,Yes
4519-CPJDC,Female,0,No,Yes,26,Yes,Yes,DSL,No,No,Yes,No,Yes,Yes,Month-to-month,Yes,Credit card (automatic),70.16,1839.32,No
2144-YKRBW,Female,0,Yes,No,25,Yes,Yes,Fiber optic,Yes,No,No,Yes,Yes,Yes,Month-to-month,No,Electronic check,92.77,2330.01,Yes
1905-TOGRD,Male,0,Yes,No,12,Yes,No,Fiber optic,No,No,Yes,No,Yes,Yes,Month-to-month,No,Mailed check,94.63,1146.16,Yes
2025-IVIFF,Male,0,Yes,No,13,Yes,Yes,DSL,No,Yes,Yes,Yes,Yes,No,Month-to-month,Yes,Credit card (automatic),72.51,974.26,No
7620-VYLSO,Female,0,No,No,25,Yes,No,DSL,No,Yes,No,No,No,No,Month-to-month,Yes,Mailed check,51.19,1316.38,Yes
1932-FRMAY,Female,0,Yes,Yes,30,Yes,Yes,No,No internet service,No internet service,No internet service,No internet service,No internet service,No internet service,Month-to-month,Yes,Mailed check,19.56,592.64,No
3451-MQLTW,Male,0,Yes,Yes,72,Yes,Yes,Fiber optic,Yes,Yes,No,Yes,Yes,Yes,One year,No,Bank transfer (automatic),103.46,7431.13,Yes
6104-MQVTS,Male,0,No,No,12,Yes,No,Fiber optic,No,Yes,No,Yes,Yes,Yes,Two year,Yes,Mailed check,98.2,1178.09,No
9411-KQMRQ,Female,0,No,Yes,11,No,No phone service,Fiber optic,Yes,No,No,No,Yes,No,Two year,Yes,Bank transfer (automatic),82.24,876.56,No
1109-KGWRG,Male,0,No,No,7,Yes,Yes,No,No internet service,No internet service,No internet service,No internet service,No internet service,No internet service,Month-to-month,Yes,Credit card (automatic),21.64,158.76,No
2723-TNLRH,Female,1,No,No,45,Yes,Yes,DSL,No,No,No,Yes,No,Yes,Month-to-month,No,Electronic check,58.24,2661.92,No
7616-KPUZD,Male,0,Yes,No,72,No,No phone service,DSL,Yes,Yes,No,Yes,No,No,Month-to-month,Yes,Credit card (automatic),68.33,4915.64,Yes
5241-KVIRN,Female,0,No,No,23,Yes,Yes,No,No internet service,No internet service,No internet service,No internet service,No internet service,No internet service,Month-to-month,No,Electronic check,20.51,483.32,Yes
4496-QMKZU,Male,0,Yes,No,31,Yes,No,Fiber optic,No,No,No,No,Yes,No,One year,Yes,Mailed check,77.71,2400.99,No
2757-NVSFR,Male,0,No,No,24,Yes,No,DSL,No,No,No,Yes,Yes,No,Month-to-month,Yes,Credit card (automatic),61.73,1473.25,Yes
5270-PVLBP,Female,0,Yes,No,42,Yes,No,DSL,Yes,Yes,Yes,Yes,Yes,No,Month-to-month,Yes,Credit card (automatic),86.69,3654.42,Yes
5257-FTQYV,Male,0,No,Yes,9,Yes,Yes,No,No internet service,No internet service,No internet service,No internet service,No internet service,No internet service,Month-to-month,No,Bank transfer (automatic),21.56,169.44,No
4340-LUVTB,Female,0,No,No,36,Yes,Yes,Fiber optic,No,Yes,No,No,Yes,No,One year,No,Electronic check,78.78,2813.58,Yes
2816-NGCSA,Male,0,Yes,No,24,No,No phone service,No,No internet service,No internet service,No internet service,No internet service,No internet service,No internet service,Two year,No,Bank transfer (automatic),18.25,476.62,No
8470-RIUVU,Female,0,Yes,No,46,No,No phone service,Fiber optic,No,Yes,No,Yes,Yes,Yes,Two year,Yes,Bank transfer (automatic),92.97,4241.91,No
4807-GMSNP,Female,0,No,No,45,Yes,No,Fiber optic,No,No,No,No,Yes,No,Month-to-month,Yes,Credit card (automatic),75.17,3375.33,Yes
1392-GTUVY,Female,0,Yes,No,33,Yes,No,No,No internet service,No internet service,No internet service,No internet service,No internet service,No internet service,Two year,Yes,Electronic check,21.07,754.18,No
1945-WPFTO,Male,0,No,No,21,Yes,No,Fiber optic,No,Yes,Yes,Yes,Yes,No,Month-to-month,Yes,Mailed check,98.47,2113.97,Yes
5678-OPIYQ,Female,0,Yes,No,12,Yes,No,Fiber optic,Yes,Yes,No,No,Yes,No,One year,Yes,Mailed check,92.62,1109.04,Yes
1483-IGXFL,Female,0,No,No,44,Yes,No,Fiber optic,Yes,No,Yes,No,Yes,Yes,Month-to-month,Yes,Bank transfer (automatic),91.44,4047.8,Yes
7091-BGRMM,Female,0,No,No,27,Yes,Yes,No,No internet service,No internet service,No internet service,No internet service,No internet service,No internet service,Month-to-month,Yes,Electronic check,21.51,574.37,No
2881-CYWFJ,Male,0,Yes,No,26,Yes,No,Fiber optic,Yes,No,No,No,Yes,Yes,One year,No,Credit card (automatic),82.1,2110.53,No
8434-TCHTZ,Male,0,No,No,18,Yes,No,DSL,No,Yes,No,No,Yes,Yes,Two year,Yes,Mailed check,72.57,1300.43,No
4430-SETQI,Male,0,No,No,68,Yes,No,Fiber optic,No,No,No,No,Yes,No,Two year,No,Electronic check,71.57,4871.34,No
1368-KSEAA,Female,0,No,Yes,70,Yes,Yes,No,No internet service,No internet service,No internet service,No internet service,No internet service,No internet service,Two year,Yes,Electronic check,20.08,1382.84,No
7617-RZBRW,Female,1,No,No,19,Yes,Yes,No,No internet service,No internet service,No internet service,No internet service,No internet service,No internet service,Two year,No,Bank transfer (automatic),22.06,439.19,No
9735-EAYHD,Male,0,No,No,14,Yes,No,Fiber optic,Yes,Yes,Yes,No,No,No,Month-to-month,No,Electronic check,84.79,1218.96,Yes
5010-AIHZU,Female,1,Yes,No,21,Yes,No,Fiber optic,No,No,Yes,No,Yes,No,Two year,Yes,Electronic check,85.37,1785.47,No
1050-ODTXG,Female,1,Yes,No,15,Yes,Yes,DSL,Yes,No,Yes,Yes,No,Yes,One year,Yes,Credit card (automatic),64.53,935.41,No
5474-WPCZB,Male,0,Yes,No,35,Yes,Yes,DSL,No,Yes,No,No,Yes,Yes,Month-to-month,No,Electronic check,71.06,2524.52,No
2305-GDFLB,Male,0,No,Yes,26,Yes,Yes,No,No internet service,No internet service,No internet service,No internet service,No internet service,No internet service,Month-to-month,Yes,Electronic check,23.43,604.96,No
3450-LRGFD,Female,0,No,No,43,Yes,Yes,Fiber optic,No,No,Yes,Yes,No,Yes,One year,No,Electronic check,84.96,3640.63,No
2825-UMTZG,Female,1,Yes,No,20,Yes,Yes,Fiber optic,Yes,No,Yes,No,No,Yes,Month-to-month,Yes,Credit card (automatic),91.03,1789.75,No
9033-DJCKW,Male,0,No,No,72,Yes,Yes,Fiber optic,Yes,Yes,Yes,No,No,No,Two year,No,Bank transfer (automatic),84.18,6046.98,No
1905-YIDJQ,Female,0,Yes,No,7,Yes,No,DSL,No,No,No,No,Yes,No,Two year,No,Credit card (automatic),50.22,387.34,Yes
5384-IZXKP,Female,0,No,No,25,Yes,No,Fiber optic,Yes,Yes,Yes,No,No,No,Two year,No,Credit card (automatic),80.72,2019.04,No
3843-EPFRM,Female,1,No,No,72,Yes,Yes,No,No internet service,No internet service,No internet service,No internet service,No internet service,No internet service,Month-to-month,No,Bank transfer (automatic),18.25,1297.48,No
5540-YMOQG,Female,0,No,No,43,Yes,Yes,Fiber optic,No,Yes,No,No,Yes,No,Two year,Yes,Mailed check,82.13,3537.97,No
3888-ZBCXQ,Female,0,No,No,22,Yes,Yes,Fiber optic,No,No,Yes,No,Yes,No,One year,No,Mailed check,84.51,1831.51,Yes
2695-IDWGK,Female,0,No,Yes,34,Yes,No,Fiber optic,No,Yes,No,Yes,No,No,Month-to-month,Yes,Electronic check,80.26,2751.01,Yes
4002-BDJET,Male,0,Yes,No,9,Yes,Yes,DSL,No,No,Yes,No,Yes,No,Month-to-month,Yes,Bank transfer (automatic),56.62,507.12,Yes
6241-EKUMN,Female,1,No,No,26,No,No phone service,DSL,Yes,No,Yes,Yes,No,Yes,Month-to-month,No,Electronic check,70.2,1848.06,No
9919-FHXRG,Male,0,Yes,No,8,Yes,No,DSL,Yes,No,No,Yes,No,Yes,Month-to-month,No,Credit card (automatic),73.01,581.13,Yes
7163-JDYRZ,Female,0,No,No,4,Yes,No,Fiber optic,Yes,No,Yes,No,Yes,Yes,Two year,No,Credit card (automatic),90.99,390.9,No
2157-MBHZE,Male,0,No,Yes,65,Yes,Yes,No,No internet service,No internet service,No internet service,No internet service,No internet service,No internet service,Month-to-month,Yes,Bank transfer (automatic),18.25,1191.38,No
6768-GVBDQ,Female,0,Yes,No,15,Yes,No,Fiber optic,No,No,Yes,No,Yes,No,Two year,No,Bank transfer (automatic),82.91,1230.89,No
6664-UUANY,Male,0,Yes,No,8,Yes,Yes,No,No internet service,No internet service,No internet service,No internet service,No internet service,No internet service,Month-to-month,No,Electronic check,22.32,214.76,No
1539-DGUJF,Male,0,Yes,No,20,Yes,No,DSL,Yes,Yes,No,Yes,No,No,Two year,Yes,Mailed check,70.49,1393.41,No
2625-KOSHV,Male,0,No,No,41,Yes,No,Fiber optic,No,Yes,Yes,No,No,No,Month-to-month,Yes,Mailed check,85.39,3516.92,No
9438-HOKEH,Female,0,Yes,No,8,Yes,No,Fiber optic,No,No,Yes,No,No,Yes,Month-to-month,No,Electronic check,89.28,654.01,Yes
2899-PZDVH,Female,1,No,Yes,17,Yes,No,DSL,No,Yes,Yes,Yes,No,No,Month-to-month,No,Bank transfer (automatic),63.08,1084.02,Yes
4420-WNPHY,Male,0,Yes,Yes,45,Yes,No,DSL,No,No,No,No,Yes,Yes,Month-to-month,Yes,Electronic check,62.67,2781.12,Yes
3951-EHXQR,Female,0,No,No,27,Yes,No,DSL,No,Yes,Yes,Yes,Yes,Yes,Month-to-month,Yes,Electronic check,84.23,2289.17,No
4385-YJLMB,Female,0,No,No,66,Yes,No,DSL,Yes,No,No,No,Yes,No,Two year,No,Mailed check,62.64,4159.55,No
9153-OYJOG,Male,0,Yes,Yes,45,Yes,Yes,No,No internet service,No internet service,No internet service,No internet service,No internet service,No internet service,Month-to-month,No,Credit card (automatic),21.83,1000.33,Yes
5023-DIDXZ,Female,1,No,Yes,38,Yes,Yes,DSL,No,Yes,Yes,Yes,No,No,Month-to-month,Yes,Credit card (automatic),64.79,2479.15,No
2958-ZVYAB,Male,0,Yes,No,44,Yes,Yes,DSL,Yes,No,No,Yes,Yes,No,Two year,No,Bank transfer (automatic),71.74,3185.43,No
2280-TCDBI,Male,0,No,Yes,7,Yes,Yes,No,No internet service,No internet service,No internet service,No internet service,No internet service,No internet service,One year,Yes,Bank transfer (automatic),20.53,124.23,No
9031-TKGYX,Female,0,Yes,No,25,Yes,Yes,DSL,Yes,No,Yes,Yes,Yes,Yes,One year,No,Electronic check,79.93,2014.45,Yes
5673-CPJGG,Male,0,No,No,72,Yes,Yes,Fiber optic,No,No,Yes,No,No,Yes,Month-to-month,No,Electronic check,81.68,5907.32,Yes
8364-MODSS,Female,0,Yes,Yes,18,Yes,Yes,DSL,No,Yes,Yes,Yes,Yes,Yes,Two year,Yes,Mailed check,71.22,1259.21,No
8950-ESDZT,Female,0,No,Yes,25,Yes,No,No,No internet service,No internet service,No internet service,No internet service,No internet service,No internet service,One year,No,Credit card (automatic),26.07,628.59,No
4595-XJXMG,Female,0,Yes,No,16,No,No phone service,No,No internet service,No internet service,No internet service,No internet service,No internet service,No internet service,Month-to-month,Yes,Electronic check,20.24,337.23,No
4741-VVGJE,Female,0,No,Yes,15,Yes,No,No,No internet service,No internet service,No internet service,No internet service,No internet service,No internet service,Two year,Yes,Credit card (automatic),22.4,346.03,No
2421-HPWVM,Female,0,Yes,No,49,Yes,Yes,DSL,Yes,Yes,No,Yes,No,Yes,One year,No,Bank transfer (automatic),74.57,3688.58,No
3266-JCKWV,Female,0,Yes,Yes,72,Yes,Yes,DSL,No,Yes,Yes,No,No,Yes,Month-to-month,No,Electronic check,65.13,4685.18,No
3881-YXHMM,Male,0,No,No,72,Yes,No,No,No internet service,No internet service,No internet service,No internet service,No internet service,No internet service,Two year,Yes,Bank transfer (automatic),20.71,1487.92,No
5395-ROKRN,Male,0,Yes,No,4,Yes,No,No,No internet service,No internet service,No internet service,No internet service,No internet service,No internet service,Two year,No,Mailed check,19.92,61.86,No
7204-VWQSD,Female,0,No,No,24,Yes,Yes,Fiber optic,No,Yes,Yes,No,Yes,Yes,One year,Yes,Electronic check,95.01,2262.19,Yes
6112-QRMAW,Male,1,No,Yes,19,Yes,Yes,Fiber optic,No,Yes,No,Yes,Yes,No,Two year,Yes,Credit card (automatic),84.09,1574.99,No
9783-WDCNG,Male,1,Yes,No,9,Yes,No,Fiber optic,No,No,Yes,No,No,No,Two year,Yes,Credit card (automatic),80.31,733.16,No
7909-RXABF,Male,0,No,No,50,Yes,No,DSL,No,No,No,No,Yes,Yes,Two year,Yes,Credit card (automatic),61.74,3105.19,No
4080-NRHWH,Female,0,Yes,Yes,20,Yes,No,Fiber optic,No,No,No,Yes,No,Yes,Month-to-month,Yes,Bank transfer (automatic),76.26,1525.42,Yes
8135-GMCCK,Male,0,No,No,10,Yes,Yes,No,No internet service,No internet service,No internet service,No internet service,No internet service,No internet service,Month-to-month,Yes,Bank transfer (automatic),18.27,192.46,No
1780-BOYZK,Male,0,No,No,34,Yes,Yes,No,No internet service,No internet service,No internet service,No internet service,No internet service,No internet service,Month-to-month,Yes,Bank transfer (automatic),18.25,590.72,No
1410-JGELY,Male,0,Yes,Yes,8,Yes,Yes,DSL,Yes,Yes,Yes,No,No,No,One year,Yes,Bank transfer (automatic),73.59,633.82,No
3523-VQDTZ,Male,0,Yes,No,59,Yes,No,DSL,No,No,No,No,Yes,Yes,One year,Yes,Mailed check,60.54,3548.6,No
6724-OZGRE,Female,0,No,No,62,Yes,Yes,DSL,No,Yes,Yes,Yes,No,Yes,Month-to-month,Yes,Bank transfer (automatic),81.96,5101.47,No
7588-UZOND,Male,1,No,Yes,44,Yes,Yes,DSL,No,Yes,Yes,Yes,No,Yes,Two year,Yes,Electronic check,73.53,3210.0,No
9094-SMZKS,Female,0,Yes,Yes,37,Yes,No,DSL,No,Yes,No,No,Yes,Yes,Two year,Yes,Electronic check,63.49,2361.7,No
8219-ZDFTP,Female,0,Yes,No,24,Yes,Yes,DSL,No,No,No,No,No,Yes,Month-to-month,No,Bank transfer (automatic),52.34,1263.46,No
6756-KVRHU,Male,0,Yes,No,32,Yes,Yes,No,No internet service,No internet service,No internet service,No internet service,No internet service,No internet service,Month-to-month,Yes,Bank transfer (automatic),22.12,669.83,No
1172-HXSFS,Female,1,No,Yes,23,Yes,No,No,No internet service,No internet service,No internet service,No internet service,No internet service,No internet service,Month-to-month,Yes,Mailed check,21.01,467.45,Yes
3565-GBUTE,Female,0,No,No,6,Yes,No,No,No internet service,No internet service,No internet service,No internet service,No internet service,No internet service,One year,Yes,Credit card (automatic),18.25,126.11,No
9265-RRTMO,Female,1,Yes,No,42,Yes,No,Fiber optic,Yes,Yes,No,No,No,Yes,Two year,Yes,Bank transfer (automatic),88.38,3734.73,No
8896-ZRDEX,Male,1,No,Yes,68,No,No phone service,Fiber optic,No,Yes,No,No,No,Yes,One year,No,Electronic check,82.57,5624.81,Yes
5056-FVNBI,Male,0,No,No,16,No,No phone service,No,No internet service,No internet service,No internet service,No internet service,No internet service,No internet service,Month-to-month,Yes,Electronic check,19.36,330.36,Yes
1035-GYOKR,Female,0,No,No,48,Yes,No,Fiber optic,Yes,Yes,Yes,No,Yes,Yes,Two year,No,Mailed check,96.98,4676.46,No
1704-DMLKV,Female,0,Yes,No,26,Yes,No,DSL,Yes,No,Yes,Yes,Yes,No,Two year,No,Mailed check,70.82,1873.75,No
1727-KKHOQ,Female,0,Yes,No,17,Yes,Yes,DSL,No,No,No,No,No,No,Two year,No,Electronic check,46.22,751.34,No
4747-TGUNW,Female,0,Yes,Yes,3,Yes,No,Fiber optic,Yes,No,No,No,Yes,Yes,One year,No,Electronic check,88.91,294.11,Yes
7021-IUNTB,Male,0,No,Yes,43,Yes,No,Fiber optic,No,No,Yes,No,Yes,Yes,Month-to-month,No,Credit card (automatic),84.5,3668.01,Yes
6767-ICSQQ,Female,0,Yes,Yes,37,Yes,No,DSL,Yes,No,No,No,Yes,Yes,One year,Yes,Electronic check,69.6,2599.42,No
4047-IDNKD,Male,0,Yes,No,10,Yes,No,Fiber optic,Yes,No,No,No,No,Yes,One year,Yes,Credit card (automatic),80.37,790.98,No
4409-RGXKT,Female,0,No,No,21,No,No phone service,No,No internet service,No internet service,No internet service,No internet service,No internet service,No internet service,Two year,No,Electronic check,18.25,387.61,No
8308-HNVMR,Male,0,No,Yes,26,Yes,No,DSL,No,No,Yes,Yes,Yes,No,Two year,Yes,Bank transfer (automatic),59.62,1523.33,No
5655-MRJTI,Male,0,Yes,No,34,No,No phone service,DSL,Yes,No,Yes,Yes,Yes,Yes,Month-to-month,Yes,Bank transfer (automatic),81.13,2780.06,Yes
4098-ENQTH,Female,0,Yes,No,55,Yes,Yes,No,No internet service,No internet service,No internet service,No internet service,No internet service,No internet service,One year,Yes,Electronic check,18.25,998.31,No
5630-WNJXY,Female,0,Yes,No,23,Yes,No,DSL,No,No,No,Yes,No,No,Month-to-month,Yes,Bank transfer (automatic),53.12,1233.55,Yes
5306-OODEY,Female,0,Yes,No,5,Yes,No,DSL,Yes,Yes,No,No,No,Yes,Month-to-month,No,Mailed check,77.43,362.66,No
6411-XGIGN,Male,0,Yes,No,27,Yes,No,Fiber optic,No,No,No,No,No,Yes,Two year,No,Credit card (automatic),73.76,1993.42,No
3765-WLBYT,Male,0,Yes,No,18,Yes,No,No,No internet service,No internet service,No internet service,No internet service,No internet service,No internet service,Month-to-month,Yes,Mailed check,18.37,285.2,No
7545-SWWNS,Female,0,Yes,No,13,Yes,No,DSL,No,Yes,No,No,No,Yes,Month-to-month,No,Mailed check,64.69,822.81,No
9331-NDJLT,Male,0,No,No,49,Yes,No,DSL,No,No,Yes,No,Yes,Yes,Month-to-month,Yes,Electronic check,73.2,3610.3,Yes
3298-DLMPU,Male,1,No,No,12,Yes,No,Fiber optic,Yes,No,No,No,No,Yes,Month-to-month,Yes,Electronic check,74.52,877.68,Yes
9902-DYZLE,Female,0,Yes,Yes,8,Yes,No,Fiber optic,No,No,No,Yes,Yes,No,Two year,Yes,Mailed check,84.23,640.11,No
8170-DURTT,Male,0,No,No,17,Yes,Yes,No,No internet service,No internet service,No internet service,No internet service,No internet service,No internet service,One year,Yes,Mailed check,21.59,443.88,No
1926-RSKGK,Female,0,Yes,No,25,Yes,No,No,No internet service,No internet service,No internet service,No internet service,No internet service,No internet service,One year,Yes,Bank transfer (automatic),21.62,548.29,No
3401-GVBHR,Male,0,No,Yes,28,Yes,No,No,No internet service,No internet service,No internet service,No internet service,No internet service,No internet service,One year,No,Mailed check,18.9,563.76,Yes
2682-ATIBD,Female,1,No,Yes,59,Yes,No,DSL,Yes,No,Yes,Yes,Yes,Yes,Month-to-month,Yes,Electronic check,81.63,4800.72,No
5419-BCHJS,Female,1,No,No,15,Yes,No,No,No internet service,No internet service,No internet service,No internet service,No internet service,No internet service,Month-to-month,Yes,Mailed check,18.25,264.07,No
4635-KTMNL,Female,0,No,Yes,44,Yes,Yes,Fiber optic,No,No,No,Yes,No,Yes,One year,Yes,Mailed check,80.28,3558.66,No
2398-RQYRS,Female,0,Yes,No,17,No,No phone service,Fiber optic,Yes,No,No,No,No,Yes,Two year,No,Mailed check,77.21,1323.85,No
8782-CAOQC,Male,0,Yes,Yes,3,Yes,No,Fiber optic,Yes,Yes,Yes,Yes,Yes,No,Month-to-month,Yes,Electronic check,105.37,267.31,Yes
4247-WAFZZ,Female,1,No,Yes,55,Yes,Yes,Fiber optic,Yes,Yes,No,Yes,No,Yes,Month-to-month,No,Mailed check,103.24,5735.4,No
5659-XDHGA,Female,0,Yes,No,6,Yes,No,Fiber optic,Yes,No,Yes,No,No,No,Month-to-month,No,Electronic check,81.33,479.12,Yes
9086-VRJPV,Female,1,No,Yes,31,Yes,No,Fiber optic,No,Yes,No,No,Yes,No,Two year,Yes,Bank transfer (automatic),81.04,2486.44,No
7403-LSHZQ,Female,0,Yes,Yes,7,Yes,Yes,DSL,No,No,Yes,No,No,Yes,Month-to-month,Yes,Bank transfer (automatic),57.4,422.06,No
3497-PFGHI,Female,0,Yes,No,36,Yes,No,Fiber optic,Yes,No,Yes,No,No,No,Two year,No,Bank transfer (automatic),84.36,3006.28,No
4347-ZFZVJ,Female,0,No,No,9,Yes,Yes,DSL,Yes,No,Yes,No,No,Yes,Two year,Yes,Electronic check,76.59,631.75,Yes
8770-LRXWS,Female,0,No,No,5,Yes,No,DSL,Yes,Yes,No,No,No,Yes,Two year,No,Electronic check,75.12,360.28,No
7577-BDEFS,Male,0,No,No,21,Yes,No,Fiber optic,No,No,No,Yes,No,Yes,Two year,No,Electronic check,80.53,1671.65,No
9825-ECDYD,Male,0,No,Yes,2,Yes,Yes,No,No internet service,No internet service,No internet service,No internet service,No internet service,No internet service,Month-to-month,Yes,Mailed check,25.28,76.93,No
4507-SDBVG,Female,0,No,No,23,Yes,Yes,DSL,Yes,Yes,No,No,No,No,Month-to-month,No,Electronic check,64.02,1464.18,Yes
6188-BKSUP,Male,0,Yes,No,43,No,No phone service,No,No internet service,No internet service,No internet service,No internet service,No internet service,No internet service,One year,Yes,Bank transfer (automatic),18.25,782.55,No
5288-XTLPN,Female,0,No,Yes,72,Yes,Yes,DSL,Yes,Yes,No,No,Yes,Yes,Month-to-month,Yes,Electronic check,63.95,4678.58,No
5335-EEJJN,Female,0,Yes,Yes,29,Yes,No,DSL,No,No,No,No,No,No,One year,Yes,Credit card (automatic),42.79,1226.93,No
9393-RYHTC,Male,0,Yes,No,24,Yes,No,Fiber optic,No,No,No,No,No,No,Month-to-month,Yes,Electronic check,65.13,1550.38,No
4033-SKDBU,Female,0,No,Yes,57,Yes,No,DSL,Yes,Yes,Yes,No,Yes,No,Two year,Yes,Electronic check,77.02,4375.77,No
4785-DDBPH,Female,1,Yes,Yes,8,No,No phone service,No,No internet service,No internet service,No internet service,No internet service,No internet service,No internet service,Month-to-month,Yes,Electronic check,18.25,162.64,No
5918-KJSYZ,Female,1,Yes,No,12,Yes,No,Fiber optic,No,Yes,No,No,Yes,No,One year,No,Bank transfer (automatic),83.48,1002.0,Yes
5154-HMIYU,Male,0,Yes,No,43,Yes,Yes,Fiber optic,No,No,Yes,No,No,Yes,One year,Yes,Electronic check,90.42,3870.04,No
6211-LWFXZ,Female,0,No,No,17,Yes,No,No,No internet service,No internet service,No internet service,No internet service,No internet service,No internet service,Two year,Yes,Credit card (automatic),22.71,408.86,No
5989-OWKWP,Male,0,No,Yes,20,Yes,Yes,Fiber optic,No,No,No,No,Yes,Yes,Two year,No,Mailed check,84.41,1658.28,No
1214-HXJQY,Female,0,Yes,No,26,Yes,No,Fiber optic,Yes,No,No,No,Yes,Yes,Two year,Yes,Mailed check,89.99,2342.75,Yes
4333-XHKRA,Male,1,No,No,9,Yes,No,DSL,No,Yes,No,No,No,Yes,Month-to-month,No,Electronic check,55.3,447.57,Yes
1614-OPMQE,Female,0,Yes,No,5,Yes,No,Fiber optic,No,No,Yes,No,Yes,No,Month-to-month,No,Credit card (automatic),81.45,448.65,Yes
8421-JWOVX,Female,0,No,No,11,Yes,Yes,No,No internet service,No internet service,No internet service,No internet service,No internet service,No internet service,Month-to-month,Yes,Credit card (automatic),21.89,207.76,Yes
5493-IAIYU,Female,0,No,No,18,Yes,No,Fiber optic,No,Yes,No,No,No,Yes,Month-to-month,Yes,Electronic check,81.41,1475.12,Yes
9535-MOLMH,Male,0,Yes,Yes,36,Yes,No,DSL,Yes,Yes,Yes,No,Yes,Yes,Two year,No,Mailed check,66.55,2421.65,No
9056-PUGWE,Female,1,No,No,25,Yes,No,Fiber optic,No,No,No,No,Yes,No,Month-to-month,Yes,Electronic check,71.11,1744.94,Yes
7373-AXMFV,Female,0,No,No,42,Yes,No,Fiber optic,No,Yes,No,No,Yes,No,One year,No,Bank transfer (automatic),73.87,3078.4,No
8577-XKDMT,Male,1,Yes,No,25,Yes,No,DSL,No,No,No,No,No,Yes,Month-to-month,Yes,Electronic check,51.45,1263.34,Yes
4664-KZYLE,Female,0,Yes,No,46,Yes,No,Fiber optic,No,No,Yes,Yes,Yes,Yes,Two year,Yes,Electronic check,92.31,4238.36,Yes
2502-IOXER,Female,0,No,No,20,Yes,No,Fiber optic,No,No,No,No,Yes,No,Two year,No,Mailed check,70.86,1403.52,No
6205-CZTTO,Female,1,Yes,No,2,Yes,No,No,No internet service,No internet service,No internet service,No internet service,No internet service,No internet service,One year,Yes,Electronic check,18.95,35.69,No
3554-EZBYW,Female,0,Yes,Yes,14,No,No phone service,Fiber optic,Yes,Yes,Yes,Yes,No,Yes,Two year,Yes,Mailed check,97.23,1371.73,No
5974-NOOZT,Female,0,No,No,27,Yes,No,Fiber optic,No,No,No,Yes,No,No,Two year,Yes,Mailed check,75.57,2055.6,Yes
6761-ZKUXD,Female,0,Yes,No,39,Yes,Yes,No,No internet service,No internet service,No internet service,No internet service,No internet service,No internet service,Month-to-month,Yes,Mailed check,22.94,924.37,No
6555-YAOTU,Female,1,Yes,No,16,Yes,No,No,No internet service,No internet service,No internet service,No internet service,No internet service,No internet service,Two year,No,Credit card (automatic),18.54,274.15,No
8506-QLYXV,Male,0,Yes,Yes,29,No,No phone service,DSL,Yes,No,Yes,Yes,No,No,Month-to-month,Yes,Electronic check,63.11,1855.69,No
5364-KVFFA,Female,0,Yes,No,18,Yes,Yes,DSL,No,No,No,Yes,No,No,Month-to-month,Yes,Bank transfer (automatic),51.95,885.62,Yes
5557-ROTEH,Female,0,No,No,12,Yes,Yes,Fiber optic,No,No,Yes,No,Yes,No,Two year,No,Electronic check,86.16,984.51,No
7377-VYVZR,Female,0,No,No,39,Yes,Yes,Fiber optic,No,No,No,Yes,No,No,Month-to-month,No,Mailed check,74.67,2924.1,No
6188-ARGJU,Female,0,Yes,No,33,Yes,No,DSL,No,No,No,Yes,Yes,Yes,One year,No,Mailed check,62.75,2102.35,No
1615-ZFWPV,Male,0,No,No,72,Yes,No,No,No internet service,No internet service,No internet service,No internet service,No internet service,No internet service,Two year,Yes,Mailed check,18.25,1320.76,No
2318-KWJEX,Male,0,Yes,Yes,16,Yes,No,DSL,Yes,Yes,No,No,Yes,No,Two year,No,Mailed check,66.3,1070.05,No
9189-IVHDM,Female,0,Yes,No,61,No,No phone service,Fiber optic,Yes,No,No,Yes,No,No,Two year,Yes,Credit card (automatic),80.09,4853.53,No
1448-WHHAK,Male,0,No,No,6,Yes,No,No,No internet service,No internet service,No internet service,No internet service,No internet service,No internet service,Two year,No,Mailed check,21.38,105.8,No
2109-QANVQ,Male,1,Yes,No,61,Yes,Yes,DSL,No,No,No,No,No,Yes,Month-to-month,No,Mailed check,49.64,3009.7,Yes
8996-SQVQV,Male,0,No,No,25,Yes,No,No,No internet service,No internet service,No internet service,No internet service,No internet service,No internet service,Two year,No,Bank transfer (automatic),19.61,486.29,No
1279-ZNHLB,Female,0,Yes,No,18,Yes,No,No,No internet service,No internet service,No internet service,No internet service,No internet service,No internet service,Month-to-month,No,Bank transfer (automatic),21.56,381.68,No
1471-WTNUC,Male,0,No,No,33,Yes,Yes,DSL,No,No,No,No,No,Yes,Month-to-month,No,Credit card (automatic),48.0,1602.61,No
6949-FWNYF,Male,0,No,Yes,35,Yes,No,DSL,No,No,Yes,No,Yes,Yes,Month-to-month,Yes,Credit card (automatic),67.92,2385.42,No
2150-LMUGQ,Male,0,Yes,No,56,Yes,No,No,No internet service,No internet service,No internet service,No internet service,No internet service,No internet service,One year,No,Credit card (automatic),19.94,1098.39,No
4440-THIQX,Male,0,No,No,11,Yes,No,No,No internet service,No internet service,No internet service,No internet service,No internet service,No internet service,Month-to-month,Yes,Credit card (automatic),18.25,197.81,No
8598-DKYVX,Male,0,Yes,No,6,Yes,No,Fiber optic,No,Yes,No,Yes,No,No,Month-to-month,Yes,Electronic check,86.62,515.72,Yes
3989-ICEMI,Female,0,Yes,Yes,34,Yes,No,DSL,Yes,Yes,Yes,Yes,Yes,Yes,Month-to-month,No,Electronic check,84.03,2797.09,No
9831-DOBQI,Female,0,Yes,No,32,No,No phone service,DSL,No,No,Yes,No,Yes,No,Month-to-month,No,Electronic check,61.97,1950.79,Yes
9799-CSOEW,Male,0,No,Yes,55,Yes,Yes,DSL,No,No,Yes,No,No,Yes,Month-to-month,No,Bank transfer (automatic),65.21,3626.58,Yes
7576-HUNSL,Female,0,No,No,17,Yes,No,Fiber optic,No,No,No,No,No,Yes,Month-to-month,Yes,Credit card (automatic),71.06,1218.46,Yes
5390-YFGSD,Male,0,No,No,14,Yes,No,Fiber optic,No,No,No,No,Yes,No,Month-to-month,No,Mailed check,77.02,1118.35,Yes
1051-HTOAM,Male,0,No,No,33,Yes,Yes,Fiber optic,No,Yes,No,Yes,No,No,Month-to-month,No,Mailed check,79.07,2630.36,No
5117-FEVCH,Female,0,Yes,Yes,26,Yes,Yes,No,No internet service,No internet service,No internet service,No internet service,No internet service,No internet service,Month-to-month,Yes,Electronic check,18.73,519.59,Yes
3420-TBWPL,Female,0,No,No,38,Yes,No,DSL,No,No,Yes,No,Yes,Yes,Month-to-month,Yes,Mailed check,69.58,2630.41,No
9561-EUULI,Female,0,No,No,13,No,No phone service,Fiber optic,Yes,Yes,Yes,No,No,No,Two year,Yes,Electronic check,78.58,1042.23,Yes
4001-AUHNA,Male,0,No,No,61,Yes,No,DSL,No,Yes,No,No,No,Yes,Month-to-month,Yes,Mailed check,54.5,3324.5,No
6526-LEQLR,Male,1,No,No,31,No,No phone service,Fiber optic,Yes,No,No,No,No,Yes,Month-to-month,No,Credit card (automatic),79.02,2499.08,Yes
5670-HAVFD,Male,0,No,Yes,54,Yes,No,Fiber optic,No,Yes,No,Yes,No,Yes,Month-to-month,No,Mailed check,87.08,4672.84,No
8647-LBUKP,Male,0,Yes,Yes,22,Yes,No,No,No internet service,No internet service,No internet service,No internet service,No internet service,No internet service,Month-to-month,Yes,Mailed check,18.77,414.5,No
3485-TBOEQ,Female,0,No,Yes,13,Yes,No,DSL,Yes,Yes,Yes,No,No,Yes,Month-to-month,Yes,Bank transfer (automatic),74.33,953.87,Yes
6607-NZADV,Male,0,No,No,34,Yes,Yes,No,No internet service,No internet service,No internet service,No internet service,No internet service,No internet service,Two year,Yes,Credit card (automatic),20.74,729.09,No
3918-WVYUF,Female,0,No,Yes,42,Yes,Yes,Fiber optic,No,Yes,Yes,Yes,No,Yes,Month-to-month,Yes,Credit card (automatic),86.36,3594.8,Yes
1173-VVHZB,Female,0,Yes,No,5,No,No phone service,DSL,No,No,No,No,Yes,No,Two year,No,Electronic check,55.55,262.42,No
4716-ZWELL,Female,0,Yes,No,72,Yes,No,No,No internet service,No internet service,No internet service,No internet service,No internet service,No internet service,One year,No,Electronic check,18.25,1304.65,No
2286-YSYXM,Male,0,No,No,14,Yes,Yes,DSL,No,No,No,No,Yes,No,Month-to-month,Yes,Bank transfer (automatic),54.57,792.56,Yes
7491-VGOPL,Female,0,No,No,28,Yes,No,Fiber optic,Yes,No,Yes,No,Yes,Yes,Two year,Yes,Mailed check,92.14,2551.65,No
4965-TEYSU,Male,0,No,No,40,Yes,No,Fiber optic,No,No,No,Yes,Yes,Yes,Month-to-month,No,Electronic check,88.88,3559.3,No
9120-OGWPZ,Female,0,No,No,26,Yes,No,Fiber optic,Yes,Yes,No,No,Yes,Yes,Two year,No,Credit card (automatic),89.98,2366.28,No
4940-TAQBK,Male,1,No,No,27,No,No phone service,Fiber optic,Yes,Yes,Yes,Yes,No,No,Month-to-month,No,Bank transfer (automatic),92.7,2485.02,No
3755-VHTAV,Female,0,No,No,28,Yes,No,No,No internet service,No internet service,No internet service,No internet service,No internet service,No internet service,Two year,Yes,Electronic check,19.97,554.64,No
9164-IQYPH,Female,0,Yes,Yes,3,Yes,No,Fiber optic,No,No,Yes,Yes,No,Yes,Two year,Yes,Bank transfer (automatic),91.07,291.64,No
7798-AOPTW,Female,1,Yes,No,29,Yes,Yes,DSL,No,Yes,No,Yes,No,No,Month-to-month,Yes,Bank transfer (automatic),65.47,1912.0,No
1857-HBCVB,Female,0,No,No,17,Yes,No,No,No internet service,No internet service,No internet service,No internet service,No internet service,No internet service,Month-to-month,Yes,Electronic check,18.73,286.04,No
8543-BTVYV,Male,0,Yes,No,53,Yes,No,DSL,Yes,No,Yes,No,Yes,Yes,Two year,Yes,Mailed check,88.85,4736.17,No
6829-JRHAH,Female,0,Yes,Yes,47,Yes,Yes,Fiber optic,No,Yes,No,No,No,No,One year,Yes,Mailed check,78.06,3700.67,Yes
7356-SVUQG,Male,0,No,Yes,7,Yes,No,No,No internet service,No internet service,No internet service,No internet service,No internet service,No internet service,Month-to-month,Yes,Electronic check,18.92,151.62,No
1700-SREFV,Female,1,Yes,Yes,6,Yes,Yes,DSL,No,No,Yes,Yes,Yes,No,Two year,Yes,Mailed check,73.17,448.78,No
9629-QCJQO,Female,1,No,No,72,Yes,Yes,DSL,No,No,No,No,No,No,One year,No,Bank transfer (automatic),50.8,3699.71,No
7606-NJSSI,Female,0,Yes,Yes,1,Yes,Yes,No,No internet service,No internet service,No internet service,No internet service,No internet service,No internet service,Two year,No,Mailed check,20.75,0.0,No
6041-HHOPL,Male,0,No,No,15,Yes,No,DSL,No,Yes,No,Yes,No,No,Month-to-month,No,Mailed check,61.1,918.83,No
3924-JUECO,Female,0,Yes,No,9,Yes,Yes,Fiber optic,No,No,No,Yes,Yes,No,Month-to-month,Yes,Bank transfer (automatic),72.88,643.85,Yes
4121-ECDEA,Male,1,No,Yes,59,Yes,No,DSL,Yes,Yes,No,No,No,No,Month-to-month,No,Credit card (automatic),60.42,3574.29,No
2912-CTTFC,Female,0,No,No,23,Yes,No,Fiber optic,No,Yes,No,No,No,Yes,One year,No,Electronic check,83.85,1928.76,Yes
9188-YWCSI,Male,0,Yes,Yes,14,Yes,Yes,No,No internet service,No internet service,No internet service,No internet service,No internet service,No internet service,Two year,No,Mailed check,22.82,310.29,No
8630-TPFXF,Male,0,Yes,No,26,Yes,Yes,No,No internet service,No internet service,No internet service,No internet service,No internet service,No internet service,Two year,Yes,Mailed check,18.25,495.33,No
1827-NXOBM,Male,0,Yes,Yes,72,Yes,Yes,Fiber optic,Yes,Yes,Yes,No,No,Yes,Month-to-month,No,Credit card (automatic),94.49,6829.36,No
8307-RCQVQ,Male,0,Yes,No,37,Yes,Yes,Fiber optic,No,No,No,Yes,Yes,Yes,Two year,Yes,Credit card (automatic),90.76,3383.93,No
9856-KSQXG,Male,1,Yes,No,36,Yes,No,DSL,No,Yes,Yes,Yes,No,No,Month-to-month,Yes,Mailed check,66.6,2445.06,Yes
5579-PDZXQ,Female,0,Yes,Yes,5,Yes,No,Fiber optic,No,No,No,Yes,No,No,One year,Yes,Electronic check,68.01,330.85,Yes
8835-EVOFY,Male,0,No,Yes,55,Yes,No,No,No internet service,No internet service,No internet service,No internet service,No internet service,No internet service,Month-to-month,Yes,Mailed check,19.5,1094.79,No
8401-ICBRA,Female,0,Yes,No,11,Yes,No,Fiber optic,No,Yes,No,Yes,Yes,No,One year,Yes,Bank transfer (automatic),86.93,949.35,Yes
5765-JHQHG,Male,1,Yes,No,35,Yes,No,Fiber optic,No,Yes,Yes,No,Yes,No,One year,Yes,Bank transfer (automatic),91.01,3177.1,No
9021-HNCNZ,Female,0,Yes,Yes,13,Yes,No,DSL,No,No,Yes,Yes,Yes,No,Two year,Yes,Mailed check,66.58,910.03,No
5776-FUWYS,Female,0,Yes,No,26,Yes,No,Fiber optic,No,Yes,Yes,No,No,Yes,Month-to-month,Yes,Bank transfer (automatic),97.9,2575.06,Yes
6847-XIDCP,Male,0,No,No,25,Yes,Yes,No,No internet service,No internet service,No internet service,No internet service,No internet service,No internet service,Month-to-month,No,Mailed check,18.47,436.67,Yes
5498-KPFHU,Female,0,No,No,72,Yes,Yes,Fiber optic,No,Yes,No,Yes,No,No,Month-to-month,No,Bank transfer (automatic),78.35,5627.34,No
6258-PRPTJ,Female,0,No,No,18,Yes,Yes,Fiber optic,Yes,No,No,No,No,No,Two year,No,Electronic check,68.73,1251.02,No
6302-NNIAW,Female,1,Yes,No,32,Yes,No,Fiber optic,No,Yes,No,No,Yes,No,Two year,No,Electronic check,76.11,2427.71,No
4332-SAOUF,Male,0,Yes,No,23,Yes,No,DSL,No,No,No,Yes,Yes,Yes,Two year,No,Mailed check,73.49,1669.87,No
4996-XRVSO,Male,0,Yes,No,8,Yes,No,Fiber optic,No,Yes,Yes,Yes,No,Yes,Month-to-month,Yes,Credit card (automatic),97.53,814.14,Yes
5245-FOBGM,Female,0,No,No,35,Yes,No,DSL,No,No,Yes,No,Yes,Yes,Month-to-month,Yes,Credit card (automatic),68.4,2354.53,Yes
6231-COKSY,Male,1,Yes,No,49,Yes,Yes,DSL,No,No,Yes,Yes,No,No,Month-to-month,Yes,Bank transfer (automatic),60.7,3005.79,Yes
5125-KQSXE,Female,0,No,Yes,9,Yes,No,DSL,No,No,Yes,Yes,Yes,Yes,Two year,Yes,Bank transfer (automatic),69.89,601.03,No
5848-PMFLW,Male,0,No,No,21,Yes,No,Fiber optic,No,Yes,No,No,No,No,Month-to-month,No,Mailed check,77.0,1599.15,Yes
2114-KNIZY,Female,0,No,Yes,27,Yes,Yes,No,No internet service,No internet service,No internet service,No internet service,No internet service,No internet service,Two year,Yes,Bank transfer (automatic),23.63,648.53,No
5555-HTYKE,Male,1,No,Yes,45,No,No phone service,DSL,No,Yes,No,No,Yes,No,One year,Yes,Credit card (automatic),54.62,2484.09,No
6446-BHYKU,Male,1,No,No,46,Yes,No,Fiber optic,No,Yes,Yes,No,No,No,One year,Yes,Mailed check,75.34,3475.99,No
8043-KXFWH,Female,0,Yes,No,5,Yes,Yes,No,No internet service,No internet service,No internet service,No internet service,No internet service,No internet service,One year,No,Electronic check,18.72,108.68,Yes
9627-XSVQI,Female,0,Yes,Yes,72,Yes,Yes,No,No internet service,No internet service,No internet service,No internet service,No internet service,No internet service,Month-to-month,No,Credit card (automatic),21.15,1538.8,No
4854-HRKQI,Female,0,No,Yes,37,Yes,No,Fiber optic,No,No,No,No,No,Yes,Month-to-month,No,Electronic check,72.46,2635.13,Yes
7107-HATXX,Female,0,No,No,26,Yes,No,Fiber optic,No,Yes,No,Yes,Yes,No,One year,No,Bank transfer (automatic),90.22,2337.15,No
6730-KCUBC,Male,0,Yes,No,45,Yes,Yes,DSL,No,Yes,No,No,Yes,Yes,Two year,No,Credit card (automatic),73.68,3264.81,No
8793-WPALZ,Male,1,Yes,No,66,Yes,No,Fiber optic,No,No,Yes,Yes,Yes,Yes,Month-to-month,Yes,Credit card (automatic),101.48,6721.88,No
3106-ZYFSK,Male,0,Yes,No,22,Yes,Yes,Fiber optic,No,Yes,Yes,Yes,No,Yes,Month-to-month,No,Bank transfer (automatic),97.54,2118.57,Yes
7207-HTKWW,Male,0,No,No,20,Yes,Yes,Fiber optic,No,Yes,Yes,No,No,Yes,Month-to-month,Yes,Electronic check,86.65,1737.82,Yes
1443-SMQWR,Male,0,Yes,Yes,8,Yes,Yes,DSL,No,Yes,Yes,No,No,No,One year,No,Credit card (automatic),60.78,492.02,No
7556-IQREC,Female,0,Yes,No,20,Yes,No,DSL,No,Yes,Yes,Yes,No,No,Two year,Yes,Mailed check,76.67,1514.51,No
8970-YWKWS,Male,0,Yes,No,39,Yes,Yes,DSL,Yes,No,No,No,Yes,No,Month-to-month,No,Credit card (automatic),56.42,2196.65,No
2341-CQOVS,Male,0,No,No,20,Yes,No,DSL,Yes,Yes,No,No,No,Yes,Month-to-month,Yes,Electronic check,73.86,1496.66,No
6556-RGWAT,Male,0,No,No,20,Yes,No,No,No internet service,No internet service,No internet service,No internet service,No internet service,No internet service,Month-to-month,No,Bank transfer (automatic),18.67,391.92,Yes
2074-ANQEV,Male,0,No,Yes,72,No,No phone service,DSL,Yes,Yes,No,Yes,No,Yes,Month-to-month,No,Bank transfer (automatic),66.43,4775.11,Yes
2724-OOQVU,Male,0,No,No,31,Yes,Yes,DSL,Yes,No,No,Yes,Yes,Yes,Month-to-month,No,Electronic check,74.57,2348.78,Yes
1633-THZLR,Female,0,Yes,Yes,32,Yes,No,Fiber optic,Yes,No,No,No,Yes,No,One year,Yes,Credit card (automatic),84.42,2666.33,No
3101-JMAHK,Male,0,No,No,39,Yes,No,DSL,No,Yes,No,No,Yes,No,One year,Yes,Mailed check,62.81,2461.67,No
8338-OOLUR,Female,0,No,Yes,51,Yes,No,Fiber optic,Yes,No,No,No,No,No,Month-to-month,No,Electronic check,72.79,3727.95,Yes
3630-GXSNN,Female,0,Yes,No,27,Yes,Yes,DSL,No,No,No,Yes,No,Yes,Month-to-month,Yes,Credit card (automatic),59.08,1562.76,No
8629-THWQA,Female,0,No,No,12,Yes,Yes,No,No internet service,No internet service,No internet service,No internet service,No internet service,No internet service,One year,Yes,Bank transfer (automatic),21.93,269.49,No
3861-WBVMK,Female,0,No,Yes,37,Yes,Yes,No,No internet service,No internet service,No internet service,No internet service,No internet service,No internet service,Two year,No,Electronic check,20.01,770.64,No
1342-XMDTS,Male,0,Yes,No,55,No,No phone service,Fiber optic,No,Yes,Yes,No,Yes,Yes,Month-to-month,No,Bank transfer (automatic),100.2,5511.46,Yes
7892-LSJLS,Male,0,Yes,Yes,36,Yes,Yes,DSL,No,No,No,Yes,Yes,Yes,Two year,Yes,Electronic check,71.96,2602.74,No
9689-LUNDP,Male,0,No,No,44,Yes,Yes,Fiber optic,No,No,Yes,No,No,Yes,Month-to-month,Yes,Electronic check,79.9,3526.44,Yes
8996-VYWHC,Female,1,Yes,No,20,No,No phone service,Fiber optic,Yes,Yes,Yes,No,No,No,Month-to-month,No,Mailed check,80.9,1591.64,No
7072-HIICW,Female,0,No,Yes,14,Yes,No,DSL,No,Yes,Yes,No,Yes,No,Two year,No,Bank transfer (automatic),69.58,1004.8,No
5312-CBOYN,Male,0,Yes,Yes,30,Yes,Yes,Fiber optic,No,No,No,Yes,No,No,Two year,No,Bank transfer (automatic),68.2,2039.12,No
1993-XJNOJ,Male,0,No,Yes,17,Yes,No,DSL,No,Yes,Yes,No,Yes,No,Two year,Yes,Credit card (automatic),65.07,1112.57,No
6921-SDSVP,Female,0,No,No,67,Yes,No,DSL,Yes,Yes,No,No,No,No,Month-to-month,No,Credit card (automatic),56.21,3741.2,Yes
2768-WGACS,Female,0,No,No,38,Yes,Yes,Fiber optic,No,Yes,No,Yes,Yes,No,Month-to-month,No,Credit card (automatic),91.31,3447.09,Yes
5787-SPMHJ,Female,0,Yes,Yes,18,Yes,No,Fiber optic,Yes,Yes,Yes,Yes,No,Yes,Month-to-month,Yes,Credit card (automatic),101.05,1817.07,Yes
2807-LJSFZ,Female,0,No,Yes,10,Yes,No,Fiber optic,No,Yes,No,No,Yes,No,Month-to-month,No,Mailed check,80.7,805.97,Yes
2016-KKHYM,Female,0,No,No,54,Yes,Yes,Fiber optic,No,No,No,Yes,Yes,Yes,Month-to-month,Yes,Mailed check,97.0,5245.01,No
9614-QELNA,Female,0,No,Yes,11,Yes,Yes,DSL,Yes,No,No,No,No,Yes,Two year,Yes,Electronic check,61.47,694.96,No
6659-WKILB,Male,0,No,No,26,No,No phone service,DSL,Yes,No,Yes,Yes,No,Yes,Month-to-month,No,Mailed check,72.29,1874.41,No
1460-UEXZZ,Male,0,No,No,32,Yes,No,DSL,No,No,Yes,Yes,No,Yes,Two year,No,Mailed check,63.08,2030.44,No
1800-EGVOG,Female,1,No,Yes,12,Yes,No,Fiber optic,No,Yes,Yes,Yes,Yes,Yes,Month-to-month,No,Credit card (automatic),103.43,1276.97,Yes
5872-AUIAF,Female,0,Yes,No,23,Yes,Yes,DSL,No,Yes,No,Yes,Yes,Yes,Two year,Yes,Electronic check,81.9,1869.62,No
5775-IXFWM,Male,0,Yes,Yes,60,Yes,Yes,Fiber optic,No,No,Yes,No,Yes,No,Month-to-month,Yes,Mailed check,85.98,5155.08,No
3279-OKKOR,Female,0,No,No,7,Yes,Yes,Fiber optic,No,No,Yes,No,No,Yes,Month-to-month,No,Credit card (automatic),79.11,538.54,Yes
7153-YZZWU,Male,0,Yes,No,54,Yes,Yes,No,No internet service,No internet service,No internet service,No internet service,No internet service,No internet service,Month-to-month,No,Bank transfer (automatic),23.82,1259.65,No
4061-HONSI,Female,0,No,Yes,30,Yes,No,No,No internet service,No internet service,No internet service,No internet service,No internet service,No internet service,Two year,No,Credit card (automatic),21.72,659.5,No
8275-HDIUY,Male,0,Yes,No,15,Yes,Yes,Fiber optic,Yes,Yes,No,Yes,Yes,No,One year,No,Credit card (automatic),92.72,1391.3,No
1435-UWRHN,Female,0,Yes,No,6,No,No phone service,No,No internet service,No internet service,No internet service,No internet service,No internet service,No internet service,Two year,No,Bank transfer (automatic),19.82,121.7,No
5279-UJHMI,Female,0,No,No,24,Yes,No,No,No internet service,No internet service,No internet service,No internet service,No internet service,No internet service,Month-to-month,No,Mailed check,25.16,587.73,No
5482-VHCVQ,Male,1,Yes,Yes,16,Yes,Yes,DSL,No,Yes,Yes,Yes,Yes,No,Two year,No,Electronic check,82.36,1285.55,No
5475-DMHIT,Male,0,No,No,24,No,No phone service,Fiber optic,No,Yes,No,Yes,No,Yes,Month-to-month,Yes,Electronic check,85.29,2027.76,No
6111-PDLVT,Female,0,No,Yes,40,Yes,No,DSL,Yes,No,No,No,No,No,Month-to-month,Yes,Electronic check,53.74,2141.64,No
4197-BELBV,Male,0,Yes,Yes,6,Yes,Yes,No,No internet service,No internet service,No internet service,No internet service,No internet service,No internet service,Month-to-month,Yes,Electronic check,20.3,159.72,No
8483-JOHPE,Male,1,Yes,Yes,29,Yes,No,Fiber optic,Yes,No,Yes,Yes,Yes,No,Month-to-month,Yes,Bank transfer (automatic),95.42,2840.2,Yes
5320-STNCD,Female,0,Yes,No,72,No,No phone service,DSL,Yes,No,No,No,No,Yes,Two year,Yes,Credit card (automatic),59.95,4317.56,No
7621-MZHKJ,Male,1,No,Yes,18,Yes,Yes,No,No internet service,No internet service,No internet service,No internet service,No internet service,No internet service,Month-to-month,No,Mailed check,21.44,372.18,No
6870-GXFBM,Male,1,Yes,Yes,36,Yes,No,No,No internet service,No internet service,No internet service,No internet service,No internet service,No internet service,Two year,No,Mailed check,23.76,860.48,No
9837-CCGGY,Male,0,No,No,3,Yes,No,Fiber optic,No,No,No,No,Yes,Yes,One year,No,Credit card (automatic),78.32,240.85,No
9709-IULJF,Female,0,No,No,6,Yes,Yes,Fiber optic,No,Yes,No,No,No,No,Month-to-month,No,Credit card (automatic),72.19,409.22,Yes
6946-SAYTG,Male,0,Yes,Yes,14,Yes,No,DSL,No,No,No,Yes,No,Yes,Two year,Yes,Credit card (automatic),56.62,795.55,No
1342-KCDKR,Male,0,No,No,62,Yes,No,Fiber optic,No,Yes,No,No,No,No,Two year,No,Electronic check,78.93,4907.96,No
2790-QBGPO,Male,0,Yes,Yes,17,Yes,No,Fiber optic,No,No,Yes,No,No,Yes,Two year,Yes,Bank transfer (automatic),79.04,1354.17,No
7343-HSTZI,Male,0,No,No,37,Yes,Yes,Fiber optic,No,No,No,Yes,Yes,Yes,Month-to-month,Yes,Mailed check,79.49,2938.74,No
2930-ZKBNM,Male,0,Yes,No,16,Yes,Yes,Fiber optic,No,Yes,No,No,Yes,No,Two year,No,Electronic check,76.98,1220.57,No
2548-VPSIY,Male,1,No,No,8,Yes,No,DSL,No,Yes,No,No,Yes,Yes,Month-to-month,No,Bank transfer (automatic),71.26,580.51,Yes
9147-WPJMY,Male,1,Yes,No,21,Yes,Yes,Fiber optic,Yes,Yes,Yes,Yes,Yes,No,Two year,Yes,Electronic check,100.3,2135.22,Yes
7955-VXXFV,Male,0,No,No,39,Yes,Yes,DSL,Yes,No,Yes,No,No,No,Month-to-month,No,Bank transfer (automatic),54.67,2130.29,No
4494-YMRXY,Female,0,Yes,Yes,54,Yes,Yes,No,No internet service,No internet service,No internet service,No internet service,No internet service,No internet service,Month-to-month,No,Mailed check,21.64,1210.04,No
2577-GFXOM,Male,0,No,No,24,Yes,Yes,Fiber optic,Yes,Yes,Yes,Yes,No,No,Two year,Yes,Electronic check,94.96,2303.55,No
5473-KDUDZ,Male,0,No,No,37,No,No phone service,DSL,No,No,No,No,Yes,Yes,Two year,Yes,Bank transfer (automatic),60.27,2258.25,No
9399-MIWJV,Female,0,No,No,27,Yes,Yes,DSL,No,No,No,No,Yes,Yes,One year,Yes,Bank transfer (automatic),57.72,1578.87,No
2116-BTLSW,Female,0,No,No,29,Yes,No,No,No internet service,No internet service,No internet service,No internet service,No internet service,No internet service,Month-to-month,Yes,Electronic check,22.12,633.79,No
9399-IBLFV,Female,1,Yes,No,12,Yes,Yes,No,No internet service,No internet service,No internet service,No internet service,No internet service,No internet service,Two year,Yes,Bank transfer (automatic),20.14,209.81,No
3470-DLQGG,Male,0,Yes,No,13,No,No phone service,No,No internet service,No internet service,No internet service,No internet service,No internet service,No internet service,Month-to-month,Yes,Bank transfer (automatic),18.25,233.76,No
4202-OINKX,Male,0,Yes,No,9,Yes,Yes,Fiber optic,No,Yes,No,Yes,Yes,Yes,Two year,Yes,Mailed check,100.86,929.44,No
7807-RBJSM,Male,0,No,No,17,No,No phone service,Fiber optic,Yes,Yes,No,Yes,No,No,One year,No,Credit card (automatic),83.93,1425.35,No
6256-RMCAB,Male,0,Yes,Yes,49,Yes,No,Fiber optic,Yes,Yes,Yes,Yes,Yes,Yes,One year,No,Credit card (automatic),105.38,5153.89,No
6416-GFHLK,Male,0,Yes,No,72,Yes,No,DSL,Yes,No,No,No,No,Yes,One year,Yes,Electronic check,58.1,4204.6,No
5249-NWSPD,Female,0,No,Yes,49,Yes,No,DSL,No,No,Yes,Yes,Yes,Yes,Month-to-month,No,Electronic check,74.92,3714.5,Yes
9677-SRXZW,Male,0,Yes,Yes,35,Yes,Yes,Fiber optic,No,No,Yes,No,No,Yes,Month-to-month,Yes,Bank transfer (automatic),79.23,2803.26,Yes
3079-OSTAM,Female,0,No,No,27,Yes,No,Fiber optic,Yes,Yes,Yes,No,Yes,Yes,One year,No,Electronic check,96.79,2653.96,Yes
1852-JZJLT,Male,0,Yes,No,49,Yes,No,Fiber optic,No,Yes,No,No,Yes,Yes,Month-to-month,Yes,Bank transfer (automatic),87.67,4279.63,Yes
6664-VASMQ,Male,0,Yes,No,72,Yes,No,DSL,Yes,No,Yes,No,Yes,Yes,Month-to-month,Yes,Mailed check,74.61,5353.68,No
8469-SFTFR,Female,0,No,No,31,Yes,No,Fiber optic,Yes,Yes,Yes,No,No,No,One year,Yes,Electronic check,88.58,2729.14,Yes
8457-IVXFC,Female,0,No,Yes,39,Yes,No,Fiber optic,Yes,No,No,No,No,No,Month-to-month,Yes,Electronic check,77.55,3005.9,No
7906-KNJDR,Male,0,No,No,31,Yes,No,No,No internet service,No internet service,No internet service,No internet service,No internet service,No internet service,Month-to-month,Yes,Electronic check,21.84,659.9,No
3388-LEGQV,Female,0,Yes,No,72,Yes,Yes,Fiber optic,Yes,Yes,Yes,No,Yes,Yes,One year,Yes,Mailed check,112.01,8077.87,No
6965-BOTDS,Male,0,Yes,Yes,23,Yes,Yes,DSL,No,Yes,Yes,No,Yes,Yes,Month-to-month,No,Mailed check,72.78,1689.0,No
2467-JCYDZ,Male,0,Yes,Yes,13,Yes,No,DSL,No,Yes,No,No,Yes,No,Two year,No,Bank transfer (automatic),57.14,715.83,No
9605-GJFNY,Female,0,Yes,Yes,43,No,No phone service,Fiber optic,No,Yes,Yes,Yes,Yes,No,Month-to-month,Yes,Credit card (automatic),98.08,4233.05,Yes
7709-SSPBB,Male,1,No,No,13,Yes,Yes,DSL,Yes,Yes,Yes,No,No,Yes,Two year,Yes,Credit card (automatic),81.38,1045.51,No
4299-BHEHL,Male,1,Yes,Yes,33,Yes,Yes,No,No internet service,No internet service,No internet service,No internet service,No internet service,No internet service,Month-to-month,No,Mailed check,18.46,628.14,Yes
7081-FSMJR,Male,0,No,No,27,Yes,Yes,Fiber optic,No,No,No,Yes,Yes,No,Two year,No,Bank transfer (automatic),82.86,2225.9,No
1413-IGTZS,Male,0,No,Yes,36,Yes,No,Fiber optic,No,No,No,Yes,Yes,Yes,One year,No,Bank transfer (automatic),90.14,3268.94,No
1763-MWPQE,Male,0,Yes,No,28,Yes,No,Fiber optic,Yes,No,No,Yes,Yes,No,Month-to-month,Yes,Electronic check,83.99,2328.27,Yes
4800-IEINT,Male,1,No,Yes,4,Yes,No,DSL,No,Yes,Yes,Yes,No,Yes,Two year,Yes,Mailed check,76.36,324.9,No
9446-HTDCL,Female,0,Yes,No,40,Yes,No,No,No internet service,No internet service,No internet service,No internet service,No internet service,No internet service,Month-to-month,Yes,Credit card (automatic),19.34,763.5,No
8396-KPMSS,Female,0,No,No,34,Yes,Yes,Fiber optic,Yes,No,No,Yes,No,No,Two year,Yes,Mailed check,78.79,2682.88,No
3156-ELRTJ,Male,0,Yes,No,57,Yes,No,Fiber optic,Yes,Yes,Yes,No,Yes,No,Two year,Yes,Electronic check,90.38,5130.68,No
5613-LUUNP,Male,1,No,No,14,Yes,Yes,Fiber optic,No,No,No,No,No,No,Two year,Yes,Electronic check,64.02,896.17,Yes
2785-IUBBT,Female,0,Yes,No,4,Yes,No,Fiber optic,No,Yes,No,No,No,No,Two year,Yes,Bank transfer (automatic),76.75,318.6,No
8765-LBPEU,Male,0,Yes,Yes,42,Yes,No,Fiber optic,No,No,No,No,Yes,No,Month-to-month,No,Bank transfer (automatic),73.44,3061.44,No
2657-ERASG,Female,0,Yes,No,41,Yes,No,Fiber optic,No,No,Yes,Yes,No,Yes,Two year,Yes,Electronic check,88.39,3596.41,No
1089-VNDDG,Female,0,Yes,Yes,39,Yes,No,No,No internet service,No internet service,No internet service,No internet service,No internet service,No internet service,One year,Yes,Mailed check,24.53,976.97,No
1363-XUAGV,Male,0,No,No,72,Yes,Yes,Fiber optic,No,No,No,No,Yes,Yes,One year,Yes,Bank transfer (automatic),83.78,6012.29,Yes
7930-XWEVE,Male,0,Yes,No,1,Yes,No,DSL,No,No,Yes,No,Yes,Yes,Month-to-month,No,Bank transfer (automatic),66.25,62.22,Yes
2861-TGOWJ,Male,1,No,Yes,4,No,No phone service,Fiber optic,Yes,Yes,Yes,Yes,No,Yes,Month-to-month,Yes,Mailed check,93.69,376.23,Yes
7012-DLNVZ,Male,0,No,Yes,8,No,No phone service,Fiber optic,No,No,Yes,No,No,No,Month-to-month,No,Bank transfer (automatic),71.45,554.48,Yes
2337-GNQLB,Male,0,Yes,Yes,46,Yes,Yes,DSL,No,Yes,Yes,Yes,Yes,Yes,Month-to-month,Yes,Bank transfer (automatic),75.64,3524.92,No
2073-ZILPB,Female,0,Yes,No,60,No,No phone service,Fiber optic,No,Yes,Yes,No,No,No,Month-to-month,Yes,Credit card (automatic),75.79,4533.58,No
1801-VVUIB,Male,0,Yes,No,28,Yes,No,Fiber optic,No,No,No,Yes,Yes,No,Two year,Yes,Bank transfer (automatic),81.52,2278.93,No
5983-XCKTT,Female,0,No,Yes,40,Yes,Yes,Fiber optic,No,No,Yes,Yes,Yes,Yes,One year,No,Mailed check,94.93,3762.94,Yes
6964-XCJQU,Female,0,Yes,No,13,Yes,Yes,DSL,Yes,Yes,No,Yes,No,Yes,Month-to-month,Yes,Electronic check,79.72,1061.76,No
5282-CLAEL,Male,0,No,Yes,10,Yes,Yes,DSL,No,No,No,No,Yes,Yes,Two year,No,Credit card (automatic),51.34,467.97,No
7569-QEFPE,Male,0,Yes,Yes,5,Yes,Yes,Fiber optic,Yes,No,No,No,Yes,Yes,One year,Yes,Mailed check,84.86,407.09,Yes
3046-APJKD,Male,0,Yes,No,40,Yes,Yes,DSL,Yes,No,No,No,Yes,Yes,Month-to-month,Yes,Bank transfer (automatic),62.12,2453.85,Yes
1232-LRXOS,Female,0,Yes,Yes,57,Yes,No,No,No internet service,No internet service,No internet service,No internet service,No internet service,No internet service,Month-to-month,No,Electronic check,21.83,1228.72,No
7403-PKOAV,Male,0,No,No,7,Yes,No,Fiber optic,No,No,No,No,No,Yes,Month-to-month,No,Mailed check,70.6,476.2,Yes
6803-RXINE,Female,0,No,No,13,Yes,No,DSL,Yes,Yes,Yes,No,Yes,Yes,Month-to-month,Yes,Electronic check,87.98,1125.04,Yes
5987-QZDDM,Female,0,No,Yes,17,Yes,Yes,Fiber optic,No,Yes,Yes,No,No,Yes,Month-to-month,No,Mailed check,89.32,1541.53,Yes
9697-ZBRSI,Female,0,Yes,No,8,Yes,No,No,No internet service,No internet service,No internet service,No internet service,No internet service,No internet service,One year,Yes,Electronic check,20.79,175.27,No
2523-SLYCA,Female,0,Yes,Yes,33,Yes,No,Fiber optic,No,Yes,Yes,No,Yes,Yes,Two year,Yes,Mailed check,95.9,3116.46,No
7290-DDXBW,Female,0,No,No,19,Yes,Yes,Fiber optic,No,Yes,Yes,No,No,No,Month-to-month,No,Mailed check,78.33,1518.12,Yes
3961-SIJYB,Female,0,No,No,64,Yes,No,Fiber optic,No,No,Yes,No,No,No,One year,Yes,Bank transfer (automatic),69.84,4485.41,No
9648-LURAF,Female,1,No,No,13,Yes,No,DSL,Yes,No,Yes,No,No,Yes,Two year,No,Electronic check,64.54,810.69,No
1678-PPGRQ,Female,1,Yes,No,49,Yes,Yes,Fiber optic,Yes,Yes,No,No,No,Yes,One year,No,Bank transfer (automatic),82.95,4059.57,No
8580-DIMBW,Female,0,No,No,6,Yes,Yes,DSL,Yes,No,No,No,Yes,Yes,Month-to-month,No,Credit card (automatic),60.11,402.18,Yes
5486-UZUGB,Female,0,Yes,Yes,15,Yes,No,Fiber optic,No,Yes,Yes,No,No,No,Two year,Yes,Bank transfer (automatic),81.55,1245.28,Yes
1889-KIWVH,Male,0,No,No,29,Yes,Yes,DSL,No,Yes,No,No,Yes,Yes,Month-to-month,Yes,Bank transfer (automatic),72.69,2160.52,Yes
4118-BKVLK,Female,0,Yes,Yes,34,Yes,No,Fiber optic,Yes,No,No,No,Yes,Yes,Month-to-month,Yes,Mailed check,91.96,3161.39,No
5374-ZLHPC,Female,0,No,No,71,Yes,Yes,No,No internet service,No internet service,No internet service,No internet service,No internet service,No internet service,Two year,No,Bank transfer (automatic),22.7,1546.16,No
7721-ATIPT,Female,0,Yes,No,33,Yes,Yes,Fiber optic,No,Yes,No,No,No,No,Month-to-month,Yes,Credit card (automatic),68.25,2281.19,Yes
6289-KEODC,Male,0,No,Yes,33,Yes,No,DSL,No,No,Yes,No,No,Yes,Two year,No,Bank transfer (automatic),56.63,1866.22,No
3387-XLGSK,Female,0,No,No,11,Yes,Yes,Fiber optic,No,Yes,Yes,Yes,No,Yes,One year,Yes,Electronic check,96.93,1055.79,Yes
1770-XJGTC,Female,0,No,No,12,Yes,Yes,DSL,No,Yes,Yes,No,Yes,No,Two year,Yes,Electronic check,68.99,792.67,No
4701-DDUPI,Female,0,Yes,No,17,Yes,No,Fiber optic,No,Yes,No,No,No,No,Month-to-month,Yes,Electronic check,73.44,1238.88,No
2721-FUFDP,Male,0,Yes,No,25,Yes,No,Fiber optic,Yes,No,No,Yes,No,Yes,Two year,No,Electronic check,80.98,2080.06,No
2121-IDGVT,Female,0,No,No,23,Yes,No,DSL,No,Yes,Yes,Yes,Yes,Yes,Month-to-month,Yes,Bank transfer (automatic),81.96,1924.71,No
2270-OBUXQ,Female,0,No,No,34,Yes,No,Fiber optic,No,Yes,No,No,No,Yes,Month-to-month,Yes,Mailed check,80.37,2707.23,No
2879-WHUYU,Female,0,No,Yes,66,Yes,No,Fiber optic,Yes,Yes,No,No,No,Yes,Month-to-month,Yes,Electronic check,89.49,5874.54,Yes
9695-OGPDQ,Female,0,Yes,No,26,Yes,Yes,No,No internet service,No internet service,No internet service,No internet service,No internet service,No internet service,Month-to-month,Yes,Bank transfer (automatic),18.25,501.23,Yes
2678-LHIJU,Female,0,Yes,Yes,45,Yes,Yes,DSL,No,No,Yes,Yes,Yes,No,Month-to-month,Yes,Credit card (automatic),59.4,2647.18,No
1115-CRKKH,Female,1,Yes,No,12,Yes,Yes,Fiber optic,No,Yes,Yes,Yes,No,Yes,Month-to-month,Yes,Electronic check,88.98,1058.4,Yes
5821-VLJWR,Male,0,No,No,72,No,No phone service,No,No internet service,No internet service,No internet service,No internet service,No internet service,No internet service,Two year,Yes,Electronic check,18.25,1302.76,No
1384-ZIGDO,Female,0,Yes,No,25,Yes,Yes,DSL,No,Yes,Yes,Yes,No,Yes,Month-to-month,Yes,Electronic check,74.32,1882.17,No
8541-RBDXO,Male,0,Yes,No,72,Yes,No,Fiber optic,Yes,No,No,Yes,Yes,Yes,Two year,Yes,Electronic check,100.23,7219.62,No
5765-HWONW,Female,0,No,No,21,Yes,No,Fiber optic,No,No,Yes,No,Yes,Yes,Two year,No,Electronic check,94.05,1926.54,No
4563-XPEBC,Female,0,No,Yes,18,Yes,Yes,DSL,No,Yes,Yes,Yes,Yes,No,Month-to-month,No,Electronic check,73.34,1309.68,No
9790-TPGMJ,Male,0,No,Yes,15,Yes,No,No,No internet service,No internet service,No internet service,No internet service,No internet service,No internet service,Month-to-month,Yes,Mailed check,18.25,286.79,No
6527-KZSEO,Male,0,Yes,Yes,9,Yes,No,Fiber optic,Yes,No,No,No,Yes,No,Two year,Yes,Electronic check,76.91,678.41,No
2244-XMHCI,Male,1,Yes,Yes,52,No,No phone service,Fiber optic,Yes,Yes,Yes,No,Yes,Yes,Two year,No,Credit card (automatic),99.37,5166.68,No
2009-VFOUU,Female,1,No,No,13,Yes,Yes,Fiber optic,Yes,No,Yes,No,Yes,No,Two year,No,Electronic check,95.98,1265.29,No
4984-IOUME,Female,0,Yes,No,33,Yes,No,Fiber optic,No,No,No,No,Yes,Yes,Month-to-month,Yes,Credit card (automatic),71.44,2310.87,Yes
3973-NSVHK,Male,0,No,No,8,Yes,Yes,DSL,No,Yes,No,Yes,Yes,No,Month-to-month,No,Bank transfer (automatic),58.75,445.59,No
7629-JTLUO,Female,0,Yes,No,72,Yes,Yes,No,No internet service,No internet service,No internet service,No internet service,No internet service,No internet service,Month-to-month,Yes,Electronic check,18.25,1372.27,No
5370-TOHRM,Male,0,No,No,53,Yes,No,Fiber optic,Yes,No,No,No,No,No,Month-to-month,Yes,Electronic check,68.95,3645.12,Yes
2440-ZCCLD,Female,1,Yes,Yes,50,Yes,No,Fiber optic,No,Yes,No,No,Yes,Yes,Month-to-month,No,Mailed check,96.83,4841.51,No
8762-IAHZD,Male,0,No,No,29,Yes,No,No,No internet service,No internet service,No internet service,No internet service,No internet service,No internet service,Two year,No,Bank transfer (automatic),18.25,524.87,No
2880-FIPYI,Male,0,No,No,23,Yes,Yes,Fiber optic,Yes,No,Yes,No,No,No,Two year,No,Credit card (automatic),80.6,1834.51,Yes
6318-FSMSO,Male,1,Yes,Yes,16,Yes,No,DSL,No,No,Yes,No,No,Yes,Month-to-month,No,Electronic check,57.98,904.92,Yes
4125-BXAAU,Female,0,Yes,No,71,Yes,Yes,DSL,No,No,No,Yes,No,Yes,Two year,Yes,Bank transfer (automatic),59.76,4259.88,No
7800-QPCRI,Male,0,No,No,6,Yes,Yes,No,No internet service,No internet service,No internet service,No internet service,No internet service,No internet service,Two year,Yes,Mailed check,24.15,164.86,No
6240-KCSTQ,Female,0,No,No,41,Yes,Yes,Fiber optic,No,No,No,No,Yes,Yes,Two year,No,Credit card (automatic),77.4,3161.01,No
7219-YIZAC,Male,0,Yes,No,13,Yes,Yes,Fiber optic,No,No,Yes,No,No,Yes,Two year,No,Bank transfer (automatic),76.08,979.73,No
3835-CZQKU,Male,1,Yes,No,8,Yes,No,Fiber optic,Yes,Yes,No,No,No,Yes,Month-to-month,Yes,Bank transfer (automatic),81.09,641.13,Yes
5261-YTZJS,Male,1,No,Yes,19,No,No phone service,Fiber optic,No,No,Yes,Yes,Yes,No,Month-to-month,Yes,Credit card (automatic),90.67,1667.54,Yes
3098-APXND,Male,0,No,No,19,Yes,Yes,Fiber optic,Yes,No,Yes,Yes,No,Yes,Two year,No,Electronic check,92.63,1766.59,No
7744-TTVTR,Female,0,No,No,34,Yes,No,No,No internet service,No internet service,No internet service,No internet service,No internet service,No internet service,One year,Yes,Bank transfer (automatic),18.25,594.43,No
4422-VGUQU,Male,0,Yes,Yes,56,Yes,Yes,DSL,Yes,No,No,No,No,No,Month-to-month,Yes,Electronic check,57.72,3264.37,Yes
2807-ITZBW,Female,0,No,Yes,22,Yes,No,DSL,Yes,No,No,No,No,No,Two year,Yes,Credit card (automatic),57.02,1262.23,No
8488-AASPO,Male,0,Yes,Yes,4,Yes,No,No,No internet service,No internet service,No internet service,No internet service,No internet service,No internet service,Two year,No,Credit card (automatic),21.84,76.09,No
9551-NJCBI,Male,0,Yes,No,12,Yes,Yes,DSL,Yes,No,Yes,No,Yes,No,Month-to-month,No,Mailed check,72.75,879.03,No
1035-PSTPT,Male,0,No,No,22,Yes,Yes,No,No internet service,No internet service,No internet service,No internet service,No internet service,No internet service,Two year,No,Credit card (automatic),18.25,432.24,No
1607-PZGLK,Male,0,Yes,No,17,Yes,Yes,No,No internet service,No internet service,No internet service,No internet service,No internet service,No internet service,Month-to-month,Yes,Credit card (automatic),21.67,308.53,No
9659-LCWML,Female,0,No,No,41,Yes,No,Fiber optic,No,No,No,Yes,No,No,Two year,No,Electronic check,70.05,2883.14,No
5167-JLKUP,Female,1,Yes,No,33,Yes,No,DSL,Yes,No,No,Yes,No,Yes,Month-to-month,Yes,Bank transfer (automatic),73.17,2376.53,Yes
3636-RHYYU,Male,0,Yes,Yes,46,Yes,No,DSL,Yes,No,Yes,No,Yes,No,Month-to-month,Yes,Electronic check,61.99,2858.28,Yes
8555-GXUKJ,Female,0,No,No,2,Yes,No,DSL,Yes,No,Yes,Yes,Yes,Yes,Month-to-month,No,Electronic check,78.55,192.69,Yes
3756-PZJYC,Female,0,Yes,No,53,Yes,No,Fiber optic,Yes,No,No,Yes,Yes,No,One year,No,Mailed check,89.66,4744.09,No
4538-VJCQK,Female,0,No,No,4,No,No phone service,No,No internet service,No internet service,No internet service,No internet service,No internet service,No internet service,Month-to-month,No,Mailed check,18.77,93.12,No
1582-QUBSH,Female,0,No,Yes,38,Yes,No,Fiber optic,Yes,No,No,No,No,Yes,Month-to-month,No,Mailed check,84.81,3232.34,Yes
6187-OHTBA,Female,0,Yes,Yes,63,Yes,Yes,DSL,Yes,No,No,No,No,Yes,Two year,No,Electronic check,64.02,4038.96,No
8108-CLWCE,Female,0,No,Yes,1,No,No phone service,DSL,No,No,No,No,Yes,Yes,Month-to-month,No,Mailed check,59.11,53.51,Yes
6582-INHVQ,Female,0,No,No,23,No,No phone service,Fiber optic,Yes,No,No,Yes,Yes,No,One year,Yes,Electronic check,82.48,1874.49,No
1370-QZLAG,Male,0,No,Yes,17,Yes,No,DSL,No,Yes,No,Yes,No,Yes,One year,Yes,Bank transfer (automatic),69.83,1192.48,Yes
5998-EFAYO,Female,0,Yes,No,7,Yes,No,Fiber optic,No,No,No,Yes,Yes,No,Two year,Yes,Electronic check,81.0,578.58,No
8419-ILPTX,Male,1,No,Yes,1,No,No phone service,DSL,No,No,No,Yes,No,Yes,Two year,Yes,Mailed check,61.05,80.57,No
7786-CNQNS,Female,0,No,No,54,Yes,No,Fiber optic,No,Yes,No,No,Yes,Yes,Month-to-month,Yes,Electronic check,89.96,4852.21,Yes
8169-AOAMK,Female,0,No,Yes,8,Yes,Yes,No,No internet service,No internet service,No internet service,No internet service,No internet service,No internet service,Month-to-month,Yes,Electronic check,21.78,172.68,No
5460-IMSMK,Male,0,Yes,Yes,72,Yes,No,Fiber optic,Yes,No,Yes,No,Yes,No,Month-to-month,No,Mailed check,80.02,5772.35,No
7933-CGWOY,Female,0,Yes,No,8,Yes,No,No,No internet service,No internet service,No internet service,No internet service,No internet service,No internet service,One year,No,Electronic check,26.1,234.39,No
5904-VFZIU,Female,0,No,No,9,Yes,No,No,No internet service,No internet service,No internet service,No internet service,No internet service,No internet service,One year,Yes,Bank transfer (automatic),23.21,199.31,No
9830-OPEPF,Male,0,No,No,0,Yes,No,DSL,No,No,Yes,Yes,Yes,No,Month-to-month,Yes,Mailed check,66.48, ,No
4274-BWWLD,Female,0,No,No,8,Yes,Yes,DSL,No,No,No,No,No,No,Month-to-month,No,Mailed check,49.01,428.9,Yes
1809-VAJYW,Female,0,No,No,11,Yes,Yes,No,No internet service,No internet service,No internet service,No internet service,No internet service,No internet service,One year,Yes,Electronic check,21.13,210.3,No
6428-EQMNA,Female,0,Yes,No,24,Yes,Yes,Fiber optic,No,No,No,Yes,Yes,No,Month-to-month,No,Credit card (automatic),79.93,1896.48,Yes
5957-XECFV,Male,0,No,No,38,Yes,Yes,No,No internet service,No internet service,No internet service,No internet service,No internet service,No internet service,One year,No,Electronic check,21.39,844.74,No
4286-YBBZI,Male,0,Yes,Yes,15,Yes,No,DSL,Yes,No,Yes,No,Yes,No,Month-to-month,No,Electronic check,69.88,1023.39,Yes
2906-MUEYO,Female,0,Yes,No,38,Yes,Yes,No,No internet service,No internet service,No internet service,No internet service,No internet service,No internet service,One year,Yes,Electronic check,18.25,707.52,Yes
9161-XPJMH,Male,0,Yes,Yes,72,Yes,Yes,No,No internet service,No internet service,No internet service,No internet service,No internet service,No internet service,One year,No,Mailed check,18.25,1318.26,No
2484-TKVUF,Male,0,No,Yes,20,Yes,No,DSL,No,No,No,No,Yes,Yes,One year,Yes,Credit card (automatic),59.74,1170.93,No
4342-SBPJK,Male,0,Yes,Yes,16,Yes,No,DSL,No,No,No,No,No,Yes,Month-to-month,Yes,Bank transfer (automatic),52.13,821.79,Yes
7622-APBRH,Male,0,Yes,No,9,Yes,Yes,Fiber optic,Yes,No,No,No,No,No,Month-to-month,Yes,Electronic check,71.72,692.91,Yes
5299-EADXQ,Female,0,Yes,Yes,25,Yes,No,Fiber optic,No,No,No,No,Yes,No,Two year,Yes,Bank transfer (automatic),78.58,2001.76,No
2218-FLSIT,Female,0,Yes,No,70,Yes,No,DSL,No,No,No,No,No,No,Month-to-month,Yes,Electronic check,42.02,2976.2,Yes
8678-BAASF,Female,0,No,No,24,Yes,Yes,DSL,No,No,Yes,Yes,No,No,Month-to-month,No,Mailed check,54.19,1363.98,Yes
8192-RYXQG,Female,0,Yes,Yes,39,Yes,No,No,No internet service,No internet service,No internet service,No internet service,No internet service,No internet service,Month-to-month,No,Bank transfer (automatic),21.63,887.79,No
5629-MJBWQ,Male,0,Yes,No,25,Yes,No,DSL,Yes,No,No,No,No,Yes,One year,Yes,Mailed check,64.33,1653.18,No
6650-IWILD,Male,0,Yes,Yes,23,Yes,No,No,No internet service,No internet service,No internet service,No internet service,No internet service,No internet service,Two year,No,Electronic check,19.26,455.91,No
4921-ZRIXR,Male,0,No,Yes,72,Yes,Yes,DSL,Yes,No,Yes,Yes,No,Yes,Two year,Yes,Electronic check,79.63,5732.39,No
5844-UCUKP,Male,0,No,No,33,Yes,No,No,No internet service,No internet service,No internet service,No internet service,No internet service,No internet service,One year,Yes,Electronic check,18.25,590.0,No
1065-QJQTW,Male,1,No,No,49,Yes,Yes,DSL,Yes,Yes,No,Yes,No,No,Month-to-month,Yes,Bank transfer (automatic),74.66,3629.35,No
4927-PILEL,Male,0,Yes,Yes,36,Yes,No,DSL,No,No,Yes,Yes,Yes,No,Month-to-month,No,Electronic check,67.6,2442.31,Yes
2612-TEJZK,Male,0,Yes,No,24,Yes,Yes,No,No internet service,No internet service,No internet service,No internet service,No internet service,No internet service,Month-to-month,Yes,Credit card (automatic),19.71,490.62,No
4330-HWJJQ,Male,0,Yes,No,14,Yes,Yes,DSL,No,No,Yes,Yes,No,Yes,Month-to-month,Yes,Electronic check,69.29,971.06,Yes
3011-ZVDYI,Female,0,No,No,69,Yes,No,DSL,No,Yes,No,No,Yes,No,Month-to-month,No,Electronic check,57.56,3979.01,No
5461-BNIJD,Female,0,Yes,No,3,Yes,Yes,Fiber optic,No,Yes,Yes,No,No,Yes,Month-to-month,No,Mailed check,83.05,258.9,Yes
2624-NAYYD,Female,0,Yes,No,13,No,No phone service,Fiber optic,No,No,No,No,Yes,No,Two year,Yes,Mailed check,61.53,783.2,Yes
8187-FIIAW,Female,0,No,No,13,Yes,Yes,Fiber optic,Yes,No,Yes,No,No,Yes,Month-to-month,Yes,Bank transfer (automatic),90.45,1177.33,Yes
5261-FNWQD,Female,0,No,No,51,Yes,No,DSL,No,No,Yes,Yes,Yes,No,Month-to-month,Yes,Credit card (automatic),61.52,3124.81,No
1194-RCZBY,Male,1,Yes,No,71,Yes,No,No,No internet service,No internet service,No internet service,No internet service,No internet service,No internet service,One year,No,Bank transfer (automatic),19.06,1356.71,No
1384-NCEPD,Female,0,No,No,6,Yes,Yes,DSL,Yes,Yes,Yes,No,Yes,No,Two year,Yes,Electronic check,66.21,409.52,No
1997-DLPTR,Male,0,Yes,Yes,21,Yes,Yes,No,No internet service,No internet service,No internet service,No internet service,No internet service,No internet service,Month-to-month,Yes,Electronic check,19.65,428.11,Yes
3749-YZFHG,Male,0,No,Yes,50,Yes,No,Fiber optic,No,Yes,No,No,No,No,Month-to-month,Yes,Credit card (automatic),74.42,3720.26,No
6682-PSNTV,Male,0,No,No,14,Yes,No,DSL,No,Yes,No,No,No,No,Two year,Yes,Mailed check,54.42,782.8,No
3336-BZCEC,Male,0,No,Yes,39,Yes,Yes,Fiber optic,No,No,No,No,No,Yes,Month-to-month,Yes,Bank transfer (automatic),69.65,2707.32,Yes
1846-PWEMQ,Male,0,Yes,Yes,20,Yes,Yes,Fiber optic,No,Yes,No,No,No,Yes,One year,Yes,Bank transfer (automatic),84.17,1671.6,No
2182-LMIOF,Female,0,No,No,72,Yes,No,Fiber optic,Yes,No,No,Yes,No,No,Month-to-month,Yes,Mailed check,75.96,5444.98,No
4000-SJSCG,Female,0,Yes,No,15,Yes,Yes,Fiber optic,No,Yes,No,No,Yes,No,Month-to-month,Yes,Mailed check,78.93,1198.32,Yes
1628-JUBVH,Female,0,No,Yes,44,Yes,No,Fiber optic,Yes,No,Yes,No,No,Yes,Month-to-month,No,Bank transfer (automatic),85.89,3777.22,Yes
5103-YLVLZ,Female,0,No,Yes,17,Yes,Yes,Fiber optic,No,No,Yes,No,No,Yes,Month-to-month,Yes,Electronic check,81.57,1388.57,Yes
4951-SCRZN,Female,0,No,No,28,Yes,Yes,DSL,No,No,No,No,Yes,Yes,One year,Yes,Bank transfer (automatic),61.35,1697.43,Yes
9496-LLSMC,Male,0,No,No,7,Yes,Yes,Fiber optic,Yes,No,No,No,No,No,Two year,Yes,Bank transfer (automatic),69.05,504.63,No
3060-MCUCK,Female,0,No,No,39,Yes,No,Fiber optic,No,Yes,No,Yes,Yes,No,One year,No,Mailed check,88.45,3444.6,No
6304-UYASP,Female,0,No,No,57,Yes,Yes,No,No internet service,No internet service,No internet service,No internet service,No internet service,No internet service,Month-to-month,Yes,Bank transfer (automatic),20.09,1124.42,No
2433-YRVEK,Male,1,Yes,No,6,Yes,Yes,No,No internet service,No internet service,No internet service,No internet service,No internet service,No internet service,Month-to-month,Yes,Electronic check,22.17,122.82,No
8739-CLRMX,Male,0,No,Yes,12,Yes,Yes,DSL,Yes,No,Yes,No,Yes,No,Two year,No,Credit card (automatic),73.67,881.63,No
3846-CUEDL,Female,0,Yes,No,53,Yes,Yes,Fiber optic,Yes,No,No,No,Yes,No,Two year,No,Electronic check,76.48,4082.45,No
8623-VOIMP,Female,0,Yes,No,18,Yes,Yes,Fiber optic,No,No,Yes,No,Yes,Yes,Two year,Yes,Mailed check,98.53,1791.61,No
9671-NRIIB,Male,0,No,Yes,22,Yes,Yes,Fiber optic,No,No,No,No,No,Yes,Month-to-month,No,Bank transfer (automatic),74.25,1600.24,Yes
5688-CDHSG,Female,1,Yes,Yes,8,Yes,No,DSL,Yes,Yes,No,No,Yes,No,Two year,Yes,Bank transfer (automatic),72.65,578.86,No
5624-HPQZQ,Male,0,No,No,58,Yes,Yes,No,No internet service,No internet service,No internet service,No internet service,No internet service,No internet service,One year,No,Electronic check,19.6,1139.01,No
7270-TFZEE,Male,0,Yes,No,7,Yes,Yes,DSL,No,No,Yes,Yes,Yes,No,Month-to-month,Yes,Electronic check,68.86,484.22,Yes
9998-CLISK,Male,0,Yes,No,22,Yes,No,No,No internet service,No internet service,No internet service,No internet service,No internet service,No internet service,Two year,Yes,Electronic check,23.77,494.63,No
4635-WGIAY,Male,0,No,No,14,No,No phone service,Fiber optic,Yes,Yes,No,No,No,Yes,Month-to-month,Yes,Electronic check,81.5,1128.01,Yes
2272-EYWKT,Female,0,No,No,45,Yes,No,DSL,Yes,Yes,No,No,Yes,Yes,One year,No,Bank transfer (automatic),72.27,3236.35,No
8553-MQRQK,Male,0,No,Yes,72,No,No phone service,Fiber optic,Yes,No,No,Yes,No,No,One year,No,Credit card (automatic),76.66,5505.16,No
5051-WYEHQ,Female,1,No,No,4,Yes,Yes,Fiber optic,No,No,Yes,Yes,No,Yes,One year,Yes,Mailed check,89.84,346.32,Yes
9734-ILFBH,Male,0,Yes,No,14,No,No phone service,DSL,No,No,No,No,No,No,Month-to-month,Yes,Credit card (automatic),42.56,579.85,Yes
7146-ZZYMA,Female,1,Yes,Yes,18,Yes,No,Fiber optic,No,No,No,No,No,Yes,Month-to-month,Yes,Mailed check,74.37,1355.98,Yes
2192-OVHRL,Female,1,No,No,6,Yes,No,DSL,No,No,Yes,Yes,No,No,Month-to-month,Yes,Electronic check,60.48,321.06,Yes
4593-CYPTW,Female,0,No,No,25,Yes,No,DSL,No,Yes,No,No,Yes,No,Month-to-month,Yes,Credit card (automatic),61.72,1587.3,No
9731-ZHNLG,Female,0,No,No,48,Yes,Yes,Fiber optic,No,No,No,Yes,No,Yes,One year,No,Bank transfer (automatic),84.1,4047.93,No
6194-TQDHU,Female,1,Yes,No,30,Yes,No,Fiber optic,No,No,Yes,No,No,Yes,Month-to-month,No,Electronic check,87.38,2637.4,Yes
5441-OSWIZ,Female,0,Yes,No,40,Yes,No,DSL,No,No,Yes,Yes,Yes,No,One year,No,Credit card (automatic),67.32,2678.43,No
9847-VIUFS,Female,0,Yes,No,13,No,No phone service,DSL,No,No,No,No,No,No,Month-to-month,Yes,Credit card (automatic),42.63,532.65,Yes
5451-ACCXW,Female,0,No,No,40,Yes,No,Fiber optic,No,No,No,No,Yes,Yes,Month-to-month,Yes,Bank transfer (automatic),78.85,3098.92,Yes
8743-RGWNR,Male,0,Yes,Yes,30,Yes,No,Fiber optic,No,No,No,No,Yes,Yes,One year,No,Bank transfer (automatic),77.49,2316.03,No
4544-BQOHF,Male,1,No,No,8,Yes,Yes,Fiber optic,No,Yes,No,No,Yes,No,One year,No,Bank transfer (automatic),78.33,631.39,No
3528-TLMRG,Male,0,Yes,No,26,Yes,No,No,No internet service,No internet service,No internet service,No internet service,No internet service,No internet service,One year,Yes,Mailed check,21.52,553.96,No
4631-KKHDR,Male,0,No,No,14,Yes,Yes,DSL,No,No,No,Yes,Yes,Yes,Month-to-month,Yes,Electronic check,77.0,1077.78,Yes
5797-YQQDN,Male,1,Yes,No,72,Yes,No,No,No internet service,No internet service,No internet service,No internet service,No internet service,No internet service,Two year,Yes,Electronic check,19.64,1415.35,No
6856-NCMER,Male,0,No,No,50,Yes,Yes,Fiber optic,No,No,Yes,No,Yes,Yes,Two year,No,Electronic check,86.72,4358.09,No
1069-WGIGR,Female,0,No,No,28,Yes,No,Fiber optic,Yes,No,No,No,Yes,Yes,Two year,Yes,Electronic check,80.57,2301.99,No
7376-KWBTW,Male,0,Yes,No,65,Yes,Yes,Fiber optic,No,No,No,Yes,No,No,Month-to-month,Yes,Mailed check,69.4,4505.01,No
4019-QJWGS,Female,0,Yes,No,41,Yes,Yes,DSL,No,No,No,No,No,Yes,Month-to-month,Yes,Mailed check,54.03,2227.3,Yes
9411-QGRXK,Male,0,Yes,No,8,Yes,No,Fiber optic,No,No,No,Yes,Yes,No,One year,Yes,Credit card (automatic),78.17,577.26,No
5997-NAOSC,Female,0,No,No,72,Yes,No,Fiber optic,Yes,Yes,No,No,No,Yes,One year,No,Bank transfer (automatic),99.4,7124.11,No
4256-ZXDCX,Male,0,No,Yes,6,No,No phone service,DSL,No,No,No,Yes,No,No,Month-to-month,Yes,Mailed check,51.83,289.7,Yes
8436-VNMOT,Male,0,Yes,Yes,72,Yes,No,DSL,Yes,No,Yes,No,Yes,Yes,Month-to-month,Yes,Electronic check,73.59,5252.44,No
2547-UPBDX,Male,0,No,No,30,Yes,Yes,Fiber optic,No,No,Yes,No,Yes,Yes,Month-to-month,No,Electronic check,88.45,2653.78,Yes
5827-XRHBT,Female,0,Yes,No,24,Yes,Yes,Fiber optic,No,No,Yes,Yes,Yes,No,Two year,Yes,Electronic check,94.19,2249.62,Yes
6320-STYBG,Male,0,No,No,12,No,No phone service,Fiber optic,No,No,Yes,No,Yes,Yes,Month-to-month,Yes,Electronic check,86.11,1035.33,Yes
6896-ICUZM,Female,0,No,Yes,31,Yes,Yes,Fiber optic,No,Yes,No,No,Yes,No,One year,Yes,Electronic check,75.06,2347.11,No
8956-SBLCT,Male,0,No,Yes,39,Yes,Yes,No,No internet service,No internet service,No internet service,No internet service,No internet service,No internet service,Month-to-month,Yes,Bank transfer (automatic),20.28,812.34,No
8753-ZHIJR,Female,1,Yes,Yes,37,Yes,Yes,Fiber optic,No,Yes,No,Yes,No,No,Month-to-month,Yes,Mailed check,80.67,2953.49,No
7176-ANFEM,Male,0,Yes,No,30,Yes,No,Fiber optic,No,No,No,No,Yes,No,One year,No,Mailed check,71.38,2131.56,No
7592-CRWFX,Female,0,No,No,22,Yes,Yes,DSL,Yes,Yes,No,Yes,Yes,Yes,Month-to-month,No,Credit card (automatic),89.55,1956.45,No
7793-WHYIS,Male,0,Yes,Yes,43,Yes,No,DSL,Yes,Yes,Yes,No,Yes,Yes,Two year,Yes,Bank transfer (automatic),84.31,3607.22,No
4301-YEVFC,Male,0,No,No,18,Yes,No,Fiber optic,Yes,Yes,No,No,Yes,No,Month-to-month,Yes,Electronic check,84.68,1498.21,Yes
4039-EAFGY,Male,1,No,No,24,Yes,No,Fiber optic,No,Yes,Yes,No,Yes,Yes,Two year,Yes,Electronic check,99.63,2382.66,Yes
9540-EFHAQ,Male,1,No,No,35,No,No phone service,DSL,Yes,No,Yes,No,Yes,Yes,Month-to-month,No,Bank transfer (automatic),75.13,2652.68,No
7179-PUXPI,Male,0,No,No,25,Yes,No,Fiber optic,No,Yes,No,No,No,No,Two year,Yes,Credit card (automatic),74.91,1873.96,No
6795-JDMGV,Female,0,No,No,6,Yes,No,DSL,Yes,No,No,No,Yes,No,Two year,No,Electronic check,60.61,382.66,Yes
5993-CVZBE,Male,0,No,No,30,Yes,Yes,Fiber optic,Yes,Yes,Yes,No,Yes,Yes,Two year,Yes,Bank transfer (automatic),101.01,3046.23,No
1598-WQCWT,Male,0,Yes,No,30,Yes,Yes,Fiber optic,No,No,Yes,No,No,No,Month-to-month,Yes,Electronic check,72.25,2159.76,Yes
3649-QXBLM,Female,0,No,Yes,28,Yes,No,Fiber optic,No,No,No,No,No,No,Month-to-month,Yes,Bank transfer (automatic),62.38,1713.76,Yes
4884-WPPEU,Male,0,Yes,No,22,Yes,No,No,No internet service,No internet service,No internet service,No internet service,No internet service,No internet service,One year,No,Electronic check,20.78,402.66,No
1620-KOJAI,Male,0,No,No,19,Yes,No,Fiber optic,No,Yes,No,No,No,No,Month-to-month,Yes,Electronic check,67.52,1245.14,Yes
8660-UMSVV,Female,0,No,No,26,Yes,Yes,Fiber optic,Yes,No,No,Yes,Yes,Yes,Month-to-month,Yes,Electronic check,98.71,2532.88,No
8261-UZQWH,Female,0,No,Yes,13,Yes,No,DSL,Yes,No,Yes,No,No,No,Month-to-month,Yes,Mailed check,69.06,936.54,Yes
7553-XNQBV,Female,0,Yes,Yes,68,Yes,No,DSL,Yes,Yes,No,No,Yes,No,Two year,Yes,Credit card (automatic),69.81,4736.93,No
9334-PENWN,Male,0,Yes,No,35,Yes,No,No,No internet service,No internet service,No internet service,No internet service,No internet service,No internet service,Two year,No,Bank transfer (automatic),18.97,629.53,No
6001-AWRFB,Female,1,No,Yes,32,Yes,No,No,No internet service,No internet service,No internet service,No internet service,No internet service,No internet service,Month-to-month,Yes,Credit card (automatic),22.2,713.14,No
8820-BAEUQ,Male,1,No,Yes,56,Yes,No,No,No internet service,No internet service,No internet service,No internet service,No internet service,No internet service,Two year,No,Mailed check,19.22,1035.96,No
9480-PWPKG,Female,0,Yes,No,11,Yes,Yes,No,No internet service,No internet service,No internet service,No internet service,No internet service,No internet service,One year,Yes,Mailed check,22.11,202.62,No
6941-JMLNN,Female,0,No,No,17,Yes,No,DSL,No,Yes,Yes,Yes,Yes,Yes,Month-to-month,No,Electronic check,77.8,1338.31,Yes
7563-AFGVO,Female,0,No,Yes,15,Yes,Yes,Fiber optic,No,Yes,Yes,No,No,No,One year,No,Bank transfer (automatic),75.76,1165.96,Yes
3035-HLPBV,Male,0,No,Yes,34,Yes,Yes,DSL,No,No,No,No,No,Yes,One year,No,Bank transfer (automatic),49.35,1652.08,No
1388-SYBKE,Male,0,No,No,11,Yes,No,Fiber optic,No,No,No,No,Yes,Yes,Two year,Yes,Mailed check,76.15,835.92,Yes
2040-BJGYR,Female,0,No,No,45,Yes,Yes,Fiber optic,Yes,No,Yes,No,No,No,One year,Yes,Electronic check,78.76,3516.38,No
6863-HKVNW,Female,0,No,No,33,Yes,No,Fiber optic,No,Yes,Yes,No,No,Yes,Month-to-month,Yes,Mailed check,90.79,3023.07,Yes
8102-GZRNV,Female,0,Yes,No,14,Yes,No,DSL,No,Yes,No,No,No,Yes,Month-to-month,Yes,Electronic check,59.85,856.59,Yes
2527-RYHJJ,Female,0,No,No,7,Yes,Yes,No,No internet service,No internet service,No internet service,No internet service,No internet service,No internet service,Two year,Yes,Credit card (automatic),19.67,149.98,No
2630-DJVWD,Female,0,No,No,32,Yes,Yes,Fiber optic,No,No,No,No,No,Yes,Two year,Yes,Credit card (automatic),75.07,2364.87,No
2549-UIUWS,Male,1,No,No,4,Yes,No,No,No internet service,No internet service,No internet service,No internet service,No internet service,No internet service,Two year,No,Bank transfer (automatic),19.57,71.97,No
2697-ZBPBM,Male,0,No,No,13,Yes,No,Fiber optic,No,No,No,No,Yes,No,One year,Yes,Mailed check,76.76,1034.17,No
8685-OCGPX,Male,1,No,No,23,Yes,Yes,DSL,No,Yes,No,No,No,Yes,Two year,Yes,Electronic check,59.09,1361.1,No
2994-HTQUZ,Male,0,Yes,Yes,22,Yes,Yes,No,No internet service,No internet service,No internet service,No internet service,No internet service,No internet service,One year,No,Bank transfer (automatic),20.76,504.5,No
9350-LGCWW,Male,0,Yes,Yes,15,Yes,No,No,No internet service,No internet service,No internet service,No internet service,No internet service,No internet service,Two year,Yes,Electronic check,18.53,290.59,Yes
8488-IVACX,Female,1,Yes,No,43,Yes,No,DSL,No,No,No,No,Yes,Yes,Month-to-month,No,Bank transfer (automatic),60.89,2587.71,No
5126-SJZVK,Female,1,No,Yes,12,Yes,No,Fiber optic,No,No,No,No,Yes,Yes,One year,Yes,Bank transfer (automatic),78.95,933.45,No
4124-ONDFD,Female,1,No,No,15,Yes,Yes,DSL,No,No,Yes,No,Yes,No,One year,Yes,Mailed check,64.95,939.45,Yes
2255-BFODZ,Male,0,Yes,No,28,Yes,No,No,No internet service,No internet service,No internet service,No internet service,No internet service,No internet service,Month-to-month,Yes,Electronic check,22.13,654.39,Yes
1401-IBCCE,Female,0,Yes,Yes,28,Yes,No,Fiber optic,No,No,Yes,No,No,Yes,Month-to-month,Yes,Mailed check,82.56,2314.59,Yes
6967-SIQRA,Female,0,No,No,8,Yes,Yes,DSL,No,No,No,No,Yes,No,Month-to-month,Yes,Credit card (automatic),56.2,463.59,Yes
1288-LSDHI,Female,0,Yes,No,27,No,No phone service,DSL,No,No,No,No,Yes,Yes,Month-to-month,Yes,Electronic check,58.93,1613.17,Yes
2996-UNBXO,Female,1,Yes,No,16,Yes,Yes,DSL,Yes,No,No,No,Yes,No,Month-to-month,Yes,Electronic check,55.31,869.03,Yes
2719-FWUMF,Female,0,Yes,Yes,15,Yes,Yes,Fiber optic,No,No,Yes,No,Yes,Yes,Month-to-month,Yes,Credit card (automatic),87.9,1287.93,Yes
3521-XSXYX,Female,0,No,Yes,32,Yes,No,No,No internet service,No internet service,No internet service,No internet service,No internet service,No internet service,Month-to-month,No,Electronic check,20.93,713.89,Yes
3048-GSAAF,Male,1,No,Yes,10,Yes,Yes,No,No internet service,No internet service,No internet service,No internet service,No internet service,No internet service,Month-to-month,No,Electronic check,19.45,183.42,No
4469-PKSCP,Female,1,No,Yes,21,Yes,No,Fiber optic,No,No,No,No,Yes,No,Two year,No,Credit card (automatic),73.58,1544.2,No
7873-ASXFH,Male,1,Yes,No,24,Yes,No,No,No internet service,No internet service,No internet service,No internet service,No internet service,No internet service,Month-to-month,Yes,Mailed check,24.32,584.18,No
4213-ZRODM,Male,0,Yes,No,32,Yes,No,No,No internet service,No internet service,No internet service,No internet service,No internet service,No internet service,Two year,Yes,Bank transfer (automatic),19.39,640.79,No
6273-RZAST,Male,0,No,Yes,14,Yes,Yes,Fiber optic,No,No,Yes,No,No,No,Month-to-month,Yes,Bank transfer (automatic),72.41,978.52,Yes
4970-ELZBO,Female,1,No,No,37,Yes,No,DSL,No,No,No,No,No,No,Month-to-month,Yes,Electronic check,41.39,1552.14,Yes
4750-DTQFD,Female,0,Yes,Yes,45,Yes,No,Fiber optic,No,No,Yes,No,Yes,No,One year,No,Electronic check,87.05,3948.59,No
8249-YRDEK,Female,0,No,No,44,Yes,Yes,No,No internet service,No internet service,No internet service,No internet service,No internet service,No internet service,Two year,Yes,Mailed check,20.16,874.01,No
1689-FCVWO,Male,1,No,No,8,Yes,No,No,No internet service,No internet service,No internet service,No internet service,No internet service,No internet service,Month-to-month,No,Credit card (automatic),23.94,162.54,No
9765-DEIJB,Male,0,No,No,43,Yes,Yes,Fiber optic,No,Yes,No,No,No,No,Month-to-month,No,Electronic check,74.31,3156.83,No
4193-BUTEQ,Female,0,Yes,No,44,Yes,No,DSL,No,No,No,No,Yes,No,Two year,No,Credit card (automatic),52.68,2330.05,No
7648-SAIRQ,Male,0,Yes,No,72,Yes,No,Fiber optic,No,Yes,Yes,No,Yes,Yes,Month-to-month,No,Mailed check,98.05,7040.97,Yes
3246-HIOTG,Female,0,Yes,No,9,Yes,No,Fiber optic,No,No,Yes,No,No,Yes,Two year,No,Mailed check,83.75,767.58,No
1509-ZFZFZ,Male,1,No,Yes,63,Yes,No,DSL,Yes,Yes,No,No,No,Yes,Two year,No,Electronic check,64.85,4104.22,No
4987-RIJDS,Female,0,No,Yes,4,Yes,No,Fiber optic,No,Yes,No,No,No,Yes,Month-to-month,No,Electronic check,83.08,340.07,Yes
3891-PWBZI,Female,0,Yes,No,45,Yes,Yes,Fiber optic,Yes,Yes,Yes,Yes,Yes,No,Month-to-month,Yes,Electronic check,104.02,4704.39,Yes
9769-JQJRS,Female,0,Yes,Yes,52,Yes,No,No,No internet service,No internet service,No internet service,No internet service,No internet service,No internet service,One year,No,Credit card (automatic),21.26,1093.12,No
8084-FNXBD,Male,1,Yes,No,44,Yes,No,Fiber optic,Yes,No,No,Yes,Yes,Yes,Month-to-month,No,Credit card (automatic),100.23,4390.97,No
6236-GEVXN,Female,1,No,Yes,6,Yes,No,Fiber optic,No,No,No,Yes,No,No,One year,Yes,Bank transfer (automatic),70.87,422.28,Yes
4571-JJSNS,Female,0,No,Yes,60,Yes,No,DSL,Yes,No,No,No,No,No,Month-to-month,Yes,Bank transfer (automatic),59.97,3599.86,No
2017-LDAPJ,Female,0,Yes,No,72,Yes,No,Fiber optic,No,No,No,Yes,Yes,Yes,Month-to-month,No,Mailed check,93.48,6721.94,Yes
8664-OZJSP,Female,0,No,No,10,Yes,No,No,No internet service,No internet service,No internet service,No internet service,No internet service,No internet service,Month-to-month,Yes,Electronic check,20.35,249.2,No
6640-GXKYN,Male,0,No,Yes,20,Yes,No,Fiber optic,No,No,No,No,Yes,No,Month-to-month,No,Mailed check,72.92,1415.02,No
8471-TZOXT,Male,0,No,Yes,14,No,No phone service,No,No internet service,No internet service,No internet service,No internet service,No internet service,No internet service,Month-to-month,No,Mailed check,18.25,263.79,No
8323-UJLSG,Male,0,No,No,39,No,No phone service,DSL,Yes,No,No,Yes,No,No,Month-to-month,No,Electronic check,58.11,2227.05,Yes
6391-CHWIV,Male,0,Yes,No,17,Yes,No,Fiber optic,Yes,Yes,No,No,Yes,Yes,Two year,Yes,Electronic check,95.94,1631.57,No
9886-YZIKE,Female,0,No,No,41,Yes,No,No,No internet service,No internet service,No internet service,No internet service,No internet service,No internet service,Month-to-month,Yes,Electronic check,18.25,776.61,Yes
1027-KWCZH,Male,0,No,Yes,22,Yes,No,No,No internet service,No internet service,No internet service,No internet service,No internet service,No internet service,Month-to-month,No,Mailed check,19.82,378.06,No
5392-IPTFX,Male,0,No,No,28,Yes,No,Fiber optic,No,Yes,Yes,No,No,No,Month-to-month,Yes,Bank transfer (automatic),83.57,2345.27,Yes
5026-CPDGU,Male,0,No,Yes,25,Yes,Yes,Fiber optic,No,No,Yes,No,Yes,Yes,Month-to-month,Yes,Mailed check,86.03,2159.77,Yes
6380-PXQSE,Male,0,Yes,Yes,4,Yes,No,No,No internet service,No internet service,No internet service,No internet service,No internet service,No internet service,Month-to-month,No,Bank transfer (automatic),22.01,82.98,No
1097-UTKVL,Male,0,No,No,27,Yes,Yes,Fiber optic,No,Yes,No,Yes,Yes,Yes,Two year,Yes,Credit card (automatic),98.55,2643.79,No
6592-JSGVW,Female,0,No,Yes,6,Yes,No,DSL,No,No,No,No,Yes,No,One year,Yes,Bank transfer (automatic),53.99,319.71,Yes
4756-VINBQ,Male,1,Yes,No,7,Yes,Yes,Fiber optic,No,No,No,No,No,No,One year,Yes,Bank transfer (automatic),68.34,487.66,Yes
6181-IZBRL,Female,0,No,No,61,Yes,No,Fiber optic,No,No,No,No,No,Yes,Two year,No,Bank transfer (automatic),80.06,4837.08,No
9243-RZJKM,Male,1,Yes,No,38,Yes,Yes,Fiber optic,Yes,No,Yes,No,No,Yes,Month-to-month,No,Mailed check,93.92,3562.97,Yes
9913-YMYSQ,Male,0,No,No,36,Yes,No,DSL,No,Yes,No,Yes,Yes,No,One year,Yes,Electronic check,61.95,2233.65,No
6391-QJRMI,Female,0,Yes,Yes,27,Yes,No,Fiber optic,No,Yes,Yes,Yes,Yes,Yes,Month-to-month,Yes,Credit card (automatic),99.36,2697.61,Yes
2284-FBCCH,Male,0,Yes,No,72,Yes,No,Fiber optic,No,Yes,Yes,No,No,No,Month-to-month,No,Mailed check,80.43,5838.68,No
1185-FERJQ,Male,0,No,No,27,Yes,Yes,Fiber optic,No,Yes,No,No,No,Yes,Month-to-month,Yes,Electronic check,75.26,2047.6,Yes
5758-CIIUA,Female,1,No,No,23,Yes,No,DSL,No,No,No,No,No,No,One year,No,Electronic check,47.27,1088.97,No
1530-DOFXP,Female,0,No,Yes,23,Yes,No,Fiber optic,Yes,No,No,No,No,Yes,One year,Yes,Bank transfer (automatic),87.04,1991.93,Yes
7098-MGMLX,Female,0,No,No,54,Yes,Yes,No,No internet service,No internet service,No internet service,No internet service,No internet service,No internet service,Month-to-month,Yes,Electronic check,19.37,1025.42,No
1691-JETVJ,Male,0,Yes,No,26,Yes,Yes,DSL,No,No,No,No,No,No,Two year,No,Electronic check,45.36,1175.93,No
7878-VLWUI,Female,0,No,No,32,Yes,No,Fiber optic,Yes,No,No,No,Yes,No,Month-to-month,No,Bank transfer (automatic),75.59,2408.46,No
7860-XVBFP,Female,1,No,No,57,Yes,No,Fiber optic,No,Yes,No,No,Yes,No,Month-to-month,Yes,Bank transfer (automatic),79.95,4545.02,No
1075-CNQYN,Female,0,Yes,Yes,37,Yes,No,Fiber optic,No,Yes,No,Yes,No,Yes,Month-to-month,No,Mailed check,87.69,3254.24,Yes
7669-UMDFU,Male,0,No,No,48,Yes,No,Fiber optic,Yes,Yes,No,No,No,Yes,Two year,No,Bank transfer (automatic),89.3,4326.38,No
9878-WRCAT,Male,1,Yes,Yes,13,Yes,No,DSL,Yes,No,Yes,No,Yes,No,Month-to-month,Yes,Credit card (automatic),76.13,1018.03,Yes
3132-NRGXN,Male,1,Yes,Yes,9,Yes,Yes,Fiber optic,No,No,Yes,Yes,No,No,One year,Yes,Electronic check,86.22,795.21,Yes
3303-ZUHCF,Male,0,No,No,69,Yes,No,No,No internet service,No internet service,No internet service,No internet service,No internet service,No internet service,Month-to-month,No,Electronic check,22.38,1576.17,No
9815-SIGCI,Female,0,No,Yes,46,Yes,Yes,DSL,Yes,Yes,Yes,No,Yes,No,Month-to-month,Yes,Credit card (automatic),75.73,3477.34,No
9741-EHTAP,Male,0,No,No,40,Yes,No,No,No internet service,No internet service,No internet service,No internet service,No internet service,No internet service,Month-to-month,No,Mailed check,21.8,855.36,No
7804-PMNHX,Male,0,No,Yes,33,Yes,No,Fiber optic,Yes,Yes,No,Yes,Yes,Yes,Month-to-month,Yes,Electronic check,98.87,3285.89,Yes
4932-JLUCJ,Male,0,Yes,No,25,Yes,Yes,DSL,No,Yes,No,No,Yes,No,Month-to-month,Yes,Bank transfer (automatic),67.66,1681.17,Yes
7123-MSBLM,Male,1,No,No,14,Yes,Yes,DSL,No,Yes,Yes,Yes,Yes,Yes,Two year,Yes,Bank transfer (automatic),86.84,1193.49,No
6304-UUVKS,Male,0,Yes,No,14,Yes,Yes,DSL,No,Yes,No,Yes,Yes,Yes,Two year,Yes,Credit card (automatic),78.28,1130.8,No
5217-GFNRJ,Male,1,Yes,No,9,Yes,Yes,Fiber optic,Yes,Yes,Yes,No,No,No,Month-to-month,Yes,Mailed check,85.4,739.97,Yes
7169-HMZVJ,Male,0,Yes,No,6,Yes,No,DSL,No,No,No,No,No,No,Month-to-month,Yes,Mailed check,45.87,269.21,Yes
9380-GSBZA,Female,0,Yes,No,12,Yes,Yes,Fiber optic,No,Yes,No,Yes,No,No,Two year,No,Mailed check,79.34,966.27,No
7842-TPRUP,Male,1,Yes,No,19,No,No phone service,No,No internet service,No internet service,No internet service,No internet service,No internet service,No internet service,One year,Yes,Credit card (automatic),18.25,358.56,No
3016-EXDMD,Female,0,No,No,69,No,No phone service,No,No internet service,No internet service,No internet service,No internet service,No internet service,No internet service,One year,No,Mailed check,19.72,1346.86,No
3352-FNEAO,Male,0,No,Yes,6,Yes,No,No,No internet service,No internet service,No internet service,No internet service,No internet service,No internet service,Month-to-month,Yes,Electronic check,21.77,139.02,No
2611-SUSGT,Male,0,No,Yes,28,Yes,No,Fiber optic,No,No,No,Yes,Yes,Yes,Month-to-month,Yes,Electronic check,85.94,2378.71,Yes
8994-BDSTJ,Male,0,Yes,No,72,Yes,No,DSL,No,Yes,Yes,No,No,Yes,Two year,Yes,Electronic check,66.66,4819.47,No
7590-LBOGI,Male,0,No,No,54,Yes,No,Fiber optic,No,Yes,No,No,Yes,No,Month-to-month,No,Electronic check,81.98,4423.64,Yes
9152-EWAEC,Male,0,Yes,No,26,Yes,No,DSL,No,Yes,No,No,No,Yes,Month-to-month,No,Electronic check,64.77,1707.9,Yes
6060-EVXRV,Male,1,No,No,14,Yes,No,No,No internet service,No internet service,No internet service,No internet service,No internet service,No internet service,Month-to-month,Yes,Electronic check,20.14,295.81,Yes
2769-UWUCR,Female,1,No,No,3,Yes,No,No,No internet service,No internet service,No internet service,No internet service,No internet service,No internet service,One year,No,Credit card (automatic),21.28,111.01,No
7251-TLEUK,Male,0,Yes,No,29,Yes,No,DSL,No,No,Yes,No,No,No,One year,Yes,Electronic check,50.59,1466.87,No
1737-SBGQN,Male,0,No,No,42,Yes,No,Fiber optic,Yes,Yes,No,No,Yes,No,One year,Yes,Credit card (automatic),86.72,3663.56,No
5924-NGIMA,Female,0,No,No,15,Yes,No,DSL,Yes,No,No,Yes,Yes,No,One year,Yes,Electronic check,73.89,1134.17,No
2222-IRDIU,Male,0,Yes,No,56,Yes,No,Fiber optic,No,Yes,No,Yes,Yes,Yes,One year,Yes,Credit card (automatic),100.62,5645.16,No
3042-NOWCY,Male,0,No,No,23,Yes,No,DSL,No,No,Yes,No,Yes,No,Two year,No,Credit card (automatic),59.04,1342.91,No
5808-BICSK,Male,0,No,Yes,32,Yes,No,No,No internet service,No internet service,No internet service,No internet service,No internet service,No internet service,Month-to-month,No,Credit card (automatic),18.49,567.28,No
1627-SWTGX,Male,1,Yes,Yes,26,Yes,Yes,Fiber optic,No,Yes,No,No,No,No,Month-to-month,Yes,Bank transfer (automatic),66.23,1693.02,Yes
3862-BPNTQ,Male,0,Yes,No,56,Yes,No,Fiber optic,No,No,No,Yes,No,No,Month-to-month,Yes,Electronic check,78.34,4426.9,Yes
4960-IKZIF,Female,0,Yes,No,57,Yes,No,DSL,No,No,Yes,No,Yes,No,Month-to-month,Yes,Bank transfer (automatic),62.83,3564.32,No
6212-VHOSM,Female,1,No,Yes,38,Yes,No,Fiber optic,Yes,No,No,No,No,Yes,Two year,Yes,Electronic check,74.88,2834.13,No
4234-CCBJQ,Female,0,Yes,Yes,20,No,No phone service,Fiber optic,No,No,No,Yes,No,No,Month-to-month,No,Electronic check,71.45,1439.2,Yes
7002-IGXXU,Male,1,No,Yes,25,Yes,No,DSL,No,No,Yes,No,Yes,No,Two year,Yes,Credit card (automatic),61.77,1561.9,No
8551-JHKSI,Male,1,Yes,No,72,No,No phone service,DSL,Yes,No,No,No,No,Yes,Two year,Yes,Electronic check,60.42,4356.69,No
2858-EIAII,Male,0,No,No,72,Yes,Yes,Fiber optic,No,No,No,Yes,Yes,No,Month-to-month,Yes,Electronic check,71.65,5165.48,Yes
7597-RSASG,Male,0,No,No,27,Yes,No,Fiber optic,No,No,No,Yes,Yes,No,Month-to-month,Yes,Credit card (automatic),80.2,2185.41,Yes
6923-ESZIK,Male,0,No,No,9,No,No phone service,Fiber optic,No,No,No,Yes,No,Yes,Two year,Yes,Credit card (automatic),75.32,701.43,No
4704-BNVNK,Male,1,No,Yes,50,Yes,No,No,No internet service,No internet service,No internet service,No internet service,No internet service,No internet service,One year,No,Bank transfer (automatic),22.08,1095.39,No
1304-FQYKQ,Male,1,No,Yes,17,Yes,Yes,No,No internet service,No internet service,No internet service,No internet service,No internet service,No internet service,One year,No,Mailed check,26.01,422.91,No
9189-SBFPY,Male,0,No,No,67,Yes,No,No,No internet service,No internet service,No internet service,No internet service,No internet service,No internet service,Month-to-month,No,Electronic check,22.95,1555.9,Yes
5671-ZAKEL,Male,0,Yes,No,15,Yes,No,DSL,No,No,Yes,No,Yes,No,Month-to-month,Yes,Credit card (automatic),61.65,928.44,No
7495-NQQTK,Female,0,Yes,No,18,Yes,No,DSL,No,Yes,No,No,No,No,Two year,No,Electronic check,49.32,896.15,No
7250-MPEDH,Male,0,No,Yes,8,Yes,No,Fiber optic,No,Yes,Yes,No,No,No,Two year,Yes,Mailed check,78.23,607.32,No
1630-MOLTQ,Female,0,Yes,No,72,No,No phone service,No,No internet service,No internet service,No internet service,No internet service,No internet service,No internet service,Two year,Yes,Credit card (automatic),18.25,1343.37,No
6174-NJOGA,Male,1,Yes,No,11,Yes,No,No,No internet service,No internet service,No internet service,No internet service,No internet service,No internet service,Two year,No,Bank transfer (automatic),21.52,238.11,No
8029-CZTTL,Female,0,No,No,47,Yes,No,Fiber optic,No,Yes,No,No,Yes,No,Month-to-month,No,Electronic check,71.51,3381.8,Yes
2726-OUNFC,Male,0,No,No,22,Yes,Yes,No,No internet service,No internet service,No internet service,No internet service,No internet service,No internet service,Month-to-month,Yes,Electronic check,22.83,514.1,No
2370-ZPNSH,Male,0,Yes,No,18,Yes,No,DSL,No,No,Yes,Yes,Yes,No,Month-to-month,No,Bank transfer (automatic),64.52,1127.83,No
3023-QTOGH,Male,0,Yes,No,17,Yes,No,Fiber optic,No,No,No,Yes,Yes,No,One year,Yes,Mailed check,86.16,1460.66,Yes
8129-XUVKR,Male,0,Yes,No,66,Yes,No,DSL,No,Yes,No,No,Yes,No,One year,Yes,Electronic check,60.23,3968.87,No
5898-TNGTQ,Female,1,Yes,No,72,Yes,Yes,DSL,Yes,No,No,No,Yes,No,Month-to-month,No,Mailed check,65.85,4729.11,No
2742-YOEAL,Male,0,Yes,No,61,Yes,Yes,Fiber optic,No,No,No,No,No,Yes,Month-to-month,No,Mailed check,72.98,4411.46,No
2090-GUSAL,Male,0,No,No,4,Yes,Yes,DSL,No,No,No,No,Yes,No,One year,Yes,Bank transfer (automatic),55.63,259.41,Yes
9623-UDIDV,Female,0,No,No,47,Yes,No,Fiber optic,Yes,Yes,Yes,Yes,Yes,Yes,Month-to-month,Yes,Bank transfer (automatic),104.46,4925.68,Yes
3037-YVTFT,Male,0,Yes,No,22,Yes,No,Fiber optic,No,Yes,No,No,No,No,Two year,Yes,Electronic check,84.02,1847.78,No
7099-YHHSN,Female,0,Yes,No,24,Yes,No,No,No internet service,No internet service,No internet service,No internet service,No internet service,No internet service,Month-to-month,Yes,Credit card (automatic),18.57,421.92,No
9201-BMZMU,Female,1,No,No,30,Yes,No,No,No internet service,No internet service,No internet service,No internet service,No internet service,No internet service,Two year,No,Credit card (automatic),18.85,539.12,No
4172-PZDWK,Male,0,Yes,No,26,Yes,Yes,Fiber optic,No,No,Yes,Yes,Yes,No,Month-to-month,Yes,Bank transfer (automatic),96.47,2502.06,Yes
9158-LGUMU,Male,0,Yes,Yes,38,Yes,No,Fiber optic,Yes,Yes,No,No,No,No,One year,No,Electronic check,78.91,3001.58,Yes
1829-UCGFJ,Male,0,Yes,No,22,Yes,Yes,Fiber optic,No,No,No,No,No,Yes,Two year,No,Mailed check,73.96,1578.98,No
8148-NKHRU,Female,0,No,No,50,Yes,Yes,DSL,Yes,Yes,Yes,No,Yes,No,Month-to-month,No,Bank transfer (automatic),81.67,4107.64,No
8854-ZXOIW,Male,0,Yes,Yes,28,No,No phone service,Fiber optic,Yes,Yes,No,Yes,No,No,One year,Yes,Credit card (automatic),92.52,2598.43,No
1312-NNUNY,Male,0,Yes,Yes,28,Yes,No,No,No internet service,No internet service,No internet service,No internet service,No internet service,No internet service,Month-to-month,No,Credit card (automatic),18.25,493.65,No
3493-LJHON,Male,0,No,Yes,26,Yes,No,Fiber optic,Yes,Yes,No,No,No,Yes,Month-to-month,No,Bank transfer (automatic),82.61,2169.0,Yes
6593-TAHMO,Female,1,No,No,47,Yes,Yes,DSL,No,Yes,No,No,Yes,No,Month-to-month,No,Credit card (automatic),58.96,2786.24,Yes
1407-RHIUB,Female,0,No,Yes,19,Yes,Yes,DSL,No,No,No,No,No,Yes,Month-to-month,Yes,Mailed check,56.41,1107.46,Yes
9932-IMIFV,Female,0,No,No,38,Yes,No,DSL,No,No,No,No,Yes,No,Month-to-month,Yes,Mailed check,51.65,1947.8,No
2414-KXIFW,Female,0,No,Yes,29,Yes,No,Fiber optic,Yes,No,No,No,Yes,Yes,Two year,No,Mailed check,91.19,2647.8,No
5248-DDTJG,Female,1,Yes,Yes,67,Yes,Yes,No,No internet service,No internet service,No internet service,No internet service,No internet service,No internet service,Two year,No,Credit card (automatic),21.66,1473.84,No
4411-TVHJJ,Male,0,Yes,Yes,20,Yes,Yes,DSL,Yes,No,Yes,Yes,No,No,Month-to-month,Yes,Mailed check,64.34,1308.96,No
5640-LRAYZ,Female,1,Yes,Yes,51,Yes,No,Fiber optic,Yes,Yes,Yes,Yes,No,Yes,Two year,No,Bank transfer (automatic),100.71,5161.21,No
4155-PVGXD,Female,0,Yes,No,33,Yes,No,Fiber optic,Yes,No,No,No,No,No,Two year,No,Electronic check,71.82,2348.63,No
9545-OFVBM,Male,1,Yes,No,63,Yes,No,No,No internet service,No internet service,No internet service,No internet service,No internet service,No internet service,Month-to-month,No,Electronic check,19.86,1306.09,Yes
8864-MYJUI,Female,0,Yes,No,28,Yes,No,DSL,No,No,No,No,No,No,Month-to-month,No,Credit card (automatic),47.54,1320.9,No
9094-XWYDW,Female,0,No,No,18,Yes,No,Fiber optic,No,No,No,Yes,No,Yes,Two year,No,Electronic check,84.78,1481.69,No
6554-LTYKE,Male,0,No,Yes,18,Yes,Yes,DSL,No,Yes,No,Yes,Yes,No,Month-to-month,No,Mailed check,69.65,1238.19,Yes
6899-MEFSE,Male,0,Yes,No,31,Yes,No,Fiber optic,Yes,No,No,Yes,No,No,Month-to-month,Yes,Credit card (automatic),82.1,2528.81,No
8782-JKEHQ,Male,0,No,No,26,Yes,No,Fiber optic,Yes,Yes,No,No,No,Yes,Month-to-month,No,Mailed check,84.26,2166.33,Yes
2160-MERRI,Female,0,Yes,No,19,Yes,No,DSL,No,No,No,Yes,Yes,Yes,One year,Yes,Mailed check,70.94,1409.46,No
7428-DCXTG,Male,0,No,No,31,Yes,Yes,DSL,No,Yes,Yes,No,Yes,Yes,Month-to-month,Yes,Electronic check,80.63,2474.44,Yes
6342-CZQJA,Female,0,No,No,1,Yes,No,Fiber optic,Yes,No,No,No,Yes,Yes,Month-to-month,Yes,Electronic check,86.27,84.68,Yes
5133-LWAUR,Male,0,Yes,Yes,23,Yes,Yes,DSL,No,No,Yes,Yes,No,Yes,Month-to-month,Yes,Credit card (automatic),67.18,1523.97,No
8476-NGLIB,Female,0,Yes,Yes,27,Yes,No,No,No internet service,No internet service,No internet service,No internet service,No internet service,No internet service,Month-to-month,Yes,Mailed check,23.46,646.27,Yes
4885-RSSRU,Male,1,No,No,5,Yes,No,No,No internet service,No internet service,No internet service,No internet service,No internet service,No internet service,One year,No,Electronic check,21.69,91.18,No
4006-YTKXM,Female,0,No,No,10,Yes,No,No,No internet service,No internet service,No internet service,No internet service,No internet service,No internet service,One year,Yes,Bank transfer (automatic),20.03,157.63,No
4047-NBCZM,Male,0,No,No,11,Yes,No,DSL,No,No,Yes,Yes,No,No,Two year,Yes,Bank transfer (automatic),64.26,695.74,No
1378-GQRJN,Male,1,Yes,Yes,25,Yes,Yes,Fiber optic,No,Yes,No,No,No,No,Month-to-month,Yes,Mailed check,71.51,1808.22,Yes
7252-LTTAL,Male,0,Yes,No,21,Yes,Yes,Fiber optic,No,Yes,No,No,Yes,No,Month-to-month,Yes,Electronic check,81.36,1716.54,Yes
1231-NWGPX,Male,0,Yes,No,22,Yes,Yes,DSL,No,Yes,No,No,No,Yes,Month-to-month,Yes,Electronic check,60.88,1350.06,Yes
1257-WTLQP,Male,0,No,Yes,5,Yes,Yes,No,No internet service,No internet service,No internet service,No internet service,No internet service,No internet service,Month-to-month,Yes,Mailed check,22.16,73.83,No
5148-YTIUG,Female,0,Yes,No,54,Yes,Yes,Fiber optic,No,Yes,Yes,No,Yes,No,Two year,No,Bank transfer (automatic),92.21,4993.03,No
1516-ZNUMW,Female,0,Yes,No,65,Yes,No,DSL,No,No,Yes,No,No,Yes,Month-to-month,Yes,Electronic check,58.8,3827.97,No
1351-LVLAI,Female,0,No,No,7,No,No phone service,DSL,No,No,Yes,Yes,Yes,No,One year,Yes,Mailed check,54.95,397.83,Yes
4022-ZSHIO,Female,0,Yes,Yes,20,Yes,Yes,Fiber optic,Yes,Yes,Yes,No,Yes,Yes,Month-to-month,Yes,Bank transfer (automatic),102.22,2046.71,Yes
6859-TQVTI,Male,0,Yes,Yes,21,Yes,No,No,No internet service,No internet service,No internet service,No internet service,No internet service,No internet service,Two year,Yes,Electronic check,25.83,538.54,No
4947-IZEMB,Female,0,No,Yes,35,Yes,Yes,Fiber optic,Yes,No,Yes,Yes,Yes,Yes,Month-to-month,Yes,Electronic check,100.34,3516.94,Yes
4085-MWXGQ,Female,0,No,No,18,Yes,No,DSL,No,No,No,No,Yes,No,One year,No,Credit card (automatic),56.58,978.67,Yes
9702-JINVF,Male,0,No,No,51,Yes,No,Fiber optic,Yes,No,Yes,Yes,Yes,No,Month-to-month,No,Mailed check,94.84,4860.11,No
2318-TQMFL,Female,1,Yes,Yes,10,Yes,No,Fiber optic,No,No,Yes,No,Yes,No,Month-to-month,Yes,Bank transfer (automatic),77.58,793.51,Yes
7067-XQBYW,Male,0,No,No,42,Yes,Yes,No,No internet service,No internet service,No internet service,No internet service,No internet service,No internet service,Month-to-month,Yes,Credit card (automatic),18.35,777.17,No
1467-ZZMWU,Female,0,Yes,No,34,Yes,Yes,Fiber optic,No,Yes,No,No,Yes,Yes,Month-to-month,Yes,Electronic check,89.46,3048.47,No
6254-HONNN,Female,0,No,Yes,8,Yes,Yes,Fiber optic,Yes,No,No,No,No,No,One year,Yes,Bank transfer (automatic),77.43,634.32,No
6208-ELVTH,Female,1,No,Yes,20,Yes,No,DSL,Yes,No,No,No,Yes,No,One year,No,Electronic check,53.55,1085.35,No
3806-PWFFS,Male,0,No,Yes,9,Yes,Yes,DSL,No,No,No,Yes,No,No,One year,Yes,Credit card (automatic),44.61,372.89,Yes
5042-OPVKE,Female,0,No,Yes,72,Yes,No,Fiber optic,No,No,No,No,Yes,Yes,One year,Yes,Electronic check,80.26,5824.58,No
1590-MTBFF,Male,0,No,No,23,Yes,Yes,No,No internet service,No internet service,No internet service,No internet service,No internet service,No internet service,One year,No,Credit card (automatic),22.38,532.76,No
2489-PWRMC,Female,0,Yes,No,18,Yes,No,No,No internet service,No internet service,No internet service,No internet service,No internet service,No internet service,One year,No,Electronic check,19.22,379.11,No
3625-RGWOT,Male,0,Yes,No,4,Yes,No,Fiber optic,No,No,No,Yes,Yes,Yes,Month-to-month,No,Credit card (automatic),88.89,361.08,Yes
3902-UHDZR,Female,0,Yes,No,33,Yes,Yes,Fiber optic,No,No,Yes,No,No,Yes,Month-to-month,Yes,Electronic check,84.82,2804.97,Yes
2991-AAYTD,Female,0,No,No,19,Yes,Yes,Fiber optic,No,No,No,No,No,Yes,Two year,Yes,Electronic check,73.78,1395.84,No
5696-YVKAK,Male,0,Yes,Yes,42,Yes,Yes,No,No internet service,No internet service,No internet service,No internet service,No internet service,No internet service,Month-to-month,No,Electronic check,18.25,783.57,No
7737-XEXSB,Male,0,No,Yes,72,Yes,Yes,Fiber optic,Yes,No,No,Yes,Yes,Yes,Two year,Yes,Electronic check,103.73,7451.28,Yes
4140-ATUGV,Female,0,No,Yes,46,Yes,Yes,Fiber optic,Yes,No,No,Yes,Yes,Yes,Two year,No,Mailed check,101.89,4679.18,No
6935-FLYVD,Male,0,No,No,11,Yes,No,Fiber optic,No,Yes,No,Yes,Yes,No,One year,Yes,Mailed check,83.5,956.14,No
2717-WBHON,Male,0,Yes,No,18,Yes,Yes,No,No internet service,No internet service,No internet service,No internet service,No internet service,No internet service,Two year,No,Electronic check,18.6,308.69,No
3750-FFTGY,Male,0,No,No,7,Yes,Yes,Fiber optic,Yes,Yes,No,Yes,Yes,No,Month-to-month,No,Credit card (automatic),98.33,694.99,Yes
5177-QBIKG,Male,0,No,No,14,Yes,Yes,DSL,Yes,Yes,No,No,Yes,Yes,One year,No,Bank transfer (automatic),81.48,1116.67,Yes
2688-TNWVE,Female,0,No,Yes,53,Yes,No,No,No internet service,No internet service,No internet service,No internet service,No internet service,No internet service,Month-to-month,No,Electronic check,20.77,1069.46,No
4577-DGODZ,Female,1,No,No,15,Yes,Yes,DSL,No,No,Yes,Yes,No,No,One year,Yes,Electronic check,59.54,885.69,No
7107-HITMJ,Male,0,Yes,No,42,Yes,No,DSL,No,No,No,Yes,Yes,No,Month-to-month,Yes,Credit card (automatic),58.53,2477.53,Yes
9049-HEXOL,Male,0,Yes,No,17,Yes,Yes,Fiber optic,No,No,No,No,Yes,Yes,One year,Yes,Electronic check,78.51,1285.68,No
9732-OXSOS,Male,0,No,No,46,Yes,Yes,Fiber optic,No,Yes,No,Yes,Yes,Yes,Month-to-month,Yes,Bank transfer (automatic),91.07,4210.43,Yes
5920-LXWUP,Male,1,No,Yes,10,Yes,Yes,No,No internet service,No internet service,No internet service,No internet service,No internet service,No internet service,Month-to-month,Yes,Mailed check,18.25,218.65,No
4000-NINDB,Female,0,No,No,9,Yes,No,Fiber optic,No,No,No,Yes,No,No,One year,Yes,Credit card (automatic),73.18,619.89,No
4125-GNYKE,Male,0,No,No,72,Yes,Yes,No,No internet service,No internet service,No internet service,No internet service,No internet service,No internet service,Month-to-month,No,Credit card (automatic),20.78,1518.03,No
3344-RMHSK,Female,0,No,No,11,Yes,Yes,DSL,Yes,Yes,No,No,No,No,One year,Yes,Electronic check,59.01,670.9,Yes
4509-TQOQV,Female,0,No,Yes,54,Yes,No,Fiber optic,No,No,Yes,No,Yes,Yes,One year,Yes,Mailed check,91.83,5013.69,No
7085-WDNZI,Female,0,No,Yes,37,Yes,No,Fiber optic,Yes,Yes,Yes,No,No,Yes,Two year,Yes,Mailed check,97.86,3589.34,No
7497-YZFLR,Female,0,No,No,14,Yes,No,DSL,No,Yes,No,No,Yes,Yes,One year,Yes,Credit card (automatic),66.17,907.63,No
8600-UYKQU,Male,0,Yes,No,14,Yes,No,DSL,No,Yes,Yes,No,Yes,No,Month-to-month,No,Bank transfer (automatic),70.95,971.65,Yes
2986-IHJJD,Male,0,Yes,Yes,20,Yes,No,DSL,No,No,Yes,Yes,Yes,No,Month-to-month,Yes,Credit card (automatic),69.21,1378.46,No
9035-HKHTO,Male,1,Yes,Yes,55,Yes,No,DSL,Yes,Yes,No,No,Yes,Yes,Two year,Yes,Electronic check,80.69,4399.79,No
1863-DSYAG,Female,0,Yes,No,17,Yes,No,Fiber optic,No,No,Yes,No,No,No,Month-to-month,Yes,Electronic check,69.36,1205.3,Yes
8847-NXJHA,Female,1,No,No,42,No,No phone service,DSL,Yes,No,No,No,No,No,One year,Yes,Bank transfer (automatic),50.99,2144.96,No
5279-ZWNUU,Male,1,No,No,34,Yes,No,Fiber optic,No,Yes,Yes,No,No,No,One year,No,Electronic check,80.55,2703.19,No
5686-MIUAO,Male,1,Yes,Yes,35,Yes,No,Fiber optic,No,No,Yes,No,Yes,No,Month-to-month,No,Credit card (automatic),85.31,3004.74,Yes
7944-RZLXS,Male,0,Yes,No,72,Yes,No,Fiber optic,No,No,No,Yes,No,No,Month-to-month,No,Bank transfer (automatic),77.16,5595.04,Yes
7657-VUXDK,Female,0,No,No,40,Yes,Yes,Fiber optic,Yes,No,Yes,No,Yes,No,One year,Yes,Mailed check,85.76,3427.89,No
4692-ZIKNM,Female,0,No,No,35,Yes,No,Fiber optic,No,No,Yes,No,Yes,Yes,Month-to-month,No,Electronic check,92.32,3241.5,Yes
6045-HNOIA,Female,0,No,No,4,Yes,Yes,No,No internet service,No internet service,No internet service,No internet service,No internet service,No internet service,Month-to-month,Yes,Mailed check,21.17,69.85,No
4254-GKTIK,Female,0,Yes,No,65,Yes,Yes,DSL,No,Yes,Yes,No,No,No,One year,No,Mailed check,59.44,3851.04,No
9804-HQZEB,Male,0,Yes,Yes,46,No,No phone service,Fiber optic,No,No,Yes,No,No,Yes,Month-to-month,Yes,Mailed check,75.81,3502.74,No
8614-GMQYQ,Female,0,No,No,34,Yes,No,Fiber optic,No,No,Yes,Yes,No,No,One year,Yes,Bank transfer (automatic),87.85,2987.0,Yes
2588-DYDFK,Female,0,No,No,20,Yes,Yes,No,No internet service,No internet service,No internet service,No internet service,No internet service,No internet service,Month-to-month,Yes,Credit card (automatic),21.13,405.83,No
6384-POTNP,Male,0,No,No,5,Yes,No,Fiber optic,Yes,Yes,No,No,No,Yes,Month-to-month,Yes,Credit card (automatic),95.04,443.23,No
2247-ZJYDJ,Female,0,No,No,39,Yes,No,DSL,No,Yes,No,Yes,Yes,No,One year,No,Bank transfer (automatic),60.39,2379.76,No
8409-OJUUH,Male,0,Yes,Yes,26,Yes,No,No,No internet service,No internet service,No internet service,No internet service,No internet service,No internet service,Month-to-month,Yes,Electronic check,18.78,509.45,No
4145-FFLWP,Female,0,Yes,No,72,Yes,Yes,DSL,No,Yes,Yes,No,Yes,No,Month-to-month,No,Electronic check,61.08,4413.47,No
6389-QCREY,Female,0,Yes,No,42,Yes,Yes,No,No internet service,No internet service,No internet service,No internet service,No internet service,No internet service,One year,No,Electronic check,21.22,938.22,No
1768-RMYWV,Female,0,Yes,Yes,29,No,No phone service,Fiber optic,No,Yes,No,Yes,Yes,Yes,Two year,No,Electronic check,100.03,2931.6,No
1926-GDORV,Female,0,Yes,No,72,Yes,Yes,DSL,No,No,No,Yes,Yes,No,One year,Yes,Mailed check,62.34,4459.1,No
8060-IPPXU,Male,0,Yes,No,26,Yes,Yes,Fiber optic,No,No,No,Yes,No,Yes,Month-to-month,No,Electronic check,82.19,2135.73,No
1285-NLTAO,Female,0,Yes,No,72,Yes,No,Fiber optic,No,Yes,No,No,Yes,Yes,Month-to-month,Yes,Electronic check,91.12,6564.64,Yes
4709-TPCZF,Female,0,No,No,3,Yes,No,DSL,No,Yes,Yes,No,Yes,No,One year,No,Bank transfer (automatic),66.33,128.25,Yes
2303-BORLR,Male,1,Yes,Yes,72,No,No phone service,No,No internet service,No internet service,No internet service,No internet service,No internet service,No internet service,Month-to-month,No,Electronic check,18.25,1274.02,No
7011-CKVOO,Female,1,No,No,54,Yes,No,DSL,No,No,No,Yes,No,Yes,Two year,Yes,Mailed check,62.34,3338.5,No
4905-WLBQQ,Male,0,Yes,Yes,12,Yes,Yes,DSL,No,No,No,No,No,Yes,Month-to-month,Yes,Electronic check,52.74,647.65,Yes
9526-DEBPI,Female,0,Yes,No,72,Yes,No,DSL,No,No,No,No,No,No,Month-to-month,Yes,Mailed check,48.36,3497.3,No
5040-RFVYP,Female,0,Yes,No,2,Yes,No,No,No internet service,No internet service,No internet service,No internet service,No internet service,No internet service,Two year,Yes,Credit card (automatic),19.12,37.93,No
2288-MVHHO,Male,0,Yes,No,9,Yes,No,DSL,No,Yes,No,No,Yes,No,Two year,Yes,Credit card (automatic),62.31,611.04,No
8465-QWCXY,Male,0,Yes,Yes,38,No,No phone service,No,No internet service,No internet service,No internet service,No internet service,No internet service,No internet service,Month-to-month,No,Electronic check,18.25,695.37,No
7585-LPRXY,Female,1,No,No,65,Yes,Yes,Fiber optic,No,Yes,No,No,Yes,No,One year,Yes,Electronic check,86.04,5618.73,Yes
1952-RIKIP,Female,0,No,No,34,Yes,No,Fiber optic,No,No,No,No,No,No,Month-to-month,No,Bank transfer (automatic),66.39,2254.21,No
6044-NPJAD,Female,0,Yes,No,5,Yes,Yes,Fiber optic,No,Yes,Yes,No,No,No,Two year,No,Mailed check,80.5,397.25,No
9085-UZWNA,Male,0,Yes,No,14,No,No phone service,Fiber optic,Yes,Yes,No,Yes,Yes,No,Two year,No,Credit card (automatic),90.74,1273.4,No
9013-HOSWX,Female,1,Yes,No,17,No,No phone service,DSL,No,Yes,Yes,No,No,Yes,Month-to-month,Yes,Mailed check,62.12,1076.0,No
6015-RWCYP,Male,0,No,No,37,No,No phone service,Fiber optic,No,Yes,Yes,No,No,Yes,Month-to-month,No,Bank transfer (automatic),88.91,3318.65,No
2144-ZPNYU,Female,0,Yes,Yes,24,Yes,No,Fiber optic,Yes,No,No,No,No,Yes,Month-to-month,Yes,Mailed check,79.69,1887.37,Yes
2978-YBIXT,Male,0,Yes,Yes,61,Yes,No,DSL,Yes,Yes,No,No,Yes,No,Two year,Yes,Mailed check,61.77,3763.83,No
8859-YIRML,Female,0,No,Yes,5,Yes,No,DSL,Yes,No,No,Yes,Yes,No,One year,Yes,Electronic check,63.67,295.56,No
2719-BDFPV,Female,0,No,No,43,Yes,No,DSL,No,No,No,Yes,No,Yes,Month-to-month,Yes,Mailed check,59.61,2560.05,No
1004-FWTAC,Female,1,No,No,9,Yes,Yes,DSL,No,Yes,No,No,Yes,No,One year,Yes,Mailed check,63.79,622.97,Yes
8387-MPFYV,Female,0,Yes,Yes,72,Yes,Yes,Fiber optic,Yes,No,No,No,Yes,Yes,Month-to-month,No,Electronic check,89.27,6442.97,Yes
1508-UMNMH,Male,0,Yes,Yes,43,Yes,Yes,No,No internet service,No internet service,No internet service,No internet service,No internet service,No internet service,Two year,Yes,Mailed check,20.17,879.72,No
8060-QEOOU,Female,0,Yes,No,24,Yes,Yes,No,No internet service,No internet service,No internet service,No internet service,No internet service,No internet service,Two year,Yes,Bank transfer (automatic),19.1,499.09,No
1383-NVBPQ,Female,0,No,No,20,Yes,Yes,DSL,Yes,Yes,Yes,Yes,Yes,No,Month-to-month,Yes,Credit card (automatic),77.26,1518.44,Yes
2890-QZUKQ,Male,1,No,No,36,Yes,No,Fiber optic,No,No,No,No,No,Yes,Month-to-month,Yes,Credit card (automatic),82.44,2988.67,Yes
1279-IPYTL,Male,0,Yes,No,60,Yes,Yes,Fiber optic,No,No,Yes,No,No,No,Month-to-month,Yes,Credit card (automatic),66.38,3976.02,Yes
3968-LHAWQ,Female,0,No,No,34,Yes,No,Fiber optic,Yes,Yes,No,Yes,Yes,Yes,One year,No,Electronic check,97.54,3290.52,Yes
2853-MAIMK,Female,0,Yes,No,24,Yes,Yes,DSL,No,Yes,No,Yes,Yes,Yes,Month-to-month,Yes,Bank transfer (automatic),73.1,1744.42,Yes
1601-MDOGY,Female,0,No,No,11,Yes,No,Fiber optic,No,No,Yes,Yes,No,Yes,Month-to-month,Yes,Credit card (automatic),88.9,983.96,Yes
7859-HKPKN,Male,1,Yes,No,23,Yes,Yes,Fiber optic,No,Yes,Yes,Yes,No,Yes,Two year,No,Electronic check,101.58,2332.5,Yes
8471-BRYAA,Female,0,Yes,No,60,Yes,Yes,Fiber optic,No,Yes,No,No,Yes,No,Two year,No,Bank transfer (automatic),76.36,4580.51,No
4442-MDOHV,Male,0,Yes,Yes,48,Yes,No,DSL,No,No,Yes,No,Yes,Yes,Two year,No,Electronic check,66.43,3157.73,No
4042-OUUHA,Male,1,No,No,66,Yes,No,Fiber optic,No,No,Yes,No,No,No,Month-to-month,Yes,Credit card (automatic),78.04,5203.67,Yes
9832-DHVBS,Male,0,Yes,No,11,Yes,Yes,DSL,Yes,No,Yes,Yes,Yes,Yes,Month-to-month,Yes,Credit card (automatic),91.24,1033.41,Yes
6800-CSOIP,Male,0,Yes,Yes,5,Yes,No,Fiber optic,No,Yes,No,Yes,No,No,Two year,No,Electronic check,85.09,426.15,Yes
2517-PDFBA,Male,0,No,No,45,Yes,No,No,No internet service,No internet service,No internet service,No internet service,No internet service,No internet service,One year,Yes,Bank transfer (automatic),23.98,1116.91,No
4420-HZMWE,Female,0,No,No,7,Yes,No,DSL,No,No,Yes,No,Yes,Yes,Month-to-month,Yes,Credit card (automatic),63.49,454.81,No
9382-HAWJP,Male,0,No,No,66,Yes,No,Fiber optic,Yes,No,No,No,Yes,No,Month-to-month,Yes,Electronic check,82.28,5421.86,Yes
1492-YLYWC,Male,0,No,No,46,Yes,Yes,Fiber optic,No,No,No,No,No,No,One year,Yes,Credit card (automatic),61.49,2814.78,No
4456-OPUDM,Male,0,No,No,34,Yes,Yes,Fiber optic,No,No,No,Yes,No,No,One year,Yes,Mailed check,72.42,2462.2,Yes
3446-NQNEN,Female,0,No,No,9,No,No phone service,Fiber optic,No,No,Yes,Yes,No,No,Two year,Yes,Mailed check,80.28,717.67,No
5283-ITWZQ,Male,0,Yes,No,27,Yes,Yes,Fiber optic,Yes,No,Yes,No,No,Yes,Month-to-month,Yes,Mailed check,88.91,2407.7,Yes
2560-QLRMV,Male,0,Yes,Yes,23,Yes,No,Fiber optic,No,No,Yes,No,No,No,Month-to-month,Yes,Mailed check,71.09,1617.48,No
7812-TNMES,Female,0,Yes,Yes,35,Yes,Yes,Fiber optic,Yes,Yes,No,Yes,Yes,Yes,One year,Yes,Electronic check,104.55,3678.88,No
6150-XBCWT,Male,0,Yes,No,72,Yes,Yes,DSL,No,Yes,No,No,Yes,No,Two year,No,Electronic check,51.75,3730.07,No
6867-HSIEM,Female,0,Yes,No,11,Yes,Yes,DSL,Yes,Yes,Yes,No,No,Yes,Month-to-month,No,Mailed check,80.02,886.98,Yes
3942-LBAEM,Male,0,Yes,No,20,Yes,No,Fiber optic,Yes,No,Yes,Yes,No,Yes,One year,No,Mailed check,92.59,1804.09,No
8754-LXCMK,Male,0,Yes,No,24,Yes,No,Fiber optic,Yes,No,No,No,Yes,No,Month-to-month,No,Bank transfer (automatic),76.61,1842.86,Yes
9488-CFDRD,Male,0,No,Yes,69,Yes,No,DSL,No,Yes,Yes,Yes,No,No,Month-to-month,Yes,Mailed check,67.24,4595.36,Yes
8009-LXSOL,Female,0,No,No,29,No,No phone service,Fiber optic,No,No,No,No,Yes,Yes,Month-to-month,Yes,Credit card (automatic),72.64,2091.58,No
7729-KTVBO,Male,0,No,No,43,Yes,No,Fiber optic,No,No,No,Yes,No,Yes,Month-to-month,No,Bank transfer (automatic),79.18,3391.99,No
9480-DQFCY,Female,0,No,No,72,No,No phone service,Fiber optic,Yes,No,No,No,Yes,Yes,Month-to-month,Yes,Bank transfer (automatic),80.01,5720.32,No
9759-YOKZO,Male,0,Yes,No,33,Yes,Yes,DSL,No,No,Yes,No,Yes,No,One year,Yes,Mailed check,58.21,1911.08,No
7945-FGHDP,Female,0,Yes,No,20,Yes,No,No,No internet service,No internet service,No internet service,No internet service,No internet service,No internet service,Month-to-month,Yes,Electronic check,21.95,396.18,No
7231-LHFZG,Male,0,Yes,No,63,Yes,Yes,No,No internet service,No internet service,No internet service,No internet service,No internet service,No internet service,Two year,No,Electronic check,25.68,1612.39,No
4698-IJHBM,Male,0,No,No,72,Yes,Yes,No,No internet service,No internet service,No internet service,No internet service,No internet service,No internet service,Month-to-month,Yes,Bank transfer (automatic),20.12,1434.64,No
4790-MZCHM,Male,0,Yes,Yes,40,Yes,No,DSL,Yes,Yes,Yes,Yes,Yes,Yes,Month-to-month,No,Electronic check,88.2,3555.36,No
8148-OEVYR,Female,0,No,Yes,15,Yes,Yes,Fiber optic,Yes,Yes,No,No,No,No,Month-to-month,Yes,Electronic check,71.65,1075.99,Yes
1621-LRXWM,Male,0,Yes,Yes,19,Yes,No,No,No internet service,No internet service,No internet service,No internet service,No internet service,No internet service,Two year,Yes,Electronic check,21.32,419.41,No
9484-FDATA,Female,0,No,No,72,Yes,No,No,No internet service,No internet service,No internet service,No internet service,No internet service,No internet service,Month-to-month,Yes,Credit card (automatic),21.45,1526.58,No
5205-SAPDH,Female,0,No,No,46,Yes,No,DSL,Yes,Yes,No,No,Yes,Yes,Month-to-month,Yes,Bank transfer (automatic),79.31,3625.31,No
9346-VPPVK,Female,0,Yes,No,22,Yes,No,DSL,Yes,No,No,No,No,No,One year,Yes,Bank transfer (automatic),56.4,1204.73,No
1953-QCBOJ,Male,1,No,No,4,Yes,No,Fiber optic,No,No,No,No,Yes,No,Month-to-month,No,Bank transfer (automatic),73.91,270.09,Yes
9344-WUJWY,Female,0,No,Yes,46,Yes,Yes,DSL,No,No,No,No,Yes,Yes,Month-to-month,Yes,Credit card (automatic),59.24,2740.61,No
1526-EFZRQ,Female,0,No,Yes,40,Yes,No,DSL,Yes,No,No,No,No,No,Month-to-month,Yes,Credit card (automatic),52.58,2091.16,No
1726-NKPJP,Female,0,No,No,46,Yes,Yes,Fiber optic,No,No,No,Yes,Yes,No,Month-to-month,No,Electronic check,75.93,3514.24,Yes
1584-IATAA,Female,0,Yes,No,13,Yes,No,DSL,No,Yes,No,No,No,Yes,Two year,Yes,Electronic check,61.09,768.76,No
5038-BYPYZ,Female,0,Yes,No,21,Yes,Yes,Fiber optic,Yes,No,Yes,No,No,No,One year,No,Credit card (automatic),80.01,1608.57,No
2787-BYJPR,Female,0,No,No,57,Yes,Yes,Fiber optic,Yes,No,Yes,No,No,No,Month-to-month,No,Mailed check,83.1,4751.08,No
5209-PZYDB,Female,0,Yes,No,1,No,No phone service,DSL,Yes,No,No,Yes,No,Yes,Month-to-month,Yes,Credit card (automatic),66.9,45.95,No
9177-BXJRZ,Male,0,Yes,No,20,Yes,No,No,No internet service,No internet service,No internet service,No internet service,No internet service,No internet service,One year,No,Mailed check,20.79,429.37,No
3211-WCXMR,Female,0,Yes,No,6,Yes,Yes,Fiber optic,No,Yes,Yes,No,No,Yes,Two year,Yes,Bank transfer (automatic),95.18,538.7,Yes
4634-UNLET,Male,0,No,No,12,Yes,Yes,No,No internet service,No internet service,No internet service,No internet service,No internet service,No internet service,Month-to-month,No,Mailed check,23.61,300.82,No
3588-ZEOEQ,Female,0,Yes,Yes,51,Yes,No,DSL,Yes,Yes,Yes,Yes,No,No,One year,Yes,Credit card (automatic),72.28,3647.22,No
8125-GWZNT,Female,0,No,No,24,Yes,No,Fiber optic,No,Yes,No,No,Yes,Yes,Month-to-month,Yes,Electronic check,83.97,2004.31,Yes
9548-XXORO,Male,0,Yes,No,10,No,No phone service,Fiber optic,Yes,Yes,No,Yes,No,No,Month-to-month,Yes,Electronic check,86.64,815.78,Yes
4880-HLGZS,Male,0,Yes,Yes,38,Yes,Yes,No,No internet service,No internet service,No internet service,No internet service,No internet service,No internet service,Month-to-month,Yes,Credit card (automatic),20.85,809.25,No
9550-TOIZL,Male,1,Yes,Yes,16,No,No phone service,DSL,No,No,Yes,Yes,Yes,Yes,Month-to-month,No,Electronic check,75.21,1166.68,Yes
6759-GPRXI,Male,0,Yes,No,23,Yes,Yes,Fiber optic,Yes,No,No,No,Yes,No,Month-to-month,No,Credit card (automatic),74.41,1705.72,Yes
1637-YRCPB,Male,0,Yes,Yes,31,No,No phone service,DSL,No,Yes,Yes,Yes,Yes,Yes,Month-to-month,No,Electronic check,79.19,2491.68,No
3611-BCYAE,Female,0,No,No,66,Yes,No,No,No internet service,No internet service,No internet service,No internet service,No internet service,No internet service,Two year,Yes,Credit card (automatic),27.88,1804.06,No
7193-PSKOB,Female,0,Yes,No,31,Yes,No,DSL,No,Yes,Yes,No,No,No,One year,Yes,Electronic check,63.16,1967.99,Yes
6320-IABIN,Female,0,Yes,No,19,Yes,Yes,Fiber optic,No,No,No,No,No,No,Two year,Yes,Electronic check,63.61,1208.71,No
7167-WRYAS,Male,0,Yes,Yes,37,No,No phone service,Fiber optic,No,No,Yes,Yes,Yes,Yes,Month-to-month,Yes,Electronic check,80.73,2997.47,Yes
7332-DQIJA,Female,0,Yes,No,38,No,No phone service,DSL,No,Yes,Yes,No,No,No,One year,Yes,Credit card (automatic),59.05,2233.67,No
8973-DCIFN,Male,0,No,No,18,No,No phone service,DSL,Yes,No,Yes,No,Yes,No,One year,No,Mailed check,65.19,1171.6,No
6561-AGGDU,Female,0,Yes,Yes,24,Yes,No,Fiber optic,Yes,Yes,No,Yes,Yes,No,Month-to-month,Yes,Mailed check,90.84,2161.84,Yes
9276-IFFYM,Male,0,No,No,26,Yes,No,Fiber optic,Yes,No,Yes,Yes,Yes,Yes,Month-to-month,Yes,Mailed check,105.02,2743.05,Yes
9003-WUQGG,Male,0,Yes,Yes,59,Yes,No,Fiber optic,Yes,No,Yes,No,No,No,One year,Yes,Mailed check,84.28,4975.01,Yes
9513-PIUIP,Male,0,Yes,No,1,Yes,No,DSL,No,No,Yes,Yes,Yes,No,Month-to-month,No,Mailed check,65.36,89.33,No
9332-RTLID,Female,0,No,No,35,Yes,No,Fiber optic,No,No,Yes,No,No,Yes,Month-to-month,No,Bank transfer (automatic),75.89,2618.09,No
9182-OJPZK,Male,0,Yes,No,49,Yes,Yes,Fiber optic,No,No,Yes,No,No,No,One year,Yes,Bank transfer (automatic),76.28,3741.14,No
7367-LEPCA,Female,0,No,No,58,Yes,Yes,Fiber optic,No,No,Yes,No,Yes,Yes,Two year,No,Credit card (automatic),90.98,5279.77,No
3943-FTMIB,Female,0,No,No,5,Yes,No,Fiber optic,No,Yes,No,No,No,Yes,Month-to-month,No,Bank transfer (automatic),76.45,360.75,Yes
9907-VMXFO,Female,0,Yes,No,5,Yes,No,Fiber optic,No,Yes,No,No,Yes,Yes,Month-to-month,No,Electronic check,92.76,472.97,Yes
4816-QAQJS,Male,0,No,No,15,Yes,Yes,Fiber optic,No,Yes,No,No,No,No,One year,No,Credit card (automatic),69.88,1059.28,No
4428-QEGVH,Male,0,Yes,Yes,43,Yes,Yes,No,No internet service,No internet service,No internet service,No internet service,No internet service,No internet service,Month-to-month,Yes,Electronic check,18.48,775.26,No
9869-IFRSJ,Male,0,No,No,53,Yes,Yes,DSL,Yes,No,No,No,No,No,Month-to-month,Yes,Electronic check,46.7,2482.19,Yes
2153-GHNQD,Male,0,No,No,4,Yes,No,Fiber optic,No,Yes,No,Yes,No,No,One year,No,Mailed check,85.2,311.16,No
1056-LIPOQ,Female,0,Yes,No,31,Yes,No,Fiber optic,No,Yes,No,Yes,No,Yes,Two year,Yes,Credit card (automatic),90.81,2830.49,No
3056-INWDZ,Male,0,Yes,No,51,Yes,Yes,Fiber optic,Yes,Yes,No,Yes,No,No,Two year,No,Electronic check,82.11,4195.52,No
2422-ZVCEM,Male,0,No,Yes,18,Yes,Yes,DSL,No,Yes,No,No,Yes,No,Two year,Yes,Electronic check,62.49,1161.92,Yes
9793-HJWZV,Male,0,Yes,Yes,33,Yes,No,Fiber optic,Yes,No,Yes,Yes,No,Yes,Two year,No,Credit card (automatic),88.64,2944.43,No
3915-EVZCM,Female,0,No,Yes,8,Yes,Yes,Fiber optic,No,No,Yes,No,Yes,Yes,Two year,No,Mailed check,85.03,739.07,No
3979-MAVXH,Male,0,Yes,No,40,Yes,No,DSL,Yes,Yes,Yes,No,No,Yes,Month-to-month,Yes,Electronic check,82.39,3313.88,Yes
7481-XBPPE,Female,0,Yes,Yes,23,Yes,No,Fiber optic,No,Yes,No,No,Yes,Yes,Two year,Yes,Credit card (automatic),85.98,1976.98,No
2141-JKBTA,Male,0,No,Yes,21,Yes,No,No,No internet service,No internet service,No internet service,No internet service,No internet service,No internet service,Two year,Yes,Credit card (automatic),18.25,367.05,No
6671-HZVAI,Female,1,No,No,32,Yes,Yes,Fiber optic,Yes,No,Yes,No,Yes,No,One year,Yes,Mailed check,87.26,2782.73,No
1801-LJHYQ,Female,0,No,No,4,Yes,No,DSL,Yes,No,No,Yes,No,Yes,Two year,Yes,Credit card (automatic),60.04,282.68,No
5610-EJZQH,Male,0,No,No,16,Yes,No,DSL,No,No,No,No,No,Yes,Month-to-month,Yes,Mailed check,55.58,908.91,No
1219-ENUOE,Male,0,Yes,Yes,51,Yes,Yes,Fiber optic,Yes,Yes,Yes,No,No,No,Month-to-month,Yes,Credit card (automatic),78.52,3966.93,No
2181-HNZDD,Male,0,Yes,Yes,4,Yes,No,No,No internet service,No internet service,No internet service,No internet service,No internet service,No internet service,Two year,Yes,Electronic check,20.33,129.48,No
9447-GXEZQ,Male,0,Yes,No,5,No,No phone service,Fiber optic,No,No,No,No,Yes,Yes,Month-to-month,Yes,Credit card (automatic),76.31,418.39,Yes
4718-GUIKB,Male,0,Yes,No,18,Yes,Yes,Fiber optic,Yes,Yes,No,No,Yes,No,Month-to-month,No,Bank transfer (automatic),83.88,1488.65,Yes
7128-GPKEU,Female,0,Yes,No,26,Yes,Yes,DSL,No,Yes,No,Yes,No,Yes,Month-to-month,No,Credit card (automatic),69.78,1796.2,No
4359-BIMMR,Female,0,No,No,31,No,No phone service,DSL,No,Yes,Yes,Yes,Yes,Yes,One year,Yes,Credit card (automatic),85.06,2640.36,No
1315-SETYB,Male,0,Yes,No,72,Yes,Yes,Fiber optic,Yes,Yes,Yes,Yes,Yes,No,Month-to-month,No,Bank transfer (automatic),103.9,7484.93,No
7636-ZHFVK,Female,0,Yes,No,32,Yes,Yes,Fiber optic,Yes,No,No,No,Yes,No,Month-to-month,No,Electronic check,82.83,2689.86,Yes
8033-WGQQQ,Male,1,No,No,35,Yes,Yes,Fiber optic,No,No,No,No,No,No,Two year,Yes,Credit card (automatic),66.93,2365.06,No
4705-ZGEJE,Female,0,Yes,Yes,58,Yes,No,DSL,Yes,Yes,No,No,Yes,No,One year,Yes,Bank transfer (automatic),66.93,3881.89,No
3914-UCBAQ,Male,0,No,No,12,Yes,No,DSL,No,No,No,No,Yes,Yes,Month-to-month,Yes,Credit card (automatic),58.84,694.46,Yes
8323-YRRRV,Female,0,Yes,No,36,Yes,No,DSL,No,No,Yes,No,No,No,Two year,No,Electronic check,52.24,1821.05,No
7773-OKDGA,Female,0,Yes,Yes,43,Yes,No,No,No internet service,No internet service,No internet service,No internet service,No internet service,No internet service,Month-to-month,Yes,Electronic check,21.37,899.27,Yes
4036-QNCAH,Male,0,No,No,39,Yes,No,DSL,Yes,No,No,Yes,Yes,No,Month-to-month,No,Electronic check,67.91,2674.48,No
1197-WCZIT,Male,0,No,No,31,Yes,Yes,Fiber optic,No,Yes,No,No,No,No,Two year,Yes,Mailed check,73.99,2312.21,No
4056-UAIFK,Male,0,No,No,29,Yes,Yes,DSL,No,No,Yes,Yes,Yes,No,Two year,Yes,Electronic check,71.52,2076.53,No
6090-LCTDH,Female,0,Yes,No,10,Yes,No,DSL,Yes,Yes,No,No,Yes,No,One year,No,Bank transfer (automatic),66.1,666.9,No
6264-WPYZM,Female,0,Yes,No,19,Yes,No,DSL,No,No,Yes,No,Yes,No,Month-to-month,No,Mailed check,60.66,1134.01,No
3881-QHRWT,Female,0,No,No,72,Yes,No,Fiber optic,No,No,No,No,No,No,Two year,Yes,Credit card (automatic),67.36,4805.0,No
3897-NDGIA,Female,0,Yes,No,16,Yes,No,DSL,Yes,No,No,No,Yes,No,One year,No,Electronic check,61.02,998.32,Yes
6983-WGLJE,Female,1,No,No,27,Yes,No,Fiber optic,No,Yes,No,No,Yes,Yes,Month-to-month,No,Mailed check,91.69,2419.72,Yes
9589-LKWQH,Male,0,Yes,Yes,26,Yes,No,Fiber optic,No,No,Yes,No,No,No,Month-to-month,Yes,Credit card (automatic),71.86,1882.19,Yes
8841-CGVYV,Female,1,Yes,Yes,36,Yes,No,No,No internet service,No internet service,No internet service,No internet service,No internet service,No internet service,Two year,No,Credit card (automatic),24.45,929.21,No
1640-YIACM,Female,1,Yes,Yes,25,Yes,No,Fiber optic,No,No,No,No,No,Yes,Two year,Yes,Electronic check,75.65,1859.19,Yes
5183-DVNUF,Male,0,No,Yes,22,Yes,No,Fiber optic,No,Yes,No,Yes,Yes,No,Month-to-month,Yes,Credit card (automatic),92.81,2042.02,No
7346-TTRZX,Female,0,Yes,No,50,Yes,Yes,DSL,Yes,No,No,No,No,Yes,Two year,No,Credit card (automatic),64.66,3212.78,No
8833-VODEL,Male,0,No,No,32,Yes,No,Fiber optic,Yes,No,Yes,Yes,No,No,Month-to-month,Yes,Electronic check,90.71,2871.65,Yes
5271-HUPLA,Male,0,Yes,No,29,Yes,No,Fiber optic,Yes,No,No,No,Yes,No,Month-to-month,Yes,Electronic check,81.7,2329.9,Yes
1533-CMIJH,Female,0,Yes,No,17,Yes,Yes,Fiber optic,No,No,No,Yes,No,No,Month-to-month,Yes,Credit card (automatic),73.17,1223.89,No
8300-VMJIR,Male,0,Yes,Yes,20,Yes,No,No,No internet service,No internet service,No internet service,No internet service,No internet service,No internet service,Month-to-month,No,Credit card (automatic),20.6,428.67,No
5633-BHXGM,Male,0,No,No,33,Yes,Yes,DSL,Yes,No,No,No,Yes,Yes,Two year,No,Credit card (automatic),63.07,2086.87,No
2577-XPUZL,Male,1,No,No,53,Yes,No,Fiber optic,No,No,No,No,No,No,One year,Yes,Bank transfer (automatic),67.54,3561.62,No
9680-BAAHL,Female,0,No,Yes,66,Yes,No,DSL,Yes,No,No,No,Yes,Yes,Month-to-month,No,Bank transfer (automatic),76.74,5085.45,No
4211-PLNWC,Female,1,Yes,Yes,35,Yes,Yes,Fiber optic,No,No,Yes,Yes,Yes,No,One year,Yes,Bank transfer (automatic),94.18,3302.05,No
4021-XGSUZ,Male,0,No,No,72,Yes,No,Fiber optic,No,Yes,No,Yes,No,Yes,Month-to-month,No,Mailed check,92.82,6715.13,No
2943-HZEKY,Male,0,Yes,No,21,Yes,Yes,No,No internet service,No internet service,No internet service,No internet service,No internet service,No internet service,Month-to-month,No,Credit card (automatic),21.49,479.01,No
8068-TBRTE,Male,0,No,No,21,Yes,No,Fiber optic,Yes,Yes,No,Yes,No,No,Two year,No,Bank transfer (automatic),82.99,1733.73,No
9825-QXUOO,Female,1,No,No,60,Yes,No,Fiber optic,Yes,Yes,Yes,No,No,Yes,Month-to-month,Yes,Electronic check,87.23,5256.33,No
9322-ZWVIH,Male,1,Yes,No,30,No,No phone service,DSL,Yes,No,No,No,Yes,No,One year,Yes,Credit card (automatic),60.75,1808.57,No
9033-MRLYC,Female,1,No,No,17,Yes,No,DSL,No,Yes,Yes,No,Yes,No,One year,Yes,Electronic check,69.4,1153.29,No
5814-XAFUL,Female,0,No,No,26,No,No phone service,Fiber optic,Yes,Yes,No,Yes,No,Yes,One year,Yes,Credit card (automatic),100.49,2607.48,Yes
4930-JLZTZ,Male,0,Yes,No,11,Yes,No,DSL,Yes,Yes,No,Yes,No,No,One year,Yes,Bank transfer (automatic),73.83,818.68,No
5529-SRCPF,Female,0,Yes,Yes,23,Yes,No,Fiber optic,Yes,No,No,Yes,Yes,No,Month-to-month,Yes,Electronic check,92.1,2116.14,No
2426-QPTFD,Female,1,Yes,No,10,Yes,Yes,Fiber optic,No,No,Yes,No,No,No,Two year,Yes,Mailed check,74.26,739.9,Yes
5075-COJGB,Female,0,No,No,11,No,No phone service,Fiber optic,No,Yes,No,No,Yes,Yes,Month-to-month,No,Mailed check,83.36,929.3,Yes
5983-JIOTP,Male,0,No,No,32,Yes,No,DSL,No,No,Yes,No,Yes,No,One year,No,Credit card (automatic),59.84,1876.24,No
5889-XPYTM,Female,0,Yes,No,2,Yes,Yes,Fiber optic,Yes,No,Yes,Yes,No,No,One year,Yes,Mailed check,90.45,201.26,Yes
3689-GZHJY,Female,0,Yes,No,10,Yes,No,No,No internet service,No internet service,No internet service,No internet service,No internet service,No internet service,Month-to-month,No,Bank transfer (automatic),20.68,215.27,No
6251-FJBLJ,Female,0,Yes,No,14,Yes,No,DSL,Yes,Yes,No,Yes,No,No,Month-to-month,Yes,Mailed check,67.26,939.56,No
1841-LYMSG,Female,0,Yes,No,19,Yes,Yes,DSL,No,Yes,No,No,Yes,No,One year,Yes,Credit card (automatic),66.29,1314.65,No
7668-CVOVQ,Male,0,Yes,No,40,Yes,Yes,Fiber optic,Yes,Yes,Yes,No,No,No,Month-to-month,Yes,Bank transfer (automatic),90.37,3612.7,Yes
8821-NZOVM,Female,0,Yes,No,19,No,No phone service,Fiber optic,Yes,Yes,No,No,Yes,No,Two year,Yes,Mailed check,87.6,1629.14,No
5726-XPCDG,Female,0,Yes,No,71,Yes,Yes,Fiber optic,No,Yes,No,No,No,Yes,Two year,Yes,Mailed check,75.16,5257.85,No
1833-ZAPWM,Male,0,No,No,15,Yes,No,No,No internet service,No internet service,No internet service,No internet service,No internet service,No internet service,One year,Yes,Bank transfer (automatic),19.59,321.91,No
5956-TEKGT,Male,0,No,No,3,Yes,Yes,Fiber optic,No,Yes,No,Yes,No,No,Month-to-month,Yes,Credit card (automatic),78.02,219.84,Yes
2865-NRWNE,Male,0,Yes,No,10,Yes,No,No,No internet service,No internet service,No internet service,No internet service,No internet service,No internet service,Two year,No,Electronic check,18.25,190.64,No
8050-XLETR,Female,0,No,No,32,Yes,Yes,No,No internet service,No internet service,No internet service,No internet service,No internet service,No internet service,Month-to-month,No,Electronic check,18.73,637.31,No
3625-LKDGJ,Male,0,Yes,No,11,Yes,Yes,DSL,Yes,No,Yes,No,Yes,No,Month-to-month,Yes,Electronic check,65.83,758.6,No
3001-XVBWT,Female,0,Yes,No,15,Yes,No,DSL,No,No,Yes,No,No,Yes,Month-to-month,No,Mailed check,65.17,976.29,Yes
9164-QWGLS,Male,1,No,No,60,Yes,Yes,No,No internet service,No internet service,No internet service,No internet service,No internet service,No internet service,Two year,Yes,Electronic check,21.29,1290.95,No
3950-DSZZA,Male,0,No,No,72,Yes,No,No,No internet service,No internet service,No internet service,No internet service,No internet service,No internet service,One year,Yes,Credit card (automatic),18.88,1343.07,No
8210-RAVYI,Female,0,Yes,No,7,Yes,Yes,Fiber optic,No,Yes,Yes,Yes,No,Yes,Month-to-month,No,Mailed check,93.22,660.86,No
7997-RZEPH,Male,0,Yes,No,22,Yes,No,DSL,No,Yes,No,No,No,Yes,One year,Yes,Credit card (automatic),55.71,1216.69,No
2614-WBUSS,Female,0,No,No,31,No,No phone service,DSL,No,Yes,No,Yes,No,No,Month-to-month,Yes,Bank transfer (automatic),64.86,1986.85,No
2397-CYFUC,Male,0,Yes,No,51,Yes,Yes,No,No internet service,No internet service,No internet service,No internet service,No internet service,No internet service,Month-to-month,Yes,Electronic check,21.46,1087.94,Yes
6659-PUJFW,Female,1,No,No,18,Yes,No,DSL,No,Yes,Yes,Yes,Yes,Yes,Month-to-month,Yes,Electronic check,77.83,1384.17,Yes
2961-SNTPJ,Male,0,Yes,No,31,Yes,Yes,No,No internet service,No internet service,No internet service,No internet service,No internet service,No internet service,Month-to-month,Yes,Mailed check,19.8,607.9,No
4152-KDVOU,Female,1,Yes,No,58,No,No phone service,Fiber optic,Yes,Yes,No,No,Yes,Yes,Two year,Yes,Bank transfer (automatic),92.86,5374.46,No
5256-DJBSK,Female,0,No,No,27,Yes,No,No,No internet service,No internet service,No internet service,No internet service,No internet service,No internet service,One year,Yes,Bank transfer (automatic),19.64,570.79,No
4049-DXCMV,Male,0,No,No,1,Yes,No,DSL,No,Yes,Yes,No,Yes,No,Month-to-month,No,Bank transfer (automatic),69.03,84.49,Yes
6349-AUBUE,Male,0,Yes,No,22,Yes,Yes,No,No internet service,No internet service,No internet service,No internet service,No internet service,No internet service,Month-to-month,No,Bank transfer (automatic),21.32,474.5,No
1718-YVESN,Male,0,No,No,13,Yes,No,Fiber optic,Yes,No,Yes,No,Yes,No,Two year,Yes,Mailed check,91.23,1190.49,Yes
3118-HJARF,Female,0,No,No,14,Yes,Yes,Fiber optic,No,No,Yes,No,No,No,Month-to-month,Yes,Bank transfer (automatic),70.99,1022.28,Yes
5688-AUZCH,Female,0,Yes,No,15,Yes,Yes,DSL,No,No,No,Yes,No,No,Two year,No,Credit card (automatic),51.45,718.08,No
3734-IIQHP,Male,0,Yes,Yes,2,Yes,Yes,DSL,No,Yes,No,No,No,No,Month-to-month,Yes,Electronic check,52.91,79.54,Yes
1864-STDME,Male,0,Yes,Yes,70,Yes,No,DSL,No,Yes,No,No,Yes,Yes,Month-to-month,Yes,Bank transfer (automatic),67.74,4755.54,No
6617-COLZD,Female,0,No,No,54,Yes,No,Fiber optic,No,Yes,No,Yes,No,No,One year,No,Electronic check,85.35,4574.12,No
7531-FNXQK,Female,0,No,No,72,No,No phone service,DSL,Yes,Yes,No,No,No,Yes,Month-to-month,No,Credit card (automatic),64.92,4703.61,No
9566-LQNLX,Female,0,Yes,Yes,72,Yes,No,Fiber optic,No,Yes,No,No,Yes,No,Two year,Yes,Credit card (automatic),78.4,5674.68,No
1692-NKDWC,Male,0,No,No,30,Yes,Yes,DSL,No,Yes,Yes,Yes,No,Yes,Two year,No,Electronic check,81.14,2421.33,No
5789-TUWHB,Female,0,Yes,No,17,Yes,Yes,Fiber optic,No,No,Yes,No,Yes,Yes,Month-to-month,No,Credit card (automatic),93.99,1593.38,Yes
4272-VGGEX,Female,0,No,Yes,37,Yes,No,DSL,Yes,No,Yes,Yes,No,No,Month-to-month,Yes,Electronic check,65.03,2403.21,Yes
3297-NJBGM,Male,0,No,Yes,38,Yes,No,No,No internet service,No internet service,No internet service,No internet service,No internet service,No internet service,Two year,Yes,Mailed check,19.48,797.8,No
4237-XBLRW,Male,0,Yes,No,17,Yes,Yes,DSL,No,No,No,No,Yes,Yes,One year,No,Electronic check,64.44,1122.71,No
9454-QGFFU,Male,0,Yes,No,16,Yes,No,No,No internet service,No internet service,No internet service,No internet service,No internet service,No internet service,Month-to-month,No,Bank transfer (automatic),25.74,408.79,No
4172-JKFDQ,Female,1,Yes,No,25,Yes,No,Fiber optic,No,No,No,Yes,No,Yes,One year,Yes,Mailed check,74.59,1853.59,No
3814-GTRZF,Male,0,No,Yes,15,Yes,Yes,DSL,Yes,No,Yes,No,Yes,No,Month-to-month,Yes,Mailed check,72.11,1116.51,Yes
5807-XIRIU,Female,0,Yes,No,39,No,No phone service,No,No internet service,No internet service,No internet service,No internet service,No internet service,No internet service,Two year,Yes,Credit card (automatic),18.25,738.8,No
8901-IBOSW,Female,0,No,Yes,8,Yes,No,DSL,Yes,Yes,No,Yes,Yes,Yes,Two year,No,Mailed check,80.25,646.34,No
7712-GVAZV,Female,0,Yes,No,45,Yes,No,Fiber optic,Yes,Yes,Yes,No,No,No,Month-to-month,Yes,Electronic check,86.76,3930.24,Yes
7305-RWBVG,Female,0,Yes,Yes,65,Yes,Yes,Fiber optic,No,No,Yes,Yes,Yes,Yes,Month-to-month,Yes,Bank transfer (automatic),99.8,6486.18,Yes
8639-IPEGG,Male,0,No,Yes,72,Yes,Yes,No,No internet service,No internet service,No internet service,No internet service,No internet service,No internet service,Two year,No,Mailed check,20.25,1418.36,No
2159-SCKDN,Female,0,Yes,No,72,Yes,No,DSL,No,No,Yes,No,Yes,Yes,One year,No,Electronic check,66.17,4763.52,Yes
2481-XLCZH,Male,1,No,No,39,Yes,Yes,DSL,No,No,Yes,Yes,No,Yes,Month-to-month,Yes,Electronic check,71.14,2743.04,No
7576-WSJND,Female,0,Yes,No,7,Yes,Yes,No,No internet service,No internet service,No internet service,No internet service,No internet service,No internet service,Month-to-month,Yes,Credit card (automatic),22.46,123.72,No
9476-JYNLM,Female,0,Yes,No,29,Yes,No,DSL,No,Yes,No,Yes,Yes,Yes,One year,No,Credit card (automatic),84.83,2490.9,No
7090-ZZVWY,Female,0,Yes,No,72,Yes,No,Fiber optic,Yes,No,No,Yes,Yes,Yes,Two year,Yes,Mailed check,96.05,6914.98,No
9019-QIZYK,Female,0,Yes,No,72,Yes,Yes,No,No internet service,No internet service,No internet service,No internet service,No internet service,No internet service,Month-to-month,Yes,Bank transfer (automatic),18.87,1315.02,No
1290-AXWCW,Male,1,No,Yes,21,Yes,Yes,DSL,No,No,No,No,Yes,No,One year,No,Electronic check,56.59,1192.35,Yes
9221-BCTQP,Female,0,Yes,No,3,Yes,No,DSL,Yes,No,No,No,Yes,No,Month-to-month,No,Mailed check,56.18,160.1,No
9670-CFDPY,Female,0,Yes,Yes,38,Yes,No,DSL,No,Yes,No,No,No,Yes,Two year,No,Mailed check,64.54,2427.36,No
8352-CVAGU,Female,1,Yes,Yes,6,Yes,Yes,No,No internet service,No internet service,No internet service,No internet service,No internet service,No internet service,One year,No,Electronic check,22.33,172.68,No
4440-AHLUA,Male,0,No,No,37,No,No phone service,No,No internet service,No internet service,No internet service,No internet service,No internet service,No internet service,Month-to-month,No,Electronic check,18.25,663.69,No
9585-WBBJQ,Male,0,No,Yes,40,Yes,No,No,No internet service,No internet service,No internet service,No internet service,No internet service,No internet service,Two year,Yes,Bank transfer (automatic),21.87,815.59,No
6996-QKPIH,Female,0,No,Yes,70,Yes,Yes,Fiber optic,Yes,No,Yes,No,No,Yes,Two year,Yes,Mailed check,91.97,6451.39,No
7198-APZGN,Male,0,No,No,4,No,No phone service,Fiber optic,No,No,Yes,No,No,Yes,One year,Yes,Mailed check,81.6,307.55,Yes
4359-VLJZE,Female,0,Yes,No,52,Yes,No,No,No internet service,No internet service,No internet service,No internet service,No internet service,No internet service,One year,Yes,Credit card (automatic),20.27,1074.79,No
9476-MJDGH,Female,0,Yes,Yes,25,Yes,No,No,No internet service,No internet service,No internet service,No internet service,No internet service,No internet service,Month-to-month,Yes,Electronic check,20.66,528.97,No
6852-VCNNG,Female,0,No,No,72,Yes,No,DSL,No,No,No,Yes,Yes,No,Month-to-month,No,Credit card (automatic),56.56,4036.56,No
7971-EJIIR,Male,1,Yes,No,49,Yes,Yes,DSL,No,No,No,No,No,No,Month-to-month,Yes,Credit card (automatic),47.1,2310.56,Yes
3726-WMRNO,Female,0,No,Yes,31,Yes,No,Fiber optic,No,No,No,No,No,Yes,Two year,Yes,Bank transfer (automatic),71.02,2168.4,No
6403-APUER,Male,0,No,No,12,Yes,Yes,Fiber optic,No,Yes,Yes,Yes,Yes,Yes,One year,Yes,Mailed check,107.11,1285.87,Yes
5847-TGOII,Male,1,Yes,Yes,27,Yes,No,Fiber optic,Yes,Yes,No,No,No,No,Two year,No,Mailed check,80.26,2180.31,No
7978-NAWBM,Female,0,No,No,61,Yes,Yes,DSL,Yes,No,Yes,No,Yes,Yes,Two year,Yes,Electronic check,74.16,4533.51,No
8915-VFVJM,Male,0,Yes,Yes,27,Yes,No,No,No internet service,No internet service,No internet service,No internet service,No internet service,No internet service,Month-to-month,Yes,Electronic check,21.69,610.65,No
1726-DJJJV,Male,0,No,Yes,26,Yes,No,DSL,No,Yes,Yes,No,No,No,One year,No,Electronic check,59.76,1547.49,No
5247-HRXED,Male,0,Yes,No,27,Yes,No,DSL,Yes,No,Yes,No,No,Yes,One year,Yes,Electronic check,66.16,1807.93,No
8125-PGTNV,Female,0,No,No,17,Yes,No,Fiber optic,No,Yes,No,No,No,Yes,Two year,Yes,Electronic check,81.08,1399.2,Yes
4996-FWTGJ,Female,0,Yes,Yes,11,Yes,No,No,No internet service,No internet service,No internet service,No internet service,No internet service,No internet service,Month-to-month,Yes,Credit card (automatic),20.92,208.91,No
6668-AUNBI,Male,0,No,No,13,Yes,No,Fiber optic,Yes,Yes,No,Yes,No,Yes,Month-to-month,Yes,Mailed check,86.83,1087.19,Yes
4386-UULXQ,Male,0,No,No,29,Yes,No,No,No internet service,No internet service,No internet service,No internet service,No internet service,No internet service,Month-to-month,No,Electronic check,23.38,687.37,No
4726-SOYZX,Female,0,No,No,53,Yes,No,No,No internet service,No internet service,No internet service,No internet service,No internet service,No internet service,Month-to-month,No,Electronic check,22.75,1218.27,No
8774-VMKNK,Male,0,No,Yes,32,Yes,No,DSL,No,Yes,No,No,No,No,Two year,No,Credit card (automatic),55.66,1787.82,No
5815-QCEIF,Female,0,No,Yes,61,Yes,No,DSL,Yes,No,No,No,Yes,No,Month-to-month,Yes,Bank transfer (automatic),63.39,3881.6,No
4798-GODTY,Female,0,No,No,72,Yes,No,DSL,Yes,No,No,No,Yes,Yes,Two year,Yes,Electronic check,61.27,4425.2,No
7893-PDDAY,Female,0,No,Yes,72,Yes,Yes,Fiber optic,Yes,Yes,No,Yes,No,No,Two year,Yes,Electronic check,94.52,6775.39,No
7493-WDVHG,Female,0,No,No,72,Yes,Yes,Fiber optic,Yes,Yes,No,No,No,No,Two year,No,Bank transfer (automatic),75.97,5508.65,No
5506-QHERK,Female,0,No,Yes,7,Yes,No,Fiber optic,No,Yes,Yes,No,No,Yes,Month-to-month,No,Credit card (automatic),85.83,512.97,No
1306-RKBEW,Female,0,No,Yes,42,Yes,Yes,Fiber optic,Yes,No,Yes,No,Yes,Yes,Month-to-month,No,Credit card (automatic),103.07,4302.88,Yes
4858-ZVGIM,Male,0,Yes,No,19,Yes,Yes,DSL,No,Yes,Yes,No,Yes,Yes,Two year,Yes,Bank transfer (automatic),82.59,1609.34,No
6771-XDSRR,Male,1,No,No,13,Yes,No,DSL,No,Yes,No,Yes,No,Yes,Month-to-month,Yes,Electronic check,66.18,892.02,No
5667-YAWMZ,Female,0,Yes,Yes,23,Yes,No,Fiber optic,Yes,Yes,Yes,No,No,Yes,Month-to-month,Yes,Electronic check,96.42,2225.12,Yes
4113-VSWZH,Male,0,Yes,Yes,72,No,No phone service,DSL,No,Yes,Yes,Yes,No,No,Month-to-month,No,Electronic check,65.76,4752.58,Yes
4521-XOZTH,Female,0,No,Yes,61,Yes,No,DSL,Yes,Yes,No,No,No,Yes,Month-to-month,Yes,Electronic check,70.63,4273.89,Yes
5136-CHTMJ,Female,0,Yes,Yes,29,No,No phone service,No,No internet service,No internet service,No internet service,No internet service,No internet service,No internet service,Two year,No,Credit card (automatic),18.25,535.16,No
7006-BXPFG,Female,1,Yes,Yes,47,No,No phone service,Fiber optic,Yes,No,No,No,Yes,Yes,Two year,No,Credit card (automatic),91.29,4264.32,No
7817-CVPDO,Male,0,No,No,38,Yes,Yes,Fiber optic,No,No,No,No,Yes,No,Two year,No,Mailed check,68.72,2652.81,No
8581-YJHDV,Male,0,No,Yes,23,No,No phone service,DSL,No,Yes,Yes,No,Yes,No,Month-to-month,Yes,Electronic check,68.73,1590.61,Yes
8361-VVUUY,Female,0,Yes,No,15,No,No phone service,No,No internet service,No internet service,No internet service,No internet service,No internet service,No internet service,One year,Yes,Mailed check,18.25,268.02,No
2846-WOSDE,Male,0,No,No,27,Yes,No,No,No internet service,No internet service,No internet service,No internet service,No internet service,No internet service,Month-to-month,Yes,Electronic check,22.81,647.54,No
8125-VQYTD,Female,0,Yes,No,50,Yes,No,Fiber optic,No,Yes,No,No,No,Yes,Month-to-month,Yes,Credit card (automatic),78.19,3917.09,Yes
9287-DIPQB,Female,0,Yes,No,72,Yes,No,DSL,No,No,Yes,No,No,No,Month-to-month,Yes,Mailed check,57.62,4150.73,No
1728-UGCXZ,Female,0,Yes,No,43,Yes,Yes,No,No internet service,No internet service,No internet service,No internet service,No internet service,No internet service,Two year,No,Credit card (automatic),22.77,1016.76,No
5351-FUTDF,Female,0,Yes,Yes,18,Yes,No,Fiber optic,Yes,Yes,Yes,No,No,No,Month-to-month,Yes,Electronic check,91.11,1630.86,Yes
1062-CJAJU,Male,0,No,Yes,12,Yes,No,No,No internet service,No internet service,No internet service,No internet service,No internet service,No internet service,Two year,Yes,Electronic check,19.85,223.29,No
5632-WACJD,Male,0,No,Yes,37,Yes,No,Fiber optic,No,Yes,Yes,No,No,Yes,Month-to-month,No,Bank transfer (automatic),84.66,3091.22,Yes
5330-POCKY,Female,0,No,Yes,4,Yes,No,No,No internet service,No internet service,No internet service,No internet service,No internet service,No internet service,Month-to-month,Yes,Credit card (automatic),18.25,54.75,Yes
4936-JTDWN,Male,0,No,No,72,Yes,No,Fiber optic,Yes,Yes,Yes,No,No,No,Two year,Yes,Mailed check,88.53,6363.11,No
6858-LVSLI,Male,0,No,No,42,Yes,Yes,Fiber optic,No,Yes,No,No,Yes,No,Month-to-month,Yes,Mailed check,79.97,3344.55,Yes
3549-PXVSQ,Male,0,No,No,70,No,No phone service,Fiber optic,No,Yes,No,Yes,No,No,One year,Yes,Bank transfer (automatic),75.59,5257.84,Yes
2755-ELBMK,Male,1,Yes,No,58,Yes,Yes,DSL,No,No,No,No,No,No,Month-to-month,Yes,Electronic check,46.29,2698.13,Yes
3069-FOQJT,Female,0,No,No,41,Yes,Yes,Fiber optic,No,No,No,Yes,Yes,Yes,Month-to-month,Yes,Electronic check,93.17,3824.04,Yes
7923-CGGBZ,Male,0,No,No,40,Yes,No,Fiber optic,No,No,No,No,No,Yes,Two year,Yes,Electronic check,73.32,2928.49,No
9675-TYZJF,Female,0,Yes,No,52,Yes,Yes,Fiber optic,No,Yes,No,Yes,Yes,Yes,Month-to-month,Yes,Bank transfer (automatic),94.69,4881.22,Yes
5129-QJPWV,Male,0,Yes,No,22,Yes,No,Fiber optic,No,No,Yes,No,No,Yes,Month-to-month,Yes,Bank transfer (automatic),77.95,1682.11,Yes
2814-BWYSC,Female,1,Yes,Yes,30,Yes,No,DSL,No,Yes,No,Yes,No,Yes,Month-to-month,Yes,Electronic check,67.74,2022.65,Yes
9026-IJYKO,Male,0,Yes,No,54,Yes,No,DSL,No,Yes,No,No,Yes,Yes,Month-to-month,Yes,Electronic check,69.14,3682.51,Yes
1209-BBFZV,Female,0,No,No,7,Yes,Yes,Fiber optic,No,No,Yes,No,Yes,No,Two year,Yes,Credit card (automatic),78.18,538.87,No
6039-UULLS,Male,0,No,No,29,Yes,Yes,DSL,No,Yes,Yes,Yes,No,Yes,Month-to-month,No,Bank transfer (automatic),80.63,2354.63,Yes
2278-EHCHG,Female,0,Yes,No,26,Yes,No,DSL,No,No,Yes,No,Yes,Yes,Month-to-month,Yes,Mailed check,68.77,1826.83,Yes
2427-MVZLQ,Male,0,Yes,No,3,No,No phone service,Fiber optic,Yes,Yes,No,Yes,Yes,No,Month-to-month,Yes,Mailed check,93.32,262.97,Yes
1015-GHHIV,Male,0,No,No,45,Yes,Yes,Fiber optic,Yes,Yes,Yes,Yes,No,No,Month-to-month,Yes,Credit card (automatic),89.64,4006.39,No
1738-UZIJH,Male,0,Yes,No,34,Yes,Yes,No,No internet service,No internet service,No internet service,No internet service,No internet service,No internet service,Month-to-month,No,Electronic check,20.9,751.9,Yes
2937-IMPYT,Female,0,Yes,No,29,Yes,Yes,Fiber optic,No,No,Yes,Yes,Yes,No,Two year,Yes,Electronic check,88.29,2550.32,No
9478-WJMFR,Female,0,No,Yes,61,Yes,Yes,Fiber optic,No,No,No,No,Yes,Yes,Two year,No,Bank transfer (automatic),72.9,4441.12,No
9305-WBJOS,Male,1,No,No,54,No,No phone service,DSL,Yes,No,Yes,No,Yes,No,Month-to-month,Yes,Mailed check,72.58,3926.62,Yes
9683-FEESN,Male,0,No,No,57,Yes,No,DSL,Yes,Yes,No,No,No,Yes,Two year,Yes,Electronic check,66.69,3794.07,No
2547-KAHCY,Female,0,No,No,27,Yes,No,Fiber optic,No,No,No,Yes,Yes,Yes,One year,Yes,Bank transfer (automatic),84.17,2250.08,Yes
6300-QHJRT,Female,0,Yes,Yes,21,Yes,Yes,Fiber optic,Yes,Yes,No,Yes,Yes,No,Month-to-month,No,Electronic check,95.97,1990.39,Yes
6944-NQBCO,Male,1,No,Yes,34,Yes,No,Fiber optic,No,No,Yes,No,Yes,No,Month-to-month,No,Mailed check,76.87,2624.89,Yes
4347-YFHPN,Female,0,No,Yes,41,Yes,No,Fiber optic,No,Yes,No,Yes,No,Yes,Month-to-month,No,Electronic check,83.73,3422.62,Yes
6449-KKPDZ,Female,0,No,No,49,Yes,Yes,DSL,No,No,No,No,Yes,Yes,Month-to-month,Yes,Credit card (automatic),56.77,2796.66,Yes
4032-ZPZKH,Female,0,Yes,No,13,Yes,No,Fiber optic,No,No,Yes,No,No,No,Two year,Yes,Mailed check,70.01,925.79,No
8574-MLTUC,Male,0,No,No,39,Yes,Yes,DSL,No,Yes,Yes,No,Yes,Yes,Month-to-month,Yes,Credit card (automatic),75.61,2983.08,No
9955-QXLPG,Male,0,Yes,Yes,66,Yes,Yes,Fiber optic,No,Yes,Yes,No,Yes,No,Month-to-month,Yes,Bank transfer (automatic),82.07,5412.63,No
2398-JWMQU,Male,1,Yes,Yes,15,Yes,No,Fiber optic,No,No,Yes,Yes,No,Yes,Two year,Yes,Credit card (automatic),87.24,1265.91,No
1395-JWVWR,Female,0,No,No,3,Yes,No,Fiber optic,No,Yes,No,No,Yes,No,Month-to-month,No,Electronic check,78.83,220.26,Yes
6648-SJYSJ,Male,0,No,No,1,Yes,No,Fiber optic,No,Yes,No,No,Yes,Yes,Month-to-month,Yes,Credit card (automatic),92.23,33.14,Yes
5016-DXSWE,Female,0,Yes,Yes,21,Yes,No,Fiber optic,No,No,Yes,No,No,Yes,Month-to-month,No,Mailed check,81.69,1691.15,Yes
5127-VLGBQ,Female,0,No,Yes,11,Yes,No,No,No internet service,No internet service,No internet service,No internet service,No internet service,No internet service,Two year,No,Electronic check,20.65,232.3,No
6181-AXLQU,Female,0,Yes,Yes,43,Yes,No,DSL,No,No,Yes,No,Yes,No,One year,Yes,Mailed check,60.97,2652.51,No
2432-STVUX,Male,0,No,Yes,38,Yes,No,No,No internet service,No internet service,No internet service,No internet service,No internet service,No internet service,Month-to-month,No,Credit card (automatic),22.43,833.84,No
2181-IJHNP,Male,0,Yes,Yes,4,Yes,No,Fiber optic,No,No,Yes,No,No,Yes,Two year,Yes,Bank transfer (automatic),72.63,299.22,Yes
8153-IQLTL,Male,0,Yes,No,64,Yes,No,Fiber optic,No,No,No,Yes,No,Yes,Month-to-month,Yes,Bank transfer (automatic),69.32,4405.55,No
3133-JIALO,Female,0,No,Yes,16,Yes,Yes,DSL,Yes,No,No,No,No,Yes,Month-to-month,Yes,Electronic check,56.52,897.1,No
1006-JQZWW,Female,0,Yes,No,13,Yes,Yes,DSL,No,No,No,Yes,Yes,No,One year,Yes,Credit card (automatic),59.06,772.69,No
5367-VRUDC,Male,0,No,No,37,Yes,No,No,No internet service,No internet service,No internet service,No internet service,No internet service,No internet service,Month-to-month,No,Bank transfer (automatic),21.26,797.13,No
8456-TAPLI,Female,1,Yes,No,19,Yes,Yes,DSL,No,No,No,No,Yes,No,Month-to-month,Yes,Mailed check,58.26,1103.7,Yes
8201-HPEPS,Male,0,No,No,34,Yes,No,Fiber optic,Yes,Yes,No,Yes,No,No,One year,No,Credit card (automatic),90.84,3052.37,No
3841-CFHAU,Male,0,Yes,No,26,Yes,Yes,DSL,No,Yes,No,No,Yes,Yes,Two year,Yes,Mailed check,77.17,2024.09,No
1331-CSHSH,Male,0,No,Yes,69,Yes,Yes,DSL,No,No,No,No,No,No,Month-to-month,Yes,Mailed check,44.65,3043.14,No
7873-DSZXO,Female,0,No,No,35,Yes,Yes,No,No internet service,No internet service,No internet service,No internet service,No internet service,No internet service,Two year,Yes,Credit card (automatic),18.25,643.06,No
7701-ZQWVG,Male,0,No,Yes,23,Yes,Yes,Fiber optic,No,No,No,No,No,No,Month-to-month,No,Electronic check,65.27,1521.19,No
1979-NAONI,Male,0,Yes,Yes,28,Yes,Yes,Fiber optic,Yes,Yes,Yes,No,Yes,No,Two year,No,Electronic check,87.03,2419.75,No
5412-WWBSE,Female,1,No,Yes,59,Yes,Yes,DSL,Yes,Yes,No,No,Yes,Yes,One year,Yes,Bank transfer (automatic),75.78,4452.53,No
4397-KGOBA,Female,0,No,No,14,Yes,No,DSL,No,No,No,No,No,Yes,Month-to-month,Yes,Mailed check,54.49,747.97,No
3812-UDWGI,Male,0,Yes,No,45,Yes,Yes,Fiber optic,Yes,Yes,No,No,No,Yes,Month-to-month,No,Electronic check,92.23,4184.57,Yes
7539-OJHJI,Male,0,No,No,30,Yes,Yes,DSL,Yes,No,No,Yes,Yes,No,One year,Yes,Electronic check,71.64,2200.54,No
7385-YXELV,Female,0,No,Yes,30,Yes,Yes,DSL,No,No,Yes,Yes,Yes,Yes,Two year,No,Mailed check,70.2,2126.78,No
5448-VXTVN,Male,0,No,No,11,Yes,Yes,Fiber optic,No,Yes,No,No,Yes,Yes,Month-to-month,Yes,Credit card (automatic),82.84,948.39,Yes
9980-GQAOQ,Male,1,Yes,Yes,21,Yes,No,DSL,No,No,Yes,No,No,No,Month-to-month,Yes,Credit card (automatic),58.43,1230.94,No
1358-IGAPE,Female,0,Yes,Yes,18,Yes,No,No,No internet service,No internet service,No internet service,No internet service,No internet service,No internet service,Month-to-month,No,Credit card (automatic),19.39,405.11,No
1023-XJVLG,Male,0,No,No,29,Yes,Yes,Fiber optic,No,No,Yes,No,Yes,Yes,Month-to-month,Yes,Electronic check,88.88,2554.29,Yes
7849-NSJOZ,Female,0,No,Yes,8,Yes,Yes,DSL,No,Yes,No,Yes,No,Yes,Month-to-month,Yes,Bank transfer (automatic),63.21,498.65,No
1400-HVKDL,Male,0,No,No,3,Yes,Yes,Fiber optic,No,Yes,No,No,Yes,No,Two year,Yes,Electronic check,75.53,229.13,No
3547-RNUUZ,Male,0,No,No,19,No,No phone service,Fiber optic,No,No,No,Yes,Yes,No,One year,Yes,Electronic check,75.54,1398.5,Yes
1884-XDKPT,Male,0,Yes,No,60,Yes,Yes,Fiber optic,No,No,No,Yes,Yes,Yes,Two year,Yes,Electronic check,94.77,5698.32,No
9943-BRHPQ,Male,0,Yes,No,42,No,No phone service,No,No internet service,No internet service,No internet service,No internet service,No internet service,No internet service,Two year,No,Electronic check,18.39,687.26,No
3796-XNBEX,Male,0,No,Yes,27,Yes,Yes,Fiber optic,Yes,Yes,Yes,Yes,Yes,No,Two year,No,Electronic check,105.44,2902.14,No
3010-OYVTK,Male,0,No,Yes,12,Yes,No,DSL,Yes,No,No,No,Yes,Yes,Month-to-month,Yes,Mailed check,68.03,831.88,Yes
2388-UJJNQ,Female,0,No,No,1,Yes,Yes,Fiber optic,Yes,No,Yes,Yes,Yes,Yes,Month-to-month,Yes,Electronic check,106.22,117.32,Yes
7805-DGRAH,Female,0,No,Yes,16,Yes,Yes,Fiber optic,Yes,No,No,No,No,Yes,Month-to-month,Yes,Credit card (automatic),73.94,1177.79,Yes
8793-XMLNK,Male,0,Yes,No,24,Yes,Yes,DSL,No,No,No,Yes,Yes,No,One year,No,Credit card (automatic),62.78,1501.23,No
3387-OBHJK,Female,1,Yes,No,10,Yes,No,No,No internet service,No internet service,No internet service,No internet service,No internet service,No internet service,Two year,No,Electronic check,20.75,196.89,No
4955-FSHVT,Female,0,Yes,No,40,Yes,No,DSL,No,No,No,No,Yes,Yes,Two year,Yes,Mailed check,55.95,2211.36,No
5228-WWBHU,Female,1,No,No,39,Yes,No,DSL,Yes,No,No,Yes,No,Yes,Month-to-month,Yes,Mailed check,62.39,2409.02,Yes
2180-GDEAI,Male,0,Yes,Yes,19,Yes,Yes,No,No internet service,No internet service,No internet service,No internet service,No internet service,No internet service,One year,No,Mailed check,23.32,463.71,No
8632-RHXYD,Male,0,No,Yes,25,Yes,No,DSL,Yes,No,No,No,No,Yes,Two year,No,Mailed check,60.84,1540.93,No
9651-PVSNN,Male,0,Yes,Yes,25,Yes,Yes,DSL,No,No,Yes,Yes,Yes,No,Two year,No,Electronic check,61.62,1510.98,No
6300-QNKFN,Male,0,Yes,Yes,37,Yes,No,DSL,Yes,Yes,Yes,Yes,Yes,No,Month-to-month,Yes,Bank transfer (automatic),78.43,2934.87,No
3021-MAMQX,Male,0,Yes,No,13,Yes,No,Fiber optic,No,Yes,No,Yes,No,No,Month-to-month,Yes,Mailed check,76.93,990.72,Yes
7714-KZVTI,Female,0,No,Yes,72,Yes,Yes,DSL,Yes,No,Yes,Yes,Yes,No,Month-to-month,No,Mailed check,75.86,5467.66,No
6381-BDSKE,Female,1,Yes,Yes,8,Yes,No,Fiber optic,No,No,Yes,No,Yes,Yes,Month-to-month,Yes,Credit card (automatic),91.01,712.12,Yes
8146-GBKHB,Male,1,No,No,13,Yes,No,Fiber optic,No,No,Yes,No,Yes,No,Two year,No,Credit card (automatic),79.04,987.48,No
1475-XQXOV,Male,0,No,No,33,Yes,No,Fiber optic,No,Yes,Yes,No,No,Yes,Two year,No,Mailed check,88.23,2899.57,No
7616-YERVC,Male,0,Yes,Yes,72,Yes,Yes,No,No internet service,No internet service,No internet service,No internet service,No internet service,No internet service,Two year,No,Mailed check,22.03,1570.14,No
1977-PCTTM,Male,0,No,No,18,Yes,No,No,No internet service,No internet service,No internet service,No internet service,No internet service,No internet service,Month-to-month,Yes,Mailed check,20.98,433.6,No
1214-NCFJS,Female,0,Yes,No,12,Yes,Yes,DSL,No,No,No,Yes,Yes,Yes,Month-to-month,Yes,Mailed check,66.03,777.32,No
3426-GSMPQ,Male,0,Yes,No,22,Yes,Yes,No,No internet service,No internet service,No internet service,No internet service,No internet service,No internet service,Two year,Yes,Credit card (automatic),22.98,495.54,No
9536-SFDIE,Female,0,Yes,No,46,No,No phone service,DSL,No,No,Yes,Yes,No,Yes,Month-to-month,Yes,Mailed check,62.75,2919.11,No
7531-KANYZ,Female,0,No,No,48,No,No phone service,No,No internet service,No internet service,No internet service,No internet service,No internet service,No internet service,Month-to-month,No,Credit card (automatic),19.2,968.88,No
2937-QYJQW,Female,0,No,Yes,42,Yes,Yes,Fiber optic,No,No,No,No,No,Yes,Month-to-month,Yes,Credit card (automatic),73.92,3099.75,No
3658-AEAZV,Female,0,Yes,No,72,No,No phone service,DSL,No,No,No,Yes,Yes,Yes,One year,No,Electronic check,64.4,4627.49,No
9700-JRQRP,Female,1,No,Yes,48,Yes,Yes,Fiber optic,No,No,No,No,No,No,Two year,Yes,Mailed check,65.35,3139.51,No
1759-WFQDO,Male,0,No,No,55,Yes,No,Fiber optic,No,No,No,Yes,No,Yes,Two year,Yes,Mailed check,79.3,4364.3,No
3793-BNDCH,Male,0,No,No,59,Yes,No,No,No internet service,No internet service,No internet service,No internet service,No internet service,No internet service,Month-to-month,Yes,Electronic check,25.54,1511.26,Yes
5489-YDBHB,Female,0,No,Yes,10,Yes,Yes,Fiber optic,Yes,No,No,No,No,Yes,Month-to-month,No,Electronic check,83.17,828.2,Yes
9127-HIGRW,Male,0,No,No,25,Yes,No,Fiber optic,No,Yes,Yes,Yes,Yes,No,Month-to-month,Yes,Mailed check,98.91,2483.02,Yes
6608-IPWBN,Female,0,No,No,14,Yes,No,Fiber optic,No,No,No,No,No,Yes,Month-to-month,Yes,Credit card (automatic),71.68,988.08,No
1170-OAWIS,Male,0,Yes,Yes,15,Yes,Yes,Fiber optic,No,Yes,Yes,Yes,No,No,Two year,Yes,Credit card (automatic),92.88,1423.78,No
5909-UEJPF,Male,1,No,No,21,Yes,No,DSL,No,No,No,No,Yes,Yes,Month-to-month,Yes,Mailed check,57.36,1212.78,No
6436-UEXBQ,Male,0,Yes,No,36,Yes,Yes,Fiber optic,Yes,Yes,Yes,No,Yes,Yes,One year,Yes,Electronic check,114.48,4123.47,Yes
4741-APEGM,Female,0,No,No,72,Yes,No,No,No internet service,No internet service,No internet service,No internet service,No internet service,No internet service,One year,No,Credit card (automatic),20.8,1514.12,No
7855-HLJTQ,Male,0,No,No,44,Yes,Yes,Fiber optic,Yes,Yes,No,Yes,No,Yes,Month-to-month,Yes,Bank transfer (automatic),93.45,4148.79,No
4194-PRAZE,Male,1,Yes,Yes,39,Yes,No,Fiber optic,No,No,No,Yes,No,Yes,Month-to-month,Yes,Credit card (automatic),83.3,3216.97,Yes
2360-CIJRX,Male,0,Yes,Yes,21,Yes,No,No,No internet service,No internet service,No internet service,No internet service,No internet service,No internet service,Month-to-month,No,Electronic check,19.87,404.57,No
5820-DEZNC,Female,0,No,No,72,Yes,No,Fiber optic,No,No,No,Yes,No,No,Month-to-month,Yes,Credit card (automatic),69.68,4943.04,Yes
5368-FSYID,Female,1,No,No,7,Yes,No,Fiber optic,No,No,No,No,Yes,Yes,Month-to-month,Yes,Electronic check,77.35,502.18,Yes
1399-VPRIL,Male,0,No,No,49,Yes,Yes,Fiber optic,No,No,No,No,No,No,Month-to-month,Yes,Credit card (automatic),65.74,3230.79,Yes
9681-XOEKL,Female,0,No,No,3,No,No phone service,Fiber optic,Yes,No,No,No,Yes,Yes,Month-to-month,Yes,Credit card (automatic),89.71,283.21,Yes
8831-BDPYV,Male,0,Yes,No,31,Yes,No,Fiber optic,No,No,Yes,No,Yes,No,One year,Yes,Bank transfer (automatic),79.65,2463.82,Yes
8617-YIBHF,Female,0,Yes,Yes,59,Yes,No,No,No internet service,No internet service,No internet service,No internet service,No internet service,No internet service,Month-to-month,No,Mailed check,24.38,1469.27,No
7481-KDDSW,Male,1,No,No,29,Yes,No,Fiber optic,No,Yes,Yes,No,Yes,Yes,Two year,No,Bank transfer (automatic),91.77,2666.14,No
4505-YVOSQ,Male,0,Yes,No,70,Yes,Yes,Fiber optic,No,Yes,No,No,Yes,Yes,Month-to-month,Yes,Bank transfer (automatic),99.82,6997.72,Yes
1170-JLXGI,Female,0,No,No,12,Yes,Yes,DSL,No,Yes,No,Yes,Yes,Yes,Month-to-month,No,Credit card (automatic),74.0,925.3,No
7339-LCENH,Female,0,Yes,No,1,Yes,Yes,DSL,No,No,No,Yes,No,Yes,Month-to-month,Yes,Electronic check,55.38,45.6,Yes
8452-ZIKDR,Male,0,Yes,No,8,Yes,Yes,Fiber optic,No,No,Yes,No,No,No,Month-to-month,No,Electronic check,69.12,544.92,No
5798-STKQR,Female,0,No,No,21,Yes,Yes,No,No internet service,No internet service,No internet service,No internet service,No internet service,No internet service,Month-to-month,Yes,Mailed check,18.25,352.28,Yes
7883-UGLNB,Female,1,No,No,36,Yes,Yes,No,No internet service,No internet service,No internet service,No internet service,No internet service,No internet service,Month-to-month,Yes,Mailed check,18.25,649.8,No
4417-OUZQY,Male,0,No,No,16,Yes,Yes,No,No internet service,No internet service,No internet service,No internet service,No internet service,No internet service,Month-to-month,Yes,Electronic check,21.39,272.36,No
1832-QLEKN,Female,1,Yes,No,31,Yes,No,No,No internet service,No internet service,No internet service,No internet service,No internet service,No internet service,Month-to-month,Yes,Mailed check,24.83,760.36,No
3083-JGARE,Female,0,No,No,42,Yes,No,Fiber optic,No,No,Yes,No,No,No,Month-to-month,Yes,Credit card (automatic),72.04,2999.63,No
1270-NBVUB,Male,0,No,No,13,Yes,No,DSL,No,No,No,No,No,No,One year,Yes,Bank transfer (automatic),46.44,609.68,No
7155-FSTZV,Female,0,No,No,13,No,No phone service,Fiber optic,Yes,Yes,Yes,No,Yes,No,Month-to-month,Yes,Mailed check,82.07,1087.48,Yes
7015-AWCGR,Male,0,No,No,6,Yes,Yes,No,No internet service,No internet service,No internet service,No internet service,No internet service,No internet service,Month-to-month,Yes,Mailed check,19.95,127.03,No
4651-FVBCT,Female,0,Yes,No,70,Yes,Yes,Fiber optic,No,No,No,Yes,No,No,Month-to-month,Yes,Mailed check,73.85,5158.44,No
1193-ZBHOK,Male,0,No,No,72,Yes,No,No,No internet service,No internet service,No internet service,No internet service,No internet service,No internet service,One year,Yes,Electronic check,19.2,1397.86,No
2273-MXLWJ,Male,0,No,No,31,Yes,No,No,No internet service,No internet service,No internet service,No internet service,No internet service,No internet service,One year,No,Electronic check,22.41,705.2,No
7407-YUGWZ,Female,0,No,No,8,Yes,Yes,DSL,No,Yes,Yes,Yes,Yes,No,Month-to-month,No,Bank transfer (automatic),65.59,530.89,No
9337-VQUSZ,Female,0,No,Yes,72,Yes,Yes,Fiber optic,No,No,No,Yes,Yes,Yes,Month-to-month,Yes,Credit card (automatic),88.88,6413.27,Yes
5639-WUPTK,Female,0,Yes,Yes,13,Yes,Yes,Fiber optic,Yes,No,Yes,Yes,No,Yes,Month-to-month,No,Mailed check,100.94,1345.62,Yes
8321-LQKJC,Female,0,No,No,6,Yes,Yes,Fiber optic,Yes,No,Yes,No,Yes,No,One year,Yes,Credit card (automatic),89.11,527.93,Yes
7229-NHXVZ,Male,0,Yes,Yes,13,Yes,Yes,DSL,Yes,No,No,No,Yes,Yes,Month-to-month,No,Electronic check,65.37,854.82,No
2919-KZRNG,Male,0,Yes,Yes,11,Yes,No,Fiber optic,Yes,Yes,No,No,No,Yes,Month-to-month,Yes,Electronic check,92.69,1013.82,Yes
2925-USKEQ,Male,0,No,No,9,Yes,Yes,Fiber optic,Yes,Yes,No,No,No,Yes,Two year,Yes,Mailed check,88.68,852.86,No
1323-VGGIN,Male,0,Yes,Yes,16,Yes,No,Fiber optic,Yes,No,No,No,Yes,No,Two year,Yes,Electronic check,79.0,1253.94,No
7939-YFHCQ,Male,1,No,No,29,Yes,Yes,No,No internet service,No internet service,No internet service,No internet service,No internet service,No internet service,One year,Yes,Electronic check,20.48,593.79,No
7903-OBVSW,Female,0,Yes,No,48,Yes,Yes,Fiber optic,Yes,Yes,No,No,Yes,Yes,Two year,No,Mailed check,95.6,4570.19,No
4222-IIAZL,Female,0,Yes,Yes,23,Yes,No,Fiber optic,Yes,No,No,No,Yes,No,Two year,Yes,Electronic check,82.51,1907.58,No
3922-NLFKT,Male,1,Yes,No,23,Yes,Yes,DSL,No,No,No,No,No,Yes,Month-to-month,Yes,Electronic check,52.43,1207.42,Yes
9692-SYNNT,Male,0,Yes,Yes,22,Yes,No,DSL,No,No,No,Yes,No,No,Month-to-month,No,Electronic check,51.17,1099.23,No
1795-MVGSP,Female,0,Yes,No,6,Yes,Yes,Fiber optic,Yes,Yes,Yes,Yes,No,No,One year,Yes,Mailed check,95.74,539.4,No
9273-GORQB,Male,0,Yes,No,47,Yes,No,Fiber optic,No,No,No,No,No,Yes,Two year,Yes,Credit card (automatic),65.69,3068.55,No
8195-IVJVC,Male,0,Yes,No,59,Yes,No,Fiber optic,No,No,Yes,Yes,No,Yes,One year,Yes,Bank transfer (automatic),90.13,5341.7,No
3668-TGYUC,Male,0,Yes,No,72,Yes,Yes,No,No internet service,No internet service,No internet service,No internet service,No internet service,No internet service,Two year,No,Bank transfer (automatic),21.48,1536.15,No
6375-EWWBL,Male,0,Yes,No,20,Yes,Yes,Fiber optic,Yes,Yes,Yes,Yes,Yes,Yes,Two year,No,Electronic check,113.21,2252.23,No
6005-GGPMB,Male,0,Yes,No,72,Yes,Yes,DSL,Yes,No,No,Yes,No,No,Two year,No,Bank transfer (automatic),62.98,4493.39,No
6744-AQUQU,Female,1,Yes,No,52,Yes,Yes,DSL,No,No,No,Yes,Yes,Yes,One year,No,Bank transfer (automatic),67.08,3478.25,No
2496-ZKXVS,Male,0,Yes,Yes,9,Yes,Yes,Fiber optic,No,No,No,No,Yes,No,One year,No,Electronic check,71.46,665.52,Yes
6234-YKNTX,Female,0,Yes,No,13,Yes,No,Fiber optic,Yes,Yes,Yes,No,No,Yes,One year,Yes,Bank transfer (automatic),86.89,1181.7,Yes
5141-XRGAV,Female,0,Yes,No,30,Yes,Yes,DSL,No,Yes,Yes,Yes,No,Yes,Month-to-month,No,Mailed check,79.52,2397.29,Yes
8522-ESXAM,Female,0,Yes,No,23,No,No phone service,Fiber optic,Yes,Yes,No,No,No,No,Month-to-month,Yes,Credit card (automatic),83.52,1918.87,Yes
5602-OHVJJ,Male,0,Yes,Yes,8,Yes,No,DSL,No,Yes,No,No,Yes,Yes,Month-to-month,Yes,Electronic check,67.07,488.24,Yes
7249-HOWLT,Male,1,No,No,30,Yes,No,Fiber optic,No,No,Yes,Yes,Yes,No,Month-to-month,Yes,Electronic check,83.94,2492.43,Yes
3902-RTAIJ,Male,0,Yes,No,30,Yes,No,No,No internet service,No internet service,No internet service,No internet service,No internet service,No internet service,One year,Yes,Bank transfer (automatic),21.57,646.08,No
4786-JOBGU,Male,0,Yes,No,51,Yes,No,DSL,No,Yes,No,Yes,Yes,No,Month-to-month,Yes,Bank transfer (automatic),69.44,3497.83,Yes
5317-TLCPF,Male,1,No,No,17,Yes,Yes,Fiber optic,No,No,No,No,No,No,Month-to-month,Yes,Electronic check,65.81,1098.81,Yes
5418-ZEVQA,Female,0,No,No,14,Yes,Yes,Fiber optic,No,No,Yes,Yes,Yes,Yes,One year,No,Bank transfer (automatic),89.19,1237.45,Yes
8206-HULUE,Male,0,Yes,No,6,Yes,No,Fiber optic,No,No,No,No,No,No,One year,Yes,Credit card (automatic),67.06,413.72,Yes
9540-FZYBZ,Male,0,No,No,34,No,No phone service,Fiber optic,No,Yes,No,Yes,Yes,Yes,Month-to-month,Yes,Electronic check,97.42,3281.19,Yes
7136-LFLPL,Male,0,No,No,31,Yes,Yes,Fiber optic,No,Yes,Yes,No,No,No,Two year,No,Bank transfer (automatic),87.39,2719.19,No
8196-EYKAN,Female,0,No,No,72,No,No phone service,No,No internet service,No internet service,No internet service,No internet service,No internet service,No internet service,Month-to-month,Yes,Electronic check,19.28,1418.65,No
3004-DMPNL,Female,0,No,Yes,49,Yes,No,No,No internet service,No internet service,No internet service,No internet service,No internet service,No internet service,Month-to-month,Yes,Credit card (automatic),21.26,1021.7,Yes
5404-QXZWM,Female,0,No,Yes,17,Yes,Yes,DSL,Yes,No,No,No,No,No,Two year,Yes,Mailed check,53.54,860.32,No
4307-EDIEX,Female,0,No,No,28,No,No phone service,No,No internet service,No internet service,No internet service,No internet service,No internet service,No internet service,Two year,Yes,Electronic check,18.25,530.23,No
6413-OQJAQ,Female,0,Yes,No,8,Yes,Yes,DSL,No,Yes,Yes,Yes,No,Yes,One year,No,Electronic check,75.73,602.64,No
6230-COYAV,Female,0,No,Yes,20,Yes,Yes,DSL,No,No,No,No,Yes,No,Month-to-month,Yes,Credit card (automatic),49.0,974.24,Yes
7981-LPICY,Male,1,No,No,32,Yes,No,Fiber optic,No,No,No,No,No,No,Month-to-month,Yes,Mailed check,65.1,2079.14,Yes
6453-PODBZ,Female,0,Yes,No,72,Yes,Yes,No,No internet service,No internet service,No internet service,No internet service,No internet service,No internet service,Month-to-month,Yes,Credit card (automatic),19.82,1412.43,No
3532-XJBIH,Female,1,Yes,No,11,No,No phone service,DSL,No,No,Yes,No,Yes,Yes,Two year,Yes,Mailed check,69.78,738.69,No
7957-HVFQF,Male,0,No,Yes,69,Yes,Yes,DSL,No,No,No,No,Yes,No,Month-to-month,Yes,Mailed check,54.75,3779.59,No
9011-RQNJR,Female,0,No,No,34,Yes,Yes,DSL,Yes,Yes,Yes,No,No,No,Two year,Yes,Electronic check,72.44,2438.11,No
8007-GHOUR,Male,0,No,No,48,No,No phone service,Fiber optic,No,No,No,No,No,Yes,Month-to-month,Yes,Credit card (automatic),72.35,3459.99,Yes
1533-SETKB,Male,0,Yes,No,27,Yes,Yes,Fiber optic,No,Yes,Yes,No,No,No,Month-to-month,No,Bank transfer (automatic),85.46,2285.74,Yes
9438-YVOEM,Male,0,No,No,15,Yes,No,Fiber optic,No,Yes,Yes,No,No,No,Month-to-month,No,Electronic check,85.24,1266.05,Yes
6126-JSGWV,Female,0,Yes,No,66,Yes,Yes,DSL,No,Yes,No,No,No,No,Month-to-month,Yes,Electronic check,47.33,3127.42,No
9294-STHOJ,Female,0,No,No,19,Yes,No,DSL,No,Yes,No,No,Yes,No,Two year,No,Mailed check,57.27,1090.44,Yes
9253-KMUIW,Male,0,Yes,No,46,Yes,No,Fiber optic,No,Yes,Yes,Yes,No,No,One year,No,Bank transfer (automatic),88.27,4064.57,Yes
1521-MBFTZ,Male,0,Yes,No,8,Yes,Yes,DSL,No,Yes,Yes,No,No,Yes,Month-to-month,No,Bank transfer (automatic),75.48,613.17,Yes
1677-EWQWQ,Male,0,Yes,No,11,Yes,Yes,DSL,No,Yes,No,No,No,No,Month-to-month,No,Electronic check,48.69,492.85,No
5331-KQEVF,Male,1,Yes,Yes,3,No,No phone service,Fiber optic,Yes,Yes,Yes,Yes,Yes,Yes,Month-to-month,Yes,Bank transfer (automatic),109.56,377.52,No
6111-KENIB,Female,1,Yes,No,25,Yes,Yes,Fiber optic,Yes,No,No,No,Yes,No,Month-to-month,Yes,Credit card (automatic),80.29,2003.92,Yes
2078-EUOHQ,Male,0,No,Yes,34,Yes,Yes,No,No internet service,No internet service,No internet service,No internet service,No internet service,No internet service,Month-to-month,No,Bank transfer (automatic),18.25,628.67,Yes
8597-TATZC,Male,0,Yes,No,28,Yes,Yes,DSL,No,No,No,Yes,Yes,Yes,Month-to-month,No,Mailed check,68.05,1894.42,Yes
9057-BUXXG,Male,0,No,Yes,6,Yes,Yes,DSL,Yes,No,No,No,No,No,Month-to-month,No,Bank transfer (automatic),55.21,359.1,No
1439-XXUDY,Female,0,No,No,11,Yes,Yes,No,No internet service,No internet service,No internet service,No internet service,No internet service,No internet service,Two year,No,Mailed check,19.64,244.73,No
6563-YBWYK,Male,0,Yes,No,47,No,No phone service,Fiber optic,No,No,No,Yes,No,Yes,One year,No,Electronic check,79.08,3731.97,No
6974-CAQWL,Female,0,No,No,17,Yes,No,Fiber optic,No,No,No,No,No,Yes,Two year,Yes,Mailed check,76.24,1278.96,Yes
5765-UBRNQ,Male,1,No,No,29,Yes,Yes,DSL,No,Yes,Yes,No,Yes,No,Month-to-month,Yes,Bank transfer (automatic),68.01,1966.8,No
7769-RRINL,Male,0,No,No,16,Yes,No,Fiber optic,Yes,Yes,No,No,Yes,No,Month-to-month,No,Bank transfer (automatic),87.87,1395.61,No
2631-KVZIQ,Female,0,No,Yes,44,Yes,No,No,No internet service,No internet service,No internet service,No internet service,No internet service,No internet service,Month-to-month,Yes,Mailed check,18.25,808.54,Yes
6088-TPYHD,Male,0,No,Yes,16,Yes,No,Fiber optic,No,Yes,Yes,Yes,No,No,Month-to-month,No,Bank transfer (automatic),93.27,1509.85,Yes
3788-DNVVZ,Female,0,No,No,23,Yes,Yes,No,No internet service,No internet service,No internet service,No internet service,No internet service,No internet service,Month-to-month,Yes,Credit card (automatic),19.14,464.92,Yes
6388-YYAWI,Male,0,Yes,No,57,Yes,No,Fiber optic,No,Yes,Yes,Yes,Yes,No,Two year,No,Electronic check,94.27,5356.48,No
1830-EZPXS,Female,0,Yes,Yes,28,Yes,No,Fiber optic,Yes,Yes,No,Yes,No,No,Month-to-month,No,Credit card (automatic),87.7,2481.07,Yes
5616-ZZVAB,Female,0,No,No,12,Yes,No,DSL,No,No,Yes,No,No,Yes,Month-to-month,Yes,Mailed check,61.03,710.68,No
4159-HLBFH,Female,1,Yes,No,39,Yes,No,No,No internet service,No internet service,No internet service,No internet service,No internet service,No internet service,Month-to-month,Yes,Mailed check,20.63,830.2,No
8046-APXDD,Male,0,No,No,6,Yes,No,Fiber optic,Yes,Yes,Yes,Yes,No,Yes,Month-to-month,No,Bank transfer (automatic),101.36,604.97,Yes
7654-DTLCL,Female,0,Yes,No,12,Yes,No,DSL,No,No,No,No,Yes,Yes,Month-to-month,No,Credit card (automatic),53.63,673.78,Yes
5411-YSVBR,Female,1,Yes,No,6,Yes,Yes,Fiber optic,No,No,No,No,Yes,Yes,One year,Yes,Electronic check,77.34,432.9,Yes
7673-NRPZG,Male,0,No,No,44,Yes,No,No,No internet service,No internet service,No internet service,No internet service,No internet service,No internet service,Two year,Yes,Credit card (automatic),18.26,777.79,No
3115-DOMLU,Male,0,Yes,No,36,Yes,Yes,Fiber optic,No,No,No,No,No,Yes,Month-to-month,Yes,Credit card (automatic),70.07,2524.15,No
3339-ANISW,Female,0,Yes,No,41,Yes,No,DSL,No,Yes,Yes,No,No,Yes,One year,Yes,Electronic check,67.83,2800.37,No
6324-MDNNP,Male,0,No,No,32,Yes,Yes,Fiber optic,No,No,Yes,No,No,Yes,Month-to-month,Yes,Credit card (automatic),82.49,2640.2,Yes
3470-FTJMU,Female,0,No,Yes,65,Yes,No,Fiber optic,No,Yes,Yes,No,Yes,No,Month-to-month,Yes,Credit card (automatic),91.72,5951.76,Yes
5342-IXNPT,Female,0,No,Yes,32,Yes,Yes,Fiber optic,No,No,No,No,Yes,No,Two year,Yes,Bank transfer (automatic),79.25,2556.19,No
8120-XIXKB,Male,0,Yes,No,17,Yes,No,No,No internet service,No internet service,No internet service,No internet service,No internet service,No internet service,Month-to-month,Yes,Electronic check,18.96,414.14,Yes
5651-HLOXF,Female,0,No,No,13,Yes,No,Fiber optic,No,Yes,Yes,Yes,No,No,One year,Yes,Electronic check,88.97,1168.12,Yes
2871-OFSXC,Female,0,No,No,31,No,No phone service,DSL,No,No,No,No,Yes,No,Two year,No,Bank transfer (automatic),54.28,1686.95,No
1653-NMTVJ,Male,0,No,No,62,Yes,Yes,No,No internet service,No internet service,No internet service,No internet service,No internet service,No internet service,Two year,Yes,Electronic check,22.72,1413.45,No
8642-BNXYJ,Female,1,Yes,No,8,Yes,Yes,Fiber optic,No,No,No,Yes,No,No,Month-to-month,No,Electronic check,69.51,554.21,Yes
1040-MCAWK,Male,0,Yes,Yes,40,Yes,No,DSL,Yes,No,No,Yes,Yes,Yes,Two year,No,Mailed check,81.06,3240.72,No
4502-QWMTJ,Male,0,No,No,23,No,No phone service,DSL,No,Yes,No,Yes,Yes,No,Month-to-month,Yes,Mailed check,72.88,1685.95,No
5169-XVOIO,Female,0,No,Yes,55,Yes,No,Fiber optic,No,No,No,Yes,Yes,No,Month-to-month,No,Electronic check,77.66,4264.99,No
8754-WCJXK,Male,0,Yes,Yes,5,Yes,No,Fiber optic,No,Yes,No,No,No,No,One year,Yes,Bank transfer (automatic),76.35,369.42,No
3959-LEIFZ,Female,0,No,No,72,Yes,Yes,Fiber optic,Yes,No,No,No,Yes,No,Month-to-month,No,Mailed check,87.09,6229.47,Yes
7149-JDSBO,Male,0,No,Yes,23,No,No phone service,DSL,No,Yes,No,No,No,No,One year,Yes,Mailed check,53.13,1241.97,No
4461-MYNMJ,Male,0,Yes,Yes,4,Yes,Yes,DSL,No,No,No,No,Yes,Yes,Two year,No,Electronic check,62.66,270.8,No
2270-VGROD,Male,0,No,No,8,Yes,Yes,DSL,No,Yes,Yes,No,Yes,No,Two year,No,Credit card (automatic),61.0,528.64,No
5907-XBOVH,Female,0,Yes,No,72,Yes,No,No,No internet service,No internet service,No internet service,No internet service,No internet service,No internet service,Month-to-month,Yes,Electronic check,21.18,1540.91,No
3999-FEXCU,Female,0,No,No,40,Yes,Yes,DSL,Yes,No,Yes,No,No,Yes,Month-to-month,No,Credit card (automatic),64.87,2562.36,No
8242-RKGVZ,Female,0,No,Yes,21,Yes,Yes,Fiber optic,No,Yes,No,No,No,No,One year,No,Electronic check,71.9,1525.18,No
4840-JEBXM,Female,0,No,No,72,Yes,Yes,No,No internet service,No internet service,No internet service,No internet service,No internet service,No internet service,One year,Yes,Bank transfer (automatic),21.53,1541.53,No
3150-TYRBO,Female,1,No,No,31,Yes,No,DSL,Yes,No,Yes,No,Yes,Yes,One year,Yes,Electronic check,78.97,2435.76,Yes
2561-FCBDG,Female,0,No,No,53,Yes,No,No,No internet service,No internet service,No internet service,No internet service,No internet service,No internet service,Month-to-month,No,Electronic check,19.5,1009.95,No
6340-SVEGX,Female,0,Yes,Yes,11,Yes,Yes,Fiber optic,No,Yes,No,No,No,No,One year,Yes,Electronic check,77.15,837.07,No
5762-RRUJY,Female,0,No,No,20,Yes,Yes,DSL,No,No,No,No,Yes,No,One year,Yes,Bank transfer (automatic),55.7,1110.02,Yes
8781-SGJCM,Female,0,No,No,30,Yes,No,No,No internet service,No internet service,No internet service,No internet service,No internet service,No internet service,Month-to-month,Yes,Electronic check,20.67,623.65,No
9484-OHSKD,Female,0,Yes,Yes,18,Yes,Yes,No,No internet service,No internet service,No internet service,No internet service,No internet service,No internet service,Month-to-month,Yes,Electronic check,21.23,398.35,No
8770-JMZLT,Male,0,No,No,65,Yes,Yes,DSL,No,Yes,No,No,Yes,Yes,Two year,Yes,Credit card (automatic),74.23,4835.0,No
4127-YDSWI,Male,0,Yes,Yes,39,Yes,No,No,No internet service,No internet service,No internet service,No internet service,No internet service,No internet service,Two year,Yes,Bank transfer (automatic),22.81,889.4,No
1269-AVVSN,Female,0,No,No,8,Yes,No,Fiber optic,No,No,Yes,Yes,Yes,Yes,Month-to-month,Yes,Mailed check,88.85,663.74,Yes
3441-PYEQL,Male,0,No,No,22,Yes,Yes,No,No internet service,No internet service,No internet service,No internet service,No internet service,No internet service,Month-to-month,Yes,Electronic check,23.88,477.97,No
7943-BNDQD,Male,0,No,No,13,Yes,Yes,Fiber optic,No,No,No,No,No,No,One year,No,Electronic check,65.8,877.43,No
8401-MEVDX,Female,1,No,No,40,Yes,Yes,No,No internet service,No internet service,No internet service,No internet service,No internet service,No internet service,Month-to-month,Yes,Bank transfer (automatic),18.25,713.94,No
2947-LNCEI,Male,1,Yes,Yes,18,Yes,No,No,No internet service,No internet service,No internet service,No internet service,No internet service,No internet service,Month-to-month,Yes,Credit card (automatic),23.01,401.1,Yes
2054-XLSVW,Male,0,No,Yes,4,Yes,Yes,No,No internet service,No internet service,No internet service,No internet service,No internet service,No internet service,One year,Yes,Electronic check,20.83,101.49,No
3949-AVFWX,Male,0,No,No,35,Yes,No,DSL,No,No,Yes,No,Yes,No,Month-to-month,Yes,Electronic check,62.96,2192.24,Yes
6286-ISUVB,Male,0,Yes,No,17,Yes,Yes,Fiber optic,Yes,Yes,No,No,No,Yes,Month-to-month,Yes,Credit card (automatic),93.86,1593.55,Yes
5142-PDAQH,Female,0,Yes,No,71,Yes,Yes,No,No internet service,No internet service,No internet service,No internet service,No internet service,No internet service,Two year,Yes,Credit card (automatic),20.18,1432.01,No
8294-AEFEZ,Female,0,No,No,9,Yes,No,No,No internet service,No internet service,No internet service,No internet service,No internet service,No internet service,One year,Yes,Mailed check,18.25,104.03,No
9301-PHSWR,Female,0,No,No,14,Yes,No,Fiber optic,Yes,No,No,No,Yes,Yes,Month-to-month,Yes,Mailed check,96.57,1359.87,Yes
4352-CUUOB,Female,0,Yes,Yes,21,Yes,No,DSL,Yes,Yes,Yes,Yes,No,Yes,Two year,Yes,Bank transfer (automatic),74.06,1538.52,No
3388-XJICS,Female,0,Yes,Yes,37,No,No phone service,No,No internet service,No internet service,No internet service,No internet service,No internet service,No internet service,Month-to-month,Yes,Electronic check,19.16,679.16,No
9604-ZKDTF,Male,0,Yes,Yes,56,Yes,Yes,DSL,No,No,No,Yes,Yes,No,Month-to-month,Yes,Mailed check,61.11,3441.12,Yes
7009-HBOAK,Female,0,No,No,20,Yes,Yes,Fiber optic,No,No,Yes,No,No,No,Month-to-month,Yes,Electronic check,68.77,1393.08,Yes
4330-GLGFW,Male,0,Yes,No,31,Yes,Yes,Fiber optic,Yes,Yes,No,Yes,Yes,Yes,One year,No,Electronic check,104.35,3219.01,No
4111-RXLLR,Male,0,No,No,5,Yes,Yes,No,No internet service,No internet service,No internet service,No internet service,No internet service,No internet service,One year,No,Mailed check,21.07,109.21,No
8183-VVYCZ,Female,0,No,No,14,Yes,No,Fiber optic,No,No,No,Yes,Yes,No,Month-to-month,No,Electronic check,80.4,1140.42,Yes
5830-EFACT,Female,0,Yes,Yes,18,Yes,No,Fiber optic,No,No,Yes,No,Yes,No,Month-to-month,Yes,Electronic check,79.5,1479.9,Yes
3781-LGFJQ,Male,0,No,Yes,21,No,No phone service,No,No internet service,No internet service,No internet service,No internet service,No internet service,No internet service,Month-to-month,Yes,Electronic check,22.24,441.64,Yes
5524-LUBWO,Female,0,Yes,Yes,43,Yes,No,DSL,Yes,No,Yes,No,Yes,Yes,Month-to-month,Yes,Credit card (automatic),69.14,2934.82,No
1614-RUZWU,Male,0,Yes,Yes,72,Yes,No,Fiber optic,No,Yes,Yes,No,Yes,No,Month-to-month,Yes,Electronic check,88.05,6336.23,Yes
7268-WUCDA,Male,0,No,No,15,Yes,Yes,No,No internet service,No internet service,No internet service,No internet service,No internet service,No internet service,Two year,Yes,Electronic check,18.68,294.12,No
3912-EUBYY,Male,0,No,Yes,40,Yes,No,DSL,No,No,No,No,No,Yes,Two year,Yes,Credit card (automatic),52.73,2070.67,Yes
6333-YXVNP,Male,1,No,No,65,No,No phone service,Fiber optic,Yes,No,Yes,Yes,No,No,One year,Yes,Mailed check,81.18,5313.04,No
7660-VJUJN,Female,0,Yes,No,62,Yes,Yes,No,No internet service,No internet service,No internet service,No internet service,No internet service,No internet service,Two year,No,Electronic check,21.41,1319.95,No
6033-LQLYS,Male,0,Yes,No,11,Yes,Yes,No,No internet service,No internet service,No internet service,No internet service,No internet service,No internet service,Two year,Yes,Bank transfer (automatic),20.22,215.24,No
3851-QMBLK,Female,0,Yes,Yes,60,Yes,No,DSL,No,No,No,Yes,No,Yes,One year,Yes,Mailed check,61.02,3661.65,No
8808-QMUVS,Male,0,No,No,8,Yes,No,Fiber optic,Yes,Yes,No,Yes,No,Yes,Month-to-month,Yes,Electronic check,95.06,733.82,Yes
7710-HKAMF,Female,0,Yes,Yes,8,Yes,Yes,DSL,Yes,Yes,No,Yes,No,Yes,Month-to-month,Yes,Mailed check,80.28,610.01,Yes
6653-GKXYY,Female,0,No,Yes,28,Yes,No,No,No internet service,No internet service,No internet service,No internet service,No internet service,No internet service,Two year,No,Electronic check,18.25,477.42,No
4863-QTLCT,Female,0,No,No,18,Yes,No,Fiber optic,No,Yes,No,Yes,Yes,Yes,One year,Yes,Electronic check,93.07,1683.55,No
1311-XMKLH,Male,1,No,No,72,Yes,No,Fiber optic,No,Yes,No,No,No,No,One year,Yes,Bank transfer (automatic),75.56,5475.61,No
1131-FIDUV,Female,0,Yes,No,4,Yes,Yes,No,No internet service,No internet service,No internet service,No internet service,No internet service,No internet service,Month-to-month,Yes,Bank transfer (automatic),18.81,44.62,Yes
3853-YKVXW,Female,0,Yes,No,28,Yes,No,Fiber optic,No,No,Yes,No,No,No,Month-to-month,Yes,Mailed check,69.0,1972.73,Yes
1550-INMWQ,Male,0,No,Yes,54,Yes,Yes,Fiber optic,Yes,No,No,No,Yes,Yes,Month-to-month,Yes,Electronic check,90.69,4908.1,No
1945-RAUXU,Male,0,No,No,3,Yes,Yes,Fiber optic,Yes,Yes,No,No,Yes,Yes,Month-to-month,Yes,Electronic check,97.72,276.56,Yes
3593-FWCYM,Male,0,No,Yes,19,Yes,Yes,Fiber optic,No,No,No,No,Yes,Yes,One year,No,Bank transfer (automatic),83.2,1574.29,No
7999-JJSGY,Male,0,No,No,53,Yes,No,DSL,No,Yes,No,No,No,No,One year,No,Bank transfer (automatic),53.72,2853.05,No
7617-PWBAR,Male,0,Yes,No,26,Yes,Yes,Fiber optic,No,No,No,Yes,No,No,Month-to-month,Yes,Bank transfer (automatic),72.57,1892.1,Yes
6733-TSFCY,Male,0,Yes,Yes,26,Yes,Yes,Fiber optic,Yes,No,No,Yes,Yes,Yes,Month-to-month,Yes,Electronic check,102.97,2684.35,Yes
8663-MTYZA,Male,0,Yes,No,57,Yes,Yes,Fiber optic,No,Yes,No,Yes,Yes,Yes,Month-to-month,Yes,Electronic check,90.91,5141.09,No
9555-WPOOC,Female,1,No,Yes,38,Yes,No,No,No internet service,No internet service,No internet service,No internet service,No internet service,No internet service,Month-to-month,No,Electronic check,22.23,835.33,Yes
2618-SYKLB,Male,0,No,No,14,Yes,No,Fiber optic,No,No,No,No,Yes,No,Month-to-month,Yes,Credit card (automatic),76.34,1004.47,Yes
3301-XZYNV,Male,0,No,Yes,72,Yes,No,Fiber optic,Yes,Yes,No,No,Yes,Yes,Month-to-month,No,Electronic check,101.23,7321.26,Yes
8825-AZLRT,Female,0,No,No,23,Yes,Yes,Fiber optic,Yes,Yes,No,No,Yes,No,Two year,Yes,Bank transfer (automatic),89.05,2070.89,No
8276-YXPSP,Male,0,Yes,No,8,Yes,No,Fiber optic,Yes,No,Yes,Yes,No,Yes,Month-to-month,Yes,Bank transfer (automatic),100.34,814.25,Yes
4353-VIMEK,Male,1,No,No,27,Yes,No,Fiber optic,No,Yes,No,No,No,No,Month-to-month,No,Bank transfer (automatic),76.16,2039.35,Yes
4058-TXLUR,Male,1,No,Yes,25,Yes,Yes,Fiber optic,Yes,No,No,Yes,No,Yes,Month-to-month,Yes,Electronic check,87.47,2200.31,Yes
1674-POABR,Male,1,Yes,No,37,Yes,Yes,DSL,No,No,Yes,Yes,No,Yes,One year,No,Bank transfer (automatic),74.16,2767.62,No
7070-IRHUM,Male,1,No,No,41,No,No phone service,Fiber optic,No,No,No,No,Yes,No,Two year,No,Credit card (automatic),74.79,3051.96,No
1088-VRBRN,Male,0,No,Yes,6,Yes,No,Fiber optic,No,Yes,No,No,Yes,Yes,Month-to-month,Yes,Mailed check,86.14,513.21,Yes
1452-WZGXM,Male,0,No,Yes,21,Yes,No,DSL,Yes,No,Yes,No,No,No,Two year,No,Bank transfer (automatic),55.63,1181.47,No
4185-YWWUE,Female,0,Yes,No,38,Yes,Yes,No,No internet service,No internet service,No internet service,No internet service,No internet service,No internet service,One year,No,Mailed check,19.79,735.1,No
4574-SFOKC,Female,0,No,No,26,Yes,Yes,Fiber optic,No,Yes,No,No,No,Yes,Two year,Yes,Electronic check,75.11,1928.19,No
1274-VBBEQ,Male,0,No,No,17,No,No phone service,Fiber optic,No,No,No,No,Yes,No,Month-to-month,Yes,Mailed check,77.96,1372.67,No
3593-XFYLO,Male,0,No,Yes,47,Yes,No,Fiber optic,No,No,No,Yes,No,No,Month-to-month,Yes,Bank transfer (automatic),73.06,3441.17,Yes
3545-GBUFE,Male,0,Yes,No,46,Yes,No,Fiber optic,Yes,Yes,No,No,No,No,One year,Yes,Electronic check,84.74,3896.73,No
3571-MNKGH,Female,0,Yes,No,0,Yes,No,No,No internet service,No internet service,No internet service,No internet service,No internet service,No internet service,Month-to-month,Yes,Mailed check,24.26, ,No
2079-UQOVV,Female,0,No,No,31,Yes,No,DSL,No,No,No,Yes,No,No,One year,Yes,Electronic check,51.14,1586.93,Yes
1589-WOFGQ,Male,1,Yes,Yes,36,No,No phone service,No,No internet service,No internet service,No internet service,No internet service,No internet service,No internet service,Two year,Yes,Credit card (automatic),21.12,763.78,No
4354-GLYGG,Male,0,Yes,Yes,21,Yes,No,DSL,No,No,Yes,No,No,No,One year,No,Credit card (automatic),48.49,974.45,Yes
9977-KZOBE,Male,0,No,No,29,Yes,No,DSL,No,No,Yes,No,Yes,No,Month-to-month,Yes,Mailed check,55.37,1579.56,No
6622-CLBVW,Female,0,Yes,No,23,Yes,No,DSL,No,No,Yes,Yes,Yes,Yes,Month-to-month,No,Mailed check,71.45,1650.28,Yes
2568-OFNQI,Female,0,Yes,No,35,Yes,Yes,DSL,Yes,No,No,No,Yes,Yes,Month-to-month,No,Credit card (automatic),60.07,2054.43,No
9035-KOIFK,Male,0,No,No,17,No,No phone service,No,No internet service,No internet service,No internet service,No internet service,No internet service,No internet service,One year,Yes,Credit card (automatic),19.36,312.73,No
2277-MGIDE,Female,0,Yes,Yes,18,Yes,Yes,DSL,Yes,No,Yes,No,No,No,One year,Yes,Bank transfer (automatic),67.43,1224.16,No
1725-VSIWZ,Male,0,No,No,23,Yes,No,Fiber optic,No,No,No,Yes,No,No,Month-to-month,Yes,Credit card (automatic),75.52,1716.05,No
1108-ONLCJ,Female,0,Yes,No,36,Yes,No,Fiber optic,No,No,Yes,Yes,Yes,No,Month-to-month,No,Mailed check,92.42,3309.7,No
9054-ZCORA,Female,0,Yes,No,40,No,No phone service,DSL,No,Yes,No,Yes,Yes,Yes,Month-to-month,Yes,Electronic check,66.01,2658.77,Yes
4044-SBABX,Male,0,Yes,No,69,Yes,Yes,Fiber optic,Yes,No,No,Yes,Yes,Yes,One year,Yes,Credit card (automatic),96.97,6704.55,Yes
9630-SVYQB,Male,0,Yes,No,9,No,No phone service,No,No internet service,No internet service,No internet service,No internet service,No internet service,No internet service,Month-to-month,Yes,Credit card (automatic),18.25,156.45,No
9694-LSGTM,Female,0,Yes,Yes,2,Yes,Yes,Fiber optic,Yes,No,Yes,Yes,Yes,No,Month-to-month,Yes,Credit card (automatic),87.1,203.22,No
4012-SZFKQ,Male,0,No,No,46,Yes,Yes,Fiber optic,No,Yes,Yes,No,Yes,Yes,Month-to-month,Yes,Credit card (automatic),90.01,4146.08,Yes
5562-JIQRL,Female,0,No,No,28,Yes,No,DSL,No,No,Yes,Yes,Yes,No,One year,Yes,Electronic check,61.31,1727.4,Yes
7695-OYCAI,Male,0,Yes,No,3,Yes,No,Fiber optic,No,No,No,No,Yes,Yes,Two year,No,Credit card (automatic),76.21,262.96,No
1263-ZLEDF,Female,0,Yes,No,23,Yes,No,DSL,Yes,No,No,No,No,No,Two year,Yes,Mailed check,54.88,1268.55,No
3504-TXGYW,Male,0,No,No,56,Yes,No,DSL,No,No,No,No,Yes,Yes,Two year,Yes,Electronic check,65.24,3638.32,No
4908-DFRKP,Male,0,No,No,17,Yes,No,DSL,No,Yes,No,Yes,Yes,Yes,Month-to-month,No,Bank transfer (automatic),71.96,1254.98,Yes
2010-IWFFW,Male,1,Yes,No,31,Yes,Yes,DSL,No,No,No,No,Yes,Yes,One year,Yes,Electronic check,54.7,1699.98,No
2359-MLQCU,Male,1,Yes,No,14,Yes,Yes,No,No internet service,No internet service,No internet service,No internet service,No internet service,No internet service,One year,No,Electronic check,19.14,215.04,No
4033-SBUGG,Male,0,Yes,No,10,Yes,No,Fiber optic,Yes,No,No,No,Yes,Yes,Month-to-month,No,Electronic check,98.49,973.89,Yes
1049-ODFUV,Female,0,No,No,50,Yes,No,DSL,Yes,No,No,Yes,Yes,Yes,One year,Yes,Credit card (automatic),65.59,3302.86,No
2999-GBYUT,Male,0,Yes,No,16,Yes,No,Fiber optic,Yes,Yes,Yes,No,Yes,Yes,Two year,No,Bank transfer (automatic),99.62,1619.06,Yes
9804-BWHWX,Male,1,No,Yes,21,Yes,No,Fiber optic,No,No,No,No,No,No,Two year,Yes,Credit card (automatic),63.83,1392.46,No
5519-GDACQ,Male,0,Yes,No,27,Yes,No,Fiber optic,Yes,No,No,No,No,Yes,Month-to-month,Yes,Electronic check,88.06,2384.81,Yes
4795-GOQDQ,Male,0,Yes,No,14,Yes,Yes,Fiber optic,Yes,No,No,No,Yes,Yes,Month-to-month,No,Credit card (automatic),85.51,1207.69,Yes
3492-LVRPR,Female,0,No,No,72,Yes,No,DSL,No,Yes,Yes,Yes,Yes,Yes,Month-to-month,Yes,Electronic check,75.55,5459.78,Yes
6916-KEVME,Female,0,Yes,No,46,No,No phone service,Fiber optic,No,No,Yes,No,Yes,Yes,Two year,Yes,Electronic check,87.93,4026.23,No
1376-QWVFD,Male,0,No,Yes,7,Yes,No,Fiber optic,No,Yes,No,Yes,Yes,Yes,One year,Yes,Credit card (automatic),103.53,760.6,No
4998-NZAPB,Female,0,No,Yes,53,Yes,Yes,No,No internet service,No internet service,No internet service,No internet service,No internet service,No internet service,One year,Yes,Electronic check,21.73,1082.32,No
8652-SFYQR,Female,0,No,No,32,Yes,Yes,Fiber optic,No,Yes,Yes,No,Yes,No,One year,Yes,Credit card (automatic),87.41,2768.03,Yes
7356-LSZTL,Female,0,Yes,No,35,Yes,Yes,Fiber optic,No,Yes,Yes,No,Yes,Yes,Month-to-month,Yes,Bank transfer (automatic),96.55,3420.02,No
6936-MNBOK,Male,0,Yes,No,23,No,No phone service,Fiber optic,Yes,Yes,Yes,No,No,Yes,One year,Yes,Mailed check,84.93,1953.35,Yes
2881-RCYLV,Male,0,Yes,Yes,20,Yes,No,Fiber optic,No,No,Yes,Yes,No,No,Month-to-month,Yes,Credit card (automatic),76.69,1521.53,Yes
9815-XTHQO,Male,1,No,No,53,Yes,No,Fiber optic,Yes,No,No,No,Yes,No,One year,No,Bank transfer (automatic),83.06,4458.1,No
9081-AADLF,Female,0,No,No,9,No,No phone service,Fiber optic,No,No,Yes,Yes,No,No,Month-to-month,No,Electronic check,82.03,753.84,Yes
8573-RMNLP,Female,1,Yes,Yes,62,Yes,Yes,No,No internet service,No internet service,No internet service,No internet service,No internet service,No internet service,Month-to-month,Yes,Bank transfer (automatic),19.14,1192.96,No
8648-XRGVJ,Male,0,Yes,No,29,Yes,Yes,Fiber optic,No,No,No,No,Yes,Yes,One year,Yes,Electronic check,76.75,2241.08,No
1714-RDLWX,Male,0,Yes,No,6,Yes,Yes,DSL,No,No,No,No,No,No,Two year,Yes,Credit card (automatic),47.7,262.02,No
5280-XJTEN,Female,1,Yes,No,5,Yes,Yes,Fiber optic,Yes,No,No,No,Yes,No,Month-to-month,Yes,Bank transfer (automatic),73.74,359.06,Yes
9603-RRILV,Female,0,Yes,No,14,Yes,No,DSL,No,Yes,No,No,No,No,One year,Yes,Bank transfer (automatic),56.63,755.58,No
2595-NOKUK,Male,0,No,No,16,Yes,No,Fiber optic,No,Yes,Yes,Yes,No,No,Two year,No,Mailed check,87.77,1429.74,No
3208-VTCPK,Female,0,No,Yes,5,Yes,Yes,No,No internet service,No internet service,No internet service,No internet service,No internet service,No internet service,Month-to-month,Yes,Credit card (automatic),18.25,84.77,No
7503-WHJDA,Male,0,Yes,Yes,38,Yes,No,DSL,No,No,Yes,No,No,Yes,Two year,Yes,Bank transfer (automatic),56.97,2162.15,No
3048-GCSMA,Male,0,Yes,Yes,42,Yes,No,DSL,No,Yes,No,Yes,No,Yes,One year,Yes,Bank transfer (automatic),63.74,2691.57,No
6159-MBCOH,Female,0,Yes,No,40,Yes,Yes,DSL,Yes,No,No,No,No,Yes,Month-to-month,No,Mailed check,56.36,2244.85,No
5111-GSUBM,Female,1,Yes,No,50,Yes,No,Fiber optic,Yes,Yes,No,No,No,No,Month-to-month,No,Mailed check,84.29,4196.61,Yes
8040-EEDDT,Female,0,No,No,18,Yes,Yes,Fiber optic,Yes,Yes,Yes,No,No,Yes,Two year,Yes,Credit card (automatic),102.96,1851.88,No
9660-MKFEO,Male,0,Yes,No,34,Yes,Yes,Fiber optic,Yes,No,No,Yes,Yes,No,Month-to-month,Yes,Credit card (automatic),93.82,3198.91,Yes
3120-XBOYU,Male,1,No,No,49,Yes,Yes,Fiber optic,No,No,Yes,Yes,No,No,One year,Yes,Bank transfer (automatic),75.81,3769.29,Yes
3437-EFFOC,Male,0,No,Yes,38,Yes,Yes,No,No internet service,No internet service,No internet service,No internet service,No internet service,No internet service,Month-to-month,Yes,Credit card (automatic),19.54,708.77,Yes
1881-KRMFX,Male,0,No,Yes,31,Yes,Yes,No,No internet service,No internet service,No internet service,No internet service,No internet service,No internet service,Month-to-month,Yes,Credit card (automatic),21.32,649.01,No
8311-DQQHS,Male,0,No,No,64,Yes,Yes,DSL,No,Yes,Yes,No,Yes,Yes,Two year,No,Bank transfer (automatic),76.11,4896.18,No
9263-KAHTK,Male,0,No,No,19,Yes,Yes,Fiber optic,Yes,Yes,Yes,Yes,No,No,Month-to-month,Yes,Mailed check,92.4,1774.94,Yes
9604-EPQON,Male,1,No,No,19,Yes,No,Fiber optic,No,No,No,No,No,No,One year,No,Mailed check,65.26,1241.59,Yes
4117-SLRZD,Male,0,Yes,No,29,Yes,Yes,DSL,Yes,No,No,No,No,Yes,Two year,No,Mailed check,59.17,1710.95,No
8102-PFLQK,Male,0,No,No,29,Yes,Yes,Fiber optic,No,Yes,No,No,No,No,Two year,Yes,Credit card (automatic),69.27,2018.67,No
5069-YFECO,Female,0,Yes,No,28,Yes,No,Fiber optic,No,No,No,Yes,Yes,No,Month-to-month,No,Bank transfer (automatic),72.97,2043.47,Yes
5445-MZAVC,Male,0,Yes,No,5,Yes,No,DSL,Yes,No,Yes,No,No,Yes,One year,Yes,Bank transfer (automatic),62.88,277.4,Yes
3154-NCOHC,Female,0,No,No,54,No,No phone service,DSL,Yes,No,No,Yes,Yes,Yes,Month-to-month,Yes,Credit card (automatic),67.55,3644.64,No
7710-TFZBU,Female,1,Yes,No,34,Yes,No,Fiber optic,No,Yes,Yes,Yes,Yes,No,One year,No,Bank transfer (automatic),103.4,3523.13,No
5721-QNRWG,Female,0,Yes,No,1,Yes,No,DSL,No,No,No,No,Yes,Yes,Two year,Yes,Credit card (automatic),62.67,55.99,No
7582-PWXUD,Male,0,Yes,No,3,No,No phone service,Fiber optic,Yes,No,Yes,No,Yes,Yes,Month-to-month,Yes,Electronic check,100.63,298.28,Yes
5332-EEPVL,Male,0,Yes,No,63,Yes,No,DSL,Yes,Yes,No,No,Yes,No,Month-to-month,Yes,Mailed check,68.2,4286.3,No
3620-GKBAH,Female,0,Yes,No,16,Yes,Yes,No,No internet service,No internet service,No internet service,No internet service,No internet service,No internet service,Month-to-month,Yes,Bank transfer (automatic),20.09,348.32,No
1130-CLNAX,Female,0,Yes,No,27,Yes,No,Fiber optic,Yes,No,No,No,Yes,No,Month-to-month,No,Credit card (automatic),84.41,2285.07,No
4342-RVRBY,Male,0,No,No,10,Yes,Yes,DSL,No,No,No,Yes,Yes,No,Month-to-month,Yes,Mailed check,52.18,526.65,Yes
1594-JBQCF,Male,0,No,No,72,Yes,No,No,No internet service,No internet service,No internet service,No internet service,No internet service,No internet service,Month-to-month,No,Electronic check,25.15,1799.68,No
9960-DPEDC,Female,1,Yes,Yes,24,Yes,No,DSL,Yes,Yes,Yes,No,No,Yes,Month-to-month,Yes,Electronic check,79.05,1923.38,Yes
9521-QNOYH,Male,0,No,Yes,17,Yes,Yes,No,No internet service,No internet service,No internet service,No internet service,No internet service,No internet service,Two year,No,Mailed check,18.25,282.14,No
5038-GZMHJ,Female,0,No,No,51,Yes,No,No,No internet service,No internet service,No internet service,No internet service,No internet service,No internet service,One year,Yes,Credit card (automatic),21.5,1071.94,No
9041-UYWUU,Male,0,No,No,9,Yes,Yes,Fiber optic,No,No,No,Yes,Yes,No,One year,No,Mailed check,79.96,745.14,No
6439-CDPGU,Male,0,No,No,56,Yes,Yes,No,No internet service,No internet service,No internet service,No internet service,No internet service,No internet service,Month-to-month,Yes,Bank transfer (automatic),24.06,1337.66,No
5009-XCSSZ,Female,0,No,Yes,22,Yes,Yes,No,No internet service,No internet service,No internet service,No internet service,No internet service,No internet service,Month-to-month,No,Mailed check,18.66,410.26,No
8268-CVYJK,Male,0,Yes,No,44,Yes,No,Fiber optic,Yes,No,Yes,Yes,No,No,Month-to-month,Yes,Bank transfer (automatic),95.59,4245.9,No
6992-IVYKF,Female,0,No,Yes,32,Yes,Yes,DSL,No,Yes,Yes,No,No,Yes,Month-to-month,Yes,Credit card (automatic),67.15,2168.19,No
3798-IJKVS,Male,0,No,Yes,21,Yes,Yes,DSL,No,No,Yes,Yes,Yes,No,Month-to-month,Yes,Bank transfer (automatic),61.4,1291.09,No
3784-DPXPJ,Male,0,No,No,5,Yes,Yes,DSL,No,Yes,No,Yes,Yes,Yes,Month-to-month,No,Credit card (automatic),80.62,370.22,Yes
4755-OFPZU,Female,0,Yes,Yes,28,Yes,Yes,Fiber optic,No,Yes,No,No,Yes,Yes,Two year,No,Credit card (automatic),82.35,2288.14,No
8958-UDCBL,Male,0,No,No,12,Yes,Yes,DSL,No,No,Yes,No,Yes,Yes,Two year,Yes,Electronic check,62.04,772.65,No
9363-JOPEK,Male,0,No,No,28,Yes,No,Fiber optic,No,Yes,No,No,Yes,No,One year,No,Electronic check,80.22,2214.56,No
3328-NMNCZ,Female,0,Yes,No,48,Yes,Yes,DSL,No,Yes,No,No,No,Yes,Month-to-month,No,Credit card (automatic),58.2,2800.32,No
8929-LNCFP,Female,0,No,No,38,Yes,No,No,No internet service,No internet service,No internet service,No internet service,No internet service,No internet service,Month-to-month,Yes,Electronic check,21.05,834.44,No
1767-JYSRG,Female,1,No,No,0,Yes,No,DSL,No,Yes,No,No,No,No,Two year,Yes,Electronic check,58.46, ,No
1541-TTBPK,Male,0,No,No,19,Yes,No,Fiber optic,No,Yes,Yes,No,No,No,Month-to-month,Yes,Mailed check,77.54,1409.61,Yes
8391-ZPZOV,Male,0,Yes,No,15,Yes,Yes,DSL,No,No,No,No,No,No,Month-to-month,No,Bank transfer (automatic),43.23,669.29,No
2470-CEDQK,Female,0,No,No,16,Yes,Yes,Fiber optic,No,Yes,No,No,No,Yes,One year,Yes,Electronic check,86.33,1364.14,Yes
3617-TLMLT,Male,0,No,No,30,Yes,Yes,DSL,Yes,Yes,No,No,Yes,Yes,One year,Yes,Bank transfer (automatic),76.95,2268.99,No
1289-WXQHT,Male,0,Yes,No,17,Yes,Yes,Fiber optic,Yes,Yes,No,Yes,Yes,No,Month-to-month,Yes,Electronic check,88.57,1499.49,Yes
9536-MFZAE,Female,0,No,Yes,12,Yes,No,DSL,No,No,Yes,No,No,No,Month-to-month,Yes,Credit card (automatic),50.3,625.44,Yes
5189-DTXKE,Male,0,Yes,Yes,7,Yes,No,Fiber optic,No,Yes,Yes,No,No,Yes,Month-to-month,No,Electronic check,83.26,571.48,Yes
7335-DXIIB,Male,0,No,No,18,Yes,No,Fiber optic,No,No,No,Yes,No,No,Month-to-month,Yes,Electronic check,74.38,1357.22,Yes
5064-RKNHM,Male,0,No,No,45,Yes,No,No,No internet service,No internet service,No internet service,No internet service,No internet service,No internet service,One year,Yes,Electronic check,22.12,1022.53,No
4763-QXXKX,Male,0,No,Yes,47,Yes,Yes,DSL,No,Yes,No,No,Yes,No,One year,Yes,Credit card (automatic),66.17,3097.58,Yes
4353-TLNYF,Female,0,No,No,32,Yes,No,DSL,Yes,No,No,No,Yes,Yes,One year,Yes,Electronic check,68.19,2225.65,No
7818-SDHOD,Female,0,Yes,Yes,2,Yes,Yes,No,No internet service,No internet service,No internet service,No internet service,No internet service,No internet service,Month-to-month,Yes,Mailed check,23.13,70.54,No
2327-OMNIK,Male,0,No,No,30,No,No phone service,Fiber optic,No,No,No,No,No,Yes,Two year,Yes,Credit card (automatic),69.46,2097.91,Yes
4620-DKSBJ,Male,0,Yes,No,68,Yes,No,Fiber optic,No,No,No,No,No,Yes,Two year,Yes,Electronic check,73.95,5047.76,No
6311-XYRFO,Female,0,No,No,8,Yes,Yes,DSL,No,No,No,Yes,Yes,No,Month-to-month,No,Mailed check,59.43,471.13,No
2985-FGMJJ,Male,0,Yes,No,18,Yes,No,Fiber optic,Yes,Yes,No,No,Yes,Yes,Month-to-month,Yes,Electronic check,90.31,1628.08,Yes
9441-LUOYQ,Male,0,No,Yes,46,Yes,No,Fiber optic,No,Yes,Yes,No,Yes,Yes,Month-to-month,No,Mailed check,88.28,4019.5,Yes
6958-UETGO,Female,0,No,No,3,Yes,No,No,No internet service,No internet service,No internet service,No internet service,No internet service,No internet service,Month-to-month,Yes,Bank transfer (automatic),19.94,43.65,No
1741-MAVTW,Female,0,Yes,No,18,Yes,Yes,Fiber optic,Yes,Yes,No,No,No,No,One year,No,Bank transfer (automatic),85.92,1538.27,No
2062-PCNVB,Male,0,Yes,Yes,72,Yes,No,Fiber optic,No,No,Yes,Yes,No,Yes,Month-to-month,No,Electronic check,86.91,6302.53,Yes
7772-DPIYR,Female,0,Yes,No,72,No,No phone service,DSL,No,No,No,No,Yes,No,Two year,No,Electronic check,50.0,3626.86,No
9464-WOWOQ,Male,0,Yes,No,72,Yes,Yes,DSL,No,Yes,No,No,Yes,Yes,Month-to-month,Yes,Electronic check,71.49,5144.87,Yes
7972-SBOZC,Female,0,Yes,Yes,18,Yes,Yes,DSL,No,No,No,Yes,Yes,No,Two year,No,Mailed check,60.98,1099.73,No
1106-FUOWL,Male,0,No,No,63,Yes,Yes,Fiber optic,Yes,No,No,No,No,Yes,One year,No,Mailed check,80.33,5053.54,No
4097-DKBNA,Male,0,No,No,31,Yes,Yes,Fiber optic,No,No,Yes,Yes,No,No,Month-to-month,Yes,Electronic check,79.86,2485.25,No
3966-WOUGD,Female,0,No,No,12,Yes,No,Fiber optic,Yes,No,No,No,No,No,Month-to-month,Yes,Bank transfer (automatic),72.82,894.83,Yes
3087-BEPTP,Female,0,Yes,No,15,Yes,No,No,No internet service,No internet service,No internet service,No internet service,No internet service,No internet service,One year,Yes,Electronic check,18.96,284.77,No
7312-VGOUN,Male,0,Yes,No,36,Yes,No,DSL,No,Yes,No,No,Yes,No,Month-to-month,No,Electronic check,65.97,2369.43,No
7544-ODLMM,Male,0,Yes,No,2,Yes,Yes,No,No internet service,No internet service,No internet service,No internet service,No internet service,No internet service,One year,No,Electronic check,25.12,39.97,No
4591-JXVRG,Female,1,No,No,23,Yes,No,No,No internet service,No internet service,No internet service,No internet service,No internet service,No internet service,Two year,Yes,Bank transfer (automatic),18.25,405.02,No
9301-EUQJF,Female,1,No,No,28,Yes,Yes,Fiber optic,No,No,No,No,Yes,Yes,Month-to-month,No,Electronic check,83.19,2323.86,Yes
4011-FJTJQ,Male,0,No,No,41,Yes,Yes,Fiber optic,No,Yes,No,No,No,No,Two year,No,Electronic check,76.71,3162.46,Yes
7148-VMQTT,Female,1,No,Yes,4,Yes,No,No,No internet service,No internet service,No internet service,No internet service,No internet service,No internet service,One year,Yes,Credit card (automatic),18.67,98.11,No
4902-MHFAA,Female,1,No,No,23,Yes,No,No,No internet service,No internet service,No internet service,No internet service,No internet service,No internet service,Two year,Yes,Electronic check,18.25,377.62,No
2163-PQTZN,Male,0,No,No,50,Yes,No,Fiber optic,No,No,Yes,No,Yes,No,Month-to-month,Yes,Electronic check,85.57,4264.77,Yes
9827-NPMOQ,Male,0,Yes,Yes,72,Yes,No,Fiber optic,Yes,No,Yes,Yes,No,No,Two year,No,Mailed check,86.4,6200.89,No
9908-HPEAQ,Male,0,No,No,12,Yes,No,Fiber optic,No,Yes,Yes,No,No,Yes,Month-to-month,Yes,Electronic check,92.57,1096.54,Yes
1969-TAGPY,Male,0,No,No,62,Yes,Yes,DSL,No,No,Yes,Yes,No,Yes,One year,No,Electronic check,69.21,4290.99,No
8028-EUMVW,Male,0,Yes,No,48,Yes,No,DSL,No,No,No,Yes,No,Yes,One year,Yes,Credit card (automatic),61.07,2907.04,No
5532-BYDSM,Male,0,No,No,70,Yes,Yes,Fiber optic,No,No,Yes,Yes,Yes,Yes,Month-to-month,Yes,Electronic check,95.08,6664.29,Yes
4526-UKHVR,Male,0,No,Yes,3,No,No phone service,Fiber optic,No,No,No,Yes,Yes,Yes,Month-to-month,Yes,Electronic check,87.95,279.99,Yes
1672-ADNGK,Male,0,No,Yes,43,Yes,No,Fiber optic,No,Yes,No,No,Yes,No,Two year,Yes,Electronic check,82.39,3567.99,No
7752-MWCUI,Female,0,Yes,Yes,61,Yes,Yes,No,No internet service,No internet service,No internet service,No internet service,No internet service,No internet service,One year,No,Mailed check,19.48,1174.88,No
4144-DWDKZ,Male,0,Yes,No,25,Yes,No,No,No internet service,No internet service,No internet service,No internet service,No internet service,No internet service,Two year,Yes,Credit card (automatic),18.62,495.03,No
3623-YEPDT,Female,0,No,No,20,Yes,Yes,DSL,No,Yes,No,No,No,No,Two year,No,Electronic check,53.35,1060.74,No
5069-TWBLQ,Female,0,Yes,No,28,Yes,No,DSL,No,Yes,Yes,No,No,Yes,Month-to-month,No,Mailed check,63.87,1782.39,No
9540-DYPIC,Female,0,Yes,No,58,No,No phone service,Fiber optic,Yes,Yes,No,No,No,No,Month-to-month,Yes,Bank transfer (automatic),78.28,4515.4,Yes
2834-JGRVF,Female,0,Yes,No,12,Yes,Yes,Fiber optic,No,No,No,No,No,Yes,Month-to-month,No,Electronic check,70.92,858.47,No
5478-PKCPH,Female,0,Yes,Yes,12,No,No phone service,No,No internet service,No internet service,No internet service,No internet service,No internet service,No internet service,One year,Yes,Bank transfer (automatic),19.48,194.39,No
9874-SODZY,Male,0,No,Yes,1,Yes,No,Fiber optic,No,Yes,No,No,No,Yes,Month-to-month,Yes,Electronic check,82.38,81.26,No
9065-ROZBA,Female,0,No,No,23,Yes,Yes,DSL,Yes,Yes,No,No,No,Yes,Month-to-month,Yes,Electronic check,77.76,1780.43,Yes
8268-FOVEI,Male,0,Yes,Yes,6,Yes,Yes,DSL,Yes,No,No,No,Yes,No,Month-to-month,Yes,Bank transfer (automatic),61.69,360.47,No
1185-FBGRD,Female,0,No,No,24,Yes,Yes,Fiber optic,No,No,No,Yes,No,Yes,Month-to-month,No,Electronic check,75.79,1784.0,Yes
3953-XVIBX,Male,0,Yes,Yes,10,Yes,Yes,DSL,No,No,Yes,No,No,No,Month-to-month,Yes,Credit card (automatic),56.39,558.11,Yes
9330-YMJIQ,Male,0,Yes,No,16,Yes,Yes,DSL,No,Yes,Yes,No,No,No,One year,Yes,Mailed check,56.99,938.59,Yes
6814-RCPJQ,Male,1,No,No,18,Yes,Yes,DSL,No,Yes,No,Yes,No,No,One year,No,Electronic check,69.87,1309.04,No
9760-KXZIA,Female,0,No,No,29,Yes,Yes,Fiber optic,No,Yes,Yes,No,Yes,Yes,One year,Yes,Mailed check,96.2,2785.07,Yes
1010-HMHXP,Male,1,Yes,No,31,Yes,No,Fiber optic,No,No,Yes,No,Yes,Yes,One year,Yes,Electronic check,94.72,2932.25,No
7995-VWPXA,Male,0,No,No,21,Yes,Yes,DSL,Yes,No,No,No,No,Yes,One year,Yes,Electronic check,66.88,1422.95,No
7774-CXWXD,Male,0,Yes,Yes,17,Yes,Yes,Fiber optic,Yes,Yes,Yes,Yes,Yes,Yes,Month-to-month,Yes,Mailed check,112.67,1955.0,Yes
3995-UTGTU,Male,1,No,No,16,Yes,No,Fiber optic,Yes,Yes,No,No,Yes,Yes,One year,Yes,Bank transfer (automatic),89.31,1453.08,No
2358-UJKAX,Female,1,Yes,Yes,4,Yes,No,No,No internet service,No internet service,No internet service,No internet service,No internet service,No internet service,Two year,Yes,Electronic check,19.94,102.4,No
3555-GJGTR,Female,0,No,Yes,58,Yes,No,DSL,No,No,Yes,Yes,No,No,Two year,No,Electronic check,64.51,3761.41,No
2303-TIGOD,Male,0,No,No,12,Yes,Yes,DSL,No,Yes,Yes,Yes,No,No,Month-to-month,No,Electronic check,62.39,699.58,No
9146-GMOLB,Male,0,Yes,Yes,26,Yes,Yes,No,No internet service,No internet service,No internet service,No internet service,No internet service,No internet service,Month-to-month,No,Mailed check,19.68,456.09,No
4248-RYNTG,Male,0,No,Yes,8,Yes,No,Fiber optic,No,No,Yes,No,Yes,Yes,Month-to-month,Yes,Mailed check,86.03,699.6,Yes
8159-DDEVF,Male,0,No,No,42,Yes,No,No,No internet service,No internet service,No internet service,No internet service,No internet service,No internet service,Month-to-month,No,Bank transfer (automatic),22.13,931.49,Yes
8242-ILLED,Female,0,Yes,No,27,Yes,Yes,Fiber optic,Yes,No,Yes,Yes,Yes,Yes,One year,Yes,Electronic check,106.22,2808.08,Yes
5578-CJBFH,Female,0,No,No,33,Yes,No,DSL,No,No,Yes,No,No,Yes,Month-to-month,No,Electronic check,62.28,2049.21,Yes
1666-CPTXV,Male,0,No,Yes,7,Yes,No,Fiber optic,Yes,No,No,No,No,Yes,Two year,No,Bank transfer (automatic),80.11,535.89,No
8582-DHDTE,Female,0,Yes,No,34,Yes,No,DSL,No,No,No,No,Yes,No,One year,Yes,Bank transfer (automatic),51.92,1735.59,No
1253-ETONS,Male,0,No,No,3,Yes,Yes,Fiber optic,No,No,Yes,No,No,Yes,Month-to-month,Yes,Bank transfer (automatic),84.63,304.15,Yes
2905-TJTPI,Female,0,Yes,No,14,Yes,No,DSL,No,Yes,No,Yes,Yes,No,Month-to-month,No,Bank transfer (automatic),71.78,1004.49,Yes
7013-PKYGG,Female,1,No,No,8,Yes,No,No,No internet service,No internet service,No internet service,No internet service,No internet service,No internet service,Month-to-month,No,Mailed check,20.15,131.01,No
6463-FQQZC,Female,0,No,No,26,Yes,No,Fiber optic,No,No,No,No,Yes,Yes,Month-to-month,Yes,Electronic check,84.99,2201.26,Yes
4891-WHFGW,Female,0,No,No,61,Yes,No,Fiber optic,Yes,No,Yes,Yes,Yes,Yes,Month-to-month,No,Credit card (automatic),96.35,5929.17,Yes
3668-POBXQ,Female,0,No,No,39,Yes,No,Fiber optic,Yes,No,Yes,No,No,No,Month-to-month,Yes,Electronic check,81.2,3168.29,Yes
1446-OLFYK,Male,0,No,Yes,70,Yes,No,No,No internet service,No internet service,No internet service,No internet service,No internet service,No internet service,Month-to-month,Yes,Credit card (automatic),23.88,1634.1,No
6845-QMUJW,Male,0,Yes,No,27,Yes,No,No,No internet service,No internet service,No internet service,No internet service,No internet service,No internet service,Two year,Yes,Mailed check,18.25,540.45,No
6644-AQBBB,Male,0,Yes,Yes,43,No,No phone service,No,No internet service,No internet service,No internet service,No internet service,No internet service,No internet service,Month-to-month,Yes,Mailed check,18.25,798.73,No
7912-PXRUC,Male,1,No,No,53,Yes,No,No,No internet service,No internet service,No internet service,No internet service,No internet service,No internet service,Month-to-month,Yes,Electronic check,20.48,1104.96,No
4339-WEETJ,Female,1,Yes,No,52,Yes,No,Fiber optic,No,Yes,No,No,Yes,No,Two year,Yes,Credit card (automatic),83.98,4365.72,No
1753-GXNKJ,Female,0,No,Yes,7,Yes,Yes,DSL,No,No,No,No,Yes,Yes,Month-to-month,No,Credit card (automatic),58.04,405.44,Yes
6295-LPSSF,Female,0,Yes,Yes,12,Yes,No,DSL,No,No,Yes,No,Yes,Yes,Month-to-month,No,Bank transfer (automatic),62.11,761.57,Yes
4774-LQDMA,Male,0,Yes,No,48,Yes,Yes,No,No internet service,No internet service,No internet service,No internet service,No internet service,No internet service,Month-to-month,Yes,Electronic check,22.31,1086.06,No
9211-QKZCZ,Female,0,Yes,No,71,Yes,Yes,No,No internet service,No internet service,No internet service,No internet service,No internet service,No internet service,One year,Yes,Electronic check,21.03,1491.43,No
3222-JVGXL,Female,0,No,No,11,No,No phone service,DSL,Yes,Yes,Yes,No,Yes,No,One year,Yes,Bank transfer (automatic),71.02,770.31,No
1846-ZPYXZ,Male,0,Yes,No,12,Yes,No,DSL,Yes,No,No,No,Yes,Yes,Month-to-month,No,Electronic check,66.16,814.53,Yes
8990-LEVKU,Male,0,Yes,No,39,Yes,Yes,Fiber optic,No,No,No,No,Yes,No,Month-to-month,Yes,Credit card (automatic),70.03,2749.1,No
1225-SFQOU,Male,0,No,No,17,Yes,No,Fiber optic,No,Yes,No,Yes,Yes,No,Two year,Yes,Electronic check,88.57,1485.95,Yes
2604-MUDES,Male,0,No,No,51,Yes,Yes,Fiber optic,Yes,Yes,Yes,Yes,No,No,One year,Yes,Mailed check,101.54,5184.07,No
7731-TRSIL,Female,0,No,No,41,Yes,No,No,No internet service,No internet service,No internet service,No internet service,No internet service,No internet service,Two year,Yes,Credit card (automatic),18.25,742.07,No
9683-HBGUC,Female,0,Yes,Yes,56,Yes,No,Fiber optic,Yes,No,No,No,No,Yes,Month-to-month,Yes,Bank transfer (automatic),78.07,4327.14,No
6465-SQTOM,Female,0,Yes,Yes,20,Yes,Yes,Fiber optic,Yes,No,Yes,Yes,No,No,Month-to-month,Yes,Mailed check,91.69,1778.72,No
9998-DBXRD,Male,0,No,Yes,16,Yes,No,Fiber optic,No,Yes,No,Yes,No,Yes,Month-to-month,No,Mailed check,92.15,1463.84,Yes
4045-TNNBD,Female,0,Yes,No,13,Yes,Yes,Fiber optic,No,No,Yes,Yes,No,No,Month-to-month,Yes,Electronic check,76.0,948.22,Yes
8394-YLXGQ,Female,0,Yes,No,69,Yes,Yes,Fiber optic,No,No,Yes,No,Yes,Yes,Month-to-month,Yes,Bank transfer (automatic),86.77,6013.31,Yes
5955-GOKZK,Male,0,No,Yes,7,No,No phone service,Fiber optic,Yes,No,No,Yes,Yes,Yes,Month-to-month,No,Bank transfer (automatic),91.34,627.77,Yes
6773-FJHFS,Female,0,Yes,No,6,Yes,Yes,No,No internet service,No internet service,No internet service,No internet service,No internet service,No internet service,Month-to-month,Yes,Credit card (automatic),19.97,121.5,No
4687-XOLXY,Male,0,No,No,28,Yes,No,No,No internet service,No internet service,No internet service,No internet service,No internet service,No internet service,One year,Yes,Bank transfer (automatic),18.25,568.72,No
5957-PHUNZ,Male,0,Yes,No,16,Yes,No,Fiber optic,No,Yes,No,No,No,Yes,One year,Yes,Electronic check,82.34,1299.61,No
3747-MKBZI,Male,0,Yes,No,53,Yes,No,DSL,No,No,Yes,No,No,Yes,Two year,No,Electronic check,65.56,3461.14,No
1178-IXQLQ,Male,0,Yes,Yes,6,Yes,Yes,No,No internet service,No internet service,No internet service,No internet service,No internet service,No internet service,Month-to-month,Yes,Electronic check,20.74,153.33,No
8492-KXQCL,Female,1,No,No,21,Yes,Yes,Fiber optic,No,No,Yes,No,No,Yes,Month-to-month,Yes,Electronic check,79.95,1677.53,Yes
9150-QBYHG,Male,0,No,Yes,3,Yes,Yes,Fiber optic,Yes,No,No,No,No,No,Month-to-month,No,Credit card (automatic),74.11,243.9,Yes
2715-UQYHC,Male,0,No,Yes,19,Yes,Yes,Fiber optic,Yes,No,No,No,Yes,No,Month-to-month,No,Mailed check,76.93,1456.81,Yes
9434-BLDBZ,Male,1,Yes,Yes,27,Yes,No,Fiber optic,Yes,No,Yes,Yes,No,Yes,Month-to-month,Yes,Credit card (automatic),98.98,2684.85,Yes
5229-ANELB,Male,0,No,No,24,Yes,Yes,No,No internet service,No internet service,No internet service,No internet service,No internet service,No internet service,Month-to-month,Yes,Electronic check,21.68,546.55,No
4930-GUXSY,Male,0,No,Yes,23,Yes,Yes,DSL,No,No,No,No,No,Yes,Month-to-month,Yes,Bank transfer (automatic),55.61,1304.22,No
2833-VXLTE,Male,0,No,No,41,Yes,No,Fiber optic,No,No,No,Yes,No,Yes,Month-to-month,No,Electronic check,78.43,3198.81,Yes
5807-FOLNS,Female,0,No,No,10,Yes,No,No,No internet service,No internet service,No internet service,No internet service,No internet service,No internet service,Month-to-month,Yes,Bank transfer (automatic),18.25,132.07,No
3003-IQLVG,Male,0,No,No,34,Yes,No,DSL,Yes,No,No,No,No,Yes,Month-to-month,Yes,Electronic check,64.22,2161.65,Yes
3982-HPZNX,Female,0,No,No,22,No,No phone service,Fiber optic,No,No,No,No,No,No,Two year,Yes,Electronic check,64.63,1406.63,Yes
1290-YJSJH,Male,0,Yes,No,19,Yes,Yes,Fiber optic,Yes,Yes,No,No,No,No,Two year,No,Electronic check,84.47,1623.8,No
5771-QDLDS,Female,0,No,No,37,Yes,No,Fiber optic,Yes,No,No,No,No,No,One year,Yes,Mailed check,76.99,2857.15,No
2944-THQBL,Female,0,Yes,No,29,Yes,No,DSL,No,No,Yes,No,Yes,Yes,Month-to-month,Yes,Mailed check,70.3,2055.78,Yes
7220-TNCMV,Male,0,No,No,35,Yes,No,DSL,No,No,Yes,No,Yes,No,Month-to-month,No,Bank transfer (automatic),63.07,2226.8,Yes
9711-CYXGR,Male,0,Yes,No,72,Yes,No,Fiber optic,No,No,No,No,Yes,No,Month-to-month,No,Credit card (automatic),71.53,5158.56,Yes
6804-LFADE,Female,0,Yes,Yes,22,Yes,No,Fiber optic,No,No,Yes,Yes,No,Yes,One year,No,Electronic check,94.42,2075.06,No
3382-SNCNB,Male,1,Yes,No,7,No,No phone service,No,No internet service,No internet service,No internet service,No internet service,No internet service,No internet service,Month-to-month,Yes,Mailed check,19.26,121.96,No
9732-PYOCT,Female,0,No,No,11,Yes,No,DSL,Yes,Yes,Yes,No,No,Yes,Two year,Yes,Electronic check,75.78,812.55,Yes
1775-WIZJZ,Male,0,Yes,No,69,Yes,Yes,DSL,No,Yes,No,Yes,Yes,Yes,Month-to-month,Yes,Mailed check,72.23,4984.49,No
1329-QISQE,Male,0,No,No,18,Yes,No,Fiber optic,No,Yes,No,No,Yes,No,Month-to-month,Yes,Electronic check,82.65,1470.47,Yes
3316-VZPHP,Female,0,No,No,41,Yes,No,DSL,No,No,Yes,No,No,Yes,Two year,Yes,Mailed check,60.03,2446.97,No
9349-BMDEF,Female,0,Yes,No,24,Yes,No,DSL,No,No,Yes,No,No,No,Month-to-month,No,Mailed check,44.42,1071.89,No
2815-FNNHU,Male,0,No,No,9,Yes,No,Fiber optic,Yes,Yes,No,Yes,Yes,No,Two year,No,Credit card (automatic),93.98,846.35,Yes
1571-KQPTH,Female,0,No,No,29,Yes,Yes,Fiber optic,No,No,No,Yes,No,No,Two year,Yes,Electronic check,76.66,2191.3,No
5415-QHGUY,Female,0,No,No,13,Yes,Yes,DSL,No,No,Yes,No,No,Yes,One year,Yes,Electronic check,60.1,734.63,Yes
9034-KSLWK,Male,0,Yes,No,15,Yes,No,No,No internet service,No internet service,No internet service,No internet service,No internet service,No internet service,Month-to-month,Yes,Mailed check,23.81,338.62,Yes
2142-XAFYP,Male,0,No,Yes,24,Yes,Yes,DSL,Yes,Yes,No,No,Yes,Yes,Two year,No,Credit card (automatic),78.48,1907.25,No
6622-ZGYAA,Male,1,Yes,No,4,Yes,No,DSL,No,Yes,No,No,No,Yes,Two year,No,Bank transfer (automatic),66.01,265.13,Yes
6720-VEAOU,Male,1,No,Yes,40,Yes,No,DSL,No,Yes,Yes,No,Yes,Yes,One year,No,Electronic check,73.24,2947.19,Yes
4324-BQXEE,Female,1,No,No,17,Yes,Yes,No,No internet service,No internet service,No internet service,No internet service,No internet service,No internet service,One year,Yes,Bank transfer (automatic),22.88,394.06,No
4263-MIJOS,Male,0,Yes,Yes,45,Yes,No,DSL,No,No,No,Yes,Yes,Yes,Month-to-month,Yes,Electronic check,66.46,2998.3,No
3092-YALWB,Male,1,Yes,Yes,43,No,No phone service,Fiber optic,No,No,Yes,Yes,No,No,Month-to-month,No,Credit card (automatic),80.82,3482.75,Yes
7639-UFIPT,Female,0,No,No,21,No,No phone service,DSL,No,No,No,No,No,No,Two year,Yes,Electronic check,39.62,802.14,No
4718-BSXPH,Female,0,Yes,Yes,27,Yes,No,Fiber optic,No,No,Yes,No,No,No,Month-to-month,Yes,Electronic check,71.1,1893.06,Yes
6781-JQJHS,Female,0,Yes,No,34,No,No phone service,DSL,No,Yes,Yes,No,Yes,No,One year,Yes,Electronic check,66.07,2272.61,No
6732-LTAOA,Female,1,Yes,No,18,Yes,No,DSL,Yes,No,Yes,Yes,Yes,Yes,One year,Yes,Electronic check,87.57,1588.13,No
9093-WGQPW,Male,0,No,Yes,3,Yes,Yes,Fiber optic,No,Yes,Yes,No,No,No,One year,Yes,Electronic check,87.43,245.58,Yes
9911-FDUFZ,Female,0,Yes,No,29,Yes,No,Fiber optic,Yes,No,No,No,Yes,Yes,Month-to-month,No,Credit card (automatic),92.47,2674.81,Yes
1944-YYHUY,Male,0,No,Yes,52,Yes,No,Fiber optic,Yes,No,Yes,No,Yes,No,Two year,Yes,Mailed check,90.65,4720.84,No
8512-SVOYA,Male,0,No,No,13,Yes,No,Fiber optic,No,No,No,Yes,No,Yes,Month-to-month,Yes,Mailed check,81.46,1055.07,No
2857-XODEA,Male,0,No,No,46,Yes,No,No,No internet service,No internet service,No internet service,No internet service,No internet service,No internet service,Month-to-month,Yes,Electronic check,20.73,1015.36,No
4320-QOCTQ,Female,0,No,No,8,Yes,No,DSL,Yes,No,No,Yes,Yes,No,Two year,No,Electronic check,71.08,572.65,No
2261-XROLC,Female,0,No,No,20,Yes,Yes,Fiber optic,No,No,Yes,No,No,No,Month-to-month,No,Electronic check,76.01,1523.92,Yes
1003-ZUGHV,Male,0,Yes,No,23,Yes,No,DSL,Yes,Yes,Yes,No,No,Yes,One year,Yes,Mailed check,85.27,1968.4,No
4260-LJKZY,Female,0,Yes,No,25,Yes,No,Fiber optic,No,No,Yes,Yes,No,Yes,Month-to-month,Yes,Mailed check,95.27,2393.16,No
9473-XDZVA,Female,0,Yes,No,11,Yes,No,Fiber optic,No,No,No,No,Yes,No,One year,No,Mailed check,73.36,789.15,Yes
5973-HJYJJ,Male,0,Yes,No,8,Yes,No,Fiber optic,No,No,Yes,No,No,Yes,Month-to-month,No,Credit card (automatic),84.84,669.47,Yes
5091-ETVIJ,Female,0,Yes,No,21,Yes,No,Fiber optic,Yes,No,No,Yes,Yes,No,One year,Yes,Credit card (automatic),84.6,1790.66,Yes
3500-SEACN,Male,0,No,No,37,Yes,No,DSL,No,No,No,No,No,Yes,Month-to-month,Yes,Credit card (automatic),48.39,1811.92,Yes
5997-YBQLP,Female,0,Yes,No,13,Yes,No,No,No internet service,No internet service,No internet service,No internet service,No internet service,No internet service,Two year,No,Electronic check,22.02,294.05,No
4786-ORDZT,Male,0,Yes,Yes,22,Yes,No,DSL,No,Yes,No,No,No,Yes,Month-to-month,Yes,Electronic check,59.15,1255.08,Yes
2020-SHYPX,Male,1,No,No,72,Yes,No,DSL,Yes,No,No,Yes,No,No,Month-to-month,Yes,Mailed check,55.13,3983.53,No
8320-AMRNT,Male,0,Yes,Yes,31,Yes,No,No,No internet service,No internet service,No internet service,No internet service,No internet service,No internet service,Month-to-month,Yes,Bank transfer (automatic),19.86,629.79,No
9762-STPUB,Male,1,No,Yes,21,Yes,Yes,Fiber optic,Yes,No,Yes,No,No,Yes,Month-to-month,No,Electronic check,91.46,1916.33,Yes
3798-FMSZC,Female,1,Yes,No,24,Yes,No,No,No internet service,No internet service,No internet service,No internet service,No internet service,No internet service,Two year,Yes,Bank transfer (automatic),19.18,446.16,No
5776-CLMUU,Male,0,No,Yes,72,Yes,Yes,DSL,Yes,Yes,No,No,Yes,No,Month-to-month,Yes,Electronic check,73.01,5285.81,No
6855-SNQLC,Male,0,Yes,No,38,Yes,No,DSL,Yes,No,No,No,Yes,No,Month-to-month,Yes,Electronic check,56.12,2125.15,No
4151-HCOMU,Female,0,Yes,No,13,Yes,No,Fiber optic,Yes,No,No,No,No,No,Month-to-month,No,Credit card (automatic),76.78,1029.2,Yes
4189-TZPNA,Female,0,No,Yes,41,Yes,No,DSL,No,No,Yes,Yes,Yes,Yes,Month-to-month,No,Bank transfer (automatic),77.69,3162.03,Yes
3459-VDCTQ,Female,0,Yes,Yes,9,Yes,Yes,Fiber optic,Yes,Yes,Yes,No,Yes,No,Month-to-month,Yes,Credit card (automatic),98.59,885.45,Yes
6453-JLXGH,Male,0,Yes,Yes,27,Yes,No,DSL,No,No,Yes,No,Yes,Yes,Month-to-month,Yes,Credit card (automatic),60.67,1685.9,No
5175-VAPJZ,Male,0,Yes,No,59,Yes,Yes,DSL,No,Yes,Yes,No,No,No,Two year,No,Electronic check,57.72,3475.09,No
9214-GSXQJ,Male,0,No,Yes,27,Yes,Yes,Fiber optic,No,Yes,No,No,No,No,Two year,No,Bank transfer (automatic),71.03,1910.43,No
1566-VFSJT,Female,0,Yes,No,9,Yes,No,DSL,No,No,No,No,No,Yes,Month-to-month,No,Bank transfer (automatic),55.79,500.97,No
4536-KNMUA,Female,0,No,No,25,Yes,No,DSL,No,No,No,No,Yes,No,Month-to-month,Yes,Bank transfer (automatic),58.62,1491.13,Yes
3850-HWACM,Female,0,No,No,59,Yes,No,DSL,Yes,No,No,Yes,Yes,Yes,Month-to-month,Yes,Electronic check,76.59,4499.97,No
2276-MSDDL,Female,0,No,Yes,12,Yes,No,DSL,Yes,Yes,No,No,Yes,No,Month-to-month,No,Electronic check,70.73,834.38,Yes
7888-RVNDB,Male,1,No,No,40,Yes,Yes,Fiber optic,No,No,Yes,No,Yes,Yes,Month-to-month,Yes,Mailed check,87.39,3476.57,Yes
5339-VBNQA,Female,0,Yes,No,61,No,No phone service,Fiber optic,No,Yes,Yes,No,No,No,Month-to-month,Yes,Credit card (automatic),79.87,4910.88,No
4803-QNLUP,Male,0,No,No,33,No,No phone service,Fiber optic,No,Yes,Yes,Yes,Yes,Yes,Month-to-month,Yes,Bank transfer (automatic),105.27,3469.89,Yes
5089-HFYAI,Male,1,Yes,No,26,Yes,Yes,Fiber optic,No,No,Yes,No,No,No,Two year,Yes,Mailed check,73.18,1896.99,No
2050-DAUIR,Male,1,Yes,Yes,13,Yes,No,DSL,No,Yes,No,No,No,No,Month-to-month,No,Mailed check,50.82,663.89,No
5406-WCRMZ,Male,0,No,Yes,15,Yes,No,DSL,No,No,No,No,No,Yes,Month-to-month,Yes,Bank transfer (automatic),47.66,705.45,Yes
9438-KEYDU,Female,0,No,No,20,No,No phone service,No,No internet service,No internet service,No internet service,No internet service,No internet service,No internet service,Two year,No,Credit card (automatic),18.25,363.14,No
5245-YTBAU,Male,0,Yes,No,41,Yes,Yes,DSL,Yes,No,No,Yes,Yes,No,Month-to-month,No,Electronic check,65.22,2683.49,Yes
2122-DBTHY,Female,0,No,No,72,Yes,No,No,No internet service,No internet service,No internet service,No internet service,No internet service,No internet service,Two year,Yes,Mailed check,21.09,1470.09,No
4160-SEOYI,Female,0,No,No,13,Yes,No,DSL,No,Yes,No,No,Yes,No,One year,No,Credit card (automatic),63.41,806.5,No
7854-DPWCG,Female,0,Yes,Yes,37,Yes,Yes,Fiber optic,No,Yes,No,No,Yes,No,Month-to-month,Yes,Mailed check,81.02,3008.06,Yes
8556-EUALX,Female,0,No,No,51,Yes,No,Fiber optic,Yes,Yes,Yes,No,No,No,Month-to-month,No,Mailed check,83.0,4223.97,No
1043-DWWAA,Male,0,No,No,25,Yes,Yes,Fiber optic,No,No,No,Yes,No,Yes,One year,No,Bank transfer (automatic),85.68,2145.39,No
6799-JOBKS,Male,0,No,No,25,No,No phone service,Fiber optic,Yes,Yes,Yes,No,Yes,No,One year,Yes,Bank transfer (automatic),97.84,2417.04,No
3781-LYMTB,Male,0,No,No,6,Yes,Yes,No,No internet service,No internet service,No internet service,No internet service,No internet service,No internet service,Month-to-month,Yes,Mailed check,18.25,81.93,No
8956-CBHUA,Male,0,Yes,No,29,Yes,No,Fiber optic,Yes,No,Yes,No,No,No,One year,Yes,Credit card (automatic),87.24,2514.32,No
7114-HUUQT,Female,0,No,No,24,Yes,No,Fiber optic,Yes,Yes,No,Yes,Yes,Yes,Month-to-month,Yes,Electronic check,103.2,2474.68,Yes
6045-PTWLL,Male,0,Yes,Yes,19,Yes,No,No,No internet service,No internet service,No internet service,No internet service,No internet service,No internet service,Month-to-month,No,Electronic check,20.21,379.5,No
8806-PQGJQ,Male,0,No,No,32,Yes,Yes,DSL,Yes,Yes,No,No,No,No,Month-to-month,No,Mailed check,68.51,2175.89,No
4511-KALQG,Male,0,No,Yes,10,Yes,Yes,Fiber optic,Yes,Yes,No,No,Yes,No,Month-to-month,No,Bank transfer (automatic),89.8,918.96,Yes
1560-QDANV,Male,0,No,No,12,Yes,No,No,No internet service,No internet service,No internet service,No internet service,No internet service,No internet service,One year,Yes,Electronic check,18.25,207.14,No
5295-DUDMW,Female,0,Yes,Yes,29,Yes,No,No,No internet service,No internet service,No internet service,No internet service,No internet service,No internet service,Month-to-month,No,Electronic check,21.33,601.19,No
4795-TAPMB,Male,1,No,No,69,Yes,No,DSL,No,No,Yes,No,Yes,Yes,Two year,Yes,Mailed check,68.49,4699.73,No
2645-CPCLF,Female,0,No,No,22,Yes,No,No,No internet service,No internet service,No internet service,No internet service,No internet service,No internet service,Month-to-month,Yes,Mailed check,21.99,490.38,No
8012-GCIES,Female,0,Yes,No,26,Yes,Yes,DSL,Yes,Yes,No,No,No,Yes,Two year,Yes,Credit card (automatic),65.34,1705.55,Yes
1816-DXQEW,Female,0,Yes,No,25,Yes,No,Fiber optic,No,No,No,No,No,No,Two year,No,Bank transfer (automatic),68.75,1751.7,No
4376-ADUZZ,Male,0,Yes,No,10,Yes,No,Fiber optic,No,No,Yes,No,Yes,Yes,Month-to-month,No,Credit card (automatic),87.94,868.21,Yes
4677-DVTNI,Female,0,No,No,20,Yes,Yes,Fiber optic,No,No,Yes,No,Yes,Yes,Two year,Yes,Bank transfer (automatic),82.42,1653.16,Yes
5769-KQKNM,Male,0,Yes,No,28,Yes,No,Fiber optic,No,Yes,No,No,No,No,Month-to-month,Yes,Electronic check,76.67,2186.27,Yes
3222-LIACC,Male,1,No,Yes,28,Yes,No,DSL,Yes,No,No,No,No,No,Month-to-month,No,Credit card (automatic),52.72,1480.17,No
7743-VHTME,Female,0,No,No,34,Yes,No,Fiber optic,Yes,Yes,Yes,No,No,Yes,Month-to-month,Yes,Electronic check,91.35,3099.57,Yes
5128-IQHHX,Female,0,No,No,9,Yes,No,DSL,No,Yes,No,No,No,No,Month-to-month,No,Bank transfer (automatic),54.05,482.57,No
5820-DKBUL,Male,0,No,Yes,14,Yes,No,DSL,No,No,Yes,No,Yes,Yes,Month-to-month,Yes,Electronic check,70.3,1015.67,No
2349-RWNLH,Female,0,Yes,No,4,Yes,Yes,Fiber optic,Yes,No,Yes,No,No,No,One year,Yes,Mailed check,77.98,335.33,Yes
8214-BATSQ,Male,0,Yes,No,62,Yes,Yes,Fiber optic,No,Yes,No,No,No,Yes,Month-to-month,Yes,Mailed check,78.97,4852.51,Yes
4839-FCMWA,Female,0,Yes,No,17,No,No phone service,Fiber optic,Yes,No,Yes,Yes,Yes,Yes,Month-to-month,Yes,Mailed check,99.29,1699.12,No
7301-WRXFH,Female,0,No,Yes,30,Yes,No,Fiber optic,No,No,No,No,No,Yes,Two year,Yes,Mailed check,71.88,2146.72,Yes
3059-EPWIB,Female,0,No,No,24,Yes,No,DSL,Yes,Yes,No,No,No,No,One year,No,Mailed check,54.8,1323.83,No
1727-RNPIQ,Female,1,No,No,1,Yes,Yes,No,No internet service,No internet service,No internet service,No internet service,No internet service,No internet service,One year,No,Credit card (automatic),18.25,18.87,No
4015-ZEXQW,Female,0,No,No,8,Yes,No,Fiber optic,Yes,Yes,Yes,No,Yes,Yes,Month-to-month,No,Credit card (automatic),98.58,796.07,Yes
2168-UMLNS,Female,1,No,Yes,24,Yes,Yes,DSL,No,No,No,No,No,No,Month-to-month,Yes,Mailed check,43.14,1019.29,No
5733-ZHVCE,Female,0,No,No,37,Yes,No,DSL,Yes,No,Yes,No,Yes,No,Month-to-month,No,Credit card (automatic),66.46,2419.34,No
1108-OCBZS,Female,1,No,No,35,No,No phone service,No,No internet service,No internet service,No internet service,No internet service,No internet service,No internet service,One year,Yes,Mailed check,18.25,579.96,No
7829-QRAYP,Male,0,Yes,Yes,7,Yes,No,Fiber optic,No,Yes,No,No,No,Yes,Month-to-month,No,Bank transfer (automatic),80.9,528.15,Yes
9497-NVKTP,Female,0,Yes,Yes,10,Yes,Yes,DSL,Yes,Yes,No,No,Yes,Yes,Two year,Yes,Electronic check,68.02,717.26,No
5976-NEEIO,Male,0,No,No,33,No,No phone service,No,No internet service,No internet service,No internet service,No internet service,No internet service,No internet service,Month-to-month,Yes,Credit card (automatic),19.94,690.76,No
3488-LQXTJ,Female,0,No,No,35,No,No phone service,Fiber optic,No,No,No,No,Yes,No,Month-to-month,No,Electronic check,76.49,2707.44,Yes
4481-NVXHQ,Male,0,No,Yes,6,Yes,No,Fiber optic,No,No,Yes,Yes,No,Yes,Two year,No,Bank transfer (automatic),81.43,442.26,No
6109-EVPBE,Male,0,Yes,No,32,Yes,Yes,DSL,Yes,No,No,Yes,No,Yes,Two year,Yes,Credit card (automatic),64.04,2070.86,No
4220-DZPVT,Female,0,No,Yes,23,Yes,No,Fiber optic,No,Yes,No,No,No,Yes,Month-to-month,Yes,Mailed check,77.46,1797.04,Yes
2010-XKHXL,Male,0,Yes,Yes,20,Yes,Yes,DSL,No,Yes,No,No,Yes,No,Month-to-month,Yes,Electronic check,61.56,1199.85,No
1964-CTMMR,Male,0,Yes,Yes,70,Yes,No,DSL,Yes,Yes,No,No,No,Yes,Month-to-month,No,Mailed check,67.34,4743.43,No
3390-XNZQN,Female,0,No,Yes,22,Yes,No,No,No internet service,No internet service,No internet service,No internet service,No internet service,No internet service,Month-to-month,Yes,Credit card (automatic),18.25,409.71,Yes
9615-MWXXI,Male,1,No,No,16,Yes,Yes,DSL,No,Yes,No,No,Yes,No,One year,Yes,Credit card (automatic),65.26,1091.57,No
2457-FWDNI,Male,0,Yes,Yes,43,Yes,No,DSL,Yes,Yes,Yes,No,Yes,Yes,One year,Yes,Electronic check,79.27,3443.04,No
9292-ICGGX,Male,0,Yes,No,42,Yes,Yes,Fiber optic,No,Yes,No,Yes,No,No,Two year,No,Credit card (automatic),76.23,3170.33,No
3857-XJRJU,Male,0,No,No,60,Yes,No,Fiber optic,Yes,No,No,No,No,No,One year,Yes,Bank transfer (automatic),74.82,4488.54,No
5761-JWMMM,Male,1,Yes,No,40,Yes,No,DSL,Yes,Yes,Yes,No,Yes,No,One year,No,Bank transfer (automatic),73.51,2946.47,No
9568-EVPFU,Male,0,Yes,No,39,Yes,Yes,DSL,No,No,No,No,No,No,Two year,No,Electronic check,50.25,1958.07,No
5654-QYPRT,Male,0,No,No,25,Yes,Yes,DSL,No,No,No,Yes,No,Yes,Month-to-month,Yes,Mailed check,66.03,1687.38,Yes
5997-UEQQX,Male,1,No,No,72,Yes,No,No,No internet service,No internet service,No internet service,No internet service,No internet service,No internet service,Two year,Yes,Electronic check,26.49,1882.2,No
7105-FRAJT,Male,0,Yes,Yes,10,Yes,No,Fiber optic,No,Yes,No,No,No,No,Month-to-month,No,Bank transfer (automatic),68.43,689.24,Yes
6457-TZMSI,Female,1,No,No,35,Yes,No,Fiber optic,Yes,No,No,No,Yes,Yes,One year,Yes,Mailed check,85.69,2973.02,Yes
7725-QVPDT,Female,0,No,Yes,9,Yes,Yes,Fiber optic,Yes,Yes,No,No,Yes,No,One year,Yes,Bank transfer (automatic),83.78,760.74,Yes
5334-SCLPH,Male,0,Yes,Yes,25,No,No phone service,No,No internet service,No internet service,No internet service,No internet service,No internet service,No internet service,Two year,No,Bank transfer (automatic),21.0,525.85,No
2023-PXMPP,Male,0,Yes,No,24,Yes,Yes,DSL,No,No,Yes,No,No,Yes,Month-to-month,Yes,Bank transfer (automatic),57.59,1408.13,No
3486-FOSYL,Female,1,Yes,Yes,25,Yes,Yes,No,No internet service,No internet service,No internet service,No internet service,No internet service,No internet service,Month-to-month,Yes,Electronic check,23.43,636.52,Yes
5992-LWWPM,Female,1,Yes,No,4,Yes,No,DSL,Yes,No,Yes,Yes,Yes,Yes,Month-to-month,No,Electronic check,91.97,342.06,No
8331-BGRDU,Male,0,No,Yes,17,No,No phone service,No,No internet service,No internet service,No internet service,No internet service,No internet service,No internet service,Two year,No,Mailed check,18.25,336.94,No
9644-SKGMP,Male,0,Yes,No,72,Yes,Yes,Fiber optic,No,No,No,No,No,No,Month-to-month,No,Mailed check,67.65,4902.44,Yes
2310-UJINI,Male,0,No,No,27,Yes,Yes,Fiber optic,Yes,Yes,Yes,Yes,Yes,No,Two year,Yes,Electronic check,98.88,2625.64,No
1748-YUMOR,Female,0,Yes,Yes,50,Yes,No,Fiber optic,No,Yes,Yes,Yes,No,No,Month-to-month,Yes,Electronic check,85.07,4264.76,Yes
5497-ELYWC,Female,0,No,No,32,Yes,No,Fiber optic,No,No,Yes,No,Yes,Yes,One year,No,Electronic check,88.61,2875.96,No
9541-DQLMP,Female,0,No,Yes,72,No,No phone service,Fiber optic,Yes,No,No,No,Yes,Yes,Month-to-month,Yes,Mailed check,87.7,6299.81,Yes
6699-DHMBR,Male,0,No,Yes,33,Yes,No,DSL,Yes,Yes,No,No,No,Yes,Month-to-month,No,Credit card (automatic),69.91,2312.99,Yes
4731-MTIZA,Male,0,No,No,27,No,No phone service,Fiber optic,No,No,No,No,Yes,No,Two year,No,Electronic check,72.29,1931.63,No
7955-HPDHW,Male,1,No,No,7,Yes,Yes,DSL,No,No,Yes,No,Yes,No,One year,No,Electronic check,56.5,391.64,No
8199-DTYJA,Male,0,No,No,8,No,No phone service,No,No internet service,No internet service,No internet service,No internet service,No internet service,No internet service,One year,No,Electronic check,19.05,173.91,No
9815-UCBUV,Male,0,No,Yes,15,Yes,No,DSL,Yes,Yes,Yes,No,No,Yes,One year,Yes,Bank transfer (automatic),73.48,1064.14,No
3723-KUGWC,Female,0,No,No,21,Yes,No,Fiber optic,Yes,Yes,No,Yes,Yes,No,Month-to-month,No,Electronic check,92.01,1950.3,No
7884-CRUSO,Male,0,No,No,8,Yes,No,No,No internet service,No internet service,No internet service,No internet service,No internet service,No internet service,Month-to-month,No,Electronic check,21.26,166.84,No
5004-TJJIK,Female,0,Yes,Yes,27,Yes,No,Fiber optic,No,No,No,No,No,Yes,Two year,No,Credit card (automatic),71.06,1921.44,No
1559-MUWUL,Male,0,Yes,No,26,Yes,Yes,Fiber optic,Yes,No,Yes,No,No,No,One year,Yes,Bank transfer (automatic),76.41,1991.74,Yes
5182-NVFPN,Male,0,Yes,No,72,Yes,Yes,Fiber optic,No,Yes,No,No,No,Yes,Two year,Yes,Credit card (automatic),73.13,5291.49,No
9094-JBMBG,Female,0,No,No,72,Yes,Yes,Fiber optic,Yes,Yes,No,No,Yes,No,Two year,No,Bank transfer (automatic),87.07,6315.52,No
7185-SHAGM,Female,1,Yes,No,43,Yes,No,DSL,No,Yes,No,No,No,No,Two year,Yes,Electronic check,60.44,2617.1,No
7054-XUYYM,Male,0,Yes,No,44,Yes,Yes,Fiber optic,No,No,Yes,No,No,No,Two year,Yes,Bank transfer (automatic),76.2,3375.33,No
5800-PJTMN,Female,0,No,No,55,Yes,No,No,No internet service,No internet service,No internet service,No internet service,No internet service,No internet service,Month-to-month,Yes,Electronic check,19.64,1124.49,No
7108-EYGQP,Male,0,Yes,No,33,Yes,Yes,Fiber optic,Yes,No,No,Yes,No,No,One year,Yes,Electronic check,80.68,2652.64,No
1955-HDWCE,Male,0,No,Yes,57,Yes,No,No,No internet service,No internet service,No internet service,No internet service,No internet service,No internet service,Month-to-month,Yes,Mailed check,18.25,1054.82,No
7992-FGVUL,Male,0,Yes,No,7,Yes,No,No,No internet service,No internet service,No internet service,No internet service,No internet service,No internet service,One year,No,Credit card (automatic),18.25,147.04,No
8800-LOKWP,Male,0,No,No,47,Yes,Yes,Fiber optic,Yes,No,Yes,Yes,Yes,Yes,Two year,Yes,Credit card (automatic),100.17,4724.23,No
8815-FKDGT,Female,1,Yes,Yes,9,Yes,Yes,Fiber optic,No,Yes,No,No,Yes,No,Two year,No,Electronic check,78.95,731.3,Yes
9755-IXTKN,Male,0,No,No,10,Yes,Yes,Fiber optic,No,No,No,No,No,No,Month-to-month,Yes,Mailed check,62.94,717.92,Yes
1677-YXWMC,Female,0,No,Yes,55,No,No phone service,DSL,No,No,No,Yes,Yes,Yes,One year,Yes,Bank transfer (automatic),65.65,3565.64,No
8740-ILKPP,Female,0,Yes,No,14,Yes,No,DSL,Yes,No,Yes,No,No,Yes,Month-to-month,Yes,Bank transfer (automatic),73.57,1050.47,Yes
1407-HCKEC,Male,0,Yes,No,11,Yes,No,DSL,No,No,Yes,No,Yes,Yes,One year,No,Electronic check,73.35,792.24,Yes
9003-PPCTF,Male,0,No,No,35,Yes,Yes,Fiber optic,No,No,No,Yes,Yes,No,Month-to-month,Yes,Mailed check,83.32,2931.45,Yes
5668-WCHTG,Male,0,No,No,12,Yes,No,Fiber optic,Yes,No,Yes,No,Yes,No,Month-to-month,Yes,Bank transfer (automatic),83.92,996.53,Yes
1679-MKTPE,Female,0,Yes,Yes,11,Yes,Yes,DSL,No,No,Yes,No,No,No,Month-to-month,Yes,Credit card (automatic),46.17,499.16,No
1190-UCQVK,Female,0,No,No,6,Yes,No,DSL,No,Yes,No,No,No,No,Month-to-month,No,Electronic check,56.41,382.98,No
3957-KKBVI,Female,0,Yes,Yes,17,Yes,No,Fiber optic,No,No,Yes,Yes,No,No,Month-to-month,Yes,Electronic check,85.45,1481.25,No
8031-PUIOB,Male,0,No,No,43,Yes,No,Fiber optic,No,No,Yes,No,Yes,Yes,Two year,Yes,Bank transfer (automatic),88.73,3822.12,No
1507-IBRSL,Male,0,Yes,No,47,Yes,Yes,Fiber optic,No,Yes,No,Yes,No,Yes,Month-to-month,Yes,Mailed check,80.97,3763.62,No
1691-YLBVA,Female,1,No,Yes,20,Yes,Yes,DSL,No,No,Yes,Yes,No,Yes,Two year,Yes,Bank transfer (automatic),58.74,1195.44,No
2060-EPTPO,Male,0,Yes,Yes,72,Yes,No,Fiber optic,Yes,Yes,No,Yes,Yes,No,One year,Yes,Electronic check,102.07,7377.22,No
5575-KXWVD,Female,0,Yes,Yes,36,Yes,No,DSL,Yes,No,No,No,No,Yes,Month-to-month,Yes,Bank transfer (automatic),61.09,2177.93,Yes
5283-UDUWR,Male,1,Yes,No,56,Yes,No,No,No internet service,No internet service,No internet service,No internet service,No internet service,No internet service,Month-to-month,No,Electronic check,22.25,1290.24,No
9470-SWJGQ,Male,0,Yes,Yes,15,Yes,No,No,No internet service,No internet service,No internet service,No internet service,No internet service,No internet service,Month-to-month,No,Electronic check,23.32,345.21,Yes
1249-RAVED,Female,0,No,No,19,Yes,Yes,DSL,No,No,No,Yes,No,Yes,Month-to-month,Yes,Credit card (automatic),56.29,1062.86,No
9985-ZUPIY,Male,0,No,Yes,21,Yes,Yes,DSL,No,Yes,Yes,Yes,No,No,Month-to-month,Yes,Electronic check,71.64,1505.58,No
6965-YKQLS,Female,0,Yes,Yes,19,Yes,No,DSL,No,No,No,No,No,No,Month-to-month,Yes,Mailed check,45.11,908.45,No
6160-CRVCC,Male,0,Yes,No,2,Yes,Yes,DSL,Yes,No,No,No,No,Yes,One year,No,Mailed check,55.11,75.63,Yes
4037-YQCOT,Female,0,No,No,26,Yes,Yes,Fiber optic,No,No,No,Yes,Yes,No,One year,Yes,Mailed check,88.91,2304.45,No
8637-AHDGU,Female,0,No,Yes,33,No,No phone service,DSL,No,Yes,Yes,No,No,Yes,Month-to-month,No,Credit card (automatic),65.69,2191.88,Yes
7714-JFXKR,Female,0,No,Yes,31,Yes,No,DSL,No,No,Yes,No,No,Yes,Two year,No,Mailed check,54.68,1713.76,No
3076-VYIKQ,Female,0,Yes,Yes,72,Yes,No,Fiber optic,No,No,Yes,Yes,Yes,Yes,Two year,No,Bank transfer (automatic),93.87,6732.28,No
9953-HEHTR,Female,1,Yes,No,72,Yes,Yes,No,No internet service,No internet service,No internet service,No internet service,No internet service,No internet service,One year,Yes,Mailed check,20.84,1482.6,No
1722-RLBEN,Female,0,Yes,No,4,Yes,No,DSL,No,No,No,Yes,Yes,No,Two year,Yes,Bank transfer (automatic),61.14,247.41,No
3728-VNVDQ,Male,0,No,No,66,Yes,No,DSL,No,No,No,No,No,Yes,Two year,No,Credit card (automatic),53.16,3527.73,No
8291-TDIDW,Male,0,No,No,72,Yes,No,DSL,No,Yes,No,No,No,Yes,Month-to-month,Yes,Credit card (automatic),54.16,3947.32,No
8977-MLBJE,Female,0,Yes,No,2,Yes,Yes,DSL,No,No,No,Yes,Yes,Yes,Two year,Yes,Credit card (automatic),61.57,129.44,Yes
5788-EZRVB,Male,0,Yes,Yes,42,Yes,No,DSL,Yes,No,No,No,Yes,No,One year,No,Credit card (automatic),65.25,2763.99,No
8131-BRKAD,Male,0,No,Yes,27,Yes,No,No,No internet service,No internet service,No internet service,No internet service,No internet service,No internet service,Month-to-month,No,Bank transfer (automatic),25.17,628.22,No
3051-KUZEV,Female,0,Yes,No,72,Yes,Yes,No,No internet service,No internet service,No internet service,No internet service,No internet service,No internet service,Month-to-month,Yes,Bank transfer (automatic),18.25,1296.54,No
1634-NTJWW,Male,1,No,No,72,No,No phone service,DSL,No,No,No,No,Yes,Yes,Two year,Yes,Bank transfer (automatic),59.32,4269.21,No
2211-JXMKQ,Female,0,Yes,Yes,72,Yes,No,DSL,No,No,Yes,No,No,Yes,Month-to-month,No,Electronic check,61.45,4405.84,No
6936-LRLCH,Female,1,Yes,No,43,Yes,No,DSL,No,No,No,Yes,Yes,No,Two year,No,Credit card (automatic),60.66,2629.21,No
4709-WHIBW,Male,0,Yes,No,37,Yes,Yes,DSL,No,Yes,No,Yes,Yes,Yes,Two year,No,Bank transfer (automatic),72.01,2661.88,No
3517-RXPLL,Female,0,No,No,12,No,No phone service,No,No internet service,No internet service,No internet service,No internet service,No internet service,No internet service,Month-to-month,Yes,Bank transfer (automatic),18.25,157.96,No
4889-ZONAJ,Male,1,Yes,No,16,Yes,No,Fiber optic,Yes,No,No,No,No,No,Month-to-month,No,Bank transfer (automatic),71.04,1112.44,No
1729-XDXQT,Female,1,Yes,No,39,Yes,No,DSL,No,No,Yes,No,Yes,No,Month-to-month,Yes,Bank transfer (automatic),58.57,2279.97,Yes
8045-NADJT,Female,0,No,No,16,Yes,Yes,DSL,No,Yes,Yes,Yes,No,Yes,Two year,Yes,Electronic check,78.34,1217.24,No
3161-CCVEH,Male,0,Yes,No,26,Yes,Yes,DSL,Yes,Yes,Yes,No,Yes,No,Month-to-month,No,Credit card (automatic),87.45,2280.58,No
5151-EPUXW,Male,1,Yes,No,5,No,No phone service,DSL,No,No,No,Yes,No,No,Month-to-month,No,Electronic check,52.85,268.17,Yes
2185-TLAST,Male,0,Yes,No,28,Yes,No,Fiber optic,No,No,No,Yes,No,Yes,Month-to-month,Yes,Bank transfer (automatic),82.94,2363.4,No
8127-THUFK,Male,0,No,No,3,Yes,No,Fiber optic,Yes,Yes,Yes,No,Yes,Yes,Month-to-month,Yes,Mailed check,106.48,325.7,Yes
3484-UOHEW,Male,0,Yes,No,54,Yes,Yes,DSL,Yes,No,Yes,No,Yes,No,Two year,Yes,Electronic check,60.92,3310.37,No
9263-IYJVF,Female,0,No,No,29,Yes,No,DSL,No,No,Yes,Yes,Yes,No,Month-to-month,Yes,Credit card (automatic),67.88,1956.52,No
5691-BZRCF,Male,0,No,Yes,15,Yes,Yes,No,No internet service,No internet service,No internet service,No internet service,No internet service,No internet service,Two year,No,Mailed check,22.76,286.7,No
1149-YYQNL,Female,0,No,No,22,Yes,No,Fiber optic,Yes,No,Yes,No,Yes,No,Month-to-month,No,Credit card (automatic),86.67,1897.85,Yes
6715-WGHHD,Male,0,Yes,No,16,Yes,No,DSL,No,Yes,Yes,Yes,Yes,No,Month-to-month,Yes,Mailed check,69.81,1070.61,Yes
8806-IEULN,Female,0,No,No,12,Yes,No,Fiber optic,No,No,No,Yes,No,Yes,Two year,Yes,Credit card (automatic),82.5,959.89,No
9898-NQBOH,Male,0,No,No,18,Yes,Yes,No,No internet service,No internet service,No internet service,No internet service,No internet service,No internet service,Two year,Yes,Electronic check,20.2,377.2,No
2892-ERAUD,Male,0,No,No,18,Yes,No,DSL,No,No,No,No,Yes,Yes,Two year,Yes,Credit card (automatic),63.17,1150.11,Yes
8182-ANYCL,Female,0,Yes,Yes,21,Yes,No,Fiber optic,No,No,No,No,No,Yes,One year,Yes,Credit card (automatic),73.65,1576.27,Yes
8365-UJKKA,Male,0,No,No,1,No,No phone service,No,No internet service,No internet service,No internet service,No internet service,No internet service,No internet service,One year,No,Credit card (automatic),18.55,20.34,No
1361-HDYOQ,Female,0,No,Yes,57,No,No phone service,Fiber optic,No,No,No,No,No,Yes,Two year,No,Bank transfer (automatic),72.45,4132.45,No
3523-XBFTL,Male,1,No,Yes,58,Yes,Yes,No,No internet service,No internet service,No internet service,No internet service,No internet service,No internet service,Month-to-month,No,Credit card (automatic),18.25,1073.27,No
5935-XDGEM,Female,0,Yes,Yes,25,Yes,Yes,Fiber optic,Yes,No,No,Yes,Yes,No,Month-to-month,No,Electronic check,87.23,2135.14,No
2725-VBRPP,Female,0,No,No,72,Yes,No,DSL,No,Yes,Yes,Yes,Yes,No,One year,Yes,Bank transfer (automatic),75.34,5467.51,No
2222-AXHAO,Female,0,No,Yes,19,Yes,Yes,Fiber optic,No,No,No,No,No,Yes,Two year,No,Bank transfer (automatic),72.95,1347.44,No
1113-HDYDA,Male,0,No,No,27,Yes,No,DSL,No,No,Yes,Yes,No,Yes,Month-to-month,Yes,Electronic check,78.08,2078.6,Yes
3579-CLDXM,Male,0,No,No,37,Yes,No,DSL,Yes,Yes,No,Yes,Yes,No,Two year,Yes,Bank transfer (automatic),74.59,2763.38,No
3419-ZRVES,Male,0,No,No,27,Yes,No,Fiber optic,No,No,No,No,Yes,Yes,Two year,Yes,Mailed check,81.52,2183.04,No
9574-KRQTE,Male,0,Yes,No,15,Yes,No,Fiber optic,Yes,Yes,Yes,Yes,No,Yes,One year,No,Electronic check,104.55,1553.97,Yes
8032-LGUTH,Male,0,Yes,No,26,No,No phone service,DSL,No,No,Yes,No,No,Yes,Month-to-month,No,Electronic check,56.28,1489.43,Yes
2467-OMQFB,Female,0,Yes,Yes,7,Yes,No,No,No internet service,No internet service,No internet service,No internet service,No internet service,No internet service,Two year,Yes,Electronic check,18.83,124.86,No
6320-LBTXM,Female,0,No,No,12,No,No phone service,DSL,Yes,Yes,Yes,No,Yes,No,Two year,No,Credit card (automatic),67.35,784.17,Yes
4208-SZPKO,Female,0,Yes,No,50,Yes,Yes,DSL,No,No,No,No,Yes,No,Month-to-month,No,Electronic check,54.47,2719.22,No
4555-QXSZS,Male,0,No,No,72,Yes,Yes,Fiber optic,No,No,No,Yes,No,No,Month-to-month,Yes,Mailed check,73.12,5264.39,Yes
9266-SKGIA,Male,0,No,Yes,14,Yes,Yes,Fiber optic,Yes,No,No,No,No,Yes,Two year,Yes,Electronic check,83.06,1172.73,No
2113-JKEIP,Male,0,No,No,22,Yes,No,Fiber optic,No,No,No,No,No,No,Month-to-month,Yes,Mailed check,64.63,1427.58,Yes
1150-DMQHC,Male,0,No,No,21,Yes,Yes,Fiber optic,No,No,No,Yes,Yes,Yes,Two year,No,Bank transfer (automatic),97.58,2062.76,No
7912-OHCPN,Male,0,No,No,30,Yes,No,No,No internet service,No internet service,No internet service,No internet service,No internet service,No internet service,Month-to-month,Yes,Bank transfer (automatic),21.55,635.65,No
3755-YFWMG,Male,0,Yes,Yes,54,No,No phone service,DSL,Yes,No,Yes,Yes,Yes,No,One year,Yes,Mailed check,71.98,3898.65,No
7862-PULJE,Female,0,No,No,28,Yes,No,Fiber optic,No,No,No,Yes,No,No,Month-to-month,No,Electronic check,68.73,1960.85,No
7742-USIZO,Female,0,No,Yes,7,Yes,No,Fiber optic,Yes,No,No,No,Yes,Yes,Month-to-month,No,Mailed check,89.18,615.52,Yes
7980-NZUQL,Male,0,No,No,15,Yes,No,No,No internet service,No internet service,No internet service,No internet service,No internet service,No internet service,Month-to-month,No,Electronic check,20.89,319.24,Yes
9854-KEXYM,Male,0,Yes,Yes,34,Yes,Yes,Fiber optic,Yes,Yes,No,No,Yes,Yes,One year,No,Mailed check,99.2,3405.4,No
5012-LZQSV,Male,0,Yes,No,19,Yes,Yes,DSL,No,No,No,No,Yes,No,One year,Yes,Electronic check,44.25,827.3,Yes
5798-LQTCD,Male,0,No,No,19,Yes,No,Fiber optic,No,No,No,Yes,No,No,Month-to-month,No,Mailed check,70.35,1289.21,No
6595-NGYRN,Female,0,No,No,20,Yes,No,Fiber optic,Yes,Yes,No,No,No,No,Two year,Yes,Electronic check,78.64,1586.55,No
2695-QGDHO,Male,1,No,No,24,Yes,Yes,Fiber optic,Yes,No,Yes,No,No,No,Month-to-month,Yes,Electronic check,79.53,1927.02,Yes
9164-HSNHG,Female,1,Yes,No,11,Yes,No,DSL,Yes,No,No,Yes,Yes,No,Month-to-month,Yes,Bank transfer (automatic),67.22,734.64,Yes
4675-ZFVIG,Male,0,No,Yes,49,Yes,No,No,No internet service,No internet service,No internet service,No internet service,No internet service,No internet service,Month-to-month,No,Electronic check,20.83,1008.35,No
5795-SVMBD,Male,0,No,No,7,Yes,Yes,No,No internet service,No internet service,No internet service,No internet service,No internet service,No internet service,Two year,Yes,Mailed check,18.52,149.82,No
8213-NKWHI,Female,0,No,No,33,Yes,Yes,No,No internet service,No internet service,No internet service,No internet service,No internet service,No internet service,Month-to-month,No,Credit card (automatic),22.05,735.29,No
1036-WRADD,Male,0,No,No,16,Yes,No,No,No internet service,No internet service,No internet service,No internet service,No internet service,No internet service,Month-to-month,Yes,Electronic check,20.29,330.85,No
2407-TPFUK,Female,1,Yes,Yes,27,Yes,No,DSL,Yes,No,No,Yes,No,Yes,Month-to-month,No,Bank transfer (automatic),71.72,1886.47,Yes
9187-AHRQE,Male,0,Yes,No,64,No,No phone service,No,No internet service,No internet service,No internet service,No internet service,No internet service,No internet service,Two year,Yes,Bank transfer (automatic),18.25,1158.86,No
7259-LVETL,Female,0,No,No,63,Yes,No,Fiber optic,No,No,No,No,Yes,No,One year,No,Credit card (automatic),71.76,4520.95,No
2018-DLSTO,Male,0,Yes,No,53,Yes,Yes,Fiber optic,No,No,Yes,Yes,No,No,One year,No,Credit card (automatic),89.97,4740.34,No
6745-ZWDEF,Male,0,No,No,72,Yes,Yes,Fiber optic,No,Yes,Yes,Yes,Yes,No,Two year,Yes,Credit card (automatic),103.55,7473.97,No
5705-SWGRU,Female,1,Yes,No,72,Yes,Yes,DSL,No,No,Yes,No,Yes,Yes,Month-to-month,Yes,Credit card (automatic),70.57,5091.58,Yes
5757-QKKZN,Male,0,No,Yes,49,Yes,Yes,Fiber optic,Yes,No,No,No,Yes,Yes,Month-to-month,No,Bank transfer (automatic),89.73,4413.99,Yes
8942-CBQSL,Male,0,Yes,No,37,Yes,No,DSL,No,Yes,No,No,Yes,Yes,Month-to-month,No,Mailed check,72.61,2672.67,No
2617-BVPBA,Female,0,No,Yes,11,Yes,Yes,No,No internet service,No internet service,No internet service,No internet service,No internet service,No internet service,Month-to-month,Yes,Bank transfer (automatic),24.44,263.08,No
8375-JZYCB,Female,0,No,No,42,Yes,Yes,Fiber optic,Yes,No,Yes,Yes,Yes,Yes,One year,Yes,Electronic check,94.98,3965.17,No
4477-MQTSH,Female,0,Yes,Yes,28,Yes,Yes,Fiber optic,No,Yes,No,No,Yes,Yes,Month-to-month,Yes,Bank transfer (automatic),86.17,2393.08,Yes
7204-YWMUP,Female,0,No,No,72,Yes,Yes,DSL,Yes,No,No,Yes,No,No,Month-to-month,No,Bank transfer (automatic),58.11,4196.87,No
6307-APPDI,Female,0,No,Yes,46,Yes,No,DSL,No,No,No,No,No,Yes,Month-to-month,Yes,Electronic check,50.95,2290.99,No
3273-EDTRN,Female,1,No,Yes,9,Yes,No,DSL,No,Yes,No,No,Yes,Yes,Month-to-month,No,Electronic check,64.51,573.71,Yes
7486-GVITB,Female,0,No,No,32,Yes,No,DSL,No,No,No,No,No,No,Two year,Yes,Electronic check,46.66,1509.49,No
8697-QSUOD,Male,0,No,Yes,50,Yes,Yes,Fiber optic,Yes,No,Yes,Yes,Yes,No,Two year,Yes,Electronic check,93.95,4707.61,No
1508-WZVNJ,Male,0,No,Yes,27,Yes,Yes,Fiber optic,No,No,No,No,No,Yes,Month-to-month,No,Mailed check,74.93,2080.21,Yes
7030-LBCUY,Female,0,No,No,72,Yes,No,No,No internet service,No internet service,No internet service,No internet service,No internet service,No internet service,Month-to-month,No,Credit card (automatic),22.37,1622.87,No
1122-QSVUQ,Female,0,No,No,45,Yes,Yes,Fiber optic,Yes,No,Yes,No,Yes,Yes,One year,Yes,Electronic check,94.34,4193.5,No
9585-MKXTF,Male,0,No,Yes,11,Yes,No,Fiber optic,Yes,No,No,Yes,Yes,Yes,Two year,Yes,Electronic check,109.3,1249.73,No
2672-NFVLF,Male,0,Yes,No,11,Yes,No,DSL,No,Yes,No,No,No,No,One year,No,Credit card (automatic),54.58,591.58,No
2579-XWLUQ,Male,0,No,Yes,13,Yes,Yes,No,No internet service,No internet service,No internet service,No internet service,No internet service,No internet service,One year,No,Mailed check,22.26,258.83,No
4135-GYIYC,Female,1,No,No,17,Yes,Yes,DSL,No,No,No,No,Yes,No,Month-to-month,Yes,Electronic check,51.2,894.37,No
1555-TPFFD,Female,0,Yes,No,26,Yes,No,Fiber optic,No,No,Yes,Yes,Yes,No,One year,Yes,Bank transfer (automatic),90.55,2382.37,Yes
2453-TQCQL,Male,0,Yes,No,34,Yes,No,Fiber optic,Yes,Yes,No,No,No,Yes,One year,No,Credit card (automatic),92.09,3179.51,No
3544-AWVBM,Female,0,No,No,64,Yes,Yes,DSL,No,No,No,Yes,Yes,No,Month-to-month,No,Credit card (automatic),60.13,3871.45,No
4419-COKZT,Female,0,No,No,49,Yes,Yes,Fiber optic,No,No,No,No,No,Yes,Month-to-month,Yes,Electronic check,72.04,3527.19,Yes
2627-BZOKN,Female,1,Yes,No,20,Yes,No,No,No internet service,No internet service,No internet service,No internet service,No internet service,No internet service,One year,No,Bank transfer (automatic),20.61,404.79,No
4819-VFPVJ,Male,0,No,No,20,Yes,Yes,Fiber optic,Yes,No,No,No,No,No,Month-to-month,Yes,Mailed check,74.44,1483.02,Yes
5398-NMTCC,Female,0,No,No,47,No,No phone service,Fiber optic,No,No,No,Yes,Yes,No,Month-to-month,No,Bank transfer (automatic),79.88,3780.49,No
2511-NBLQF,Female,1,Yes,No,17,Yes,No,Fiber optic,Yes,Yes,Yes,Yes,Yes,No,Month-to-month,Yes,Electronic check,93.63,1586.35,Yes
1388-EYLQB,Female,0,No,No,39,No,No phone service,DSL,No,No,No,No,No,No,Month-to-month,Yes,Credit card (automatic),45.96,1826.35,Yes
3493-BOHOF,Male,0,Yes,No,6,Yes,Yes,DSL,No,No,Yes,Yes,No,No,Month-to-month,Yes,Credit card (automatic),55.55,361.63,No
1833-HSRRA,Female,0,No,Yes,35,Yes,No,No,No internet service,No internet service,No internet service,No internet service,No internet service,No internet service,One year,Yes,Bank transfer (automatic),18.25,642.86,No
8133-TWISZ,Female,0,Yes,Yes,32,Yes,Yes,Fiber optic,Yes,No,Yes,No,No,No,Two year,Yes,Electronic check,80.42,2556.25,No
6334-RDQGC,Male,0,No,No,17,Yes,No,DSL,No,No,Yes,No,Yes,Yes,Month-to-month,Yes,Credit card (automatic),69.8,1162.85,No
2080-VSLMY,Male,0,Yes,Yes,8,Yes,No,Fiber optic,No,No,Yes,No,No,No,One year,Yes,Bank transfer (automatic),69.64,589.07,Yes
5339-BHNSL,Female,0,No,Yes,7,No,No phone service,Fiber optic,No,No,Yes,No,Yes,Yes,Month-to-month,Yes,Electronic check,82.51,587.09,Yes
6615-KDEKW,Female,1,No,No,30,Yes,Yes,DSL,No,No,Yes,Yes,Yes,Yes,One year,No,Bank transfer (automatic),72.21,2168.83,No
5396-LARZW,Male,0,Yes,No,34,Yes,Yes,DSL,No,No,No,Yes,Yes,No,Month-to-month,No,Mailed check,59.5,2002.46,No
4768-PCQLW,Male,0,No,Yes,3,Yes,No,Fiber optic,Yes,No,No,Yes,No,No,Month-to-month,No,Bank transfer (automatic),83.87,247.75,Yes
5815-YIQXG,Male,0,No,No,3,Yes,No,No,No internet service,No internet service,No internet service,No internet service,No internet service,No internet service,Two year,No,Bank transfer (automatic),23.26,71.53,No
2637-ENJFP,Female,1,No,Yes,9,Yes,No,DSL,No,No,Yes,No,No,Yes,Two year,Yes,Electronic check,58.86,544.32,No
1892-CJAHK,Female,0,No,No,11,Yes,No,Fiber optic,No,No,No,No,No,No,Two year,Yes,Mailed check,66.33,743.61,No
5840-YJKKZ,Male,0,No,No,14,Yes,No,Fiber optic,Yes,Yes,No,No,No,No,Month-to-month,No,Mailed check,75.39,1082.37,Yes
1167-OYDPP,Male,1,No,No,30,Yes,No,DSL,Yes,Yes,No,No,Yes,No,Month-to-month,Yes,Mailed check,72.25,2194.3,Yes
9009-DPNHE,Male,0,No,No,53,Yes,No,No,No internet service,No internet service,No internet service,No internet service,No internet service,No internet service,Month-to-month,Yes,Mailed check,22.34,1202.19,No
8156-YGIUZ,Male,0,Yes,No,54,Yes,No,Fiber optic,No,No,Yes,No,No,No,Two year,No,Electronic check,71.34,3815.08,No
7206-ULVPW,Female,1,Yes,No,42,Yes,Yes,Fiber optic,Yes,Yes,No,No,Yes,Yes,Month-to-month,No,Credit card (automatic),89.86,3769.54,No
4942-PNMKF,Male,0,Yes,No,52,Yes,No,DSL,No,No,No,Yes,Yes,Yes,Month-to-month,Yes,Mailed check,77.41,4048.24,No
2432-KYZOT,Male,0,Yes,No,11,Yes,No,DSL,Yes,No,Yes,Yes,No,No,Month-to-month,Yes,Bank transfer (automatic),61.82,694.71,Yes
1100-ULHQI,Male,0,No,No,41,Yes,Yes,No,No internet service,No internet service,No internet service,No internet service,No internet service,No internet service,One year,No,Bank transfer (automatic),18.25,780.62,No
1744-UBHKU,Male,0,Yes,No,45,Yes,No,DSL,Yes,Yes,Yes,No,Yes,Yes,One year,Yes,Credit card (automatic),83.03,3689.36,No
5307-GVUNY,Female,1,No,No,5,Yes,Yes,Fiber optic,No,No,No,Yes,No,No,One year,No,Credit card (automatic),73.53,351.87,No
3249-ALWJY,Female,0,Yes,Yes,65,Yes,Yes,Fiber optic,No,No,No,Yes,Yes,No,Two year,No,Bank transfer (automatic),82.28,5341.77,No
3333-DKEBC,Female,0,Yes,No,47,Yes,Yes,DSL,No,No,No,No,No,Yes,Month-to-month,Yes,Bank transfer (automatic),53.33,2511.79,No
9222-CZKGS,Male,0,No,No,15,Yes,No,Fiber optic,Yes,No,Yes,No,Yes,Yes,Month-to-month,Yes,Mailed check,90.31,1363.66,Yes
2233-PQBSU,Female,0,Yes,No,4,Yes,Yes,Fiber optic,Yes,No,Yes,No,Yes,Yes,One year,Yes,Mailed check,94.46,391.95,No
7353-PQLGP,Male,0,No,No,30,Yes,Yes,No,No internet service,No internet service,No internet service,No internet service,No internet service,No internet service,One year,No,Mailed check,22.6,707.23,No
4396-HTJOG,Female,0,No,No,20,Yes,Yes,DSL,No,No,No,Yes,No,Yes,Month-to-month,No,Electronic check,54.14,1067.33,No
2718-VNKEF,Female,0,No,No,7,Yes,No,DSL,Yes,No,No,No,No,Yes,One year,Yes,Mailed check,60.28,414.23,No
1837-MWBTT,Male,0,No,No,26,No,No phone service,DSL,Yes,No,No,No,Yes,Yes,Month-to-month,Yes,Bank transfer (automatic),72.79,1872.47,No
5648-HULHB,Female,0,No,No,17,No,No phone service,DSL,Yes,No,No,Yes,Yes,No,Month-to-month,Yes,Mailed check,66.16,1104.07,No
2707-FUMKQ,Male,0,Yes,No,47,Yes,No,No,No internet service,No internet service,No internet service,No internet service,No internet service,No internet service,Month-to-month,No,Mailed check,19.62,958.31,No
7059-KQNBW,Female,0,No,Yes,3,Yes,No,Fiber optic,No,No,No,No,No,No,Month-to-month,Yes,Credit card (automatic),66.8,186.23,Yes
2238-XZUMB,Male,0,Yes,No,50,Yes,No,DSL,No,No,No,Yes,No,Yes,One year,Yes,Bank transfer (automatic),56.89,2826.9,No
7030-HHEUQ,Male,0,Yes,Yes,24,Yes,No,DSL,Yes,No,Yes,No,No,Yes,Month-to-month,Yes,Mailed check,75.37,1807.11,Yes
4271-SGRFU,Male,0,No,No,41,No,No phone service,Fiber optic,No,Yes,Yes,No,Yes,No,Two year,Yes,Electronic check,85.0,3464.85,No
7356-GMDQL,Male,0,No,No,69,Yes,Yes,DSL,No,No,No,No,Yes,No,One year,No,Credit card (automatic),53.39,3685.18,No
4687-HVXAU,Male,0,No,Yes,35,Yes,No,DSL,No,Yes,Yes,No,No,No,Month-to-month,No,Electronic check,61.21,2127.18,No
7086-RAAGW,Male,0,No,Yes,50,Yes,Yes,Fiber optic,No,No,Yes,Yes,Yes,No,Two year,No,Bank transfer (automatic),83.31,4183.46,No
7213-VXOQX,Female,1,No,No,6,Yes,No,Fiber optic,No,No,Yes,No,No,No,Month-to-month,Yes,Electronic check,67.51,376.7,Yes
7442-TYNLA,Male,0,No,Yes,7,Yes,No,DSL,No,Yes,No,No,Yes,No,Month-to-month,Yes,Bank transfer (automatic),64.04,427.1,Yes
8940-HTOCE,Male,0,Yes,No,19,No,No phone service,Fiber optic,No,Yes,Yes,Yes,No,Yes,Two year,Yes,Bank transfer (automatic),95.42,1812.6,No
4396-DPJWE,Female,1,Yes,Yes,14,Yes,No,Fiber optic,No,Yes,Yes,Yes,No,No,Month-to-month,No,Bank transfer (automatic),88.73,1241.04,Yes
5134-XAJET,Female,0,No,No,37,Yes,No,Fiber optic,No,No,Yes,Yes,No,Yes,Month-to-month,No,Electronic check,90.28,3357.06,Yes
5400-LOOUV,Male,0,No,Yes,37,Yes,No,DSL,Yes,No,No,Yes,No,Yes,One year,No,Credit card (automatic),63.57,2394.32,No
1827-RWCXV,Male,0,Yes,Yes,58,Yes,Yes,No,No internet service,No internet service,No internet service,No internet service,No internet service,No internet service,Month-to-month,Yes,Mailed check,21.87,1249.94,No
4452-MZRIT,Female,0,Yes,Yes,24,No,No phone service,Fiber optic,No,Yes,No,No,Yes,No,One year,Yes,Electronic check,78.73,1889.88,No
9993-TFMVP,Female,0,Yes,No,6,Yes,No,Fiber optic,Yes,Yes,No,No,Yes,No,One year,Yes,Electronic check,95.6,585.91,Yes
6871-XFRLZ,Male,0,No,No,59,Yes,No,Fiber optic,Yes,No,No,No,Yes,Yes,Month-to-month,Yes,Mailed check,81.39,4805.17,Yes
6862-YLAWL,Female,0,Yes,No,57,Yes,Yes,Fiber optic,Yes,No,No,No,No,No,Two year,Yes,Bank transfer (automatic),73.99,4200.82,No
7751-BUFOP,Male,0,Yes,No,20,Yes,Yes,No,No internet service,No internet service,No internet service,No internet service,No internet service,No internet service,Month-to-month,No,Electronic check,20.01,382.37,Yes
6697-WTGSL,Male,0,Yes,Yes,58,Yes,No,Fiber optic,Yes,No,Yes,No,Yes,No,Month-to-month,No,Mailed check,89.55,5150.36,No
1171-OICKA,Female,1,Yes,Yes,5,Yes,Yes,DSL,No,No,No,Yes,No,No,Month-to-month,Yes,Credit card (automatic),51.31,247.44,No
8167-UKRRF,Female,0,No,No,21,Yes,No,DSL,Yes,No,No,No,Yes,No,Month-to-month,Yes,Bank transfer (automatic),64.07,1326.08,No
7948-AJMHU,Female,0,No,Yes,9,Yes,Yes,Fiber optic,No,No,Yes,No,Yes,No,Month-to-month,Yes,Electronic check,86.61,776.79,Yes
2198-OSHIR,Male,0,Yes,Yes,49,Yes,No,DSL,No,Yes,No,No,No,Yes,Month-to-month,Yes,Mailed check,63.17,3056.14,No
4003-XSHLG,Male,0,No,No,15,Yes,No,Fiber optic,No,No,Yes,Yes,No,Yes,One year,Yes,Electronic check,80.97,1248.54,Yes
5646-BEXAC,Male,1,No,Yes,53,Yes,Yes,Fiber optic,No,No,No,No,Yes,No,Two year,Yes,Electronic check,70.14,3722.19,No
3477-IASIW,Male,0,No,No,8,Yes,Yes,DSL,No,No,No,No,Yes,Yes,Month-to-month,Yes,Bank transfer (automatic),64.07,505.87,Yes
6477-MRVUN,Male,0,Yes,No,72,Yes,Yes,No,No internet service,No internet service,No internet service,No internet service,No internet service,No internet service,One year,Yes,Electronic check,18.79,1342.92,No
8414-YNVUF,Male,0,Yes,No,19,Yes,Yes,No,No internet service,No internet service,No internet service,No internet service,No internet service,No internet service,One year,No,Bank transfer (automatic),18.25,325.88,No
7149-GLEID,Female,0,No,No,18,Yes,Yes,Fiber optic,No,No,No,Yes,No,No,One year,No,Credit card (automatic),72.7,1305.55,Yes
6746-XKBLR,Female,0,No,No,46,Yes,No,Fiber optic,Yes,Yes,No,Yes,No,Yes,Two year,Yes,Electronic check,90.72,4166.51,No
4125-TBCVD,Male,0,Yes,No,34,Yes,No,DSL,No,No,Yes,Yes,Yes,Yes,One year,Yes,Electronic check,72.31,2456.58,No
9325-OUQMA,Male,0,No,Yes,19,Yes,Yes,No,No internet service,No internet service,No internet service,No internet service,No internet service,No internet service,Two year,No,Electronic check,19.9,394.74,No
4251-NLCPY,Female,0,Yes,No,17,Yes,No,DSL,Yes,Yes,Yes,Yes,No,Yes,Two year,Yes,Bank transfer (automatic),80.61,1384.83,No
8503-CEVPV,Male,0,Yes,Yes,72,Yes,No,Fiber optic,No,Yes,No,Yes,No,Yes,One year,Yes,Electronic check,95.22,6850.91,No
7160-WXWDQ,Female,1,Yes,No,23,No,No phone service,Fiber optic,Yes,No,Yes,No,Yes,No,Month-to-month,Yes,Bank transfer (automatic),93.25,2154.4,Yes
8440-LTXDU,Male,0,No,No,24,Yes,No,Fiber optic,No,No,Yes,No,Yes,Yes,Two year,No,Bank transfer (automatic),80.96,1985.3,No
4541-QGKCY,Female,0,Yes,No,8,Yes,No,DSL,Yes,No,Yes,No,No,No,Month-to-month,No,Mailed check,56.0,458.12,No
4294-EUXNN,Female,1,Yes,Yes,66,Yes,No,Fiber optic,No,No,No,Yes,Yes,No,Month-to-month,No,Electronic check,79.53,5259.27,Yes
7622-NDFMI,Female,0,Yes,Yes,11,Yes,No,DSL,No,Yes,No,Yes,No,No,Month-to-month,No,Electronic check,60.7,687.29,Yes
9686-KLWSO,Female,0,Yes,Yes,10,Yes,No,DSL,No,No,No,No,No,Yes,Two year,No,Bank transfer (automatic),56.56,569.25,No
4368-OAOOA,Female,1,Yes,No,51,No,No phone service,No,No internet service,No internet service,No internet service,No internet service,No internet service,No internet service,Two year,Yes,Electronic check,18.93,983.54,No
6483-XNWYT,Male,1,No,No,0,Yes,Yes,Fiber optic,No,Yes,No,Yes,No,Yes,Month-to-month,Yes,Bank transfer (automatic),88.96, ,Yes
2676-SMORL,Female,0,No,No,29,Yes,No,Fiber optic,No,No,No,No,Yes,Yes,Month-to-month,Yes,Electronic check,84.19,2438.25,Yes
1761-KDCTM,Female,0,Yes,Yes,17,No,No phone service,DSL,No,Yes,Yes,No,Yes,No,Month-to-month,Yes,Electronic check,62.8,1077.15,Yes
3457-UKMQO,Female,1,Yes,No,21,Yes,No,DSL,No,Yes,No,Yes,Yes,No,Two year,Yes,Credit card (automatic),63.46,1373.44,No
4218-HPEBU,Male,0,No,No,12,Yes,Yes,DSL,No,Yes,No,Yes,No,No,Month-to-month,No,Credit card (automatic),60.08,724.65,No
6203-MCAWT,Male,0,Yes,Yes,15,No,No phone service,Fiber optic,No,Yes,Yes,No,Yes,Yes,Month-to-month,No,Electronic check,98.05,1467.14,No
3661-HAODT,Female,0,Yes,No,3,Yes,No,DSL,No,No,No,Yes,No,No,One year,Yes,Mailed check,52.93,193.32,No
1209-ALAQB,Female,0,No,No,46,No,No phone service,No,No internet service,No internet service,No internet service,No internet service,No internet service,No internet service,Month-to-month,Yes,Bank transfer (automatic),18.94,867.76,No
7746-QPSMH,Male,0,No,No,20,Yes,Yes,DSL,Yes,Yes,Yes,No,Yes,No,Month-to-month,No,Bank transfer (automatic),82.82,1630.4,Yes
9628-VNZND,Male,1,Yes,No,53,Yes,Yes,DSL,No,Yes,No,Yes,No,No,One year,Yes,Credit card (automatic),68.4,3614.27,No
9993-VMQIT,Male,0,Yes,No,72,Yes,Yes,No,No internet service,No internet service,No internet service,No internet service,No internet service,No internet service,Month-to-month,Yes,Mailed check,18.25,1296.55,No
4495-QQVKL,Male,0,Yes,No,9,Yes,No,No,No internet service,No internet service,No internet service,No internet service,No internet service,No internet service,Month-to-month,No,Bank transfer (automatic),19.93,163.86,No
3738-MGCPD,Male,0,Yes,No,40,Yes,Yes,No,No internet service,No internet service,No internet service,No internet service,No internet service,No internet service,Month-to-month,Yes,Bank transfer (automatic),19.25,795.01,No
1050-FEAEB,Male,0,No,No,10,Yes,Yes,DSL,Yes,Yes,No,Yes,Yes,Yes,Month-to-month,No,Mailed check,84.0,809.88,No
2181-UQQOF,Male,0,No,No,13,Yes,Yes,DSL,No,No,Yes,Yes,Yes,Yes,Two year,Yes,Credit card (automatic),73.71,965.59,No
1787-UXNKY,Female,0,Yes,No,23,Yes,No,Fiber optic,No,Yes,Yes,No,Yes,No,Two year,Yes,Electronic check,85.22,1945.26,No
1178-VCODV,Male,0,Yes,No,72,Yes,Yes,No,No internet service,No internet service,No internet service,No internet service,No internet service,No internet service,Month-to-month,Yes,Bank transfer (automatic),18.25,1308.12,No
4869-KWSPD,Male,0,Yes,No,18,Yes,Yes,Fiber optic,No,Yes,No,No,No,Yes,Two year,No,Electronic check,81.12,1445.92,No
9753-SDIJQ,Male,0,Yes,No,22,Yes,No,No,No internet service,No internet service,No internet service,No internet service,No internet service,No internet service,Two year,No,Electronic check,20.38,419.54,No
4865-PVZAI,Male,0,No,No,29,Yes,No,Fiber optic,Yes,Yes,No,No,No,Yes,Two year,Yes,Credit card (automatic),89.28,2596.49,No
9831-DARKJ,Female,1,Yes,No,22,No,No phone service,Fiber optic,Yes,No,No,No,Yes,No,Two year,Yes,Bank transfer (automatic),74.99,1663.26,Yes
8259-GIEJL,Female,0,No,No,9,Yes,No,Fiber optic,No,No,Yes,No,No,No,Two year,Yes,Bank transfer (automatic),73.31,651.33,Yes
9041-ZGNML,Male,0,No,No,57,No,No phone service,DSL,Yes,Yes,No,No,No,Yes,Month-to-month,No,Mailed check,69.37,3953.46,No
3822-VDUCS,Male,0,No,No,17,Yes,No,DSL,Yes,No,Yes,No,Yes,Yes,Month-to-month,No,Credit card (automatic),81.77,1405.54,No
6844-MBVQV,Male,0,No,No,6,Yes,Yes,DSL,Yes,No,Yes,Yes,No,No,Month-to-month,Yes,Electronic check,63.71,368.42,Yes
6607-JIVKZ,Male,0,No,No,31,Yes,No,DSL,Yes,No,Yes,No,Yes,Yes,One year,No,Electronic check,67.3,2060.53,No
6421-TJPRB,Male,0,No,Yes,59,No,No phone service,DSL,Yes,No,Yes,No,No,Yes,Month-to-month,Yes,Mailed check,69.94,4191.86,No
1041-QQSGI,Male,0,Yes,Yes,11,Yes,No,Fiber optic,No,Yes,No,No,Yes,Yes,Month-to-month,No,Electronic check,81.15,875.92,No
2012-JCGMM,Male,0,Yes,Yes,20,Yes,Yes,No,No internet service,No internet service,No internet service,No internet service,No internet service,No internet service,Month-to-month,No,Credit card (automatic),18.95,413.85,No
5213-QVDQM,Female,0,Yes,Yes,24,Yes,Yes,DSL,No,No,No,Yes,No,Yes,Month-to-month,No,Credit card (automatic),58.79,1457.82,Yes
4608-RIMDX,Male,0,No,No,15,Yes,Yes,Fiber optic,Yes,Yes,Yes,No,Yes,Yes,Month-to-month,Yes,Bank transfer (automatic),111.81,1735.62,Yes
6104-SOXVF,Male,0,No,Yes,24,Yes,No,Fiber optic,No,Yes,No,No,No,Yes,Two year,Yes,Bank transfer (automatic),74.8,1791.32,No
1212-CBKVZ,Male,0,Yes,No,72,Yes,Yes,DSL,No,No,Yes,No,No,Yes,Two year,Yes,Electronic check,59.21,4268.03,No
1780-PEMJT,Male,0,No,No,25,Yes,No,Fiber optic,Yes,No,Yes,Yes,Yes,No,Two year,No,Mailed check,93.92,2337.9,Yes
5360-KMDJM,Male,0,No,No,36,Yes,Yes,DSL,Yes,Yes,Yes,Yes,No,Yes,Month-to-month,Yes,Electronic check,81.38,2907.81,No
1522-SROXC,Male,1,No,No,18,Yes,No,Fiber optic,No,No,No,Yes,Yes,Yes,Month-to-month,Yes,Electronic check,85.56,1552.06,Yes
1690-DTPIY,Male,0,Yes,No,31,Yes,Yes,No,No internet service,No internet service,No internet service,No internet service,No internet service,No internet service,One year,Yes,Credit card (automatic),20.82,669.72,No
9165-DNWHN,Male,0,Yes,No,34,Yes,No,Fiber optic,Yes,No,Yes,Yes,Yes,No,Month-to-month,Yes,Credit card (automatic),97.55,3335.18,Yes
2069-XFTBK,Female,0,No,No,44,Yes,No,Fiber optic,No,No,No,Yes,No,Yes,Month-to-month,No,Bank transfer (automatic),82.12,3628.18,Yes
4131-BWYQO,Female,0,Yes,No,16,Yes,Yes,Fiber optic,Yes,No,No,No,No,Yes,Month-to-month,Yes,Electronic check,83.67,1349.82,Yes
2941-TPQNC,Male,0,No,No,20,Yes,Yes,No,No internet service,No internet service,No internet service,No internet service,No internet service,No internet service,One year,Yes,Credit card (automatic),22.52,467.65,No
2642-ECLOA,Male,1,Yes,No,48,Yes,Yes,Fiber optic,Yes,No,No,No,Yes,Yes,Two year,Yes,Bank transfer (automatic),94.0,4537.24,No
5028-ISLLA,Female,0,Yes,No,17,Yes,Yes,DSL,No,No,Yes,No,No,No,One year,Yes,Electronic check,54.04,942.65,No
6351-OCSUZ,Female,0,Yes,No,9,Yes,No,DSL,No,No,Yes,Yes,No,Yes,Month-to-month,Yes,Bank transfer (automatic),61.52,539.64,No
2232-VQFZL,Male,0,No,No,16,Yes,Yes,DSL,No,Yes,No,Yes,No,No,One year,Yes,Electronic check,62.77,989.13,No
4731-ZSVUA,Male,0,Yes,No,47,Yes,No,DSL,No,No,No,No,No,No,Month-to-month,Yes,Mailed check,49.0,2291.95,No
9180-JLFAB,Male,1,No,No,52,Yes,Yes,Fiber optic,No,No,No,No,Yes,Yes,One year,Yes,Electronic check,82.94,4300.13,Yes
4334-VRBNF,Female,1,Yes,Yes,41,Yes,No,Fiber optic,Yes,Yes,No,No,Yes,No,One year,Yes,Bank transfer (automatic),90.49,3710.32,No
4306-KOTVA,Male,0,No,Yes,58,Yes,No,Fiber optic,Yes,Yes,Yes,No,No,No,Month-to-month,No,Bank transfer (automatic),89.07,5149.38,No
6856-UBXBT,Male,0,Yes,No,72,Yes,Yes,DSL,Yes,No,No,Yes,No,Yes,Two year,Yes,Mailed check,67.57,4846.57,No
5961-VVMPD,Male,0,Yes,Yes,42,Yes,No,No,No internet service,No internet service,No internet service,No internet service,No internet service,No internet service,Month-to-month,Yes,Credit card (automatic),18.25,753.1,No
3293-MURGI,Male,0,No,No,22,Yes,Yes,DSL,No,Yes,No,No,No,No,Month-to-month,Yes,Credit card (automatic),53.98,1202.27,No
5205-THYGK,Male,0,No,No,6,Yes,No,Fiber optic,Yes,Yes,No,No,Yes,Yes,Month-to-month,No,Bank transfer (automatic),98.91,572.23,Yes
7654-TBWGL,Female,1,No,No,8,Yes,No,Fiber optic,No,Yes,No,No,No,No,Two year,Yes,Electronic check,74.13,570.81,No
1987-OYRRJ,Female,0,No,No,12,Yes,Yes,Fiber optic,Yes,No,No,Yes,Yes,No,Month-to-month,Yes,Credit card (automatic),80.88,953.2,Yes
5929-UOKJW,Male,0,Yes,No,53,Yes,No,DSL,Yes,Yes,Yes,No,Yes,No,One year,Yes,Credit card (automatic),84.66,4478.82,No
3502-KEKWY,Male,0,No,No,13,Yes,Yes,Fiber optic,Yes,No,No,No,Yes,No,Month-to-month,Yes,Mailed check,69.63,917.78,Yes
7372-XDYKC,Female,0,Yes,No,13,Yes,No,No,No internet service,No internet service,No internet service,No internet service,No internet service,No internet service,Month-to-month,Yes,Credit card (automatic),18.87,223.27,No
7291-OBDLM,Male,0,No,No,14,Yes,No,No,No internet service,No internet service,No internet service,No internet service,No internet service,No internet service,Month-to-month,No,Mailed check,21.5,337.67,Yes
4783-MGCHA,Male,0,No,No,24,Yes,Yes,DSL,No,No,No,No,No,No,Two year,No,Electronic check,49.03,1215.7,No
6047-AZNJB,Male,0,No,Yes,31,Yes,Yes,DSL,No,No,No,Yes,No,Yes,Month-to-month,Yes,Mailed check,57.74,1797.72,No
4270-LJPQD,Female,1,No,No,31,Yes,No,No,No internet service,No internet service,No internet service,No internet service,No internet service,No internet service,One year,No,Credit card (automatic),18.25,550.45,No
7548-JHKNA,Female,0,No,No,15,Yes,No,DSL,Yes,Yes,Yes,No,Yes,Yes,One year,Yes,Electronic check,74.06,1108.26,No
8041-MGPZT,Female,0,No,No,51,No,No phone service,Fiber optic,No,Yes,Yes,Yes,No,Yes,Month-to-month,No,Credit card (automatic),96.26,4928.15,No
7112-BWXQZ,Female,0,Yes,No,23,Yes,No,No,No internet service,No internet service,No internet service,No internet service,No internet service,No internet service,Month-to-month,No,Credit card (automatic),23.4,512.1,Yes
7780-DYXWE,Male,0,No,No,46,Yes,Yes,DSL,No,No,Yes,No,Yes,Yes,Two year,Yes,Electronic check,63.43,2929.32,No
7584-UPEJW,Male,0,No,No,26,Yes,No,DSL,No,No,Yes,No,Yes,No,Month-to-month,No,Mailed check,62.08,1562.71,Yes
6125-QREBL,Male,1,Yes,No,14,Yes,Yes,Fiber optic,Yes,No,No,Yes,Yes,No,Month-to-month,Yes,Credit card (automatic),75.93,1063.64,Yes
6894-CFEKR,Female,0,No,No,18,Yes,Yes,DSL,Yes,Yes,No,Yes,Yes,No,Two year,No,Credit card (automatic),76.04,1393.55,No
9857-CHXSF,Female,0,Yes,No,12,Yes,Yes,Fiber optic,Yes,Yes,Yes,Yes,Yes,Yes,Month-to-month,Yes,Credit card (automatic),109.5,1328.24,Yes
1213-XXXRR,Male,0,No,No,5,Yes,No,DSL,No,Yes,Yes,No,No,Yes,Month-to-month,Yes,Electronic check,72.44,355.12,Yes
7898-ICLNF,Female,0,No,No,28,No,No phone service,Fiber optic,No,Yes,Yes,No,Yes,No,Month-to-month,No,Electronic check,84.58,2381.46,No
1524-GIODI,Male,0,Yes,No,10,Yes,Yes,DSL,Yes,Yes,No,Yes,Yes,No,Month-to-month,Yes,Mailed check,79.09,780.14,No
8582-ZRZVO,Male,0,Yes,No,7,Yes,No,DSL,No,No,No,No,Yes,Yes,Month-to-month,Yes,Electronic check,63.51,461.59,Yes
9164-JFNHE,Male,0,No,No,44,Yes,Yes,Fiber optic,No,No,No,Yes,No,No,Month-to-month,Yes,Mailed check,73.66,3213.06,Yes
5332-QPRWC,Female,1,Yes,No,61,Yes,Yes,DSL,Yes,No,Yes,No,Yes,No,Month-to-month,No,Bank transfer (automatic),64.92,3989.98,Yes
4592-PGGKG,Female,0,No,No,13,Yes,Yes,No,No internet service,No internet service,No internet service,No internet service,No internet service,No internet service,Two year,No,Bank transfer (automatic),22.88,303.46,No
6126-WUYXO,Male,0,Yes,No,72,Yes,No,DSL,Yes,Yes,No,Yes,No,Yes,Two year,Yes,Electronic check,73.17,5297.4,No
3048-XBCRM,Female,0,Yes,No,43,Yes,No,DSL,Yes,Yes,Yes,No,Yes,No,Month-to-month,No,Electronic check,70.83,3025.35,No
3290-IJPNJ,Female,0,Yes,No,28,Yes,No,Fiber optic,No,No,No,Yes,No,Yes,Two year,Yes,Bank transfer (automatic),77.58,2124.0,No
9600-KTBBC,Female,0,No,No,3,Yes,No,Fiber optic,No,No,No,No,Yes,Yes,One year,Yes,Credit card (automatic),77.26,200.16,No
9193-NRUFT,Female,1,No,No,36,Yes,No,No,No internet service,No internet service,No internet service,No internet service,No internet service,No internet service,Month-to-month,No,Mailed check,18.39,660.71,No
7589-HLWON,Male,0,No,No,9,Yes,No,DSL,Yes,No,No,No,Yes,Yes,One year,Yes,Credit card (automatic),66.54,602.51,No
9100-XZDOF,Female,0,No,No,10,Yes,No,Fiber optic,Yes,No,No,No,No,No,One year,Yes,Electronic check,72.42,708.95,No
3400-NWDXP,Female,1,No,No,39,Yes,Yes,DSL,No,Yes,No,No,Yes,No,Two year,Yes,Electronic check,68.8,2640.04,No
4774-ZALBM,Female,0,Yes,No,72,Yes,No,Fiber optic,No,Yes,No,No,Yes,No,Month-to-month,No,Credit card (automatic),75.27,5407.47,Yes
3513-MMWTE,Male,0,Yes,No,29,Yes,Yes,Fiber optic,Yes,No,Yes,No,Yes,No,Month-to-month,No,Credit card (automatic),87.97,2538.6,No
8948-LSXJO,Female,0,No,No,50,Yes,No,DSL,Yes,No,Yes,Yes,No,Yes,One year,Yes,Mailed check,79.33,3930.64,No
3760-VERTU,Female,0,Yes,No,72,Yes,Yes,Fiber optic,Yes,Yes,Yes,Yes,Yes,No,One year,Yes,Credit card (automatic),103.8,7505.25,Yes
4393-JUUVT,Male,0,No,No,5,Yes,No,Fiber optic,Yes,Yes,Yes,No,No,No,Two year,No,Credit card (automatic),85.65,408.09,No
2167-BWFPT,Female,0,No,Yes,39,Yes,No,No,No internet service,No internet service,No internet service,No internet service,No internet service,No internet service,Two year,No,Mailed check,22.45,866.09,No
1922-UWMKI,Male,0,No,No,62,Yes,No,DSL,No,No,Yes,Yes,No,Yes,Month-to-month,No,Electronic check,63.55,3980.49,No
6336-RDPGU,Male,0,No,No,55,Yes,Yes,DSL,No,No,Yes,No,No,Yes,Month-to-month,Yes,Mailed check,64.13,3521.53,No
1889-WFQSS,Male,0,No,No,59,Yes,Yes,Fiber optic,No,No,No,Yes,Yes,No,Month-to-month,Yes,Mailed check,79.99,4732.58,No
9178-YICDC,Female,0,No,No,16,Yes,No,DSL,No,Yes,No,No,No,No,Month-to-month,Yes,Electronic check,53.73,857.03,Yes
9474-VFLSM,Female,0,No,No,32,Yes,No,Fiber optic,No,No,No,Yes,No,No,Month-to-month,Yes,Electronic check,70.13,2227.53,No
6457-CEHYG,Male,0,Yes,Yes,62,Yes,No,Fiber optic,No,No,Yes,No,No,No,Two year,No,Mailed check,71.44,4411.6,No
8282-TRMPT,Female,0,No,No,38,Yes,Yes,DSL,Yes,Yes,No,No,Yes,Yes,Month-to-month,Yes,Electronic check,75.44,2887.11,Yes
6608-YSEBZ,Male,0,Yes,Yes,8,Yes,No,Fiber optic,No,Yes,Yes,Yes,Yes,Yes,Month-to-month,No,Mailed check,106.1,870.86,Yes
2590-GJXCG,Male,0,No,Yes,9,Yes,No,DSL,No,Yes,Yes,No,No,Yes,Month-to-month,No,Credit card (automatic),68.85,650.58,No
5467-WDXTK,Female,0,No,No,57,Yes,No,Fiber optic,No,Yes,Yes,Yes,Yes,Yes,Month-to-month,Yes,Bank transfer (automatic),98.99,5608.74,No
5782-ARIWP,Female,0,No,No,1,Yes,No,Fiber optic,No,Yes,Yes,No,No,Yes,Month-to-month,No,Bank transfer (automatic),87.91,40.74,Yes
6188-ERFPK,Female,0,Yes,Yes,40,Yes,Yes,No,No internet service,No internet service,No internet service,No internet service,No internet service,No internet service,Month-to-month,Yes,Credit card (automatic),19.33,783.71,No
4612-EXQSW,Female,0,No,No,46,Yes,No,DSL,No,Yes,Yes,No,No,Yes,Month-to-month,Yes,Mailed check,67.35,3066.57,Yes
6004-QSIBO,Female,0,Yes,No,35,Yes,No,Fiber optic,Yes,No,No,Yes,No,No,Two year,Yes,Mailed check,77.77,2699.46,No
3775-ORZRU,Male,0,No,No,46,Yes,Yes,Fiber optic,Yes,No,No,Yes,No,No,Two year,No,Electronic check,82.08,3759.74,No
8500-KJWHI,Male,1,Yes,No,46,Yes,No,Fiber optic,Yes,Yes,No,No,No,Yes,Month-to-month,No,Credit card (automatic),85.92,3919.14,Yes
8080-NTRHD,Male,0,No,No,1,Yes,Yes,Fiber optic,Yes,Yes,Yes,Yes,Yes,No,Month-to-month,No,Bank transfer (automatic),102.14,117.81,Yes
1034-MOLUE,Female,1,No,No,4,Yes,No,Fiber optic,No,No,No,Yes,Yes,No,Month-to-month,No,Bank transfer (automatic),78.25,289.63,Yes
6061-QLFLS,Female,0,Yes,No,13,Yes,Yes,DSL,No,Yes,No,Yes,Yes,Yes,Month-to-month,Yes,Mailed check,73.43,992.1,No
3350-YJTEC,Female,0,Yes,No,35,Yes,No,Fiber optic,No,Yes,No,Yes,Yes,No,One year,Yes,Electronic check,85.04,2975.09,Yes
5664-LKTYX,Male,0,Yes,No,32,Yes,No,Fiber optic,No,No,Yes,No,Yes,Yes,Two year,Yes,Bank transfer (automatic),80.29,2588.71,No
6283-JWPPU,Male,0,Yes,No,10,No,No phone service,Fiber optic,No,No,Yes,Yes,Yes,Yes,Month-to-month,No,Mailed check,95.62,958.69,Yes
6969-THPQY,Female,1,Yes,No,65,Yes,No,No,No internet service,No internet service,No internet service,No internet service,No internet service,No internet service,Two year,Yes,Bank transfer (automatic),21.27,1369.67,No
4256-ZFTGG,Female,0,Yes,No,72,Yes,Yes,DSL,Yes,No,Yes,No,Yes,No,One year,No,Electronic check,72.54,5237.92,No
6775-JMKSN,Male,1,Yes,Yes,46,Yes,Yes,DSL,Yes,Yes,No,No,Yes,No,Two year,No,Credit card (automatic),70.72,3248.91,No
9499-DFQKO,Male,0,Yes,No,32,Yes,No,DSL,No,No,No,No,No,Yes,Month-to-month,No,Bank transfer (automatic),58.58,1894.47,No
1373-GIUJV,Male,0,No,No,35,Yes,No,DSL,Yes,Yes,No,Yes,No,No,Month-to-month,Yes,Credit card (automatic),71.05,2487.46,No
5754-GPDGX,Male,0,Yes,Yes,14,Yes,No,DSL,No,No,No,No,Yes,Yes,Month-to-month,No,Bank transfer (automatic),64.52,918.27,No
2739-ZVUTS,Male,0,Yes,Yes,7,Yes,No,DSL,No,Yes,Yes,Yes,No,Yes,Month-to-month,Yes,Electronic check,82.69,566.81,Yes
6035-TJJOX,Male,0,No,No,51,Yes,No,No,No internet service,No internet service,No internet service,No internet service,No internet service,No internet service,Month-to-month,Yes,Electronic check,19.34,1023.88,No
2947-LRWBA,Female,1,Yes,No,45,Yes,No,DSL,No,Yes,Yes,No,No,Yes,Two year,Yes,Bank transfer (automatic),74.06,3272.53,No
1044-PESGS,Male,0,No,Yes,52,Yes,Yes,No,No internet service,No internet service,No internet service,No internet service,No internet service,No internet service,Two year,No,Mailed check,18.96,1013.08,No
2887-FWSJQ,Male,1,No,No,34,Yes,Yes,Fiber optic,Yes,No,No,No,No,Yes,Two year,Yes,Mailed check,78.1,2628.33,No
3835-KNHMT,Male,1,No,Yes,7,Yes,No,Fiber optic,No,Yes,Yes,Yes,Yes,Yes,Two year,Yes,Mailed check,110.72,813.82,Yes
6427-VTDGT,Female,0,No,No,6,Yes,Yes,Fiber optic,No,No,Yes,No,No,No,Month-to-month,No,Bank transfer (automatic),77.07,454.92,Yes
2296-PRELU,Male,0,No,No,10,Yes,Yes,Fiber optic,No,Yes,Yes,No,Yes,Yes,One year,Yes,Mailed check,97.75,1005.89,No
9774-ANTUR,Male,0,No,No,71,Yes,No,Fiber optic,No,No,Yes,No,No,Yes,One year,No,Bank transfer (automatic),71.89,5095.52,No
4792-CBKRJ,Male,0,No,No,6,Yes,No,Fiber optic,No,No,No,No,Yes,Yes,One year,Yes,Credit card (automatic),73.25,463.73,No
2530-QNNSB,Female,1,Yes,No,22,Yes,No,No,No internet service,No internet service,No internet service,No internet service,No internet service,No internet service,One year,No,Electronic check,18.25,432.55,No
1107-XEESP,Female,1,No,No,16,Yes,No,Fiber optic,No,Yes,No,No,No,No,Month-to-month,Yes,Bank transfer (automatic),73.59,1191.1,Yes
9911-VXATU,Male,1,No,Yes,6,No,No phone service,Fiber optic,No,No,No,No,No,Yes,Month-to-month,No,Mailed check,70.19,431.35,Yes
8729-RVFCL,Male,0,No,Yes,37,Yes,No,No,No internet service,No internet service,No internet service,No internet service,No internet service,No internet service,Month-to-month,Yes,Bank transfer (automatic),18.25,669.76,No
4166-RUGKY,Male,0,Yes,No,72,Yes,Yes,Fiber optic,Yes,No,Yes,No,No,No,Month-to-month,Yes,Electronic check,81.99,5905.74,Yes
6109-AZELI,Female,0,Yes,Yes,24,Yes,No,Fiber optic,No,Yes,Yes,Yes,Yes,Yes,Two year,Yes,Electronic check,105.35,2551.51,No
7702-WFBBD,Female,1,No,No,4,Yes,Yes,No,No internet service,No internet service,No internet service,No internet service,No internet service,No internet service,Month-to-month,Yes,Electronic check,18.6,89.08,Yes
4939-KMPPR,Male,0,Yes,No,19,Yes,Yes,Fiber optic,Yes,No,Yes,Yes,Yes,No,Month-to-month,Yes,Mailed check,100.22,1915.43,Yes
2943-SKNZA,Male,0,No,Yes,15,Yes,Yes,Fiber optic,No,No,Yes,Yes,Yes,Yes,Two year,No,Electronic check,93.78,1374.93,No
9969-RUVTO,Female,0,Yes,No,19,Yes,No,Fiber optic,No,No,No,Yes,Yes,Yes,Month-to-month,Yes,Mailed check,91.09,1751.12,Yes
8609-XHOTB,Female,0,Yes,No,21,Yes,Yes,Fiber optic,Yes,No,Yes,No,Yes,No,Month-to-month,Yes,Electronic check,81.08,1657.56,Yes
8508-IFPZS,Male,0,Yes,No,72,Yes,No,DSL,Yes,No,Yes,Yes,Yes,No,Month-to-month,Yes,Mailed check,74.88,5377.77,No
6718-WDJGP,Male,0,No,Yes,35,Yes,No,Fiber optic,Yes,No,Yes,No,Yes,No,Two year,Yes,Electronic check,84.93,2986.76,No
8986-SJOFQ,Male,1,No,No,35,Yes,Yes,No,No internet service,No internet service,No internet service,No internet service,No internet service,No internet service,Month-to-month,Yes,Credit card (automatic),18.42,668.27,No
8391-JHYOM,Female,0,No,No,15,Yes,No,Fiber optic,Yes,Yes,No,Yes,Yes,Yes,Month-to-month,Yes,Mailed check,111.16,1693.77,Yes
7722-KFASG,Female,0,No,No,50,Yes,No,No,No internet service,No internet service,No internet service,No internet service,No internet service,No internet service,Two year,No,Electronic check,20.52,1068.98,No
4774-OXJKG,Female,0,No,No,55,Yes,Yes,No,No internet service,No internet service,No internet service,No internet service,No internet service,No internet service,One year,Yes,Electronic check,18.25,1007.09,No
8541-TXQIT,Female,0,No,No,41,Yes,Yes,Fiber optic,Yes,Yes,Yes,No,Yes,Yes,Two year,No,Electronic check,105.81,4329.48,No
3173-GRQPR,Male,0,Yes,Yes,38,Yes,No,DSL,Yes,No,No,No,No,Yes,One year,No,Mailed check,63.87,2423.5,No
9871-CUQLV,Male,0,No,No,6,Yes,Yes,Fiber optic,No,No,Yes,No,No,Yes,Month-to-month,Yes,Credit card (automatic),78.38,480.8,Yes
8418-TQYQQ,Male,0,No,Yes,34,Yes,No,No,No internet service,No internet service,No internet service,No internet service,No internet service,No internet service,Month-to-month,Yes,Mailed check,18.25,608.97,No
9746-BDGXI,Female,0,Yes,No,68,Yes,No,Fiber optic,No,Yes,No,No,Yes,Yes,Month-to-month,Yes,Bank transfer (automatic),93.25,6347.48,Yes
8624-YJWUP,Female,0,No,Yes,35,Yes,No,DSL,Yes,Yes,Yes,No,Yes,Yes,One year,Yes,Credit card (automatic),81.11,2814.67,No
5147-QPSKP,Male,0,Yes,No,45,Yes,No,DSL,Yes,Yes,Yes,No,No,Yes,Month-to-month,Yes,Bank transfer (automatic),84.18,3859.99,No
5020-JGUXU,Male,0,No,No,19,No,No phone service,Fiber optic,Yes,Yes,No,No,No,No,Month-to-month,Yes,Electronic check,82.08,1559.64,Yes
7633-PNGJS,Female,0,No,No,14,Yes,No,Fiber optic,Yes,No,No,Yes,No,No,Two year,Yes,Mailed check,82.33,1182.54,No
3376-DTOSW,Female,0,Yes,No,9,Yes,Yes,Fiber optic,Yes,No,No,No,Yes,No,Month-to-month,No,Electronic check,82.3,721.41,No
3446-IKGEN,Female,0,No,No,61,Yes,Yes,Fiber optic,Yes,Yes,Yes,No,No,Yes,Month-to-month,Yes,Mailed check,97.93,5954.74,No
8768-YBDMK,Male,0,No,No,23,Yes,No,Fiber optic,Yes,No,No,No,Yes,Yes,Two year,No,Bank transfer (automatic),94.57,2178.16,Yes
7419-SVIPT,Female,0,No,No,55,Yes,No,DSL,No,No,No,Yes,Yes,Yes,Two year,Yes,Electronic check,68.39,3722.0,No
9711-AHHDU,Female,0,No,No,17,Yes,No,Fiber optic,Yes,No,No,Yes,Yes,No,Month-to-month,No,Mailed check,88.75,1513.02,No
7622-ZVNQY,Female,0,Yes,No,58,Yes,No,Fiber optic,No,Yes,No,Yes,No,No,Two year,Yes,Bank transfer (automatic),80.1,4637.03,No
1774-HJDFB,Female,0,Yes,No,27,Yes,No,Fiber optic,No,Yes,No,No,Yes,No,Two year,Yes,Mailed check,78.68,2174.76,No
6055-MEPKC,Female,0,Yes,Yes,19,Yes,No,Fiber optic,Yes,Yes,Yes,Yes,No,No,Month-to-month,No,Bank transfer (automatic),98.81,1868.26,No
8912-IFGSB,Female,0,Yes,Yes,19,No,No phone service,Fiber optic,Yes,Yes,Yes,No,No,No,Month-to-month,No,Credit card (automatic),79.51,1497.57,No
4159-KXKBE,Female,0,Yes,Yes,49,Yes,Yes,Fiber optic,No,No,Yes,Yes,No,No,One year,No,Electronic check,79.78,3925.08,Yes
5259-JRTCF,Male,0,No,No,35,Yes,No,Fiber optic,Yes,Yes,Yes,Yes,No,Yes,One year,No,Credit card (automatic),114.17,3981.6,Yes
1561-QZFGY,Male,0,Yes,No,49,Yes,No,Fiber optic,No,No,No,Yes,Yes,No,One year,Yes,Mailed check,81.14,3982.28,Yes
4671-WHFZC,Female,0,No,Yes,68,Yes,Yes,No,No internet service,No internet service,No internet service,No internet service,No internet service,No internet service,Month-to-month,Yes,Credit card (automatic),25.32,1730.37,No
1250-AGZOU,Female,0,Yes,Yes,22,Yes,Yes,Fiber optic,No,No,Yes,No,No,No,One year,No,Credit card (automatic),75.08,1673.04,Yes
2376-SFGHO,Male,1,Yes,Yes,41,Yes,No,Fiber optic,No,Yes,No,Yes,No,Yes,Two year,No,Bank transfer (automatic),90.56,3715.92,Yes
4258-CLDFT,Male,0,No,No,24,Yes,Yes,Fiber optic,No,No,No,Yes,No,No,Month-to-month,Yes,Bank transfer (automatic),77.57,1861.5,No
6020-AVBVV,Female,0,No,Yes,18,Yes,Yes,Fiber optic,Yes,Yes,No,Yes,Yes,No,Month-to-month,Yes,Mailed check,90.93,1635.18,Yes
3275-RDEUY,Female,0,No,No,36,Yes,Yes,No,No internet service,No internet service,No internet service,No internet service,No internet service,No internet service,One year,Yes,Mailed check,19.09,644.02,No
2405-VTFLM,Female,0,Yes,No,6,Yes,No,DSL,No,No,No,No,No,No,Month-to-month,No,Bank transfer (automatic),45.7,315.36,No
9673-DMBXE,Male,0,No,No,53,No,No phone service,DSL,Yes,No,Yes,Yes,Yes,No,Month-to-month,No,Mailed check,73.91,3887.59,No
9938-MDKCN,Female,0,Yes,No,33,Yes,Yes,DSL,No,No,No,Yes,No,No,Month-to-month,Yes,Credit card (automatic),53.63,1754.54,No
9511-TGUVM,Female,0,No,No,14,Yes,Yes,Fiber optic,No,No,No,Yes,Yes,No,Month-to-month,Yes,Electronic check,83.95,1166.14,Yes
5915-WKRVX,Male,1,No,No,33,Yes,No,Fiber optic,Yes,No,No,Yes,Yes,Yes,One year,Yes,Credit card (automatic),102.1,3399.62,Yes
8773-FAYCZ,Male,1,Yes,No,4,Yes,No,DSL,Yes,Yes,No,Yes,Yes,No,Month-to-month,No,Bank transfer (automatic),79.71,317.76,No
6879-RYWUO,Female,0,No,No,8,Yes,No,No,No internet service,No internet service,No internet service,No internet service,No internet service,No internet service,Month-to-month,No,Mailed check,18.58,163.91,No
3058-FCWDB,Male,1,No,No,8,Yes,Yes,Fiber optic,No,No,Yes,No,No,Yes,Two year,Yes,Credit card (automatic),79.93,623.96,Yes
1167-WYGET,Female,1,Yes,No,8,Yes,No,No,No internet service,No internet service,No internet service,No internet service,No internet service,No internet service,Month-to-month,Yes,Electronic check,18.25,115.54,No
6653-CSQEE,Female,0,Yes,Yes,22,Yes,No,Fiber optic,Yes,Yes,No,No,No,No,Two year,Yes,Mailed check,82.8,1799.14,No
2465-LNVFD,Female,0,No,No,33,Yes,Yes,Fiber optic,No,No,Yes,No,Yes,No,Month-to-month,Yes,Electronic check,80.45,2671.68,No
1349-EAQKH,Male,0,Yes,No,72,Yes,No,No,No internet service,No internet service,No internet service,No internet service,No internet service,No internet service,Two year,Yes,Electronic check,19.28,1392.48,No
1439-PVYWE,Female,0,Yes,No,59,No,No phone service,No,No internet service,No internet service,No internet service,No internet service,No internet service,No internet service,Month-to-month,Yes,Bank transfer (automatic),18.25,1077.93,No
4987-GEXTN,Male,0,Yes,No,3,Yes,Yes,Fiber optic,No,No,No,Yes,No,No,One year,No,Mailed check,69.56,279.85,Yes
2539-IAEDH,Female,0,No,No,72,Yes,No,DSL,Yes,Yes,Yes,No,No,Yes,Month-to-month,No,Mailed check,67.44,4892.56,No
6094-WAKGP,Male,0,Yes,No,14,Yes,No,DSL,Yes,No,No,Yes,Yes,Yes,Month-to-month,Yes,Mailed check,83.3,1167.35,Yes
5125-JEXIC,Female,0,No,No,39,Yes,No,DSL,Yes,Yes,Yes,No,Yes,Yes,Month-to-month,Yes,Bank transfer (automatic),83.33,3218.66,No
3512-XAJRB,Female,0,No,No,23,Yes,Yes,DSL,Yes,No,No,No,No,Yes,Month-to-month,Yes,Bank transfer (automatic),62.51,1479.81,Yes
2026-OOIYX,Male,0,Yes,No,72,Yes,No,Fiber optic,Yes,Yes,No,No,Yes,No,Two year,Yes,Credit card (automatic),86.1,6218.61,No
1190-EQDTO,Male,1,Yes,No,55,Yes,No,Fiber optic,No,No,No,No,No,Yes,Month-to-month,Yes,Bank transfer (automatic),70.85,3852.36,Yes
9085-CRPSP,Female,1,No,No,72,Yes,Yes,Fiber optic,No,Yes,No,Yes,Yes,No,One year,No,Credit card (automatic),92.01,6617.03,No
1671-JIRGG,Male,0,Yes,Yes,41,Yes,No,No,No internet service,No internet service,No internet service,No internet service,No internet service,No internet service,Month-to-month,Yes,Credit card (automatic),23.88,969.3,No
5430-KOQJY,Male,0,Yes,No,17,Yes,No,Fiber optic,No,No,Yes,No,Yes,No,One year,No,Electronic check,74.08,1267.34,Yes
3564-TXGJF,Male,1,Yes,Yes,45,Yes,Yes,No,No internet service,No internet service,No internet service,No internet service,No internet service,No internet service,Month-to-month,No,Electronic check,21.91,992.45,Yes
7741-YOTWZ,Female,0,No,No,68,No,No phone service,No,No internet service,No internet service,No internet service,No internet service,No internet service,No internet service,Month-to-month,Yes,Electronic check,19.39,1320.08,No
6872-PCFEC,Female,1,No,No,12,Yes,No,Fiber optic,Yes,No,No,No,Yes,No,One year,No,Bank transfer (automatic),85.37,1001.3,No
9315-EQJRF,Male,0,No,No,37,Yes,No,No,No internet service,No internet service,No internet service,No internet service,No internet service,No internet service,Two year,No,Mailed check,18.25,699.39,No
2583-XAOGO,Female,0,Yes,No,51,Yes,No,No,No internet service,No internet service,No internet service,No internet service,No internet service,No internet service,Two year,No,Credit card (automatic),18.25,911.68,No
5870-YAKMJ,Male,0,Yes,No,16,Yes,Yes,Fiber optic,No,No,Yes,No,No,No,Two year,Yes,Bank transfer (automatic),72.72,1184.45,No
1761-FAGEZ,Male,0,No,No,20,No,No phone service,Fiber optic,No,Yes,Yes,No,Yes,Yes,Month-to-month,No,Credit card (automatic),85.16,1674.46,Yes
3197-RTLNS,Male,0,Yes,Yes,24,Yes,No,Fiber optic,No,No,No,No,Yes,No,Month-to-month,Yes,Mailed check,72.89,1717.77,No
9787-BFWSE,Male,0,No,Yes,37,Yes,No,Fiber optic,No,No,Yes,No,No,No,Month-to-month,No,Credit card (automatic),74.5,2710.68,Yes
3392-EWCYS,Male,1,No,Yes,27,Yes,No,No,No internet service,No internet service,No internet service,No internet service,No internet service,No internet service,Two year,Yes,Credit card (automatic),20.81,556.1,Yes
2987-QQGSM,Female,0,Yes,No,30,Yes,Yes,DSL,No,Yes,Yes,No,No,No,Two year,Yes,Credit card (automatic),67.2,2052.7,No
1089-PWHOD,Male,0,No,No,72,Yes,No,Fiber optic,No,Yes,No,Yes,No,Yes,Two year,Yes,Electronic check,85.74,6206.7,No
4640-JIHAI,Female,0,No,Yes,26,Yes,No,No,No internet service,No internet service,No internet service,No internet service,No internet service,No internet service,One year,Yes,Electronic check,23.42,609.98,No
4696-XXQOH,Male,0,No,No,72,Yes,Yes,Fiber optic,Yes,Yes,No,No,Yes,Yes,Month-to-month,Yes,Mailed check,89.14,6452.75,No
8656-MRZGD,Male,0,Yes,No,72,No,No phone service,DSL,Yes,No,No,No,No,Yes,Two year,No,Mailed check,61.56,4409.29,No
2438-TYRDX,Male,0,No,No,13,Yes,Yes,Fiber optic,Yes,Yes,Yes,Yes,Yes,Yes,Two year,Yes,Bank transfer (automatic),110.2,1421.33,Yes
4082-KDXXQ,Female,0,Yes,No,56,Yes,No,DSL,No,No,No,No,Yes,Yes,Month-to-month,No,Electronic check,62.38,3450.74,No
6870-WXTUR,Female,0,No,No,18,No,No phone service,Fiber optic,No,No,No,No,No,No,Month-to-month,No,Bank transfer (automatic),63.36,1165.15,No
1508-DAGFF,Male,0,Yes,Yes,54,Yes,No,No,No internet service,No internet service,No internet service,No internet service,No internet service,No internet service,Two year,Yes,Bank transfer (automatic),20.91,1103.42,No
9857-ZZUZJ,Male,0,Yes,No,18,Yes,Yes,Fiber optic,No,Yes,No,No,Yes,Yes,One year,Yes,Bank transfer (automatic),87.09,1552.64,No
6803-AMNHL,Male,0,No,No,2,Yes,No,No,No internet service,No internet service,No internet service,No internet service,No internet service,No internet service,Two year,No,Bank transfer (automatic),22.32,45.6,No
6314-SORTW,Female,0,No,No,49,Yes,Yes,DSL,Yes,Yes,No,No,Yes,Yes,One year,No,Bank transfer (automatic),76.94,3762.8,Yes
4148-XUOWN,Male,0,Yes,Yes,30,Yes,Yes,Fiber optic,No,No,No,No,Yes,No,Two year,No,Credit card (automatic),74.26,2202.04,Yes
3583-ACZGW,Female,0,No,No,69,Yes,Yes,Fiber optic,No,No,Yes,No,Yes,No,Month-to-month,Yes,Electronic check,77.14,5307.78,No
8027-DTHAT,Male,1,Yes,No,18,Yes,Yes,DSL,Yes,No,Yes,No,No,Yes,Two year,Yes,Mailed check,63.23,1086.54,Yes
6250-SHWWC,Male,0,No,No,26,Yes,No,No,No internet service,No internet service,No internet service,No internet service,No internet service,No internet service,Month-to-month,Yes,Electronic check,19.94,511.34,No
6572-BIHBC,Female,0,No,Yes,17,Yes,No,DSL,No,No,No,Yes,No,No,Two year,Yes,Credit card (automatic),49.96,829.27,No
2547-JHAKH,Male,0,Yes,No,8,No,No phone service,No,No internet service,No internet service,No internet service,No internet service,No internet service,No internet service,Month-to-month,No,Electronic check,18.25,165.47,Yes
6362-MXGSR,Male,0,No,No,36,Yes,No,DSL,Yes,Yes,Yes,Yes,Yes,No,Month-to-month,Yes,Electronic check,76.58,2741.12,No
8138-BMEEC,Female,0,No,No,26,Yes,No,No,No internet service,No internet service,No internet service,No internet service,No internet service,No internet service,Month-to-month,Yes,Bank transfer (automatic),18.25,471.67,No
8120-IRUMP,Male,0,No,No,4,Yes,No,No,No internet service,No internet service,No internet service,No internet service,No internet service,No internet service,Two year,Yes,Electronic check,20.62,78.89,No
9631-UCWPE,Male,0,No,No,71,Yes,Yes,No,No internet service,No internet service,No internet service,No internet service,No internet service,No internet service,Month-to-month,No,Electronic check,22.12,1600.54,No
8658-YCAVA,Male,0,No,No,29,Yes,No,Fiber optic,No,No,Yes,No,Yes,Yes,Month-to-month,Yes,Bank transfer (automatic),85.27,2480.04,Yes
5952-IGLJS,Male,1,No,No,16,Yes,Yes,Fiber optic,No,No,Yes,No,Yes,No,Month-to-month,Yes,Electronic check,77.64,1241.06,Yes
2461-OJKXF,Female,0,Yes,No,49,Yes,Yes,Fiber optic,Yes,Yes,No,Yes,No,Yes,Two year,Yes,Electronic check,93.39,4576.03,No
2210-PDLLR,Male,0,No,No,60,Yes,No,Fiber optic,Yes,No,Yes,No,No,Yes,Month-to-month,No,Electronic check,78.37,4686.49,Yes
7596-LJMCG,Female,0,Yes,No,9,Yes,No,DSL,Yes,No,Yes,No,Yes,Yes,Month-to-month,Yes,Mailed check,75.92,693.63,No
5325-ZQIEC,Female,0,Yes,Yes,8,Yes,Yes,DSL,No,No,Yes,Yes,Yes,No,One year,No,Credit card (automatic),67.12,533.44,No
8248-YEFVG,Female,0,Yes,No,20,Yes,No,Fiber optic,No,No,No,No,No,No,Two year,Yes,Electronic check,63.73,1240.47,No
8869-DTYGC,Female,0,No,No,38,Yes,Yes,Fiber optic,Yes,Yes,Yes,No,Yes,Yes,One year,Yes,Electronic check,107.38,4088.64,Yes
2270-LPCMF,Female,0,Yes,No,72,Yes,No,No,No internet service,No internet service,No internet service,No internet service,No internet service,No internet service,One year,Yes,Bank transfer (automatic),19.49,1403.15,No
6522-TMLCH,Female,0,Yes,No,1,Yes,Yes,Fiber optic,No,Yes,No,No,No,Yes,One year,No,Bank transfer (automatic),87.12,88.36,Yes
5480-MFCFH,Male,0,Yes,No,72,Yes,No,Fiber optic,Yes,No,No,No,No,No,Month-to-month,Yes,Electronic check,78.54,5676.81,Yes
3237-WSBAA,Male,0,Yes,No,31,Yes,Yes,Fiber optic,Yes,No,Yes,No,No,No,Month-to-month,No,Bank transfer (automatic),92.44,2893.1,Yes
1000-QYMSP,Female,0,No,Yes,67,Yes,Yes,No,No internet service,No internet service,No internet service,No internet service,No internet service,No internet service,Month-to-month,No,Credit card (automatic),20.66,1403.05,No
5775-WKIBS,Male,0,Yes,Yes,64,Yes,Yes,DSL,Yes,No,Yes,No,No,Yes,Month-to-month,Yes,Electronic check,65.83,4188.83,No
9970-PDKXH,Female,0,Yes,Yes,26,Yes,Yes,Fiber optic,Yes,No,No,No,Yes,No,Month-to-month,Yes,Bank transfer (automatic),83.62,2156.09,No
8651-VZRRC,Male,1,No,No,19,Yes,Yes,DSL,No,Yes,No,Yes,Yes,No,Month-to-month,Yes,Credit card (automatic),65.46,1225.38,Yes
3479-MHQTW,Female,0,Yes,Yes,40,Yes,Yes,DSL,No,No,Yes,No,No,No,One year,Yes,Credit card (automatic),53.03,2095.99,No
8968-WRAJJ,Male,1,No,Yes,32,Yes,No,Fiber optic,No,No,No,No,No,No,Month-to-month,Yes,Electronic check,64.03,2034.86,No
7205-VRTGG,Female,0,No,No,16,Yes,No,Fiber optic,No,Yes,Yes,Yes,Yes,Yes,Two year,Yes,Bank transfer (automatic),106.17,1689.03,No
3599-MCLJV,Male,0,No,No,26,Yes,No,Fiber optic,Yes,No,Yes,No,Yes,No,Two year,No,Electronic check,90.53,2372.27,No
3978-SKBJF,Male,0,Yes,Yes,21,Yes,Yes,No,No internet service,No internet service,No internet service,No internet service,No internet service,No internet service,Two year,No,Credit card (automatic),26.66,582.82,No
8959-SBZLV,Female,0,No,No,28,Yes,Yes,No,No internet service,No internet service,No internet service,No internet service,No internet service,No internet service,Month-to-month,Yes,Mailed check,22.44,664.98,No
3937-XMCJO,Female,0,No,Yes,60,Yes,No,Fiber optic,Yes,No,No,No,No,No,Two year,No,Bank transfer (automatic),73.58,4417.14,No
1725-UUGZG,Female,0,No,Yes,21,Yes,Yes,DSL,No,No,No,No,No,No,One year,Yes,Electronic check,45.24,939.1,Yes
7919-DEOQS,Female,0,Yes,No,35,Yes,No,DSL,Yes,No,No,Yes,No,No,Two year,Yes,Credit card (automatic),62.99,2255.46,No
4276-XVCRF,Male,1,No,No,26,Yes,Yes,DSL,No,Yes,No,No,Yes,Yes,Month-to-month,Yes,Electronic check,72.52,1915.06,No
9643-XVLNR,Female,0,No,No,26,Yes,Yes,DSL,No,No,No,No,No,Yes,One year,No,Bank transfer (automatic),57.35,1549.69,No
9649-VWTEL,Male,0,No,No,23,Yes,No,Fiber optic,Yes,No,No,No,Yes,Yes,Month-to-month,Yes,Bank transfer (automatic),85.05,1940.3,No
6835-MSDZF,Female,0,No,No,41,Yes,No,Fiber optic,No,No,Yes,Yes,No,No,Two year,Yes,Electronic check,84.28,3471.6,No
7398-WSXIY,Male,0,No,No,1,Yes,No,DSL,No,No,Yes,Yes,Yes,No,One year,Yes,Mailed check,65.27,80.53,No
1419-BZZMB,Male,0,No,No,41,Yes,No,DSL,Yes,Yes,No,No,No,No,One year,No,Credit card (automatic),58.57,2424.5,No
7054-BAKGN,Female,0,Yes,No,33,Yes,No,DSL,No,Yes,No,No,Yes,Yes,Month-to-month,No,Credit card (automatic),64.59,2120.19,Yes
1224-WHQUU,Female,1,Yes,No,31,Yes,No,DSL,Yes,Yes,No,Yes,No,Yes,Month-to-month,Yes,Credit card (automatic),76.6,2349.7,Yes
2088-JWXEY,Male,0,No,Yes,46,Yes,Yes,DSL,Yes,No,Yes,Yes,No,No,Two year,No,Credit card (automatic),72.62,3331.51,No
3750-CWJDW,Female,0,Yes,Yes,4,Yes,Yes,DSL,Yes,Yes,No,No,Yes,No,Two year,Yes,Credit card (automatic),63.46,236.15,No
1061-NNYWY,Female,0,No,Yes,58,Yes,No,Fiber optic,Yes,No,No,No,No,No,Two year,Yes,Bank transfer (automatic),68.72,3962.8,No
7871-DARPV,Male,0,No,No,22,Yes,Yes,Fiber optic,No,Yes,Yes,No,Yes,Yes,Two year,No,Electronic check,104.42,2299.03,Yes
9135-JWRIO,Female,0,No,No,21,Yes,Yes,Fiber optic,No,No,No,No,Yes,No,One year,No,Electronic check,68.68,1450.9,No
9474-AGYYJ,Male,0,Yes,Yes,13,Yes,Yes,DSL,Yes,Yes,No,No,No,Yes,One year,No,Bank transfer (automatic),61.71,776.36,No
9480-ZVUME,Male,0,No,Yes,14,Yes,Yes,Fiber optic,Yes,No,Yes,No,No,No,Two year,No,Electronic check,80.97,1138.01,No
5681-EZYJT,Female,1,No,No,4,Yes,No,Fiber optic,No,Yes,Yes,No,No,Yes,Month-to-month,Yes,Electronic check,78.72,284.42,Yes
4780-SBNIP,Male,0,No,No,29,Yes,Yes,Fiber optic,No,No,Yes,No,No,Yes,Month-to-month,Yes,Bank transfer (automatic),81.43,2331.1,No
1523-NCVYE,Male,0,No,Yes,17,Yes,Yes,DSL,Yes,Yes,No,No,No,Yes,Two year,No,Bank transfer (automatic),60.52,1036.12,No
8805-OVWKP,Female,0,Yes,No,52,Yes,Yes,No,No internet service,No internet service,No internet service,No internet service,No internet service,No internet service,Month-to-month,Yes,Bank transfer (automatic),21.87,1133.52,No
7245-CUNPQ,Male,0,No,No,36,Yes,No,DSL,No,Yes,No,Yes,Yes,Yes,Month-to-month,Yes,Bank transfer (automatic),70.39,2554.48,Yes
7836-AHYZL,Female,1,Yes,No,32,Yes,No,No,No internet service,No internet service,No internet service,No internet service,No internet service,No internet service,Two year,Yes,Credit card (automatic),18.25,599.4,No
6916-AZOLK,Female,0,No,No,19,Yes,No,Fiber optic,No,No,No,No,Yes,No,Two year,Yes,Mailed check,72.24,1391.24,Yes
2938-YISAC,Male,0,Yes,No,24,Yes,Yes,DSL,Yes,No,Yes,Yes,Yes,Yes,Month-to-month,No,Mailed check,86.5,2087.34,No
5532-ALNIY,Female,0,Yes,No,72,Yes,No,DSL,No,Yes,No,No,Yes,No,Month-to-month,Yes,Bank transfer (automatic),68.29,4941.34,Yes
9088-XIFRA,Male,0,Yes,No,19,Yes,No,DSL,Yes,No,No,No,No,Yes,Month-to-month,No,Mailed check,54.87,1086.31,Yes
7945-WMERP,Female,0,Yes,No,1,Yes,No,Fiber optic,Yes,No,No,No,No,Yes,One year,Yes,Electronic check,79.48,53.59,Yes
3383-VHPHO,Male,0,No,No,23,Yes,No,No,No internet service,No internet service,No internet service,No internet service,No internet service,No internet service,Month-to-month,Yes,Electronic check,18.98,432.65,Yes
7157-AYBKY,Female,0,No,No,11,Yes,No,No,No internet service,No internet service,No internet service,No internet service,No internet service,No internet service,Month-to-month,Yes,Bank transfer (automatic),18.25,176.51,No
7215-DSGDB,Male,0,Yes,No,21,Yes,Yes,No,No internet service,No internet service,No internet service,No internet service,No internet service,No internet service,Month-to-month,Yes,Bank transfer (automatic),23.48,477.69,No
2348-KYTCG,Female,0,Yes,Yes,28,Yes,Yes,DSL,No,No,No,No,Yes,No,Two year,Yes,Mailed check,55.79,1531.7,No
8032-JFBGI,Male,0,No,Yes,11,Yes,Yes,Fiber optic,Yes,No,Yes,Yes,No,No,Two year,No,Electronic check,83.68,952.11,Yes
4992-OSELC,Male,0,Yes,No,4,Yes,Yes,Fiber optic,No,No,Yes,No,Yes,No,Month-to-month,Yes,Bank transfer (automatic),77.83,293.36,Yes
9373-XZYKM,Male,0,Yes,Yes,23,Yes,No,DSL,No,No,Yes,Yes,No,No,Month-to-month,No,Mailed check,57.64,1359.7,No
4376-MMMPO,Female,0,Yes,No,71,Yes,Yes,DSL,No,No,No,Yes,Yes,Yes,One year,Yes,Electronic check,66.93,4744.53,No
9241-TAWQE,Female,1,No,No,27,Yes,No,DSL,No,No,Yes,Yes,No,No,Month-to-month,Yes,Mailed check,59.68,1632.47,Yes
8498-YUCZO,Male,0,No,No,34,No,No phone service,Fiber optic,No,Yes,No,No,Yes,No,Month-to-month,Yes,Bank transfer (automatic),71.07,2428.71,Yes
3446-LTBNU,Male,0,Yes,Yes,20,Yes,No,Fiber optic,No,Yes,No,Yes,Yes,No,Month-to-month,Yes,Bank transfer (automatic),90.55,1756.34,Yes
8024-WKDVP,Male,0,No,No,38,Yes,No,DSL,Yes,Yes,No,No,Yes,Yes,Month-to-month,Yes,Electronic check,70.08,2648.24,Yes
8969-TPAVG,Male,0,No,Yes,46,Yes,Yes,DSL,Yes,Yes,No,No,Yes,Yes,Month-to-month,No,Credit card (automatic),80.68,3660.29,Yes
6418-FZBYY,Female,0,No,Yes,62,Yes,Yes,DSL,Yes,Yes,No,No,Yes,No,Month-to-month,No,Credit card (automatic),67.84,4200.38,No
3201-JTNWE,Female,0,No,No,72,No,No phone service,Fiber optic,No,No,No,Yes,Yes,Yes,Month-to-month,Yes,Electronic check,88.61,6415.32,Yes
2570-WGKBN,Female,0,No,Yes,35,Yes,Yes,Fiber optic,No,No,No,Yes,Yes,Yes,One year,Yes,Bank transfer (automatic),83.42,2918.45,No
3911-JACEY,Male,0,No,No,63,Yes,No,Fiber optic,Yes,Yes,Yes,No,Yes,No,Two year,Yes,Bank transfer (automatic),94.25,5934.11,No
5400-QRVIV,Male,0,No,No,52,Yes,Yes,Fiber optic,Yes,No,Yes,Yes,Yes,No,Month-to-month,Yes,Electronic check,92.63,4845.06,No
9742-URPRU,Female,0,Yes,No,39,Yes,No,DSL,No,No,Yes,No,Yes,No,Month-to-month,No,Mailed check,60.44,2282.3,No
4622-WAXEP,Male,0,No,No,26,Yes,Yes,No,No internet service,No internet service,No internet service,No internet service,No internet service,No internet service,Month-to-month,Yes,Electronic check,22.05,527.46,No
1634-UASFP,Female,0,No,No,3,No,No phone service,DSL,No,No,No,No,No,Yes,One year,Yes,Credit card (automatic),53.42,161.1,No
1144-DARUF,Male,1,Yes,No,72,Yes,No,Fiber optic,Yes,Yes,No,No,No,Yes,Month-to-month,Yes,Bank transfer (automatic),87.2,6245.9,No
2727-XTLAP,Male,0,Yes,No,30,Yes,Yes,Fiber optic,Yes,No,No,No,Yes,No,Two year,No,Credit card (automatic),90.1,2690.15,No
3565-ZFIKP,Female,0,Yes,No,19,Yes,No,DSL,Yes,No,No,No,Yes,Yes,Month-to-month,Yes,Mailed check,72.99,1389.21,No
8624-LBBXT,Male,1,Yes,Yes,19,Yes,No,Fiber optic,Yes,No,No,No,No,No,Month-to-month,Yes,Credit card (automatic),73.54,1413.95,No
7838-OZHWV,Female,0,Yes,Yes,46,Yes,Yes,DSL,No,Yes,Yes,Yes,Yes,Yes,One year,Yes,Electronic check,87.78,4069.77,No
5948-KNIEF,Male,0,Yes,Yes,9,No,No phone service,Fiber optic,Yes,No,Yes,Yes,No,No,One year,No,Bank transfer (automatic),84.23,776.69,No
5026-OSAVU,Male,0,Yes,Yes,71,Yes,No,Fiber optic,No,Yes,No,No,Yes,No,One year,Yes,Electronic check,80.32,5699.1,No
3634-ZWEVL,Male,0,No,Yes,35,Yes,Yes,DSL,No,Yes,Yes,No,Yes,Yes,Month-to-month,No,Credit card (automatic),72.1,2500.79,No
4123-SKOQR,Male,0,Yes,No,15,Yes,Yes,Fiber optic,Yes,No,Yes,No,Yes,No,Two year,No,Electronic check,89.21,1388.64,Yes
3191-VRWJU,Female,0,Yes,Yes,41,Yes,No,DSL,No,No,No,No,Yes,Yes,Month-to-month,No,Bank transfer (automatic),61.12,2524.72,No
9319-NYBME,Male,0,Yes,Yes,49,No,No phone service,DSL,No,Yes,No,No,No,Yes,Two year,Yes,Mailed check,56.94,2768.18,No
7921-ZDQAO,Female,1,Yes,No,15,Yes,No,Fiber optic,No,Yes,No,Yes,No,Yes,Month-to-month,Yes,Electronic check,86.45,1343.01,No
3330-IHOZM,Female,0,Yes,No,40,Yes,Yes,DSL,Yes,No,No,No,Yes,Yes,Month-to-month,Yes,Mailed check,63.12,2514.38,No
7318-VYUTS,Male,0,No,Yes,20,Yes,No,DSL,No,Yes,No,No,No,No,One year,Yes,Mailed check,52.92,1077.63,Yes
6147-DKVYO,Male,0,Yes,Yes,21,Yes,Yes,DSL,No,No,No,No,Yes,Yes,Month-to-month,Yes,Electronic check,53.54,1134.78,No
7240-VEFGO,Male,0,Yes,No,23,Yes,Yes,Fiber optic,Yes,No,No,No,Yes,No,Month-to-month,Yes,Bank transfer (automatic),85.78,1959.45,Yes
5760-XPMLA,Female,0,No,No,1,Yes,Yes,No,No internet service,No internet service,No internet service,No internet service,No internet service,No internet service,Month-to-month,No,Electronic check,19.72,0.0,No
6836-YERAJ,Female,0,No,No,58,Yes,Yes,No,No internet service,No internet service,No internet service,No internet service,No internet service,No internet service,One year,No,Electronic check,21.3,1215.74,No
6255-CMKVM,Male,0,Yes,No,21,Yes,No,No,No internet service,No internet service,No internet service,No internet service,No internet service,No internet service,Two year,No,Electronic check,18.65,431.32,No
3339-MLNGY,Female,1,Yes,No,21,Yes,No,Fiber optic,No,No,No,No,Yes,No,Month-to-month,Yes,Bank transfer (automatic),78.77,1653.08,No
7275-YUATA,Male,0,No,No,64,Yes,No,Fiber optic,No,No,Yes,No,No,Yes,Month-to-month,Yes,Mailed check,84.69,5458.49,Yes
7018-KSHTH,Male,0,Yes,Yes,37,Yes,Yes,DSL,Yes,No,No,No,No,Yes,Month-to-month,No,Credit card (automatic),54.75,2012.9,No
1182-AFOWY,Male,0,Yes,No,13,No,No phone service,No,No internet service,No internet service,No internet service,No internet service,No internet service,No internet service,Month-to-month,No,Credit card (automatic),18.25,245.39,No
7947-CZACP,Female,0,No,No,34,Yes,No,Fiber optic,No,No,No,No,Yes,No,Month-to-month,No,Electronic check,73.47,2512.27,Yes
9106-JLQHB,Male,0,No,No,38,Yes,No,Fiber optic,No,Yes,No,No,Yes,No,Month-to-month,No,Electronic check,86.97,3315.0,Yes
6198-DNHFS,Male,0,No,Yes,24,Yes,Yes,No,No internet service,No internet service,No internet service,No internet service,No internet service,No internet service,One year,Yes,Mailed check,23.12,554.65,No
5072-XDZGZ,Male,0,Yes,No,72,No,No phone service,No,No internet service,No internet service,No internet service,No internet service,No internet service,No internet service,Month-to-month,No,Electronic check,18.25,1307.85,No
9790-PKQHX,Female,0,No,No,23,Yes,Yes,DSL,No,No,Yes,Yes,Yes,No,Month-to-month,Yes,Mailed check,64.86,1436.42,Yes
1923-EWBQO,Male,1,No,Yes,27,No,No phone service,DSL,No,No,Yes,No,Yes,No,One year,Yes,Electronic check,58.44,1604.1,No
6738-QZHUP,Male,0,No,No,28,Yes,No,Fiber optic,Yes,Yes,No,No,No,Yes,Month-to-month,Yes,Mailed check,86.25,2470.84,Yes
6927-YXQEY,Male,0,Yes,No,47,Yes,Yes,No,No internet service,No internet service,No internet service,No internet service,No internet service,No internet service,Month-to-month,No,Electronic check,18.54,877.76,Yes
8336-ATANZ,Female,0,Yes,No,12,Yes,No,Fiber optic,No,Yes,No,No,No,No,Month-to-month,Yes,Credit card (automatic),73.29,885.98,Yes
8779-JTUJE,Male,0,Yes,Yes,51,Yes,No,DSL,No,No,No,No,No,Yes,Month-to-month,Yes,Electronic check,51.34,2621.24,No
8274-NJHHD,Female,1,No,No,72,Yes,Yes,No,No internet service,No internet service,No internet service,No internet service,No internet service,No internet service,Month-to-month,Yes,Electronic check,18.82,1289.89,No
4327-ZXJML,Male,0,No,No,7,No,No phone service,Fiber optic,Yes,Yes,No,No,Yes,No,One year,No,Electronic check,91.18,626.12,Yes
5487-QOQIR,Male,0,Yes,No,13,Yes,Yes,No,No internet service,No internet service,No internet service,No internet service,No internet service,No internet service,Two year,No,Mailed check,23.34,303.91,No
1588-BWSMJ,Female,1,Yes,No,6,Yes,No,No,No internet service,No internet service,No internet service,No internet service,No internet service,No internet service,Month-to-month,Yes,Electronic check,23.58,159.86,No
1647-NYLBQ,Female,0,Yes,No,2,Yes,Yes,No,No internet service,No internet service,No internet service,No internet service,No internet service,No internet service,Month-to-month,Yes,Mailed check,18.58,8.33,No
7157-SZFUN,Male,0,No,No,12,Yes,No,No,No internet service,No internet service,No internet service,No internet service,No internet service,No internet service,One year,Yes,Mailed check,22.73,265.09,No
4515-PTXVS,Female,0,Yes,No,13,Yes,Yes,Fiber optic,Yes,Yes,No,Yes,No,Yes,Month-to-month,No,Bank transfer (automatic),93.98,1181.68,Yes
2128-ANTVM,Female,0,Yes,Yes,49,Yes,No,Fiber optic,Yes,Yes,Yes,Yes,No,Yes,Month-to-month,No,Bank transfer (automatic),101.88,5022.09,Yes
7588-XXQBF,Male,0,No,No,63,Yes,No,Fiber optic,No,No,Yes,No,No,Yes,Two year,Yes,Credit card (automatic),82.63,5206.26,No
8591-VFBVN,Female,1,No,No,33,Yes,Yes,Fiber optic,Yes,No,Yes,No,Yes,No,Month-to-month,Yes,Credit card (automatic),84.35,2821.62,Yes
3257-FESRV,Female,0,No,No,58,No,No phone service,Fiber optic,Yes,No,No,No,No,No,Two year,No,Electronic check,71.99,4148.33,No
8190-CZAIF,Male,0,No,No,46,Yes,Yes,DSL,No,Yes,No,No,No,Yes,Month-to-month,Yes,Electronic check,59.69,2754.72,Yes
7254-ZLNPG,Female,0,Yes,Yes,16,Yes,Yes,DSL,No,Yes,No,No,No,No,One year,No,Credit card (automatic),52.41,833.33,No
5200-WVFSZ,Male,0,Yes,No,37,Yes,Yes,DSL,No,No,No,No,Yes,Yes,Month-to-month,No,Mailed check,56.55,2095.14,No
1837-FRYYQ,Male,0,Yes,Yes,11,Yes,No,Fiber optic,No,Yes,Yes,No,Yes,No,Two year,No,Credit card (automatic),81.38,871.75,No
6739-GBTXM,Female,0,No,No,27,Yes,Yes,Fiber optic,No,Yes,No,No,No,Yes,One year,Yes,Credit card (automatic),82.55,2221.34,Yes
8949-EDFJP,Female,0,No,No,32,Yes,No,DSL,No,Yes,No,No,No,Yes,Month-to-month,No,Mailed check,67.82,2189.6,No
7377-ZZQOI,Female,0,Yes,No,42,Yes,No,No,No internet service,No internet service,No internet service,No internet service,No internet service,No internet service,Month-to-month,Yes,Credit card (automatic),18.25,780.57,No
7653-KGKAN,Female,0,No,No,72,Yes,Yes,No,No internet service,No internet service,No internet service,No internet service,No internet service,No internet service,Two year,No,Mailed check,22.94,1625.95,No
9098-VRLBB,Female,0,No,No,8,No,No phone service,DSL,No,No,Yes,No,No,Yes,One year,Yes,Mailed check,60.6,516.38,No
3630-NYGAQ,Male,0,No,No,27,Yes,No,No,No internet service,No internet service,No internet service,No internet service,No internet service,No internet service,Two year,Yes,Credit card (automatic),18.25,510.04,No
9201-NHULU,Female,0,Yes,No,71,Yes,Yes,DSL,No,No,Yes,No,Yes,Yes,Month-to-month,No,Credit card (automatic),72.04,5122.5,No
6401-TOCBB,Female,0,Yes,Yes,15,Yes,Yes,Fiber optic,Yes,No,No,No,No,No,Two year,Yes,Electronic check,74.56,1067.37,No
3299-DTNYS,Female,1,No,No,11,Yes,Yes,No,No internet service,No internet service,No internet service,No internet service,No internet service,No internet service,Month-to-month,Yes,Electronic check,18.25,208.06,No
7374-YIBFA,Male,0,No,Yes,45,Yes,Yes,DSL,Yes,Yes,Yes,No,No,No,Two year,Yes,Bank transfer (automatic),67.45,3014.57,No
1160-TZPXZ,Male,0,No,No,40,Yes,No,No,No internet service,No internet service,No internet service,No internet service,No internet service,No internet service,Month-to-month,No,Mailed check,18.25,724.71,No
8774-DTFHL,Male,0,No,No,6,Yes,Yes,Fiber optic,No,Yes,Yes,Yes,Yes,No,Month-to-month,Yes,Bank transfer (automatic),85.01,492.76,Yes
2499-TIUAG,Male,0,Yes,Yes,17,Yes,No,No,No internet service,No internet service,No internet service,No internet service,No internet service,No internet service,Month-to-month,No,Mailed check,19.72,277.65,No
9335-IKXVY,Male,1,No,No,10,Yes,No,DSL,No,Yes,Yes,Yes,Yes,Yes,Month-to-month,Yes,Credit card (automatic),80.99,827.84,No
1270-INTQH,Female,0,Yes,No,10,Yes,No,DSL,No,Yes,No,Yes,Yes,Yes,Month-to-month,Yes,Mailed check,68.6,690.38,Yes
4352-JWUPY,Female,0,Yes,Yes,38,Yes,No,Fiber optic,Yes,No,Yes,Yes,Yes,Yes,One year,No,Mailed check,97.28,3689.73,Yes
9391-LOKZD,Male,0,Yes,No,38,Yes,Yes,Fiber optic,No,No,Yes,No,Yes,No,One year,No,Credit card (automatic),82.27,3150.16,No
7841-JEVEP,Male,0,Yes,No,27,Yes,Yes,No,No internet service,No internet service,No internet service,No internet service,No internet service,No internet service,Two year,Yes,Electronic check,23.32,632.46,No
9981-UTBSL,Female,1,Yes,No,8,Yes,Yes,Fiber optic,No,Yes,No,No,Yes,Yes,Two year,Yes,Bank transfer (automatic),86.73,674.87,Yes
6100-FBEWO,Male,1,No,No,10,Yes,No,DSL,No,Yes,Yes,No,Yes,No,One year,Yes,Electronic check,67.06,709.53,Yes
1591-QUNBN,Female,0,No,No,36,Yes,No,Fiber optic,No,No,No,Yes,No,Yes,Month-to-month,Yes,Electronic check,87.13,3158.45,Yes
9171-OPSDH,Male,0,Yes,No,6,Yes,Yes,Fiber optic,No,No,No,No,Yes,No,One year,Yes,Mailed check,74.97,445.29,No
9774-WKPCF,Male,0,Yes,Yes,4,Yes,No,DSL,No,Yes,No,Yes,No,No,Month-to-month,No,Credit card (automatic),62.41,243.6,No
7752-YNVTP,Male,0,Yes,No,18,Yes,Yes,Fiber optic,No,Yes,No,No,Yes,Yes,Month-to-month,No,Mailed check,83.87,1538.36,Yes
8314-NDXYO,Female,1,Yes,No,27,Yes,No,Fiber optic,No,No,No,No,No,No,Month-to-month,No,Electronic check,69.02,1856.14,Yes
4224-LOZOK,Male,0,Yes,No,4,Yes,Yes,Fiber optic,Yes,No,Yes,No,Yes,Yes,Two year,No,Mailed check,96.21,412.03,Yes
3989-ULBUQ,Female,1,No,No,37,Yes,Yes,DSL,No,No,No,Yes,Yes,Yes,Month-to-month,Yes,Mailed check,66.68,2442.65,Yes
4529-ZTZIP,Male,0,No,Yes,24,Yes,No,DSL,No,No,Yes,No,No,No,Month-to-month,Yes,Bank transfer (automatic),58.33,1430.03,Yes
1061-UPESL,Male,0,No,No,9,Yes,No,Fiber optic,No,Yes,Yes,Yes,No,No,Month-to-month,Yes,Mailed check,84.46,757.46,Yes
2529-VFDMV,Female,0,No,Yes,29,Yes,No,Fiber optic,No,No,No,No,No,Yes,One year,Yes,Mailed check,70.85,2070.02,Yes
2934-TSFQV,Male,0,No,No,3,No,No phone service,Fiber optic,No,No,No,No,No,Yes,Month-to-month,No,Credit card (automatic),68.98,205.73,No
1964-WJWMV,Male,0,Yes,Yes,20,Yes,No,DSL,No,Yes,Yes,Yes,No,Yes,One year,Yes,Bank transfer (automatic),73.99,1452.5,No
1986-DOKAE,Male,0,Yes,Yes,20,Yes,No,Fiber optic,No,No,Yes,No,Yes,Yes,Month-to-month,No,Bank transfer (automatic),80.76,1632.62,No
7254-NCINB,Female,0,Yes,No,27,Yes,Yes,DSL,No,Yes,Yes,No,No,Yes,Month-to-month,Yes,Electronic check,64.33,1730.4,No
8042-GEXHZ,Male,0,Yes,No,30,Yes,No,Fiber optic,Yes,No,Yes,No,No,No,One year,Yes,Mailed check,85.66,2525.75,Yes
5360-KMCXI,Male,0,No,No,47,Yes,Yes,DSL,No,No,No,Yes,Yes,No,Month-to-month,No,Electronic check,56.24,2628.63,Yes
3142-POEKT,Female,1,Yes,No,26,Yes,No,Fiber optic,No,Yes,No,Yes,Yes,No,Month-to-month,No,Mailed check,84.47,2169.2,No
7591-MQFJQ,Female,0,Yes,No,6,No,No phone service,Fiber optic,No,Yes,No,No,No,No,Two year,Yes,Electronic check,69.61,456.51,No
9387-EPSJS,Female,0,Yes,No,12,Yes,No,Fiber optic,Yes,No,Yes,No,No,No,Month-to-month,No,Credit card (automatic),82.49,997.54,No
1834-TRQQH,Female,0,Yes,No,72,Yes,Yes,DSL,No,Yes,No,No,No,Yes,Two year,Yes,Electronic check,54.94,3976.19,No
4932-LQSAQ,Female,0,No,No,4,Yes,Yes,No,No internet service,No internet service,No internet service,No internet service,No internet service,No internet service,Month-to-month,Yes,Electronic check,19.88,101.85,No
5006-QOCFC,Male,1,Yes,Yes,72,Yes,Yes,DSL,Yes,No,Yes,No,No,Yes,Month-to-month,Yes,Electronic check,75.75,5423.64,Yes
6529-VDJVE,Male,0,No,No,72,Yes,No,Fiber optic,Yes,No,Yes,No,Yes,No,One year,No,Electronic check,89.93,6493.2,No
2094-VZERC,Female,0,Yes,No,6,Yes,No,Fiber optic,Yes,No,Yes,No,No,No,Two year,Yes,Electronic check,81.55,485.55,No
1522-EVWMZ,Female,0,Yes,No,53,Yes,Yes,No,No internet service,No internet service,No internet service,No internet service,No internet service,No internet service,Month-to-month,Yes,Credit card (automatic),21.98,1130.25,No
6584-AFYCJ,Female,0,Yes,No,37,Yes,Yes,No,No internet service,No internet service,No internet service,No internet service,No internet service,No internet service,Month-to-month,Yes,Mailed check,19.57,734.38,No
5341-FLJXA,Female,0,No,Yes,60,Yes,No,DSL,Yes,Yes,No,No,No,Yes,Two year,Yes,Mailed check,66.35,3980.37,No
6188-LVJRR,Male,0,Yes,No,12,Yes,Yes,No,No internet service,No internet service,No internet service,No internet service,No internet service,No internet service,Two year,Yes,Bank transfer (automatic),22.0,302.21,No
7857-YHMKO,Male,0,No,Yes,37,Yes,Yes,DSL,Yes,No,No,No,Yes,No,One year,No,Electronic check,61.14,2227.41,No
7569-LEPZB,Female,1,Yes,No,15,Yes,Yes,Fiber optic,No,No,No,No,No,No,Month-to-month,Yes,Credit card (automatic),67.49,1048.68,Yes
3204-WDORP,Male,0,No,No,9,Yes,Yes,DSL,No,No,Yes,No,Yes,Yes,Two year,No,Credit card (automatic),68.35,605.84,No
6602-VAKXA,Female,0,No,No,29,Yes,No,Fiber optic,No,No,No,No,No,Yes,Month-to-month,No,Electronic check,76.27,2227.7,Yes
8764-RLPLU,Female,0,No,Yes,46,Yes,No,No,No internet service,No internet service,No internet service,No internet service,No internet service,No internet service,Two year,Yes,Credit card (automatic),18.25,814.24,No
8470-VEOYO,Male,0,Yes,No,43,Yes,Yes,No,No internet service,No internet service,No internet service,No internet service,No internet service,No internet service,Month-to-month,No,Credit card (automatic),20.1,938.55,No
1973-KRCJF,Female,0,Yes,Yes,56,No,No phone service,DSL,No,No,No,Yes,No,Yes,Two year,No,Bank transfer (automatic),58.14,3261.16,No
3206-OQVXK,Female,0,No,No,13,Yes,Yes,Fiber optic,No,No,Yes,Yes,No,Yes,One year,No,Electronic check,89.99,1147.62,No
1383-UPLEX,Female,0,No,No,72,Yes,No,No,No internet service,No internet service,No internet service,No internet service,No internet service,No internet service,Month-to-month,No,Electronic check,22.4,1605.88,No
9240-ZBOML,Male,0,Yes,No,28,Yes,No,Fiber optic,No,Yes,Yes,Yes,Yes,Yes,Month-to-month,Yes,Mailed check,109.82,3038.24,Yes
3743-WNWGJ,Female,0,Yes,No,9,Yes,No,No,No internet service,No internet service,No internet service,No internet service,No internet service,No internet service,Month-to-month,Yes,Bank transfer (automatic),20.74,194.59,No
5689-RWWVO,Male,0,Yes,No,53,Yes,No,DSL,No,No,Yes,Yes,No,Yes,Two year,Yes,Credit card (automatic),68.95,3625.09,No
3237-PINPT,Female,0,Yes,Yes,25,Yes,No,DSL,No,No,No,Yes,Yes,Yes,One year,No,Bank transfer (automatic),73.15,1823.84,Yes
7736-DWGYT,Male,0,Yes,No,16,Yes,No,Fiber optic,Yes,Yes,No,No,No,Yes,Month-to-month,No,Mailed check,87.16,1371.58,Yes
3586-XBNXJ,Female,1,Yes,No,25,Yes,Yes,Fiber optic,No,No,No,No,Yes,Yes,One year,Yes,Bank transfer (automatic),83.13,2109.88,Yes
1861-MUWEQ,Female,0,Yes,Yes,4,Yes,Yes,No,No internet service,No internet service,No internet service,No internet service,No internet service,No internet service,Two year,Yes,Bank transfer (automatic),25.03,140.2,No
8108-JQMRJ,Female,0,No,No,72,Yes,No,DSL,No,No,No,No,Yes,Yes,Month-to-month,Yes,Mailed check,55.05,3963.4,No
4434-OTROZ,Female,0,No,No,40,Yes,Yes,DSL,Yes,Yes,Yes,Yes,Yes,No,Month-to-month,Yes,Mailed check,72.65,2909.29,No
1579-NEHRA,Male,0,No,No,28,No,No phone service,DSL,Yes,No,No,No,Yes,No,Two year,Yes,Bank transfer (automatic),59.03,1652.64,No
1384-YZXRG,Female,0,No,No,21,Yes,No,Fiber optic,No,Yes,No,No,Yes,Yes,Month-to-month,Yes,Electronic check,79.18,1655.69,Yes
1383-EYFJS,Male,0,No,No,58,Yes,No,DSL,No,Yes,No,No,No,Yes,One year,No,Electronic check,58.74,3408.59,No
6087-BKKXE,Female,0,Yes,No,72,Yes,No,DSL,No,No,No,No,Yes,Yes,Two year,No,Mailed check,60.33,4371.57,No
2158-TFPJV,Male,0,No,Yes,8,Yes,No,No,No internet service,No internet service,No internet service,No internet service,No internet service,No internet service,Month-to-month,No,Credit card (automatic),18.71,156.05,No
9307-RXIKY,Female,0,Yes,No,28,Yes,No,Fiber optic,No,No,Yes,No,No,Yes,One year,Yes,Bank transfer (automatic),72.44,2016.9,No
6454-ODCUQ,Male,0,Yes,No,35,Yes,Yes,No,No internet service,No internet service,No internet service,No internet service,No internet service,No internet service,Two year,No,Electronic check,23.7,858.16,No
1540-YTZEW,Female,0,No,Yes,58,Yes,Yes,DSL,Yes,No,No,No,Yes,Yes,One year,Yes,Electronic check,68.18,3941.97,No
4078-IMZYX,Female,0,Yes,No,44,Yes,No,DSL,Yes,No,No,No,Yes,Yes,One year,No,Credit card (automatic),66.48,2893.65,No
9339-DFCOG,Male,1,No,No,37,No,No phone service,Fiber optic,No,No,No,Yes,Yes,Yes,Month-to-month,No,Electronic check,84.73,3111.34,Yes
9779-DQVXH,Male,0,No,Yes,26,Yes,No,DSL,Yes,Yes,Yes,No,No,No,Month-to-month,Yes,Mailed check,68.47,1783.83,No
1747-EXVOX,Female,1,Yes,No,7,Yes,Yes,No,No internet service,No internet service,No internet service,No internet service,No internet service,No internet service,Month-to-month,No,Electronic check,19.79,129.87,Yes
4416-RZBRU,Female,0,Yes,No,29,Yes,No,No,No internet service,No internet service,No internet service,No internet service,No internet service,No internet service,Month-to-month,Yes,Mailed check,20.78,656.88,No
9756-TZGQV,Male,0,No,Yes,21,Yes,No,Fiber optic,No,No,Yes,Yes,Yes,Yes,Month-to-month,Yes,Electronic check,102.21,2147.42,Yes
8655-OFYHF,Male,0,No,Yes,8,Yes,Yes,No,No internet service,No internet service,No internet service,No internet service,No internet service,No internet service,Month-to-month,Yes,Credit card (automatic),20.0,153.47,No
6799-YRVBL,Male,0,No,No,72,Yes,No,No,No internet service,No internet service,No internet service,No internet service,No internet service,No internet service,Two year,Yes,Mailed check,24.8,1819.01,No
6261-UBOKK,Female,0,Yes,No,28,Yes,No,Fiber optic,Yes,No,Yes,No,No,Yes,One year,Yes,Electronic check,88.94,2480.37,No
6785-LPFJJ,Female,0,No,No,44,No,No phone service,DSL,Yes,No,No,Yes,Yes,No,Two year,No,Bank transfer (automatic),67.21,2963.26,No
1480-WFIRV,Male,0,Yes,No,22,Yes,Yes,DSL,No,No,No,No,Yes,Yes,Month-to-month,No,Mailed check,61.85,1405.18,No
8050-NPQMU,Female,0,Yes,Yes,10,Yes,Yes,DSL,No,Yes,No,Yes,No,Yes,One year,No,Credit card (automatic),58.86,601.87,No
9015-ZMDMR,Female,1,No,No,46,Yes,No,No,No internet service,No internet service,No internet service,No internet service,No internet service,No internet service,One year,Yes,Electronic check,22.19,1052.32,No
1566-HYAAA,Female,0,Yes,Yes,72,Yes,No,Fiber optic,Yes,No,Yes,No,Yes,No,Two year,No,Mailed check,92.69,6663.23,No
5217-UGDKX,Male,1,Yes,No,57,Yes,Yes,No,No internet service,No internet service,No internet service,No internet service,No internet service,No internet service,Month-to-month,No,Electronic check,18.25,986.62,No
3050-QCORD,Male,0,Yes,No,38,No,No phone service,Fiber optic,No,No,Yes,No,No,Yes,Month-to-month,No,Electronic check,81.16,3077.67,Yes
3526-YBSSA,Male,0,No,Yes,22,Yes,Yes,No,No internet service,No internet service,No internet service,No internet service,No internet service,No internet service,One year,Yes,Electronic check,20.43,459.66,No
5715-GCCED,Male,0,No,No,33,Yes,No,DSL,Yes,Yes,No,Yes,No,No,Two year,No,Electronic check,66.09,2238.27,No
5739-FAZSZ,Male,0,No,No,45,Yes,Yes,Fiber optic,No,Yes,Yes,No,No,Yes,Month-to-month,Yes,Mailed check,79.96,3570.08,Yes
5636-WOYYR,Male,0,Yes,No,20,Yes,No,DSL,No,Yes,No,No,Yes,Yes,One year,Yes,Credit card (automatic),68.97,1410.72,No
5244-RSPUX,Male,0,Yes,No,44,Yes,Yes,Fiber optic,No,No,Yes,No,No,Yes,Month-to-month,Yes,Credit card (automatic),81.92,3619.73,Yes
9535-EQDKE,Female,0,No,Yes,23,Yes,Yes,Fiber optic,No,No,Yes,Yes,No,No,Two year,Yes,Mailed check,73.38,1696.15,No
7441-DVRHA,Male,0,Yes,No,2,Yes,No,DSL,Yes,Yes,Yes,No,No,No,One year,Yes,Mailed check,68.48,136.0,Yes
2664-ZZEPX,Female,1,Yes,No,11,Yes,Yes,Fiber optic,No,No,No,No,Yes,No,One year,Yes,Credit card (automatic),75.62,847.24,Yes
5117-KXBQO,Male,0,Yes,No,24,Yes,Yes,DSL,Yes,No,No,Yes,Yes,No,One year,No,Bank transfer (automatic),66.84,1612.53,Yes
6250-MVFUT,Female,0,No,Yes,29,Yes,No,Fiber optic,Yes,No,No,No,Yes,No,Two year,Yes,Bank transfer (automatic),84.32,2442.91,No
3784-LQFCY,Male,0,No,No,53,Yes,No,Fiber optic,Yes,Yes,No,No,No,Yes,Month-to-month,Yes,Mailed check,81.57,4311.36,No
2961-UKTBY,Female,0,Yes,No,34,Yes,No,Fiber optic,No,Yes,No,No,Yes,No,One year,No,Electronic check,84.58,2894.91,Yes
5971-KMXGE,Female,0,Yes,Yes,5,Yes,No,Fiber optic,No,No,No,Yes,Yes,Yes,Month-to-month,Yes,Mailed check,93.15,449.56,Yes
8180-ZQFTT,Male,0,No,Yes,45,Yes,Yes,DSL,Yes,No,No,No,No,No,Two year,Yes,Credit card (automatic),50.87,2265.72,No
1447-LGXOO,Female,0,No,Yes,21,Yes,Yes,Fiber optic,No,Yes,Yes,Yes,No,No,Month-to-month,No,Mailed check,83.26,1793.42,Yes
5648-PBWJC,Male,0,Yes,No,7,Yes,No,DSL,No,Yes,No,No,No,Yes,Month-to-month,Yes,Mailed check,62.11,408.47,Yes
7121-BZARZ,Female,0,Yes,Yes,45,Yes,Yes,No,No internet service,No internet service,No internet service,No internet service,No internet service,No internet service,Month-to-month,Yes,Electronic check,20.98,958.77,No
7144-ZDALW,Male,0,No,No,50,Yes,Yes,Fiber optic,Yes,Yes,Yes,No,Yes,Yes,Month-to-month,Yes,Mailed check,103.38,5150.73,Yes
4245-QUVGF,Male,0,No,Yes,31,Yes,No,No,No internet service,No internet service,No internet service,No internet service,No internet service,No internet service,Two year,Yes,Electronic check,23.39,724.09,No
2365-ZQFSZ,Male,1,No,Yes,35,Yes,No,Fiber optic,No,No,Yes,No,No,Yes,Two year,Yes,Mailed check,76.72,2706.42,No
8095-LIYDY,Female,0,No,Yes,30,Yes,Yes,DSL,No,Yes,No,Yes,Yes,No,Two year,Yes,Mailed check,75.53,2267.36,No
2804-IMLLN,Male,0,No,No,43,Yes,Yes,Fiber optic,No,Yes,No,No,No,Yes,Month-to-month,No,Bank transfer (automatic),81.22,3480.44,No
1824-WJBJH,Female,0,Yes,No,24,Yes,No,Fiber optic,No,No,No,Yes,Yes,Yes,Month-to-month,Yes,Credit card (automatic),90.29,2143.25,No
9460-JCTYP,Male,0,Yes,No,2,Yes,No,Fiber optic,No,Yes,No,Yes,No,No,One year,Yes,Bank transfer (automatic),85.56,135.69,No
9357-VLIRQ,Male,0,Yes,No,11,Yes,Yes,Fiber optic,Yes,No,Yes,No,No,Yes,One year,Yes,Credit card (automatic),90.19,1007.4,Yes
1290-IQMZW,Male,0,No,No,13,Yes,No,Fiber optic,No,Yes,No,No,No,No,Two year,No,Credit card (automatic),72.84,979.49,No
2544-HERRO,Female,0,Yes,No,21,Yes,No,Fiber optic,No,No,No,No,No,Yes,Month-to-month,Yes,Electronic check,80.35,1684.6,Yes
1561-IAXBD,Female,0,Yes,Yes,23,Yes,Yes,Fiber optic,Yes,Yes,No,No,Yes,No,One year,Yes,Electronic check,89.28,2022.01,Yes
5009-CLRPN,Male,0,Yes,No,72,Yes,No,DSL,No,Yes,Yes,Yes,No,No,One year,No,Credit card (automatic),70.19,5089.88,No
7236-CVWTN,Female,0,No,Yes,27,Yes,No,Fiber optic,No,No,No,Yes,No,No,One year,Yes,Electronic check,70.91,1866.63,No
5856-PMQHJ,Male,0,No,No,35,Yes,No,Fiber optic,No,Yes,No,No,No,Yes,Two year,Yes,Electronic check,79.55,2787.89,No
2466-PAUGA,Male,0,Yes,No,24,Yes,No,Fiber optic,No,No,Yes,No,Yes,Yes,Two year,Yes,Electronic check,89.55,2139.67,Yes
4136-WCYNO,Female,0,Yes,No,30,Yes,Yes,DSL,No,Yes,No,No,No,Yes,One year,Yes,Mailed check,60.53,1873.8,No
5845-UABND,Male,0,No,No,35,Yes,No,No,No internet service,No internet service,No internet service,No internet service,No internet service,No internet service,Month-to-month,Yes,Mailed check,18.25,643.18,No
8204-SCGZE,Male,0,Yes,No,57,Yes,No,No,No internet service,No internet service,No internet service,No internet service,No internet service,No internet service,Month-to-month,Yes,Electronic check,21.09,1198.77,No
1912-XHNCN,Female,0,No,Yes,56,No,No phone service,DSL,Yes,No,Yes,Yes,Yes,No,One year,No,Bank transfer (automatic),70.94,3959.36,No
1723-PHPLC,Male,0,Yes,No,6,Yes,No,No,No internet service,No internet service,No internet service,No internet service,No internet service,No internet service,Month-to-month,Yes,Electronic check,20.87,154.07,Yes
6952-MDMMG,Female,0,No,Yes,14,Yes,No,No,No internet service,No internet service,No internet service,No internet service,No internet service,No internet service,One year,No,Credit card (automatic),18.25,292.25,No
3010-JZTUF,Female,0,Yes,Yes,21,Yes,Yes,Fiber optic,No,No,No,Yes,No,No,Two year,Yes,Electronic check,70.51,1419.17,Yes
8993-KFOBS,Female,0,No,Yes,53,Yes,Yes,No,No internet service,No internet service,No internet service,No internet service,No internet service,No internet service,One year,No,Electronic check,19.09,1031.22,No
1906-FYYSZ,Female,0,Yes,No,33,Yes,No,Fiber optic,No,No,Yes,Yes,Yes,Yes,One year,Yes,Bank transfer (automatic),96.47,3194.58,Yes
7527-RBKAA,Female,0,Yes,No,23,Yes,No,DSL,No,No,Yes,No,Yes,No,One year,No,Mailed check,61.42,1414.53,Yes
3273-GZUXS,Male,0,No,No,8,Yes,No,DSL,No,Yes,Yes,Yes,No,Yes,One year,Yes,Bank transfer (automatic),73.39,640.39,No
1177-EBWJL,Female,0,No,Yes,46,Yes,Yes,DSL,Yes,No,Yes,Yes,No,No,Month-to-month,Yes,Electronic check,74.7,3464.29,Yes
4323-IMOSU,Female,0,No,No,59,Yes,Yes,Fiber optic,Yes,No,No,No,No,Yes,Two year,No,Mailed check,72.15,4256.24,No
8148-GOUOS,Female,0,No,No,12,Yes,No,DSL,No,Yes,No,No,Yes,Yes,Month-to-month,Yes,Electronic check,65.04,763.37,Yes
8287-ELUXW,Male,0,No,Yes,5,Yes,No,DSL,No,Yes,Yes,Yes,Yes,No,One year,Yes,Credit card (automatic),75.38,327.11,No
1662-CGRLT,Female,0,No,No,25,Yes,No,Fiber optic,No,Yes,No,Yes,No,No,Month-to-month,Yes,Bank transfer (automatic),85.93,2134.71,Yes
5509-VQTLB,Female,0,Yes,No,26,No,No phone service,DSL,Yes,No,No,No,Yes,No,Two year,No,Credit card (automatic),55.36,1403.3,No
1770-UEUJM,Male,0,No,No,71,Yes,Yes,DSL,Yes,No,Yes,No,No,No,One year,No,Bank transfer (automatic),58.04,4147.14,No
3673-NVHTI,Female,1,Yes,No,16,Yes,Yes,Fiber optic,No,Yes,No,Yes,No,No,Month-to-month,Yes,Bank transfer (automatic),76.92,1214.27,Yes
8317-HCSCY,Male,0,Yes,No,14,Yes,Yes,Fiber optic,No,Yes,No,Yes,No,Yes,Month-to-month,Yes,Electronic check,87.26,1201.31,Yes
6358-OEOYG,Male,0,No,No,13,Yes,No,Fiber optic,Yes,Yes,Yes,No,No,No,Month-to-month,No,Electronic check,89.99,1215.06,Yes
2564-NJDYL,Female,1,Yes,Yes,9,Yes,No,Fiber optic,No,Yes,No,No,Yes,Yes,Month-to-month,Yes,Mailed check,82.5,744.24,Yes
6461-QFSVP,Male,0,Yes,Yes,23,No,No phone service,Fiber optic,No,Yes,Yes,No,Yes,Yes,Month-to-month,Yes,Bank transfer (automatic),96.53,2200.48,Yes
1250-VWIRK,Male,0,Yes,No,48,Yes,No,DSL,No,No,No,No,No,No,Month-to-month,Yes,Bank transfer (automatic),47.11,2281.63,Yes
2552-VFNFY,Male,0,No,Yes,50,Yes,Yes,Fiber optic,Yes,Yes,Yes,No,Yes,Yes,Month-to-month,Yes,Credit card (automatic),103.69,5147.39,Yes
3177-BVBXV,Male,1,No,No,10,Yes,No,Fiber optic,No,Yes,No,No,Yes,Yes,Month-to-month,Yes,Mailed check,81.69,800.14,Yes
4323-WLJDK,Female,0,Yes,Yes,55,Yes,No,No,No internet service,No internet service,No internet service,No internet service,No internet service,No internet service,Month-to-month,No,Electronic check,22.17,1218.84,No
1747-MGDVV,Female,0,Yes,Yes,28,No,No phone service,DSL,No,No,No,No,Yes,Yes,Two year,No,Electronic check,59.08,1624.8,No
3651-MFPSH,Female,1,Yes,No,3,Yes,Yes,No,No internet service,No internet service,No internet service,No internet service,No internet service,No internet service,Two year,No,Electronic check,19.34,58.51,No
6950-KMPTW,Male,0,Yes,Yes,44,Yes,No,DSL,No,Yes,No,Yes,Yes,No,Two year,Yes,Mailed check,73.14,3213.91,No
7345-HDZFP,Female,1,Yes,No,57,Yes,Yes,Fiber optic,No,No,Yes,Yes,Yes,Yes,Month-to-month,No,Electronic check,98.77,5645.39,Yes
3110-DTUCE,Female,0,Yes,No,17,Yes,No,Fiber optic,No,Yes,No,No,No,No,Month-to-month,No,Mailed check,68.94,1176.37,Yes
8735-SAKSH,Female,1,No,No,27,No,No phone service,Fiber optic,No,No,No,Yes,No,No,Month-to-month,Yes,Mailed check,71.5,1928.17,Yes
2601-HSRRN,Male,0,No,No,22,No,No phone service,No,No internet service,No internet service,No internet service,No internet service,No internet service,No internet service,Month-to-month,No,Mailed check,18.25,414.26,No
9746-TEPKH,Male,0,Yes,Yes,29,Yes,No,Fiber optic,No,No,No,Yes,Yes,No,One year,Yes,Mailed check,76.25,2202.98,No
8398-ZKRHU,Female,1,Yes,No,22,Yes,Yes,Fiber optic,No,No,No,No,No,No,One year,No,Bank transfer (automatic),66.58,1456.13,No
4544-NXKPN,Female,0,Yes,No,31,Yes,Yes,No,No internet service,No internet service,No internet service,No internet service,No internet service,No internet service,Month-to-month,No,Mailed check,20.76,658.58,No
9838-SPEEK,Male,0,Yes,Yes,2,Yes,Yes,DSL,Yes,Yes,No,No,Yes,No,One year,Yes,Credit card (automatic),68.56,161.22,Yes
7078-RRZDX,Female,0,Yes,No,16,No,No phone service,Fiber optic,Yes,Yes,No,No,No,Yes,Month-to-month,No,Mailed check,84.33,1318.89,No
8225-HTZMG,Male,1,No,No,24,Yes,Yes,Fiber optic,No,Yes,Yes,No,Yes,Yes,Two year,Yes,Electronic check,94.68,2288.48,Yes
3197-RWPLC,Male,0,No,No,41,Yes,No,Fiber optic,Yes,No,No,No,Yes,No,Month-to-month,No,Credit card (automatic),83.24,3406.53,Yes
9571-KBCMW,Female,1,Yes,Yes,2,Yes,Yes,No,No internet service,No internet service,No internet service,No internet service,No internet service,No internet service,Month-to-month,No,Mailed check,22.12,48.33,Yes
4733-HTJQL,Female,0,Yes,Yes,57,No,No phone service,Fiber optic,No,No,No,Yes,Yes,Yes,Two year,Yes,Mailed check,84.75,4865.35,No
6341-AYXFG,Male,0,No,Yes,27,Yes,Yes,DSL,No,Yes,No,No,No,Yes,Two year,Yes,Electronic check,65.52,1751.03,No
6553-OYXAU,Female,0,No,Yes,54,Yes,No,Fiber optic,No,Yes,Yes,No,No,Yes,Month-to-month,No,Credit card (automatic),89.55,4802.53,No
1277-KQZGT,Female,1,Yes,No,35,Yes,Yes,Fiber optic,No,Yes,Yes,No,No,Yes,Month-to-month,Yes,Mailed check,88.45,3076.99,Yes
7342-HKJQU,Male,0,No,No,67,Yes,No,DSL,No,Yes,No,Yes,No,Yes,Month-to-month,Yes,Electronic check,68.89,4627.62,No
5179-ASZCM,Female,0,Yes,No,36,Yes,No,DSL,Yes,No,Yes,No,Yes,No,Month-to-month,Yes,Bank transfer (automatic),68.33,2474.76,Yes
1136-DOZTI,Female,0,No,No,5,No,No phone service,DSL,Yes,No,No,No,Yes,No,Month-to-month,Yes,Electronic check,59.21,327.0,Yes
9129-PZTOA,Female,1,Yes,Yes,42,Yes,Yes,DSL,No,No,No,No,Yes,Yes,Month-to-month,No,Mailed check,53.7,2247.41,No
5802-EHCVG,Female,0,No,No,29,Yes,No,DSL,No,Yes,Yes,No,Yes,Yes,Two year,No,Electronic check,74.89,2202.52,No
5778-BDHCC,Female,0,Yes,No,15,Yes,Yes,Fiber optic,No,No,No,No,Yes,Yes,Two year,No,Bank transfer (automatic),76.94,1147.66,No
2765-TLFXI,Male,0,No,No,30,Yes,No,DSL,Yes,No,No,No,No,No,Month-to-month,No,Bank transfer (automatic),53.76,1580.24,Yes
7590-TXEIC,Male,0,No,No,37,Yes,No,No,No internet service,No internet service,No internet service,No internet service,No internet service,No internet service,Month-to-month,Yes,Bank transfer (automatic),22.92,836.12,No
8952-HJHQM,Female,0,No,No,32,No,No phone service,DSL,No,No,Yes,No,Yes,No,One year,Yes,Electronic check,58.95,1894.97,No
2055-TTOMV,Female,0,No,Yes,7,Yes,Yes,Fiber optic,No,No,No,No,Yes,No,Month-to-month,Yes,Bank transfer (automatic),78.12,624.54,No
6294-VAJZO,Male,0,Yes,No,72,Yes,Yes,DSL,No,No,No,Yes,Yes,No,Two year,Yes,Electronic check,65.0,4655.71,No
2130-ZUFHQ,Male,0,No,No,47,Yes,Yes,DSL,Yes,No,Yes,Yes,Yes,No,Month-to-month,No,Credit card (automatic),70.88,3363.5,No
1417-BCVXQ,Female,0,Yes,No,26,Yes,Yes,DSL,No,Yes,No,No,No,No,Month-to-month,No,Mailed check,53.84,1423.57,Yes
6501-FQUXU,Male,0,No,No,21,Yes,No,Fiber optic,No,Yes,Yes,Yes,No,Yes,Month-to-month,No,Credit card (automatic),89.06,1860.48,No
8468-CCSKY,Male,0,Yes,Yes,68,Yes,No,Fiber optic,No,No,No,No,Yes,No,Month-to-month,Yes,Bank transfer (automatic),75.08,5123.36,Yes
9201-JDQAJ,Female,0,Yes,No,31,Yes,No,Fiber optic,Yes,No,Yes,No,No,Yes,One year,Yes,Electronic check,85.8,2634.11,Yes
3234-POUBH,Female,0,Yes,No,7,Yes,No,Fiber optic,Yes,No,No,No,No,No,Two year,Yes,Credit card (automatic),71.35,473.31,No
9759-AYACU,Female,0,No,Yes,69,Yes,Yes,Fiber optic,Yes,No,Yes,No,Yes,No,Month-to-month,No,Mailed check,85.78,5881.22,No
9848-GGOIK,Female,0,No,Yes,18,Yes,No,No,No internet service,No internet service,No internet service,No internet service,No internet service,No internet service,Month-to-month,Yes,Electronic check,24.82,430.25,No
8359-FBSJG,Male,0,Yes,Yes,7,Yes,No,DSL,No,Yes,No,No,Yes,No,Month-to-month,Yes,Mailed check,54.32,382.28,Yes
5110-CNXSH,Female,0,No,Yes,32,Yes,No,DSL,No,No,No,No,Yes,Yes,One year,Yes,Credit card (automatic),64.77,2023.95,No
3117-IFMLL,Male,0,Yes,No,15,Yes,No,Fiber optic,No,No,No,Yes,Yes,No,Month-to-month,Yes,Electronic check,74.43,1136.97,Yes
4318-ZMPSV,Male,0,Yes,No,24,Yes,Yes,No,No internet service,No internet service,No internet service,No internet service,No internet service,No internet service,Month-to-month,No,Electronic check,20.71,507.42,No
6970-DFKMY,Female,0,Yes,No,36,Yes,No,No,No internet service,No internet service,No internet service,No internet service,No internet service,No internet service,Two year,No,Electronic check,22.75,815.62,No
5743-EKTKM,Female,0,No,No,0,Yes,No,Fiber optic,Yes,Yes,No,Yes,Yes,No,One year,Yes,Bank transfer (automatic),91.43, ,Yes
1373-VPKOV,Female,0,No,No,29,Yes,No,DSL,Yes,Yes,No,No,Yes,Yes,Two year,No,Credit card (automatic),78.6,2319.59,No
9477-NBMTL,Male,0,No,No,59,Yes,Yes,Fiber optic,No,No,Yes,Yes,No,No,One year,Yes,Electronic check,77.93,4587.74,No
5854-URPUA,Female,0,Yes,No,8,Yes,Yes,DSL,Yes,No,No,No,No,Yes,Month-to-month,Yes,Credit card (automatic),61.25,473.26,No
9889-NPNDR,Female,0,Yes,No,1,Yes,No,DSL,No,Yes,Yes,No,No,No,Month-to-month,No,Electronic check,59.57,48.75,Yes
8618-QJVMD,Female,0,No,No,48,Yes,No,DSL,Yes,No,No,No,No,No,One year,Yes,Mailed check,59.78,2872.29,No
4012-KBYZA,Female,0,Yes,No,28,Yes,Yes,No,No internet service,No internet service,No internet service,No internet service,No internet service,No internet service,Month-to-month,No,Bank transfer (automatic),23.59,628.39,No
3437-LSZVO,Male,0,No,No,39,Yes,No,Fiber optic,No,Yes,No,No,Yes,No,Month-to-month,Yes,Credit card (automatic),78.52,3087.02,Yes
2412-XWBBI,Female,0,No,No,18,Yes,Yes,DSL,No,Yes,No,No,No,Yes,Two year,Yes,Credit card (automatic),64.24,1117.7,No
6570-XNDVV,Female,0,Yes,Yes,31,Yes,No,DSL,Yes,Yes,No,No,No,Yes,Two year,No,Electronic check,69.23,2168.67,No
3210-LFFHB,Female,0,Yes,No,69,Yes,Yes,No,No internet service,No internet service,No internet service,No internet service,No internet service,No internet service,Month-to-month,Yes,Credit card (automatic),18.25,1343.54,No
8794-HEDFO,Female,0,No,No,39,Yes,Yes,Fiber optic,No,No,Yes,No,No,Yes,One year,Yes,Credit card (automatic),87.78,3465.72,Yes
1112-XHYDA,Female,0,No,No,9,Yes,Yes,DSL,No,No,No,No,No,Yes,Two year,No,Mailed check,52.29,501.93,No
8403-ZZQPH,Male,0,No,No,55,Yes,Yes,No,No internet service,No internet service,No internet service,No internet service,No internet service,No internet service,Two year,Yes,Bank transfer (automatic),18.31,979.08,No
9812-YKEAG,Male,0,No,No,25,Yes,No,Fiber optic,No,No,Yes,No,No,No,Month-to-month,No,Bank transfer (automatic),72.8,1842.63,Yes
5728-NYUNA,Female,0,Yes,No,2,Yes,No,Fiber optic,Yes,Yes,No,No,Yes,Yes,One year,No,Credit card (automatic),90.55,170.32,No
7773-LHTGH,Female,0,No,No,12,Yes,No,Fiber optic,No,No,Yes,No,Yes,Yes,One year,Yes,Mailed check,90.17,1105.14,Yes
1185-MYQDQ,Female,0,No,No,10,Yes,Yes,Fiber optic,Yes,No,No,No,No,No,Month-to-month,No,Credit card (automatic),70.44,726.18,No
8810-TEMMH,Male,0,No,Yes,24,No,No phone service,DSL,No,No,No,Yes,Yes,Yes,Two year,No,Credit card (automatic),62.14,1482.14,No
5843-NWJGF,Male,0,Yes,Yes,56,Yes,No,DSL,No,No,No,Yes,Yes,No,One year,Yes,Electronic check,60.6,3363.88,No
1078-LCVSE,Female,0,No,Yes,46,No,No phone service,Fiber optic,No,No,No,No,No,No,Month-to-month,Yes,Mailed check,60.41,2770.79,No
1048-SCWKP,Female,1,Yes,No,15,Yes,No,Fiber optic,Yes,No,No,No,No,Yes,Month-to-month,No,Credit card (automatic),85.39,1266.62,Yes
5250-ZYBEW,Male,0,Yes,No,37,Yes,Yes,No,No internet service,No internet service,No internet service,No internet service,No internet service,No internet service,Month-to-month,Yes,Credit card (automatic),21.62,811.79,Yes
1671-FRIJZ,Female,0,No,Yes,17,Yes,No,No,No internet service,No internet service,No internet service,No internet service,No internet service,No internet service,Two year,Yes,Electronic check,18.34,337.64,No
7184-YSAOD,Male,0,No,No,20,Yes,Yes,Fiber optic,Yes,Yes,No,Yes,No,Yes,Two year,Yes,Credit card (automatic),90.56,1808.68,No
9762-MOVQJ,Male,1,No,No,33,Yes,No,Fiber optic,No,No,Yes,No,Yes,Yes,Two year,Yes,Credit card (automatic),81.77,2678.82,No
4544-DMOJZ,Male,0,No,No,8,Yes,Yes,Fiber optic,No,No,No,No,Yes,Yes,Month-to-month,Yes,Bank transfer (automatic),84.25,668.33,No
4840-COIEE,Male,0,Yes,No,22,No,No phone service,DSL,Yes,No,Yes,Yes,No,No,Two year,Yes,Mailed check,75.86,1690.58,No
3370-RKETW,Male,0,No,No,22,Yes,Yes,Fiber optic,Yes,No,No,Yes,Yes,No,Two year,Yes,Credit card (automatic),84.77,1860.59,Yes
7322-IOMJG,Female,0,No,No,14,Yes,No,Fiber optic,No,Yes,No,No,No,No,Two year,No,Electronic check,75.8,1064.96,No
1519-BHZSE,Female,0,No,Yes,36,Yes,No,Fiber optic,Yes,Yes,No,No,Yes,Yes,Month-to-month,Yes,Electronic check,96.22,3467.15,Yes
4410-FVRSA,Female,1,No,Yes,36,Yes,No,No,No internet service,No internet service,No internet service,No internet service,No internet service,No internet service,Month-to-month,No,Electronic check,20.31,697.2,No
1677-UOZAV,Male,1,No,No,11,No,No phone service,DSL,Yes,Yes,Yes,Yes,Yes,No,One year,Yes,Mailed check,85.29,914.64,Yes
5470-VNBXD,Male,1,No,No,7,Yes,No,Fiber optic,No,Yes,No,Yes,Yes,Yes,Month-to-month,Yes,Bank transfer (automatic),95.51,651.05,Yes
9907-BREPB,Male,0,Yes,No,25,Yes,No,No,No internet service,No internet service,No internet service,No internet service,No internet service,No internet service,One year,No,Electronic check,19.28,496.13,No
9276-YAOWT,Female,0,No,No,12,Yes,No,Fiber optic,No,No,No,Yes,No,Yes,One year,No,Electronic check,82.61,982.52,No
1020-TOMTE,Male,0,Yes,Yes,19,Yes,No,DSL,No,No,Yes,No,Yes,No,Month-to-month,Yes,Electronic check,64.47,1261.31,Yes
8201-NTGED,Female,0,Yes,No,0,Yes,Yes,Fiber optic,Yes,No,No,No,Yes,No,Two year,No,Bank transfer (automatic),79.75, ,No
9629-RPXFD,Female,0,No,No,22,Yes,No,No,No internet service,No internet service,No internet service,No internet service,No internet service,No internet service,Two year,No,Mailed check,21.94,531.1,No
6933-NPPML,Female,0,No,No,19,No,No phone service,DSL,Yes,No,Yes,No,Yes,No,Two year,No,Bank transfer (automatic),69.47,1355.25,No
8168-JBVOK,Male,0,No,No,8,No,No phone service,Fiber optic,Yes,No,Yes,No,No,No,Two year,Yes,Electronic check,76.34,643.06,Yes
7146-TTGCQ,Female,1,Yes,Yes,44,Yes,No,Fiber optic,Yes,No,Yes,No,No,No,One year,Yes,Electronic check,81.12,3587.69,Yes
8343-UECYI,Male,1,Yes,Yes,19,Yes,Yes,DSL,Yes,Yes,No,No,Yes,No,Two year,Yes,Electronic check,76.36,1448.58,No
3769-CCKLO,Male,0,No,Yes,27,Yes,Yes,Fiber optic,Yes,No,No,No,Yes,No,Month-to-month,Yes,Electronic check,74.43,2043.25,Yes
2829-MGPSL,Female,0,No,No,43,Yes,No,Fiber optic,No,Yes,Yes,No,Yes,Yes,Two year,No,Mailed check,97.6,4213.02,Yes
4895-KCKTL,Female,0,No,No,38,Yes,No,Fiber optic,No,Yes,No,Yes,Yes,Yes,Month-to-month,No,Electronic check,86.91,3359.52,Yes
9890-QYWCB,Female,0,No,Yes,6,Yes,No,Fiber optic,Yes,Yes,Yes,Yes,Yes,Yes,Month-to-month,No,Credit card (automatic),111.33,676.51,Yes
2019-MECJH,Male,0,No,No,28,Yes,No,DSL,No,No,No,No,Yes,No,Two year,Yes,Mailed check,50.11,1397.06,No
6483-ZODZG,Female,0,No,No,13,Yes,No,DSL,No,Yes,No,No,No,Yes,Two year,No,Credit card (automatic),65.29,852.56,No
5483-BNYHE,Female,0,Yes,No,53,No,No phone service,Fiber optic,Yes,No,No,No,Yes,Yes,Month-to-month,No,Electronic check,86.95,4603.81,Yes
3613-ZAAGQ,Male,0,No,No,72,Yes,Yes,DSL,No,Yes,Yes,No,No,No,Month-to-month,No,Electronic check,58.5,4187.51,No
9521-YVTFZ,Female,1,No,No,58,Yes,Yes,Fiber optic,No,No,No,Yes,Yes,No,Month-to-month,Yes,Mailed check,81.15,4746.49,No
5864-QDLQP,Male,0,Yes,Yes,44,Yes,No,Fiber optic,Yes,No,No,No,No,No,Month-to-month,No,Credit card (automatic),76.98,3381.59,No
6032-JXPBM,Female,0,No,No,24,No,No phone service,DSL,Yes,No,Yes,No,No,No,Month-to-month,Yes,Bank transfer (automatic),56.49,1375.22,Yes
6393-PAVMP,Female,0,No,No,46,Yes,Yes,No,No internet service,No internet service,No internet service,No internet service,No internet service,No internet service,Month-to-month,Yes,Electronic check,18.41,788.66,No
2834-XARZY,Female,0,Yes,Yes,4,Yes,No,Fiber optic,Yes,No,No,Yes,No,Yes,Month-to-month,No,Mailed check,91.03,365.46,Yes
9287-RLTCJ,Female,0,Yes,Yes,15,Yes,No,No,No internet service,No internet service,No internet service,No internet service,No internet service,No internet service,Month-to-month,No,Bank transfer (automatic),18.25,278.84,No
5806-DAGGU,Male,0,No,No,37,No,No phone service,DSL,No,No,Yes,No,Yes,No,Two year,Yes,Electronic check,56.31,2090.94,No
4769-GWWKC,Female,0,No,No,22,Yes,No,No,No internet service,No internet service,No internet service,No internet service,No internet service,No internet service,Two year,Yes,Electronic check,19.2,382.91,No
7358-RPHHE,Female,0,No,No,9,No,No phone service,Fiber optic,No,Yes,Yes,Yes,Yes,No,Month-to-month,Yes,Mailed check,82.85,749.44,Yes
1770-XBZAZ,Male,0,Yes,No,36,Yes,No,No,No internet service,No internet service,No internet service,No internet service,No internet service,No internet service,Two year,No,Mailed check,21.71,749.67,No
8342-ISMXY,Male,1,No,No,66,Yes,Yes,Fiber optic,No,Yes,Yes,No,Yes,Yes,Month-to-month,Yes,Electronic check,94.75,6234.99,No
8016-BJIHE,Female,0,Yes,No,62,Yes,No,No,No internet service,No internet service,No internet service,No internet service,No internet service,No internet service,Month-to-month,Yes,Mailed check,19.66,1220.51,No
5434-DTIAS,Female,0,Yes,Yes,15,Yes,Yes,Fiber optic,No,No,Yes,No,Yes,Yes,One year,Yes,Electronic check,87.07,1305.8,Yes
7359-GFWOJ,Female,1,Yes,No,72,No,No phone service,Fiber optic,Yes,Yes,Yes,No,Yes,No,Two year,Yes,Mailed check,97.29,6986.5,No
3233-GREYP,Female,0,No,No,17,Yes,No,DSL,No,No,Yes,No,No,Yes,Two year,Yes,Credit card (automatic),58.2,991.76,No
2228-EUHTD,Female,0,Yes,Yes,29,Yes,Yes,Fiber optic,No,No,No,No,Yes,Yes,Two year,Yes,Electronic check,80.02,2335.4,Yes
7696-BYBKG,Male,1,Yes,No,51,Yes,No,Fiber optic,Yes,No,Yes,Yes,No,No,Month-to-month,No,Credit card (automatic),88.28,4555.73,Yes
3745-SFKZW,Male,0,Yes,No,2,Yes,No,No,No internet service,No internet service,No internet service,No internet service,No internet service,No internet service,Two year,Yes,Electronic check,18.25,43.41,No
2834-LGOQS,Female,0,No,No,28,Yes,No,Fiber optic,Yes,Yes,No,Yes,No,Yes,Month-to-month,No,Credit card (automatic),91.77,2553.9,Yes
7167-ITRPC,Female,0,Yes,No,12,Yes,No,Fiber optic,No,Yes,No,No,No,No,Month-to-month,No,Credit card (automatic),68.88,867.46,Yes
9111-PQLVU,Female,0,Yes,No,19,Yes,No,No,No internet service,No internet service,No internet service,No internet service,No internet service,No internet service,One year,Yes,Mailed check,19.42,383.97,No
7131-CRURK,Female,0,No,Yes,51,Yes,No,No,No internet service,No internet service,No internet service,No internet service,No internet service,No internet service,Month-to-month,No,Bank transfer (automatic),19.03,998.43,No
9159-KQESC,Female,0,No,Yes,17,Yes,No,No,No internet service,No internet service,No internet service,No internet service,No internet service,No internet service,Two year,No,Bank transfer (automatic),18.25,286.84,No
3007-SDXJO,Female,0,No,No,24,Yes,Yes,DSL,No,No,No,No,No,Yes,Month-to-month,No,Electronic check,50.55,1192.24,No
3830-FLWEQ,Female,0,Yes,No,25,No,No phone service,No,No internet service,No internet service,No internet service,No internet service,No internet service,No internet service,Month-to-month,No,Electronic check,18.58,422.13,No
7616-EJCUA,Male,1,No,No,42,Yes,No,Fiber optic,No,No,No,No,Yes,Yes,Two year,No,Electronic check,78.9,3334.61,No
6404-CJSIK,Female,0,No,No,49,Yes,No,No,No internet service,No internet service,No internet service,No internet service,No internet service,No internet service,Month-to-month,Yes,Electronic check,24.06,1220.99,No
2900-NWBUV,Female,0,No,No,32,Yes,Yes,Fiber optic,Yes,No,No,No,No,Yes,Month-to-month,Yes,Electronic check,82.83,2632.91,No
7203-NSGBX,Male,1,No,Yes,19,Yes,Yes,Fiber optic,Yes,No,No,Yes,No,No,Month-to-month,No,Bank transfer (automatic),82.6,1584.67,No
3938-PETGE,Female,0,Yes,Yes,30,No,No phone service,DSL,No,Yes,No,No,No,Yes,Two year,Yes,Mailed check,56.83,1725.96,No
2251-HZRHZ,Female,0,Yes,Yes,18,Yes,No,DSL,Yes,No,No,Yes,Yes,Yes,Two year,Yes,Electronic check,68.28,1236.24,No
2468-YBKPT,Female,0,Yes,No,72,Yes,No,Fiber optic,Yes,Yes,No,No,Yes,No,Two year,No,Bank transfer (automatic),86.74,6275.21,No
7848-MYOUQ,Female,0,Yes,No,24,Yes,No,DSL,Yes,Yes,No,No,No,No,Month-to-month,No,Credit card (automatic),54.52,1308.39,Yes
3650-MNBCG,Male,0,No,No,57,Yes,Yes,Fiber optic,No,No,No,No,Yes,Yes,One year,Yes,Electronic check,76.4,4336.84,Yes
7999-IRJWM,Male,0,Yes,No,58,Yes,No,DSL,No,Yes,Yes,No,Yes,No,One year,Yes,Mailed check,72.6,4177.01,No
7397-YBTLM,Male,1,No,No,32,Yes,No,DSL,No,Yes,No,No,No,No,Two year,Yes,Electronic check,56.18,1806.27,No
2712-LALWT,Male,0,No,Yes,35,Yes,No,DSL,Yes,No,No,No,Yes,No,One year,No,Bank transfer (automatic),61.63,2126.67,No
7967-QSUPE,Female,0,No,No,35,Yes,No,DSL,No,Yes,No,No,Yes,Yes,Month-to-month,No,Mailed check,67.41,2378.43,Yes
4706-BHPDP,Female,0,Yes,No,40,No,No phone service,DSL,Yes,Yes,Yes,No,No,Yes,Month-to-month,Yes,Bank transfer (automatic),68.38,2724.96,No
8473-KTNXC,Female,1,No,Yes,9,Yes,Yes,Fiber optic,No,Yes,Yes,No,Yes,No,Month-to-month,No,Bank transfer (automatic),95.95,838.35,Yes
8844-NWCXG,Male,0,Yes,No,72,Yes,Yes,Fiber optic,No,Yes,No,No,No,Yes,Month-to-month,Yes,Mailed check,82.29,5935.05,Yes
6061-TNZEU,Male,0,Yes,Yes,30,Yes,Yes,DSL,Yes,No,No,No,No,Yes,Month-to-month,Yes,Mailed check,67.53,2018.4,No
4660-IBGSE,Male,0,Yes,No,66,Yes,No,DSL,No,No,No,No,No,Yes,Month-to-month,Yes,Electronic check,50.26,3325.42,Yes
9293-XREGX,Female,0,Yes,No,30,No,No phone service,No,No internet service,No internet service,No internet service,No internet service,No internet service,No internet service,Month-to-month,No,Electronic check,18.25,540.7,Yes
7580-CPRUI,Male,1,No,No,32,Yes,No,DSL,No,Yes,No,No,Yes,No,Month-to-month,Yes,Electronic check,61.78,1983.09,Yes
4150-NGSBY,Female,0,Yes,No,16,Yes,Yes,Fiber optic,No,No,No,No,Yes,Yes,Month-to-month,No,Electronic check,79.68,1261.36,Yes
8931-EATZH,Female,0,No,No,18,Yes,No,Fiber optic,No,No,Yes,No,Yes,Yes,Month-to-month,Yes,Mailed check,82.82,1461.75,Yes
2051-OGTAW,Female,0,Yes,No,3,Yes,Yes,DSL,No,No,Yes,Yes,No,Yes,Month-to-month,No,Bank transfer (automatic),73.22,185.61,Yes
2037-AWQZH,Male,0,No,No,72,Yes,No,No,No internet service,No internet service,No internet service,No internet service,No internet service,No internet service,Month-to-month,No,Mailed check,18.25,1290.34,No
4834-IUUJL,Male,0,Yes,No,59,Yes,Yes,Fiber optic,Yes,Yes,No,No,No,Yes,One year,No,Mailed check,81.2,4779.22,No
4233-GBGSL,Female,0,No,No,16,Yes,No,No,No internet service,No internet service,No internet service,No internet service,No internet service,No internet service,Month-to-month,No,Mailed check,18.89,329.22,No
8090-RZMDZ,Female,0,Yes,No,28,Yes,Yes,DSL,Yes,No,No,Yes,Yes,Yes,Two year,Yes,Electronic check,72.33,2020.71,No
4793-OWVFG,Male,0,No,No,41,Yes,Yes,Fiber optic,Yes,Yes,Yes,Yes,Yes,No,Two year,No,Credit card (automatic),91.85,3755.8,Yes
2050-CYRXK,Female,0,No,No,10,Yes,Yes,Fiber optic,No,Yes,No,No,Yes,Yes,Two year,No,Mailed check,91.9,896.11,No
6913-UOAAZ,Female,0,No,No,14,Yes,Yes,DSL,No,No,No,No,Yes,Yes,Two year,No,Mailed check,55.41,726.76,No
7188-VMLAD,Male,0,Yes,Yes,25,Yes,No,No,No internet service,No internet service,No internet service,No internet service,No internet service,No internet service,Month-to-month,No,Mailed check,18.8,498.29,No
1004-CRCTR,Male,0,No,Yes,69,Yes,Yes,No,No internet service,No internet service,No internet service,No internet service,No internet service,No internet service,Month-to-month,Yes,Mailed check,20.3,1379.97,Yes
8316-CZEYM,Male,1,No,No,15,Yes,No,Fiber optic,No,Yes,Yes,No,Yes,Yes,Month-to-month,No,Electronic check,101.22,1511.1,Yes
8935-CBEWQ,Male,1,No,No,42,Yes,Yes,No,No internet service,No internet service,No internet service,No internet service,No internet service,No internet service,Month-to-month,Yes,Mailed check,18.3,764.19,No
5865-PHGJA,Male,1,No,No,72,Yes,No,DSL,No,No,Yes,No,Yes,No,One year,Yes,Credit card (automatic),58.9,4232.21,No
6514-SPGKE,Female,0,No,No,59,Yes,Yes,Fiber optic,Yes,Yes,No,No,No,Yes,Two year,Yes,Credit card (automatic),89.68,5360.57,No
9495-WIUEL,Male,0,No,No,8,No,No phone service,DSL,No,No,Yes,Yes,No,Yes,Two year,Yes,Credit card (automatic),69.21,548.06,No
7785-CMOFU,Female,1,No,Yes,18,Yes,No,No,No internet service,No internet service,No internet service,No internet service,No internet service,No internet service,Month-to-month,No,Electronic check,21.65,376.89,No
7534-SOIEE,Female,0,Yes,No,25,No,No phone service,Fiber optic,No,No,No,No,Yes,No,Month-to-month,No,Electronic check,65.07,1643.89,Yes
2719-NMBPV,Male,0,Yes,No,13,Yes,No,No,No internet service,No internet service,No internet service,No internet service,No internet service,No internet service,Two year,Yes,Credit card (automatic),21.19,273.8,No
1267-YCTXY,Male,0,No,No,53,Yes,No,DSL,No,No,Yes,No,Yes,No,Two year,Yes,Bank transfer (automatic),58.4,3062.12,No
5289-XCBAG,Female,0,No,No,8,Yes,No,DSL,No,No,No,No,Yes,Yes,Two year,No,Bank transfer (automatic),63.53,520.63,Yes
4199-TLYTQ,Female,0,Yes,No,15,Yes,No,Fiber optic,No,Yes,No,No,No,No,Month-to-month,No,Electronic check,71.93,1064.41,Yes
4126-DETYT,Female,0,Yes,Yes,35,Yes,No,Fiber optic,No,Yes,No,No,Yes,Yes,Month-to-month,Yes,Electronic check,94.37,3299.22,Yes
5879-UPBUM,Male,0,Yes,Yes,27,Yes,No,DSL,No,No,No,Yes,Yes,No,One year,Yes,Mailed check,65.54,1797.02,Yes
4631-EBKKN,Male,0,Yes,Yes,13,Yes,No,Fiber optic,Yes,No,No,No,No,Yes,One year,No,Electronic check,77.76,1033.65,No
2377-RXWLO,Male,0,No,No,72,Yes,No,DSL,Yes,No,Yes,No,Yes,Yes,Two year,Yes,Mailed check,69.82,5004.13,No
8887-XWLUJ,Female,0,No,No,10,Yes,Yes,Fiber optic,No,No,Yes,No,No,Yes,Two year,No,Credit card (automatic),85.85,868.44,No
4937-ZZGIC,Female,0,Yes,Yes,47,No,No phone service,No,No internet service,No internet service,No internet service,No internet service,No internet service,No internet service,Two year,Yes,Mailed check,18.25,854.34,No
1505-FPWOP,Female,0,Yes,Yes,39,No,No phone service,Fiber optic,No,Yes,No,No,No,Yes,Month-to-month,Yes,Credit card (automatic),78.24,3030.03,No
8683-FWGCS,Female,0,Yes,No,41,Yes,No,Fiber optic,No,No,No,Yes,Yes,Yes,Two year,Yes,Credit card (automatic),89.43,3637.66,No
8289-VZSWG,Male,0,No,No,5,Yes,No,DSL,No,No,Yes,No,Yes,Yes,Month-to-month,Yes,Mailed check,72.13,337.15,No
3921-CJNSY,Female,1,No,No,25,Yes,Yes,DSL,Yes,No,No,Yes,No,No,Two year,No,Credit card (automatic),62.56,1591.99,No
8310-MFMIE,Male,0,Yes,No,32,Yes,Yes,DSL,No,No,No,No,No,No,One year,No,Mailed check,45.18,1363.45,No
5276-JGBIG,Female,1,Yes,No,36,Yes,No,No,No internet service,No internet service,No internet service,No internet service,No internet service,No internet service,Month-to-month,Yes,Mailed check,21.47,745.65,No
3450-HWDDO,Female,0,No,No,23,Yes,Yes,DSL,No,No,Yes,Yes,Yes,No,Month-to-month,Yes,Electronic check,62.2,1452.25,No
1560-ZGECJ,Female,0,No,No,42,Yes,No,No,No internet service,No internet service,No internet service,No internet service,No internet service,No internet service,Two year,No,Bank transfer (automatic),20.76,838.79,No
9124-NUKUG,Male,0,No,Yes,24,Yes,Yes,Fiber optic,No,No,Yes,No,No,No,One year,Yes,Electronic check,71.2,1715.19,No
1824-VZICU,Female,0,No,No,13,Yes,No,No,No internet service,No internet service,No internet service,No internet service,No internet service,No internet service,One year,Yes,Mailed check,18.89,232.43,No
7573-ZECWP,Female,0,No,No,13,Yes,Yes,DSL,Yes,No,No,Yes,No,Yes,One year,Yes,Credit card (automatic),64.55,814.27,No
2372-IKVTL,Male,0,No,No,37,Yes,No,No,No internet service,No internet service,No internet service,No internet service,No internet service,No internet service,Month-to-month,Yes,Credit card (automatic),20.31,713.27,No
2879-JCUCU,Male,0,No,Yes,14,Yes,Yes,No,No internet service,No internet service,No internet service,No internet service,No internet service,No internet service,Month-to-month,No,Electronic check,18.25,241.16,No
7074-PRALO,Female,1,Yes,No,44,Yes,Yes,Fiber optic,No,Yes,No,No,No,Yes,Month-to-month,Yes,Bank transfer (automatic),80.56,3543.5,Yes
1722-MFADD,Male,0,Yes,No,14,Yes,Yes,No,No internet service,No internet service,No internet service,No internet service,No internet service,No internet service,Month-to-month,Yes,Bank transfer (automatic),21.95,289.54,No
3729-SFLEJ,Male,1,Yes,No,9,Yes,Yes,DSL,Yes,No,Yes,No,Yes,Yes,Month-to-month,Yes,Bank transfer (automatic),74.16,677.25,Yes
7275-EWJCL,Male,0,No,No,72,No,No phone service,DSL,No,No,Yes,Yes,Yes,No,Two year,No,Electronic check,63.49,4607.55,No
7639-BDJIO,Male,0,No,Yes,65,No,No phone service,No,No internet service,No internet service,No internet service,No internet service,No internet service,No internet service,One year,No,Bank transfer (automatic),18.25,1226.42,No
8542-OWXTH,Male,0,Yes,Yes,29,Yes,Yes,DSL,No,Yes,Yes,Yes,Yes,No,One year,Yes,Electronic check,75.08,2164.9,No
9543-GKATX,Female,0,No,Yes,18,Yes,No,DSL,Yes,No,Yes,No,Yes,Yes,Month-to-month,Yes,Bank transfer (automatic),73.47,1296.53,No
8968-LNXSV,Male,0,No,Yes,45,Yes,No,Fiber optic,No,No,No,Yes,No,Yes,Month-to-month,Yes,Electronic check,83.64,3754.95,Yes
2450-DJJWT,Female,1,Yes,No,72,No,No phone service,No,No internet service,No internet service,No internet service,No internet service,No internet service,No internet service,Month-to-month,Yes,Electronic check,18.25,1322.0,No
2467-MDOJA,Male,0,No,No,19,Yes,No,No,No internet service,No internet service,No internet service,No internet service,No internet service,No internet service,Two year,Yes,Electronic check,21.68,406.28,No
7539-PYXQR,Male,0,No,No,72,Yes,No,DSL,No,No,No,Yes,Yes,No,Month-to-month,Yes,Bank transfer (automatic),60.87,4396.23,No
3494-OXNHF,Male,1,Yes,No,18,Yes,No,Fiber optic,No,No,No,Yes,Yes,Yes,Month-to-month,No,Mailed check,87.6,1580.83,No
3246-NNVKW,Female,0,No,Yes,6,Yes,No,Fiber optic,No,No,No,No,Yes,Yes,Month-to-month,No,Bank transfer (automatic),81.76,477.29,Yes
3576-CXWFD,Female,0,Yes,No,28,Yes,Yes,No,No internet service,No internet service,No internet service,No internet service,No internet service,No internet service,Month-to-month,Yes,Mailed check,22.93,609.72,No
1451-EWGVO,Male,0,No,No,5,Yes,Yes,DSL,Yes,No,No,No,No,Yes,Two year,Yes,Bank transfer (automatic),65.77,394.08,No
7650-BVUZV,Male,0,No,No,43,Yes,No,DSL,No,No,No,No,Yes,No,One year,Yes,Mailed check,55.42,2387.98,No
7698-JEGDB,Male,0,No,No,8,Yes,Yes,Fiber optic,No,Yes,Yes,No,No,No,One year,Yes,Mailed check,84.38,689.83,Yes
1316-YDAZY,Male,0,No,No,39,Yes,Yes,DSL,Yes,No,Yes,Yes,No,No,Two year,No,Credit card (automatic),61.87,2350.26,No
5128-OVQGS,Female,0,Yes,No,50,Yes,No,Fiber optic,Yes,No,No,No,Yes,No,Two year,No,Electronic check,85.88,4284.7,No
8365-FGQTT,Male,0,Yes,No,72,Yes,No,Fiber optic,No,Yes,Yes,No,No,Yes,Two year,No,Bank transfer (automatic),83.79,5981.73,No
5024-ZECLX,Female,0,No,No,7,Yes,Yes,Fiber optic,No,Yes,No,Yes,No,No,One year,No,Electronic check,79.68,541.66,Yes
7725-PFSPH,Female,1,Yes,No,15,Yes,No,Fiber optic,No,No,Yes,No,Yes,No,Two year,Yes,Bank transfer (automatic),81.31,1194.59,Yes
8292-XJUWD,Female,0,No,No,20,Yes,Yes,Fiber optic,No,No,No,Yes,No,No,Month-to-month,No,Electronic check,73.21,1431.77,No
2790-LDHNW,Female,0,Yes,No,40,Yes,No,Fiber optic,No,Yes,Yes,Yes,No,No,One year,No,Credit card (automatic),88.73,3571.38,No
2625-KFRPS,Male,0,Yes,No,24,Yes,Yes,No,No internet service,No internet service,No internet service,No internet service,No internet service,No internet service,Month-to-month,No,Electronic check,20.13,503.48,No
8135-BELGY,Female,0,No,No,11,Yes,No,Fiber optic,Yes,Yes,No,No,No,Yes,Month-to-month,Yes,Electronic check,90.32,969.53,No
1848-NIBPV,Male,0,No,No,17,Yes,No,Fiber optic,Yes,No,No,Yes,No,No,Month-to-month,Yes,Bank transfer (automatic),85.96,1503.91,No
5638-PULDJ,Female,0,No,No,32,Yes,Yes,Fiber optic,No,Yes,No,No,Yes,No,Month-to-month,No,Electronic check,78.98,2485.51,No
8381-QPTMN,Female,0,No,Yes,19,Yes,No,Fiber optic,No,No,Yes,No,No,Yes,One year,Yes,Credit card (automatic),74.98,1459.89,No
6116-RHTHS,Male,0,Yes,No,72,Yes,No,DSL,Yes,No,No,Yes,No,Yes,Month-to-month,No,Mailed check,69.14,4995.74,No
4943-ZSLCY,Female,0,No,No,36,Yes,No,Fiber optic,Yes,Yes,No,No,No,No,Month-to-month,No,Mailed check,83.63,3016.99,Yes
5365-NQZNA,Male,0,No,No,11,Yes,Yes,No,No internet service,No internet service,No internet service,No internet service,No internet service,No internet service,Month-to-month,No,Mailed check,22.51,254.03,No
4671-MVOMT,Male,0,No,No,26,No,No phone service,Fiber optic,No,No,Yes,No,Yes,No,Month-to-month,No,Credit card (automatic),75.7,2031.52,No
3927-IMMLD,Female,0,Yes,No,42,Yes,No,Fiber optic,No,No,No,No,No,No,Month-to-month,No,Electronic check,64.58,2685.07,Yes
5172-VQIHG,Male,0,No,No,34,Yes,No,Fiber optic,No,No,No,No,No,No,Month-to-month,No,Mailed check,67.54,2311.53,No
2211-POFVO,Female,0,Yes,No,18,Yes,No,Fiber optic,No,No,No,Yes,Yes,No,Month-to-month,No,Electronic check,79.9,1387.76,Yes
8316-TGVZM,Female,1,No,Yes,23,No,No phone service,Fiber optic,No,No,Yes,No,Yes,No,Month-to-month,Yes,Credit card (automatic),75.35,1769.43,Yes
7154-BBDZL,Female,0,Yes,No,25,Yes,No,DSL,No,Yes,No,No,Yes,Yes,Month-to-month,No,Credit card (automatic),69.72,1720.08,Yes
6668-BEGAO,Male,0,No,No,54,Yes,No,DSL,No,No,No,No,No,Yes,Month-to-month,Yes,Mailed check,52.94,2937.42,No
6512-HDQFG,Male,0,No,Yes,43,Yes,Yes,No,No internet service,No internet service,No internet service,No internet service,No internet service,No internet service,Month-to-month,Yes,Bank transfer (automatic),20.38,890.19,No
2951-LXUXR,Female,0,No,No,6,Yes,No,DSL,No,Yes,Yes,Yes,No,No,Month-to-month,Yes,Bank transfer (automatic),59.46,358.14,No
5898-XFTNH,Male,1,No,No,72,No,No phone service,Fiber optic,Yes,No,No,Yes,Yes,Yes,Month-to-month,Yes,Mailed check,97.04,7004.78,No
6588-EFFZY,Female,0,No,No,72,Yes,No,Fiber optic,No,No,Yes,No,Yes,No,Month-to-month,No,Credit card (automatic),76.57,5547.94,Yes
9309-ZRHWL,Male,0,Yes,No,20,Yes,No,DSL,Yes,No,No,Yes,Yes,No,One year,Yes,Mailed check,70.56,1416.04,Yes
1332-JIPIA,Male,0,No,No,39,Yes,No,DSL,No,Yes,Yes,Yes,No,Yes,Two year,Yes,Credit card (automatic),77.79,3061.37,No
9211-XDEOE,Female,1,No,No,72,Yes,No,No,No internet service,No internet service,No internet service,No internet service,No internet service,No internet service,Month-to-month,Yes,Mailed check,18.25,1303.28,No
6462-ROAZP,Female,1,Yes,No,27,Yes,No,Fiber optic,No,Yes,No,No,Yes,No,Two year,Yes,Bank transfer (automatic),75.58,2029.51,No
5060-IGERT,Female,0,Yes,No,32,Yes,Yes,DSL,Yes,No,No,No,Yes,No,Two year,Yes,Mailed check,62.6,1973.16,No
3553-OSQYF,Female,0,No,No,45,Yes,No,DSL,Yes,Yes,No,Yes,No,No,Month-to-month,Yes,Bank transfer (automatic),67.9,3033.56,No
1318-FVEWJ,Male,0,Yes,No,66,Yes,Yes,DSL,No,Yes,No,No,No,Yes,Month-to-month,Yes,Credit card (automatic),53.87,3572.22,No
7174-YIWSJ,Male,0,No,No,4,Yes,No,Fiber optic,No,Yes,No,No,Yes,No,Month-to-month,Yes,Bank transfer (automatic),80.84,307.5,Yes
6675-TFQKQ,Male,0,No,No,27,Yes,Yes,No,No internet service,No internet service,No internet service,No internet service,No internet service,No internet service,Month-to-month,Yes,Electronic check,18.6,528.04,Yes
8470-QNHQM,Female,0,No,No,66,Yes,No,DSL,No,No,No,Yes,Yes,No,Month-to-month,Yes,Bank transfer (automatic),64.31,4275.15,No
6352-FPYIH,Male,0,Yes,Yes,46,Yes,No,Fiber optic,No,No,No,No,Yes,Yes,Month-to-month,No,Bank transfer (automatic),77.43,3528.36,No
4451-NMQEL,Female,0,Yes,No,36,Yes,No,Fiber optic,No,Yes,No,No,Yes,No,One year,Yes,Credit card (automatic),79.25,2879.17,No
8989-AQEVX,Male,0,No,No,32,Yes,No,DSL,No,No,Yes,No,Yes,No,Two year,Yes,Bank transfer (automatic),62.4,2016.89,No
7609-TRXJD,Female,0,Yes,Yes,64,Yes,No,Fiber optic,No,No,No,No,No,No,One year,Yes,Electronic check,66.77,4287.09,No
5318-JIYJN,Female,0,No,Yes,42,Yes,Yes,Fiber optic,Yes,No,Yes,No,Yes,No,Month-to-month,No,Bank transfer (automatic),93.96,3968.9,Yes
3837-UGRCR,Female,0,Yes,Yes,72,Yes,No,Fiber optic,Yes,No,No,Yes,No,No,Month-to-month,Yes,Mailed check,78.93,5683.06,Yes
5458-ZQFKK,Male,0,Yes,No,24,Yes,No,No,No internet service,No internet service,No internet service,No internet service,No internet service,No internet service,Month-to-month,No,Mailed check,20.8,502.4,No
3059-UVMNS,Female,1,Yes,No,2,Yes,No,Fiber optic,No,No,No,No,No,No,Month-to-month,Yes,Electronic check,69.01,177.96,Yes
7678-AXAHT,Male,0,Yes,No,58,Yes,No,DSL,No,No,Yes,Yes,No,Yes,Two year,Yes,Mailed check,67.09,3883.31,No
7982-PNQOS,Male,0,No,No,22,Yes,No,Fiber optic,Yes,Yes,No,Yes,No,No,Two year,No,Credit card (automatic),86.07,1860.02,No
4063-RZBZL,Male,0,No,No,29,Yes,Yes,DSL,Yes,Yes,No,Yes,Yes,Yes,Month-to-month,Yes,Mailed check,86.04,2544.35,Yes
7986-HOJPL,Male,0,No,No,33,Yes,No,DSL,No,No,No,Yes,Yes,Yes,One year,Yes,Bank transfer (automatic),64.63,2142.36,No
6090-FKQCO,Female,0,No,No,18,Yes,No,Fiber optic,No,Yes,No,No,Yes,Yes,Month-to-month,Yes,Bank transfer (automatic),84.26,1552.77,Yes
7851-LEUQB,Male,0,Yes,No,8,Yes,Yes,DSL,Yes,No,No,No,No,Yes,One year,Yes,Electronic check,65.61,535.58,Yes
9230-VNQOT,Male,0,Yes,No,56,Yes,No,Fiber optic,Yes,No,No,Yes,No,No,Month-to-month,Yes,Electronic check,84.91,4759.27,No
5841-ZUEOY,Female,0,No,No,0,Yes,No,DSL,No,Yes,No,Yes,Yes,Yes,Month-to-month,Yes,Electronic check,86.97, ,Yes
1442-FMPZP,Female,0,Yes,No,72,Yes,Yes,No,No internet service,No internet service,No internet service,No internet service,No internet service,No internet service,Month-to-month,Yes,Electronic check,18.25,1382.59,No
6026-SOPII,Female,0,Yes,Yes,29,Yes,No,DSL,Yes,No,Yes,Yes,No,No,Two year,Yes,Electronic check,70.04,2005.12,No
5228-HXSLV,Female,0,Yes,No,2,Yes,Yes,Fiber optic,No,Yes,No,Yes,Yes,No,One year,Yes,Electronic check,85.33,132.32,Yes
3062-RXUQE,Male,0,No,No,62,Yes,Yes,Fiber optic,No,No,No,No,No,No,Month-to-month,No,Bank transfer (automatic),65.08,4031.34,Yes
1864-ZAKWY,Female,1,Yes,No,4,Yes,Yes,No,No internet service,No internet service,No internet service,No internet service,No internet service,No internet service,One year,Yes,Electronic check,23.29,129.69,No
3283-QBETL,Male,0,Yes,No,17,Yes,No,Fiber optic,No,No,No,Yes,Yes,Yes,Month-to-month,Yes,Credit card (automatic),87.82,1472.58,Yes
2624-ECJKB,Male,0,No,No,72,Yes,Yes,No,No internet service,No internet service,No internet service,No internet service,No internet service,No internet service,One year,Yes,Mailed check,20.36,1439.0,No
8401-JMCJQ,Male,0,No,Yes,40,Yes,Yes,Fiber optic,No,Yes,No,No,Yes,Yes,Month-to-month,Yes,Mailed check,97.35,3865.18,Yes
6480-ZHNEX,Female,0,Yes,No,36,Yes,Yes,DSL,No,No,No,No,Yes,Yes,Two year,Yes,Electronic check,59.37,2175.39,No
5094-GRIGO,Male,0,No,No,39,Yes,No,Fiber optic,No,No,Yes,Yes,Yes,No,Month-to-month,Yes,Mailed check,90.0,3530.97,Yes
1202-XEGFQ,Female,0,Yes,No,13,Yes,Yes,Fiber optic,No,No,Yes,Yes,Yes,Yes,Two year,Yes,Electronic check,98.97,1272.3,No
6488-WWUUJ,Male,0,Yes,No,41,Yes,Yes,DSL,Yes,No,Yes,No,Yes,Yes,Month-to-month,No,Electronic check,77.23,3186.5,No
1067-HSIRP,Male,0,Yes,No,37,Yes,No,DSL,Yes,No,No,Yes,Yes,No,Month-to-month,Yes,Mailed check,67.03,2468.58,No
1283-QCRYC,Male,0,Yes,No,25,Yes,No,DSL,Yes,Yes,No,No,Yes,Yes,One year,Yes,Bank transfer (automatic),73.61,1807.41,Yes
7544-FAHPL,Male,1,Yes,No,72,Yes,No,Fiber optic,No,No,No,No,Yes,Yes,Month-to-month,Yes,Credit card (automatic),82.82,6004.33,Yes
8046-EPVBP,Male,0,No,Yes,50,Yes,No,DSL,No,No,No,No,No,Yes,Month-to-month,Yes,Bank transfer (automatic),49.25,2439.99,No
4108-KCHWL,Female,0,Yes,No,10,Yes,No,Fiber optic,Yes,No,No,No,No,No,Month-to-month,Yes,Bank transfer (automatic),71.41,670.38,No
5001-NYGNY,Female,0,No,No,20,Yes,No,Fiber optic,Yes,No,No,No,No,Yes,Two year,No,Bank transfer (automatic),82.7,1636.69,No
4619-JBKKK,Male,0,Yes,No,17,Yes,No,No,No internet service,No internet service,No internet service,No internet service,No internet service,No internet service,Month-to-month,Yes,Mailed check,22.99,403.5,No
6020-JJHIA,Female,0,Yes,Yes,13,Yes,No,No,No internet service,No internet service,No internet service,No internet service,No internet service,No internet service,Month-to-month,Yes,Credit card (automatic),19.31,279.97,No
7581-TZTSO,Male,0,No,Yes,67,Yes,Yes,DSL,No,Yes,No,Yes,Yes,Yes,Two year,Yes,Electronic check,77.06,5171.62,No
2062-RAUNM,Male,0,No,No,20,Yes,No,DSL,Yes,Yes,No,Yes,No,No,Month-to-month,Yes,Electronic check,71.68,1460.68,No
3942-QXTKC,Male,0,Yes,No,51,Yes,No,DSL,No,No,No,No,No,No,Month-to-month,No,Credit card (automatic),44.76,2301.96,Yes
7307-LVDMI,Male,0,Yes,No,42,Yes,No,No,No internet service,No internet service,No internet service,No internet service,No internet service,No internet service,Two year,No,Credit card (automatic),22.96,962.15,No
1841-QGKHN,Male,0,No,No,9,Yes,No,DSL,Yes,Yes,Yes,Yes,No,No,One year,Yes,Electronic check,79.9,683.2,Yes
6000-UCOUC,Female,0,Yes,Yes,67,No,No phone service,Fiber optic,No,No,No,No,No,No,Month-to-month,Yes,Mailed check,61.25,4109.25,No
6777-OBRLR,Male,0,No,No,27,Yes,No,DSL,Yes,Yes,Yes,No,No,Yes,Two year,No,Electronic check,68.08,1831.67,No
9314-MHXCB,Female,0,No,No,20,No,No phone service,Fiber optic,No,No,No,Yes,No,Yes,Two year,No,Mailed check,80.47,1638.4,No
6771-LAMBI,Male,0,Yes,No,7,Yes,No,DSL,Yes,Yes,Yes,No,No,No,Month-to-month,Yes,Mailed check,72.59,479.83,Yes
8885-TDFHX,Female,0,No,No,14,Yes,Yes,Fiber optic,No,Yes,Yes,No,Yes,Yes,Month-to-month,Yes,Credit card (automatic),95.26,1358.47,Yes
5638-VMPMQ,Female,1,Yes,No,11,Yes,Yes,Fiber optic,No,No,No,No,Yes,No,One year,Yes,Electronic check,68.38,704.39,Yes
3072-EBUPW,Male,0,No,No,5,Yes,Yes,No,No internet service,No internet service,No internet service,No internet service,No internet service,No internet service,Two year,Yes,Bank transfer (automatic),18.25,134.53,No
4477-YSXHF,Male,0,No,Yes,39,Yes,No,No,No internet service,No internet service,No internet service,No internet service,No internet service,No internet service,Two year,No,Electronic check,24.53,965.48,No
3798-RGZEC,Female,0,No,Yes,11,Yes,Yes,No,No internet service,No internet service,No internet service,No internet service,No internet service,No internet service,Two year,No,Credit card (automatic),24.48,251.88,No
9472-TNAYS,Female,0,No,No,31,Yes,Yes,DSL,No,Yes,Yes,No,Yes,No,Month-to-month,No,Mailed check,65.37,2035.93,No
3714-GONGE,Female,0,No,No,62,Yes,No,DSL,No,No,No,No,No,No,One year,Yes,Mailed check,44.36,2785.51,No
8552-ZIAYN,Male,0,Yes,Yes,47,Yes,No,DSL,No,Yes,No,Yes,Yes,Yes,One year,Yes,Bank transfer (automatic),83.66,3955.7,No
1918-SJJQJ,Female,0,Yes,No,34,Yes,No,Fiber optic,No,No,Yes,Yes,No,Yes,Month-to-month,No,Credit card (automatic),87.78,2979.34,Yes
5459-WPLTF,Male,1,Yes,No,3,No,No phone service,DSL,Yes,Yes,Yes,Yes,No,Yes,Month-to-month,No,Electronic check,88.62,303.67,Yes
3613-KJJNR,Male,0,Yes,Yes,5,Yes,Yes,DSL,No,No,No,Yes,No,No,Month-to-month,No,Mailed check,50.36,270.34,Yes
3750-OQIZH,Female,0,No,No,16,Yes,No,DSL,Yes,No,Yes,No,No,No,Two year,Yes,Mailed check,56.83,924.95,No
6361-RDIHJ,Male,0,Yes,No,36,No,No phone service,DSL,No,No,Yes,No,No,No,One year,Yes,Credit card (automatic),52.94,1888.1,No
3830-CFRGG,Female,0,No,No,11,Yes,Yes,Fiber optic,Yes,No,No,Yes,No,No,Month-to-month,Yes,Mailed check,78.63,868.58,Yes
3259-GSJOJ,Female,0,Yes,No,11,Yes,No,Fiber optic,Yes,No,No,No,No,Yes,Month-to-month,No,Mailed check,81.16,943.51,Yes
4534-UUYBS,Male,0,Yes,Yes,60,Yes,Yes,DSL,No,Yes,Yes,Yes,No,No,One year,No,Bank transfer (automatic),64.24,3838.12,No
5815-SILFS,Female,0,Yes,No,23,Yes,No,No,No internet service,No internet service,No internet service,No internet service,No internet service,No internet service,Two year,No,Electronic check,20.53,453.03,No
3441-YSMTG,Male,0,No,No,5,No,No phone service,Fiber optic,No,No,Yes,Yes,No,No,One year,Yes,Credit card (automatic),74.51,346.81,Yes
7275-FBNLH,Male,0,Yes,No,37,Yes,No,DSL,No,No,No,No,Yes,No,Two year,Yes,Mailed check,56.01,2086.48,No
6951-XBQTO,Male,0,Yes,Yes,8,Yes,No,No,No internet service,No internet service,No internet service,No internet service,No internet service,No internet service,Month-to-month,No,Mailed check,25.24,194.49,No
8583-BHXQW,Female,0,Yes,No,36,Yes,No,Fiber optic,No,Yes,No,Yes,Yes,Yes,Month-to-month,No,Credit card (automatic),97.93,3478.0,Yes
4219-MTWDG,Male,0,No,No,20,Yes,No,Fiber optic,No,No,No,Yes,No,No,Two year,Yes,Electronic check,74.92,1515.74,Yes
8117-DVXLU,Male,0,Yes,No,28,Yes,Yes,Fiber optic,No,No,No,Yes,Yes,Yes,Month-to-month,No,Mailed check,86.77,2433.76,Yes
6668-CDIZF,Female,0,No,No,11,Yes,Yes,Fiber optic,No,No,Yes,Yes,Yes,Yes,Month-to-month,Yes,Electronic check,93.73,1063.95,No
6261-VDLRO,Female,0,Yes,No,19,Yes,No,No,No internet service,No internet service,No internet service,No internet service,No internet service,No internet service,Month-to-month,No,Credit card (automatic),18.3,339.19,No
6216-NAPJV,Female,1,Yes,No,16,Yes,Yes,DSL,No,No,Yes,Yes,Yes,No,Month-to-month,No,Mailed check,62.15,987.54,Yes
8419-PHTUE,Female,0,No,No,12,Yes,Yes,DSL,No,No,No,No,Yes,Yes,Month-to-month,No,Bank transfer (automatic),58.27,733.93,Yes
6612-PYMCI,Male,0,No,Yes,19,Yes,No,Fiber optic,No,No,No,No,No,Yes,Month-to-month,Yes,Mailed check,76.5,1480.53,Yes
2520-YLEAW,Female,1,No,No,3,Yes,Yes,No,No internet service,No internet service,No internet service,No internet service,No internet service,No internet service,Month-to-month,No,Credit card (automatic),20.49,81.72,No
2176-ERGYL,Female,1,Yes,No,45,Yes,No,Fiber optic,Yes,Yes,Yes,No,Yes,Yes,Month-to-month,Yes,Bank transfer (automatic),97.51,4400.62,Yes
3690-TOVQF,Female,0,No,Yes,43,Yes,No,No,No internet service,No internet service,No internet service,No internet service,No internet service,No internet service,Two year,Yes,Electronic check,19.26,857.52,No
7579-VZIYW,Female,0,No,No,20,Yes,No,DSL,No,Yes,No,No,No,No,Two year,Yes,Mailed check,51.96,1095.19,No
4824-YGOSW,Male,0,No,Yes,21,Yes,Yes,No,No internet service,No internet service,No internet service,No internet service,No internet service,No internet service,Month-to-month,No,Electronic check,21.78,422.41,No
7676-QRSWR,Male,1,Yes,No,19,Yes,No,DSL,No,Yes,No,Yes,Yes,No,Month-to-month,Yes,Mailed check,69.98,1350.66,No
3177-NIVTY,Female,0,Yes,Yes,45,Yes,No,DSL,No,Yes,No,Yes,Yes,Yes,Two year,Yes,Electronic check,79.25,3585.33,No
8759-QPLYQ,Male,0,Yes,No,16,Yes,No,Fiber optic,Yes,No,No,No,No,Yes,Month-to-month,No,Credit card (automatic),88.81,1461.77,Yes
8351-NWVSQ,Male,0,No,No,52,Yes,Yes,DSL,No,No,No,Yes,No,Yes,Month-to-month,Yes,Credit card (automatic),68.56,3614.48,No
8379-KATVC,Male,1,No,No,7,Yes,No,DSL,No,Yes,Yes,No,Yes,Yes,Two year,Yes,Electronic check,70.44,469.72,No
6338-AMFZQ,Female,0,No,No,53,Yes,No,Fiber optic,Yes,Yes,No,Yes,No,Yes,Month-to-month,No,Bank transfer (automatic),102.91,5434.93,No
2651-XNLVD,Female,0,Yes,Yes,2,Yes,No,Fiber optic,No,No,Yes,No,No,Yes,Month-to-month,Yes,Electronic check,81.29,152.23,Yes
6422-BTLLI,Female,0,Yes,Yes,18,Yes,Yes,No,No internet service,No internet service,No internet service,No internet service,No internet service,No internet service,Month-to-month,No,Bank transfer (automatic),21.24,402.42,No
2263-UZUZG,Female,0,Yes,Yes,45,Yes,Yes,No,No internet service,No internet service,No internet service,No internet service,No internet service,No internet service,Month-to-month,Yes,Mailed check,18.25,822.15,No
4673-VUCAQ,Female,0,No,No,51,No,No phone service,No,No internet service,No internet service,No internet service,No internet service,No internet service,No internet service,One year,No,Mailed check,19.2,988.36,No
2124-URSTJ,Female,0,Yes,No,7,Yes,No,Fiber optic,No,No,No,Yes,Yes,No,Two year,Yes,Credit card (automatic),83.16,580.56,No
6313-AYSLG,Male,0,Yes,Yes,38,Yes,Yes,DSL,Yes,No,No,Yes,No,No,Month-to-month,No,Mailed check,53.29,2046.3,No
1906-NNRUE,Female,0,Yes,No,35,Yes,No,No,No internet service,No internet service,No internet service,No internet service,No internet service,No internet service,Two year,Yes,Electronic check,18.25,686.26,No
6225-PJXFB,Male,0,Yes,No,39,Yes,No,Fiber optic,No,Yes,No,No,Yes,Yes,One year,No,Mailed check,92.03,3562.41,No
2517-YRUFC,Male,0,No,No,72,Yes,Yes,Fiber optic,No,No,Yes,Yes,Yes,Yes,Month-to-month,Yes,Bank transfer (automatic),92.23,6647.95,No
9923-JRSNF,Male,0,Yes,No,72,Yes,Yes,Fiber optic,No,Yes,Yes,Yes,Yes,No,Two year,Yes,Electronic check,91.22,6596.52,No
9266-WQZMT,Female,0,No,No,62,Yes,Yes,Fiber optic,No,No,No,Yes,Yes,Yes,Two year,Yes,Electronic check,79.86,4947.96,No
6251-TSAQS,Female,1,No,No,11,Yes,Yes,DSL,No,No,Yes,No,Yes,No,Month-to-month,Yes,Bank transfer (automatic),59.53,621.56,Yes
9233-QEWAX,Female,0,No,No,17,Yes,No,DSL,No,Yes,Yes,Yes,No,No,Month-to-month,No,Electronic check,72.19,1271.62,Yes
3010-NDQOM,Female,1,Yes,No,29,Yes,Yes,DSL,No,Yes,Yes,No,Yes,No,Month-to-month,Yes,Bank transfer (automatic),60.29,1757.5,No
9432-MQXBD,Female,0,No,No,18,Yes,Yes,DSL,No,No,No,Yes,No,No,Month-to-month,Yes,Electronic check,49.55,921.78,Yes
3618-GZVYR,Male,0,No,No,12,Yes,Yes,DSL,No,Yes,No,Yes,No,No,Month-to-month,Yes,Electronic check,64.6,821.07,Yes
2044-TBWGM,Female,0,Yes,No,51,Yes,No,No,No internet service,No internet service,No internet service,No internet service,No internet service,No internet service,One year,No,Electronic check,21.09,1033.49,No
3957-BVRVW,Female,0,No,No,7,Yes,No,No,No internet service,No internet service,No internet service,No internet service,No internet service,No internet service,Month-to-month,No,Credit card (automatic),21.53,152.3,Yes
1031-DUXWL,Female,0,Yes,No,2,Yes,No,DSL,No,No,No,No,No,No,Month-to-month,Yes,Bank transfer (automatic),47.2,98.49,No
8694-UUYLR,Male,0,Yes,No,43,Yes,Yes,DSL,Yes,Yes,Yes,No,No,Yes,One year,No,Electronic check,82.48,3554.53,No
3422-EVDFQ,Male,0,Yes,No,42,Yes,No,No,No internet service,No internet service,No internet service,No internet service,No internet service,No internet service,Month-to-month,No,Electronic check,18.84,797.14,No
3916-BTJKS,Female,0,No,Yes,5,Yes,No,Fiber optic,No,No,No,No,No,Yes,One year,Yes,Electronic check,79.63,436.53,Yes
4704-CFVJV,Male,0,Yes,No,5,Yes,Yes,Fiber optic,No,No,Yes,No,Yes,No,Month-to-month,No,Mailed check,81.44,379.5,Yes
9377-QUTEE,Male,0,Yes,No,24,Yes,No,No,No internet service,No internet service,No internet service,No internet service,No internet service,No internet service,Two year,Yes,Mailed check,21.12,518.31,No
7977-NCEES,Male,0,Yes,Yes,31,Yes,Yes,No,No internet service,No internet service,No internet service,No internet service,No internet service,No internet service,Month-to-month,Yes,Bank transfer (automatic),18.25,507.99,No
6613-YYVDJ,Male,1,Yes,Yes,19,Yes,No,DSL,No,Yes,No,No,No,Yes,One year,Yes,Bank transfer (automatic),61.1,1142.63,Yes
6427-MGQEC,Male,0,Yes,Yes,15,Yes,No,Fiber optic,No,No,Yes,Yes,Yes,No,Two year,No,Credit card (automatic),86.05,1323.99,No
9418-GHTLQ,Female,0,No,No,23,Yes,Yes,Fiber optic,Yes,No,No,Yes,No,No,Month-to-month,Yes,Electronic check,84.65,1949.37,No
3237-SLTKT,Female,0,Yes,Yes,41,Yes,No,No,No internet service,No internet service,No internet service,No internet service,No internet service,No internet service,Two year,Yes,Credit card (automatic),20.96,823.0,No
9134-OVGSO,Female,1,No,Yes,6,Yes,No,Fiber optic,No,Yes,No,No,No,No,One year,Yes,Bank transfer (automatic),76.77,425.04,Yes
5438-GWNPH,Male,0,No,No,27,Yes,Yes,Fiber optic,No,No,No,No,No,No,Month-to-month,Yes,Electronic check,65.16,1761.39,No
5932-HUQWO,Male,0,No,No,12,Yes,No,Fiber optic,Yes,Yes,No,No,Yes,No,Month-to-month,No,Credit card (automatic),96.94,1193.33,No
7675-BKALI,Male,0,No,No,72,Yes,Yes,Fiber optic,Yes,Yes,No,Yes,Yes,No,Month-to-month,No,Credit card (automatic),106.86,7658.94,No
7193-GYKAM,Male,0,Yes,No,29,Yes,No,Fiber optic,No,No,No,Yes,No,No,One year,No,Electronic check,71.5,2104.04,No
3568-OGYEK,Male,0,No,No,70,Yes,Yes,DSL,No,Yes,Yes,No,Yes,Yes,Two year,Yes,Bank transfer (automatic),76.62,5365.73,No
6525-JNYPR,Female,0,Yes,Yes,39,Yes,No,No,No internet service,No internet service,No internet service,No internet service,No internet service,No internet service,Month-to-month,Yes,Mailed check,19.99,728.98,No
2916-EIZGZ,Female,0,Yes,No,72,Yes,Yes,Fiber optic,No,No,No,No,No,No,One year,Yes,Credit card (automatic),64.99,4676.07,No
8688-BXOGM,Female,0,Yes,Yes,23,Yes,No,No,No internet service,No internet service,No internet service,No internet service,No internet service,No internet service,Month-to-month,Yes,Mailed check,20.97,485.63,Yes
7610-UCYUN,Male,1,No,Yes,26,Yes,No,No,No internet service,No internet service,No internet service,No internet service,No internet service,No internet service,Month-to-month,No,Electronic check,23.91,609.85,No
6738-UPBPT,Male,0,No,No,21,No,No phone service,Fiber optic,No,No,No,No,No,Yes,One year,Yes,Electronic check,69.32,1473.91,Yes
7845-WTSNJ,Male,0,Yes,Yes,13,Yes,No,Fiber optic,No,Yes,No,No,No,Yes,Month-to-month,No,Electronic check,82.66,1090.43,Yes
7900-ZXLQR,Male,0,No,Yes,6,Yes,No,No,No internet service,No internet service,No internet service,No internet service,No internet service,No internet service,One year,No,Bank transfer (automatic),26.47,159.78,Yes
8114-YWBOT,Male,0,Yes,No,31,Yes,No,DSL,No,Yes,No,No,Yes,No,Month-to-month,No,Mailed check,49.32,1507.56,No
8384-JORMJ,Male,0,Yes,No,50,Yes,No,Fiber optic,Yes,No,Yes,No,Yes,Yes,One year,Yes,Credit card (automatic),95.91,4809.71,No
6268-MYUGB,Female,0,Yes,Yes,22,No,No phone service,No,No internet service,No internet service,No internet service,No internet service,No internet service,No internet service,Month-to-month,No,Credit card (automatic),18.25,394.15,No
3811-CLDLA,Female,0,No,No,16,Yes,Yes,DSL,No,No,Yes,No,Yes,Yes,Month-to-month,Yes,Bank transfer (automatic),64.49,1038.82,No
4321-LPNEL,Male,0,No,No,69,Yes,Yes,Fiber optic,Yes,No,Yes,No,No,No,One year,No,Mailed check,73.06,5066.7,Yes
4562-PQVIA,Male,0,Yes,No,9,Yes,Yes,DSL,Yes,No,No,No,No,No,Month-to-month,Yes,Mailed check,49.61,449.82,Yes
2130-JHAFA,Male,0,Yes,Yes,25,Yes,Yes,Fiber optic,No,No,No,Yes,Yes,Yes,One year,No,Mailed check,92.31,2319.87,No
8235-IJHRZ,Male,0,No,No,43,Yes,Yes,No,No internet service,No internet service,No internet service,No internet service,No internet service,No internet service,Two year,Yes,Bank transfer (automatic),22.46,995.65,No
9436-MEABU,Female,0,No,No,11,Yes,No,DSL,No,Yes,No,No,Yes,No,Two year,Yes,Mailed check,60.94,699.57,No
7200-CYOPO,Female,0,Yes,No,25,Yes,Yes,DSL,No,No,No,No,No,No,One year,Yes,Credit card (automatic),48.11,1197.42,No
9638-CSCWB,Female,0,No,Yes,51,No,No phone service,DSL,No,No,No,Yes,No,Yes,One year,Yes,Bank transfer (automatic),59.18,2995.26,No
8334-JKXOA,Female,0,No,No,11,No,No phone service,Fiber optic,No,Yes,No,Yes,No,No,Two year,No,Bank transfer (automatic),71.37,771.25,No
6069-SSWYE,Male,0,Yes,Yes,40,Yes,Yes,DSL,Yes,No,No,No,No,No,Two year,Yes,Credit card (automatic),53.57,2171.68,No
7846-JGESS,Male,0,Yes,No,4,Yes,No,Fiber optic,No,Yes,No,No,Yes,No,One year,No,Credit card (automatic),85.22,359.56,No
7649-TKWIB,Male,1,No,No,22,Yes,No,Fiber optic,Yes,No,Yes,No,Yes,No,Month-to-month,Yes,Bank transfer (automatic),85.27,1909.64,Yes
5548-CCWAD,Male,0,Yes,Yes,57,Yes,Yes,Fiber optic,No,Yes,Yes,No,No,Yes,One year,Yes,Electronic check,89.58,5117.48,Yes
8936-UBCXR,Female,0,Yes,Yes,41,Yes,Yes,No,No internet service,No internet service,No internet service,No internet service,No internet service,No internet service,Month-to-month,No,Bank transfer (automatic),22.04,915.74,No
1001-GRPNF,Male,0,No,No,60,No,No phone service,Fiber optic,No,No,Yes,No,Yes,No,Two year,No,Mailed check,82.82,4957.7,No
1417-NQDFS,Male,0,No,No,1,Yes,No,DSL,No,No,Yes,No,Yes,Yes,One year,No,Electronic check,67.02,32.07,Yes
5056-FLMWS,Male,0,No,No,23,Yes,No,No,No internet service,No internet service,No internet service,No internet service,No internet service,No internet service,One year,Yes,Mailed check,19.91,402.02,No
9831-EFSQX,Male,0,No,No,12,Yes,No,Fiber optic,Yes,No,No,No,Yes,No,Month-to-month,Yes,Electronic check,77.35,916.61,Yes
5686-ISFEG,Female,0,Yes,Yes,24,Yes,No,No,No internet service,No internet service,No internet service,No internet service,No internet service,No internet service,Month-to-month,No,Electronic check,21.34,491.34,No
7633-XESGL,Male,0,No,No,53,Yes,Yes,No,No internet service,No internet service,No internet service,No internet service,No internet service,No internet service,Month-to-month,Yes,Bank transfer (automatic),19.85,1035.0,No
2526-NEXAH,Male,0,Yes,No,72,Yes,Yes,DSL,No,Yes,Yes,Yes,Yes,No,Month-to-month,No,Electronic check,74.75,5446.66,Yes
2955-KHKNA,Male,0,No,No,72,Yes,No,DSL,No,Yes,Yes,No,No,No,Month-to-month,Yes,Mailed check,67.59,4849.73,No
2401-LBOLT,Female,1,Yes,No,17,Yes,Yes,Fiber optic,Yes,No,No,Yes,No,Yes,Month-to-month,Yes,Electronic check,79.55,1315.21,No
7448-GLPWG,Female,0,Yes,No,3,Yes,No,DSL,No,No,Yes,No,Yes,No,Month-to-month,Yes,Electronic check,64.1,177.89,Yes
8301-PTCYL,Female,0,Yes,Yes,2,No,No phone service,Fiber optic,Yes,No,No,No,No,No,Month-to-month,Yes,Electronic check,69.42,163.77,Yes
1449-QXOTQ,Male,0,No,Yes,7,Yes,No,No,No internet service,No internet service,No internet service,No internet service,No internet service,No internet service,Two year,No,Bank transfer (automatic),19.18,166.76,No
8600-RUJXA,Male,0,No,No,49,Yes,Yes,Fiber optic,Yes,Yes,No,No,No,Yes,Month-to-month,Yes,Bank transfer (automatic),86.08,4174.4,Yes
9118-HEZTY,Female,0,No,No,36,Yes,No,DSL,Yes,No,No,Yes,No,Yes,Month-to-month,Yes,Electronic check,71.86,2567.53,No
8957-QDVWT,Male,1,Yes,No,37,Yes,No,DSL,Yes,No,No,No,No,Yes,One year,No,Mailed check,57.79,2118.1,No
7379-IZSOP,Male,1,Yes,Yes,23,Yes,Yes,Fiber optic,No,Yes,No,Yes,Yes,No,Month-to-month,No,Electronic check,92.55,2153.61,No
9806-LZELB,Female,0,No,No,17,No,No phone service,No,No internet service,No internet service,No internet service,No internet service,No internet service,No internet service,Month-to-month,Yes,Bank transfer (automatic),20.22,319.8,No
2263-EUEEL,Male,0,Yes,No,68,Yes,Yes,No,No internet service,No internet service,No internet service,No internet service,No internet service,No internet service,Month-to-month,Yes,Bank transfer (automatic),22.66,1518.24,No
7948-JURNR,Male,0,No,No,1,Yes,No,DSL,Yes,No,No,No,No,Yes,Two year,Yes,Mailed check,58.3,45.97,No
2575-ZJHVK,Female,0,No,No,8,No,No phone service,DSL,No,Yes,No,Yes,No,Yes,One year,No,Electronic check,71.53,582.6,No
3319-HQIAL,Male,0,No,No,42,Yes,No,No,No internet service,No internet service,No internet service,No internet service,No internet service,No internet service,Month-to-month,No,Electronic check,20.86,839.38,No
4328-TLVEL,Male,0,Yes,No,18,Yes,No,No,No internet service,No internet service,No internet service,No internet service,No internet service,No internet service,Two year,Yes,Mailed check,18.89,308.21,No
4775-TDJNU,Male,0,No,No,48,Yes,Yes,DSL,No,No,Yes,No,Yes,No,One year,No,Bank transfer (automatic),63.11,3035.8,Yes
8340-ZXJYR,Female,0,No,No,44,Yes,No,DSL,Yes,No,No,Yes,Yes,No,Month-to-month,Yes,Electronic check,72.0,3136.5,No
1413-FEIID,Male,0,No,No,41,Yes,No,Fiber optic,Yes,Yes,No,Yes,No,No,Two year,No,Bank transfer (automatic),90.27,3777.11,No
6690-FMNSM,Male,0,No,Yes,39,Yes,Yes,DSL,No,No,Yes,No,No,Yes,Month-to-month,Yes,Credit card (automatic),59.4,2291.7,No
3651-MCDIT,Female,1,Yes,No,51,Yes,Yes,Fiber optic,No,No,Yes,No,No,Yes,Two year,No,Credit card (automatic),82.46,4219.77,No
3366-TARXH,Female,0,No,No,51,Yes,No,DSL,No,No,Yes,No,No,Yes,Month-to-month,No,Electronic check,64.42,3304.87,Yes
5215-LDWXS,Female,0,Yes,No,26,Yes,Yes,No,No internet service,No internet service,No internet service,No internet service,No internet service,No internet service,Month-to-month,Yes,Mailed check,19.59,505.02,No
5791-HTYVR,Male,0,No,Yes,20,Yes,Yes,DSL,No,No,Yes,No,No,Yes,One year,No,Credit card (automatic),68.23,1345.36,No
7815-PWOQW,Male,0,No,Yes,34,Yes,Yes,DSL,No,Yes,No,Yes,No,Yes,Month-to-month,No,Bank transfer (automatic),68.63,2358.24,No
9734-XMDSV,Female,0,No,Yes,62,Yes,Yes,DSL,No,Yes,No,No,No,Yes,Month-to-month,Yes,Bank transfer (automatic),60.15,3748.39,No
1850-BMWBG,Female,0,Yes,Yes,12,Yes,No,DSL,Yes,No,No,Yes,No,Yes,Two year,Yes,Mailed check,69.15,837.58,No
8764-GBKRJ,Male,0,No,Yes,22,Yes,Yes,Fiber optic,No,No,Yes,No,Yes,Yes,Month-to-month,No,Electronic check,96.73,2123.15,Yes
7362-VIGMS,Female,0,Yes,Yes,16,Yes,Yes,DSL,No,No,No,No,Yes,No,Month-to-month,Yes,Electronic check,55.69,911.6,No
4641-LYPCD,Male,0,Yes,Yes,10,Yes,No,DSL,Yes,Yes,Yes,Yes,No,No,Month-to-month,Yes,Bank transfer (automatic),86.06,862.25,Yes
9049-KIHLH,Female,0,No,Yes,17,Yes,Yes,No,No internet service,No internet service,No internet service,No internet service,No internet service,No internet service,Month-to-month,Yes,Mailed check,24.06,441.35,No
2332-MYORR,Female,1,No,No,7,Yes,Yes,Fiber optic,Yes,No,Yes,Yes,No,Yes,Month-to-month,Yes,Mailed check,91.77,684.81,Yes
5047-WMTKT,Male,0,Yes,No,6,Yes,No,Fiber optic,Yes,No,Yes,No,No,No,Month-to-month,Yes,Credit card (automatic),83.64,536.31,Yes
5167-IIVAE,Female,0,No,No,72,Yes,No,DSL,Yes,No,Yes,Yes,No,No,Month-to-month,Yes,Credit card (automatic),65.49,4711.17,No
7188-ISFBR,Female,0,No,No,9,No,No phone service,No,No internet service,No internet service,No internet service,No internet service,No internet service,No internet service,Month-to-month,Yes,Electronic check,18.25,206.67,No
7107-TLVNT,Male,0,No,No,40,Yes,Yes,No,No internet service,No internet service,No internet service,No internet service,No internet service,No internet service,One year,Yes,Credit card (automatic),19.78,811.95,No
5489-EOIRG,Male,0,No,Yes,72,Yes,No,Fiber optic,Yes,No,No,No,No,Yes,Month-to-month,Yes,Electronic check,78.49,5633.06,Yes
8921-SISBT,Female,0,No,No,58,Yes,No,No,No internet service,No internet service,No internet service,No internet service,No internet service,No internet service,Two year,Yes,Bank transfer (automatic),20.55,1168.6,No
9889-VRDGK,Male,0,Yes,No,39,Yes,No,No,No internet service,No internet service,No internet service,No internet service,No internet service,No internet service,Month-to-month,Yes,Electronic check,25.88,1018.6,Yes
3943-KFOKG,Male,1,Yes,No,44,Yes,No,No,No internet service,No internet service,No internet service,No internet service,No internet service,No internet service,One year,Yes,Electronic check,18.91,854.04,No
1100-BYGIY,Male,0,No,Yes,16,Yes,Yes,No,No internet service,No internet service,No internet service,No internet service,No internet service,No internet service,Two year,No,Mailed check,21.95,316.07,No
8203-WZLUR,Female,0,No,No,59,Yes,No,Fiber optic,Yes,Yes,No,No,No,No,One year,Yes,Electronic check,82.13,4905.49,No
9978-KYOFS,Male,0,Yes,Yes,72,Yes,No,Fiber optic,No,No,Yes,Yes,No,No,Month-to-month,Yes,Credit card (automatic),84.69,6069.58,Yes
2960-RIJFL,Female,1,Yes,Yes,19,Yes,Yes,No,No internet service,No internet service,No internet service,No internet service,No internet service,No internet service,Month-to-month,Yes,Electronic check,18.25,342.01,Yes
4362-SSSKT,Male,0,No,No,5,Yes,No,Fiber optic,No,No,No,No,No,No,Two year,No,Credit card (automatic),65.04,316.13,Yes
3844-LWLJL,Male,0,No,Yes,50,No,No phone service,Fiber optic,No,No,No,No,No,Yes,Two year,Yes,Bank transfer (automatic),69.66,3472.94,Yes
3107-CVMPD,Female,0,No,No,72,Yes,No,DSL,No,Yes,No,Yes,No,No,One year,Yes,Mailed check,58.11,4192.79,No
7100-MTAUL,Male,0,No,Yes,10,No,No phone service,DSL,Yes,No,No,Yes,No,Yes,Month-to-month,No,Electronic check,62.48,618.25,Yes
2445-SYDIX,Male,0,No,No,1,Yes,Yes,DSL,No,No,No,No,No,Yes,One year,No,Credit card (automatic),56.95,78.5,No
7083-WKQBF,Male,0,No,No,22,Yes,No,DSL,Yes,Yes,No,Yes,No,No,Two year,Yes,Bank transfer (automatic),57.67,1256.11,No
2298-EWEXC,Female,0,Yes,No,15,Yes,Yes,Fiber optic,Yes,Yes,No,No,Yes,Yes,Month-to-month,Yes,Electronic check,93.88,1419.87,Yes
7929-DOHQM,Male,0,No,No,30,Yes,Yes,Fiber optic,No,No,No,No,Yes,Yes,Two year,No,Electronic check,80.6,2416.0,No
8475-IGKGJ,Male,0,No,No,13,Yes,Yes,Fiber optic,No,Yes,Yes,Yes,No,Yes,Month-to-month,No,Credit card (automatic),96.89,1260.36,No
8661-BBINO,Male,0,No,Yes,21,Yes,No,Fiber optic,No,No,No,Yes,No,No,Two year,Yes,Bank transfer (automatic),71.63,1518.96,No
1656-KSTVA,Male,0,Yes,No,9,Yes,No,No,No internet service,No internet service,No internet service,No internet service,No internet service,No internet service,One year,No,Bank transfer (automatic),18.88,154.42,No
8900-GZMWE,Male,1,No,No,2,No,No phone service,DSL,Yes,No,No,No,No,Yes,Two year,Yes,Electronic check,60.44,109.01,No
5758-IATXQ,Female,0,No,No,24,Yes,No,No,No internet service,No internet service,No internet service,No internet service,No internet service,No internet service,Two year,Yes,Electronic check,21.61,547.56,No
5087-SEBQG,Male,1,Yes,No,43,Yes,No,DSL,No,Yes,Yes,No,Yes,No,Month-to-month,Yes,Mailed check,66.96,2874.96,Yes
6083-TCAEA,Male,0,No,No,7,No,No phone service,DSL,No,No,Yes,No,No,No,Two year,No,Electronic check,49.93,340.42,No
2853-MMOTL,Female,0,No,No,72,Yes,Yes,Fiber optic,No,No,Yes,No,Yes,No,Month-to-month,No,Bank transfer (automatic),80.99,5841.19,No
5468-FKFIZ,Female,0,No,No,37,Yes,Yes,No,No internet service,No internet service,No internet service,No internet service,No internet service,No internet service,Month-to-month,No,Credit card (automatic),18.25,672.86,No
1495-NUKKQ,Male,0,No,No,16,Yes,No,DSL,No,No,Yes,No,Yes,Yes,Month-to-month,Yes,Mailed check,72.36,1145.17,Yes
3810-FSJNC,Male,0,Yes,Yes,66,Yes,No,DSL,No,No,No,No,Yes,No,One year,No,Credit card (automatic),50.68,3347.96,No
7843-DDMYM,Male,0,No,No,51,Yes,No,DSL,No,Yes,Yes,No,Yes,No,Month-to-month,Yes,Bank transfer (automatic),70.01,3599.96,Yes
9703-VGRAM,Female,1,Yes,No,41,Yes,Yes,Fiber optic,Yes,No,Yes,Yes,No,No,Two year,No,Electronic check,96.12,3928.02,No
2038-ZJNLU,Male,0,No,Yes,29,Yes,No,DSL,Yes,Yes,Yes,Yes,No,No,Two year,No,Mailed check,80.23,2320.22,No
3428-RPQLZ,Male,1,No,Yes,17,Yes,Yes,DSL,No,Yes,Yes,No,No,Yes,Two year,Yes,Mailed check,62.45,1069.57,No
6849-XHFZO,Male,0,No,No,34,Yes,No,Fiber optic,Yes,No,No,Yes,No,No,Month-to-month,Yes,Credit card (automatic),76.02,2598.57,No
2696-VBAUF,Male,0,No,Yes,29,Yes,No,Fiber optic,No,No,Yes,Yes,No,No,Month-to-month,Yes,Credit card (automatic),79.42,2307.51,No
2740-UCAQS,Male,0,No,No,63,Yes,Yes,Fiber optic,No,Yes,No,Yes,No,No,Two year,No,Electronic check,79.73,5023.17,No
3086-TXWMY,Male,0,Yes,Yes,39,Yes,No,No,No internet service,No internet service,No internet service,No internet service,No internet service,No internet service,One year,No,Mailed check,18.25,717.15,No
1505-KBTFZ,Female,0,Yes,No,20,Yes,Yes,No,No internet service,No internet service,No internet service,No internet service,No internet service,No internet service,Two year,No,Electronic check,19.52,376.55,No
8080-RZOPF,Female,0,Yes,Yes,19,Yes,No,DSL,Yes,Yes,Yes,No,Yes,No,Month-to-month,No,Electronic check,66.28,1264.08,Yes
7709-TFCQO,Female,0,No,No,13,No,No phone service,DSL,Yes,Yes,No,No,Yes,Yes,Month-to-month,Yes,Bank transfer (automatic),61.99,797.18,Yes
3782-TSCDM,Female,0,No,Yes,30,No,No phone service,No,No internet service,No internet service,No internet service,No internet service,No internet service,No internet service,Two year,No,Electronic check,18.25,558.62,No
5342-QMXZX,Male,0,No,Yes,17,Yes,Yes,Fiber optic,No,No,Yes,No,No,No,Two year,Yes,Bank transfer (automatic),74.53,1292.48,No
7699-ZYHIZ,Female,1,Yes,Yes,8,Yes,Yes,Fiber optic,Yes,Yes,No,Yes,No,Yes,Month-to-month,No,Credit card (automatic),91.2,707.15,Yes
4655-RQTRO,Female,0,No,Yes,48,Yes,Yes,Fiber optic,No,Yes,Yes,No,No,Yes,Two year,Yes,Electronic check,85.04,4093.48,No
1178-SNTVZ,Female,0,Yes,No,16,Yes,Yes,No,No internet service,No internet service,No internet service,No internet service,No internet service,No internet service,Month-to-month,No,Electronic check,20.92,342.75,No
4322-DOHOB,Female,0,No,Yes,21,Yes,Yes,No,No internet service,No internet service,No internet service,No internet service,No internet service,No internet service,One year,No,Mailed check,20.63,427.61,No
1499-LRLLH,Male,0,No,No,72,Yes,Yes,DSL,No,No,No,No,No,Yes,Month-to-month,Yes,Electronic check,51.68,3727.35,No
4551-SWIIB,Male,1,No,No,53,Yes,No,DSL,No,Yes,No,No,Yes,No,Two year,No,Bank transfer (automatic),57.14,3049.77,No
5539-YBFUN,Male,0,No,Yes,38,Yes,Yes,Fiber optic,Yes,No,No,No,Yes,No,Two year,Yes,Bank transfer (automatic),78.83,3006.6,No
4573-FVASU,Male,0,Yes,Yes,30,Yes,No,DSL,Yes,No,Yes,Yes,Yes,No,Two year,Yes,Mailed check,72.49,2136.16,No
1177-VQSDG,Male,0,Yes,No,72,Yes,No,No,No internet service,No internet service,No internet service,No internet service,No internet service,No internet service,Month-to-month,Yes,Electronic check,22.56,1565.84,No
1655-OCPOS,Male,0,No,No,21,Yes,No,DSL,Yes,No,Yes,No,No,No,One year,No,Mailed check,62.97,1299.16,No
3799-BCPQU,Male,0,No,No,13,No,No phone service,Fiber optic,No,No,Yes,No,Yes,No,Month-to-month,Yes,Bank transfer (automatic),78.03,1055.57,Yes
9081-TDYIZ,Female,0,Yes,No,63,Yes,Yes,No,No internet service,No internet service,No internet service,No internet service,No internet service,No internet service,One year,No,Credit card (automatic),18.68,1209.96,No
2309-JSZKL,Female,0,Yes,Yes,38,Yes,Yes,No,No internet service,No internet service,No internet service,No internet service,No internet service,No internet service,Two year,Yes,Electronic check,20.12,772.47,No
1810-VUCPE,Female,0,No,No,10,Yes,Yes,Fiber optic,No,No,Yes,Yes,Yes,Yes,Two year,Yes,Credit card (automatic),103.23,1001.67,No
9533-NUSCL,Male,0,Yes,No,38,Yes,No,Fiber optic,Yes,Yes,No,No,Yes,Yes,Month-to-month,Yes,Electronic check,98.16,3750.08,Yes
5863-ZCTDI,Female,0,Yes,Yes,5,Yes,No,Fiber optic,No,No,No,No,No,No,Month-to-month,No,Electronic check,66.59,310.25,Yes
2536-RGXXF,Female,1,Yes,No,54,Yes,No,No,No internet service,No internet service,No internet service,No internet service,No internet service,No internet service,Month-to-month,Yes,Bank transfer (automatic),20.68,1084.18,Yes
1925-ROEDS,Female,0,No,No,31,Yes,No,DSL,No,No,No,No,Yes,No,Two year,Yes,Mailed check,55.25,1713.48,No
7178-GLTCO,Female,1,Yes,No,35,Yes,No,Fiber optic,No,Yes,Yes,No,No,No,One year,No,Electronic check,84.42,2956.06,Yes
5125-HRYGY,Male,0,Yes,No,36,Yes,Yes,Fiber optic,Yes,No,Yes,No,No,No,Month-to-month,Yes,Mailed check,78.6,2839.47,Yes
7101-VFUBO,Male,0,Yes,Yes,38,Yes,No,No,No internet service,No internet service,No internet service,No internet service,No internet service,No internet service,One year,No,Credit card (automatic),23.55,897.08,No
4632-REWZK,Female,0,Yes,No,25,Yes,Yes,Fiber optic,Yes,No,Yes,No,No,Yes,Month-to-month,No,Bank transfer (automatic),96.21,2410.78,Yes
5802-NNTWV,Female,0,No,No,27,Yes,No,No,No internet service,No internet service,No internet service,No internet service,No internet service,No internet service,One year,No,Bank transfer (automatic),18.25,483.25,No
7817-XRKHC,Male,0,Yes,No,17,No,No phone service,Fiber optic,No,No,Yes,No,No,Yes,Month-to-month,No,Bank transfer (automatic),80.26,1366.75,No
9696-LXDIF,Male,0,Yes,No,30,Yes,No,DSL,No,Yes,Yes,No,Yes,No,One year,No,Mailed check,67.39,2034.91,No
8647-ORLFB,Male,1,No,No,25,Yes,No,No,No internet service,No internet service,No internet service,No internet service,No internet service,No internet service,Month-to-month,Yes,Electronic check,18.25,482.82,Yes
5723-PEBOK,Male,0,No,No,28,Yes,No,DSL,No,No,No,No,Yes,No,Month-to-month,Yes,Bank transfer (automatic),55.54,1561.24,No
1323-SSBSR,Female,0,Yes,Yes,7,Yes,No,No,No internet service,No internet service,No internet service,No internet service,No internet service,No internet service,Month-to-month,No,Credit card (automatic),18.25,118.32,No
2712-EAEZD,Female,0,Yes,No,15,Yes,No,Fiber optic,Yes,No,Yes,No,Yes,Yes,Two year,Yes,Bank transfer (automatic),96.18,1450.68,No
8208-TFKRP,Male,0,No,No,23,Yes,Yes,Fiber optic,No,No,No,No,Yes,Yes,Month-to-month,Yes,Electronic check,78.72,1838.98,Yes
8877-MHKWF,Male,0,No,Yes,9,Yes,No,No,No internet service,No internet service,No internet service,No internet service,No internet service,No internet service,Month-to-month,No,Bank transfer (automatic),26.44,263.97,No
1490-ZFWIA,Male,0,No,Yes,4,Yes,Yes,No,No internet service,No internet service,No internet service,No internet service,No internet service,No internet service,Month-to-month,No,Mailed check,18.25,53.12,No
2466-STNWU,Male,0,Yes,Yes,30,Yes,Yes,No,No internet service,No internet service,No internet service,No internet service,No internet service,No internet service,Month-to-month,No,Bank transfer (automatic),19.7,618.37,No
5736-SAUUN,Female,0,No,No,10,Yes,Yes,Fiber optic,No,No,No,No,No,Yes,Month-to-month,No,Credit card (automatic),73.0,730.22,Yes
4987-ITUTB,Female,0,Yes,Yes,15,Yes,Yes,Fiber optic,No,No,No,No,No,Yes,Month-to-month,No,Credit card (automatic),76.11,1132.01,No
2853-MSNNQ,Female,0,Yes,No,34,No,No phone service,Fiber optic,Yes,No,Yes,No,No,No,Month-to-month,Yes,Electronic check,76.79,2599.07,Yes
4943-TSRQA,Male,0,No,No,47,Yes,Yes,Fiber optic,No,No,No,No,Yes,Yes,One year,No,Mailed check,83.83,3913.96,No
4926-BZOKZ,Female,0,No,No,18,Yes,No,DSL,Yes,Yes,No,No,No,Yes,One year,Yes,Credit card (automatic),66.65,1218.23,Yes
5484-FDXDL,Female,0,Yes,Yes,54,No,No phone service,No,No internet service,No internet service,No internet service,No internet service,No internet service,No internet service,Month-to-month,No,Electronic check,18.25,1002.01,No
4408-XHFFP,Male,0,Yes,No,64,Yes,Yes,Fiber optic,No,No,Yes,No,Yes,No,Two year,Yes,Electronic check,80.66,5151.64,No
8002-DNNSQ,Female,0,No,No,24,Yes,No,DSL,No,Yes,No,No,Yes,No,Month-to-month,Yes,Electronic check,60.88,1453.28,Yes
3024-BQYJW,Female,0,Yes,No,24,Yes,No,No,No internet service,No internet service,No internet service,No internet service,No internet service,No internet service,Two year,No,Bank transfer (automatic),19.19,483.22,No
8620-TQEGK,Female,0,Yes,Yes,14,No,No phone service,Fiber optic,No,No,No,No,No,Yes,Month-to-month,No,Bank transfer (automatic),75.7,1044.64,No
3094-UAGJT,Male,0,Yes,No,29,Yes,Yes,No,No internet service,No internet service,No internet service,No internet service,No internet service,No internet service,Two year,Yes,Electronic check,23.38,718.69,No
8756-MJRUZ,Male,0,Yes,No,47,Yes,No,DSL,Yes,No,No,No,Yes,Yes,Two year,Yes,Bank transfer (automatic),71.03,3360.98,Yes
9708-WSKED,Male,0,No,No,61,Yes,Yes,No,No internet service,No internet service,No internet service,No internet service,No internet service,No internet service,Month-to-month,No,Bank transfer (automatic),18.25,1125.36,No
2430-VFSXY,Male,0,Yes,No,11,Yes,No,Fiber optic,No,Yes,No,No,No,Yes,One year,No,Bank transfer (automatic),78.57,853.82,No
8290-KVKCT,Male,0,No,No,25,Yes,No,DSL,No,No,No,No,No,No,Month-to-month,Yes,Electronic check,43.8,1054.0,No
9905-IMJLA,Female,0,No,No,41,Yes,Yes,Fiber optic,No,Yes,No,No,No,Yes,Month-to-month,Yes,Electronic check,84.63,3494.1,Yes
4648-ROXXZ,Male,0,Yes,Yes,4,Yes,No,Fiber optic,Yes,No,Yes,No,No,Yes,Month-to-month,Yes,Electronic check,85.88,367.48,Yes
6034-GELLB,Male,0,No,No,0,Yes,No,DSL,Yes,No,No,Yes,Yes,Yes,One year,Yes,Mailed check,79.79, ,No
7198-EKZVM,Female,1,Yes,No,24,Yes,Yes,Fiber optic,No,No,No,No,Yes,No,Month-to-month,Yes,Electronic check,68.75,1634.2,No
5973-ODIGB,Female,0,No,No,11,No,No phone service,Fiber optic,Yes,Yes,No,No,No,No,One year,Yes,Bank transfer (automatic),73.14,768.65,No
8543-RUIVE,Male,0,No,No,9,Yes,Yes,Fiber optic,No,Yes,No,Yes,No,No,Month-to-month,Yes,Electronic check,86.63,795.75,Yes
5148-VCSQD,Female,1,No,No,11,Yes,No,DSL,Yes,Yes,Yes,No,No,No,Two year,No,Mailed check,65.07,765.63,No
6311-OSBKP,Male,1,Yes,No,12,Yes,No,DSL,No,No,No,No,No,No,Two year,Yes,Electronic check,48.44,590.32,No
6074-DCCBF,Male,0,No,No,34,Yes,No,Fiber optic,No,Yes,No,Yes,No,Yes,One year,Yes,Electronic check,97.12,3317.23,Yes
7482-WMYEC,Female,1,No,No,2,Yes,Yes,Fiber optic,No,Yes,Yes,No,No,No,One year,Yes,Electronic check,82.59,150.88,Yes
6260-PIOSQ,Male,0,Yes,No,32,Yes,No,DSL,Yes,Yes,Yes,No,No,No,One year,Yes,Electronic check,72.26,2289.93,No
4944-XKGYF,Male,0,Yes,No,19,Yes,No,Fiber optic,No,No,No,No,No,No,Month-to-month,No,Mailed check,72.19,1383.49,Yes
5701-KRGSK,Male,0,Yes,No,6,Yes,Yes,DSL,No,No,No,No,Yes,No,Month-to-month,Yes,Mailed check,58.38,331.38,Yes
4063-FVRNW,Female,0,Yes,No,38,Yes,No,Fiber optic,No,No,Yes,Yes,No,No,Month-to-month,Yes,Electronic check,79.76,3000.17,Yes
4373-UALBJ,Male,0,Yes,Yes,33,Yes,Yes,No,No internet service,No internet service,No internet service,No internet service,No internet service,No internet service,Month-to-month,No,Credit card (automatic),20.62,719.86,Yes
5048-LFMLH,Female,0,No,No,13,No,No phone service,DSL,No,No,Yes,No,No,No,Month-to-month,No,Bank transfer (automatic),54.7,698.57,No
2582-ALHLE,Male,0,No,No,37,Yes,Yes,Fiber optic,Yes,Yes,Yes,No,Yes,Yes,Month-to-month,No,Credit card (automatic),101.24,3738.68,Yes
2375-EYQVP,Female,0,Yes,No,58,Yes,No,DSL,No,Yes,No,No,No,No,One year,Yes,Mailed check,57.52,3281.19,No
9144-PDZHY,Male,0,No,No,2,Yes,No,Fiber optic,Yes,No,Yes,No,No,Yes,Month-to-month,No,Bank transfer (automatic),91.49,186.57,Yes
8313-FQFED,Male,0,No,No,10,No,No phone service,No,No internet service,No internet service,No internet service,No internet service,No internet service,No internet service,Month-to-month,No,Electronic check,18.25,159.42,Yes
3761-OEGFX,Female,1,No,No,43,Yes,No,Fiber optic,Yes,Yes,Yes,No,Yes,No,Month-to-month,Yes,Mailed check,102.36,4427.36,Yes
9001-VSYXT,Female,0,No,No,21,Yes,No,No,No internet service,No internet service,No internet service,No internet service,No internet service,No internet service,One year,No,Credit card (automatic),18.65,387.11,No
4785-TZWAM,Male,0,No,No,17,Yes,No,Fiber optic,No,Yes,Yes,No,No,No,Two year,Yes,Mailed check,83.38,1420.02,Yes
5175-IHGZY,Male,0,No,No,41,No,No phone service,DSL,Yes,No,Yes,No,Yes,Yes,One year,Yes,Bank transfer (automatic),69.31,2798.11,No
9236-XVEXR,Male,0,Yes,No,15,No,No phone service,Fiber optic,No,Yes,No,No,Yes,No,One year,Yes,Mailed check,74.77,1125.64,Yes
9806-ZDEVN,Male,0,Yes,No,42,Yes,No,DSL,No,No,No,No,No,No,Month-to-month,Yes,Credit card (automatic),44.71,1901.07,Yes
8173-JXITL,Female,0,No,Yes,8,Yes,Yes,Fiber optic,No,No,No,No,Yes,Yes,Month-to-month,No,Mailed check,91.04,756.51,No
2393-WUPUS,Male,0,Yes,Yes,24,Yes,No,DSL,Yes,Yes,No,Yes,No,No,One year,No,Credit card (automatic),70.1,1726.84,No
8252-XGYPG,Female,0,Yes,No,47,Yes,No,DSL,Yes,Yes,No,No,Yes,Yes,Two year,Yes,Electronic check,76.29,3600.05,No
2747-NQSVZ,Male,0,Yes,No,5,Yes,No,DSL,No,Yes,No,No,Yes,No,Month-to-month,No,Electronic check,55.12,287.73,Yes
8426-BTKAD,Male,0,Yes,No,12,Yes,No,Fiber optic,No,Yes,No,No,No,No,One year,Yes,Credit card (automatic),68.43,845.31,No
2320-OHHCG,Male,0,Yes,No,17,Yes,Yes,No,No internet service,No internet service,No internet service,No internet service,No internet service,No internet service,Month-to-month,No,Mailed check,21.84,351.65,No
1935-DJHQK,Male,0,No,No,72,Yes,Yes,Fiber optic,No,No,No,Yes,No,Yes,Month-to-month,Yes,Electronic check,78.78,5683.49,Yes
2926-ATWCM,Male,1,Yes,Yes,31,Yes,Yes,DSL,No,No,No,Yes,Yes,Yes,One year,No,Electronic check,72.91,2267.67,Yes
3429-FYPHP,Female,0,No,Yes,6,Yes,No,Fiber optic,No,Yes,No,No,Yes,No,One year,Yes,Mailed check,83.8,528.46,No
6335-WHFVL,Male,0,No,No,72,Yes,No,DSL,No,Yes,No,No,Yes,Yes,Month-to-month,Yes,Bank transfer (automatic),69.58,5021.55,Yes
3052-CPUJW,Female,1,No,No,72,Yes,No,DSL,Yes,No,No,Yes,Yes,No,Month-to-month,Yes,Electronic check,68.65,4920.85,No
8664-FYKSK,Male,0,Yes,No,29,Yes,No,Fiber optic,Yes,Yes,No,Yes,No,No,Month-to-month,No,Mailed check,89.35,2586.84,Yes
3545-JQJSR,Male,1,Yes,No,72,Yes,Yes,Fiber optic,Yes,Yes,Yes,Yes,No,No,Month-to-month,No,Electronic check,94.03,6730.75,Yes
6641-XJCRQ,Male,0,No,No,14,Yes,No,DSL,No,Yes,No,No,Yes,No,Two year,Yes,Mailed check,54.05,753.98,No
2843-LFHIC,Male,0,No,No,19,Yes,Yes,Fiber optic,No,No,No,Yes,Yes,No,Month-to-month,Yes,Credit card (automatic),78.68,1480.36,Yes
7679-RWQKE,Female,0,Yes,No,10,Yes,No,Fiber optic,No,Yes,No,No,Yes,Yes,One year,Yes,Mailed check,83.01,847.63,Yes
2549-ZXDZF,Female,0,No,No,42,Yes,No,Fiber optic,No,Yes,No,No,Yes,Yes,Two year,Yes,Mailed check,93.16,3984.39,No
9003-QZBES,Female,1,No,No,72,Yes,Yes,Fiber optic,Yes,No,No,No,No,No,Month-to-month,Yes,Credit card (automatic),78.49,5668.8,No
5041-PGRFC,Female,0,Yes,No,52,Yes,No,DSL,No,Yes,No,No,No,No,Month-to-month,No,Bank transfer (automatic),52.59,2720.52,No
7126-FHIEB,Male,1,No,No,11,No,No phone service,DSL,Yes,Yes,Yes,No,Yes,Yes,Two year,No,Bank transfer (automatic),76.73,863.43,No
8433-FPXMZ,Male,0,No,Yes,15,Yes,No,Fiber optic,No,No,Yes,No,Yes,Yes,Two year,Yes,Electronic check,84.71,1233.53,No
1860-JUXVX,Female,1,No,No,48,No,No phone service,No,No internet service,No internet service,No internet service,No internet service,No internet service,No internet service,Two year,No,Mailed check,20.01,952.28,No
7421-IASAV,Male,1,Yes,No,10,Yes,No,Fiber optic,Yes,No,No,No,Yes,Yes,Month-to-month,No,Credit card (automatic),97.75,984.63,No
8205-OZPMI,Male,0,Yes,No,24,Yes,No,DSL,No,Yes,No,No,Yes,Yes,One year,Yes,Electronic check,66.79,1616.29,No
9888-NKYOS,Female,1,Yes,Yes,4,Yes,No,DSL,No,Yes,No,Yes,Yes,Yes,Two year,No,Electronic check,72.36,317.12,No
7289-EBXTL,Female,0,Yes,No,19,Yes,No,Fiber optic,Yes,No,No,Yes,Yes,No,Month-to-month,Yes,Electronic check,85.5,1657.43,Yes
5831-JWDDF,Female,0,Yes,No,29,Yes,No,No,No internet service,No internet service,No internet service,No internet service,No internet service,No internet service,Two year,Yes,Bank transfer (automatic),18.25,510.52,No
1727-KBMPD,Male,0,No,No,30,Yes,No,No,No internet service,No internet service,No internet service,No internet service,No internet service,No internet service,Month-to-month,Yes,Mailed check,21.26,611.35,No
6996-YFUNX,Female,0,No,No,38,Yes,No,DSL,No,Yes,No,No,Yes,No,Month-to-month,Yes,Credit card (automatic),57.18,2180.27,No
4222-WVQSH,Male,0,Yes,Yes,71,Yes,Yes,Fiber optic,Yes,No,Yes,Yes,Yes,No,Month-to-month,Yes,Mailed check,86.37,6088.45,Yes
3487-MKIFH,Male,0,No,No,55,Yes,No,Fiber optic,No,Yes,No,No,Yes,Yes,Two year,Yes,Bank transfer (automatic),83.34,4590.91,No
1710-BAQZN,Male,0,Yes,No,51,Yes,No,DSL,No,No,No,No,Yes,No,One year,Yes,Bank transfer (automatic),50.63,2535.69,No
4641-HIYKL,Female,0,Yes,No,46,Yes,No,Fiber optic,Yes,Yes,No,No,No,Yes,Two year,Yes,Bank transfer (automatic),83.71,3855.53,No
8500-GJRXF,Female,0,No,No,30,Yes,Yes,Fiber optic,No,No,No,Yes,No,No,Two year,No,Credit card (automatic),74.69,2238.36,No
5682-JOOIZ,Female,0,No,Yes,24,Yes,No,Fiber optic,Yes,No,Yes,Yes,No,Yes,One year,No,Electronic check,102.76,2475.14,No
7149-NTGOC,Male,0,Yes,No,57,Yes,Yes,Fiber optic,No,No,No,No,Yes,No,Month-to-month,Yes,Electronic check,75.86,4333.97,Yes
2274-PQKVQ,Male,1,No,No,47,Yes,Yes,Fiber optic,Yes,No,Yes,No,Yes,Yes,Two year,Yes,Bank transfer (automatic),92.27,4349.11,No
4212-JTCXR,Male,1,No,No,13,Yes,No,Fiber optic,Yes,No,No,Yes,Yes,Yes,One year,No,Mailed check,92.7,1229.9,No
6353-GTKIW,Female,1,No,Yes,40,Yes,Yes,Fiber optic,Yes,Yes,No,No,Yes,No,Month-to-month,Yes,Mailed check,93.25,3771.25,Yes
1806-YFDTY,Male,0,No,No,30,Yes,No,DSL,No,No,Yes,No,Yes,Yes,Month-to-month,Yes,Electronic check,67.66,2047.5,Yes
2669-SIIMH,Male,0,Yes,No,36,Yes,Yes,DSL,Yes,No,No,No,No,Yes,Month-to-month,No,Electronic check,62.1,2200.08,No
2974-PQPKJ,Female,1,Yes,Yes,63,Yes,Yes,Fiber optic,Yes,Yes,No,No,Yes,Yes,Two year,Yes,Credit card (automatic),98.69,6263.42,No
5312-SWCZT,Male,0,No,No,14,No,No phone service,No,No internet service,No internet service,No internet service,No internet service,No internet service,No internet service,Two year,Yes,Mailed check,18.66,275.39,No
1688-FPOCI,Female,0,No,No,13,Yes,No,DSL,Yes,No,No,No,No,Yes,Month-to-month,Yes,Bank transfer (automatic),57.54,745.11,No
2847-VQEDH,Male,0,Yes,Yes,33,Yes,Yes,Fiber optic,Yes,No,Yes,Yes,Yes,Yes,Two year,No,Electronic check,109.79,3583.97,No
5793-TLUBE,Female,0,Yes,No,15,Yes,No,Fiber optic,Yes,Yes,No,No,No,No,Month-to-month,No,Mailed check,81.35,1153.03,Yes
1585-VYVXP,Male,0,Yes,No,5,Yes,Yes,Fiber optic,No,No,Yes,Yes,No,Yes,Month-to-month,Yes,Electronic check,89.1,453.18,Yes
2953-YANNJ,Male,0,Yes,No,9,Yes,No,DSL,No,Yes,Yes,No,No,No,One year,No,Mailed check,63.4,581.14,No
3751-OWKIE,Male,0,Yes,No,72,Yes,No,Fiber optic,Yes,Yes,Yes,No,No,No,Two year,No,Electronic check,86.84,6263.14,No
6418-TSJRK,Male,0,No,No,28,Yes,Yes,Fiber optic,Yes,Yes,No,No,Yes,Yes,Month-to-month,Yes,Credit card (automatic),101.46,2854.8,Yes
5026-QETFS,Female,0,Yes,Yes,41,Yes,No,DSL,No,Yes,Yes,No,Yes,Yes,Month-to-month,Yes,Electronic check,70.28,2905.25,No
6448-HMGJM,Male,0,No,No,22,Yes,Yes,DSL,No,No,No,No,No,Yes,Two year,No,Credit card (automatic),58.31,1282.29,No
7209-BIPTW,Male,0,Yes,No,58,Yes,Yes,Fiber optic,No,Yes,No,No,Yes,Yes,Month-to-month,No,Electronic check,91.04,5249.02,No
8191-KEMWN,Female,0,Yes,Yes,2,Yes,Yes,DSL,No,No,No,Yes,No,Yes,Two year,No,Credit card (automatic),58.71,84.52,No
9164-PVJXP,Male,0,No,No,72,Yes,No,No,No internet service,No internet service,No internet service,No internet service,No internet service,No internet service,Month-to-month,Yes,Credit card (automatic),19.13,1375.34,No
7039-YVKEB,Female,0,Yes,No,28,Yes,Yes,Fiber optic,Yes,No,Yes,No,No,No,One year,Yes,Bank transfer (automatic),77.59,2171.79,Yes
4842-RWZFX,Female,0,Yes,Yes,15,Yes,Yes,DSL,Yes,No,No,Yes,Yes,Yes,Month-to-month,Yes,Bank transfer (automatic),77.54,1144.42,No
6547-TESYH,Male,0,No,No,71,Yes,Yes,DSL,Yes,No,No,No,No,Yes,Month-to-month,No,Mailed check,63.74,4508.77,Yes
3799-QGXDK,Female,1,Yes,No,39,Yes,No,DSL,No,Yes,No,Yes,Yes,Yes,Two year,Yes,Credit card (automatic),66.38,2625.1,No
9184-MUIRM,Male,0,Yes,No,25,Yes,Yes,Fiber optic,No,Yes,No,Yes,No,Yes,One year,No,Electronic check,83.48,2103.76,Yes
5305-DRWSE,Male,0,No,Yes,6,Yes,No,Fiber optic,Yes,No,Yes,No,No,Yes,Two year,Yes,Electronic check,83.36,509.12,No
9322-YEIBF,Male,1,Yes,No,25,Yes,Yes,Fiber optic,Yes,No,Yes,Yes,No,Yes,Month-to-month,No,Bank transfer (automatic),92.23,2318.38,Yes
3740-HXREE,Female,0,No,No,31,Yes,Yes,DSL,No,No,Yes,No,Yes,Yes,Month-to-month,Yes,Bank transfer (automatic),62.06,1924.13,Yes
2280-PDLJJ,Female,0,Yes,No,34,Yes,No,Fiber optic,Yes,Yes,Yes,No,No,No,Month-to-month,Yes,Electronic check,86.34,2942.49,Yes
9738-LHFQB,Male,0,Yes,No,13,Yes,No,DSL,Yes,No,Yes,No,Yes,Yes,Two year,Yes,Mailed check,75.0,964.32,No
8041-YLJCM,Female,0,Yes,No,14,Yes,No,DSL,Yes,Yes,No,Yes,No,Yes,Two year,No,Bank transfer (automatic),73.63,1063.1,No
7106-JZQAC,Male,0,No,No,8,Yes,No,No,No internet service,No internet service,No internet service,No internet service,No internet service,No internet service,Two year,No,Mailed check,20.17,147.13,No
7235-BZNFD,Female,0,Yes,Yes,15,Yes,No,No,No internet service,No internet service,No internet service,No internet service,No internet service,No internet service,Two year,No,Electronic check,23.53,368.17,No
4984-SMPAE,Female,0,No,Yes,44,No,No phone service,Fiber optic,No,No,Yes,No,No,Yes,One year,No,Electronic check,82.36,3675.19,Yes
2286-BWCZC,Female,0,No,Yes,72,Yes,Yes,DSL,Yes,No,No,No,No,No,One year,Yes,Mailed check,53.96,3943.32,No
2341-JBAWQ,Female,0,No,No,22,Yes,Yes,No,No internet service,No internet service,No internet service,No internet service,No internet service,No internet service,Month-to-month,No,Mailed check,18.25,430.8,No
5908-JEJZO,Female,0,Yes,No,35,Yes,No,Fiber optic,No,Yes,Yes,Yes,No,No,Two year,Yes,Bank transfer (automatic),84.65,3030.22,No
4236-AINVO,Male,1,No,No,8,Yes,No,DSL,No,No,Yes,No,Yes,Yes,Month-to-month,Yes,Credit card (automatic),65.86,523.21,No
1227-QQADR,Female,0,No,Yes,8,Yes,No,Fiber optic,No,Yes,No,No,Yes,No,Month-to-month,No,Electronic check,86.82,723.83,Yes
7448-KZFXB,Female,0,Yes,No,56,Yes,No,DSL,Yes,No,Yes,No,No,No,Month-to-month,Yes,Electronic check,57.76,3232.67,No
8520-WQZEC,Female,0,No,Yes,1,Yes,No,DSL,Yes,Yes,No,No,Yes,No,Month-to-month,Yes,Bank transfer (automatic),70.71,123.13,Yes
2708-AIQIO,Male,0,No,Yes,40,Yes,No,Fiber optic,No,No,Yes,Yes,Yes,No,Month-to-month,Yes,Mailed check,87.18,3513.84,Yes
4773-ROCDS,Female,0,No,No,41,Yes,Yes,DSL,No,Yes,Yes,No,Yes,No,Month-to-month,Yes,Electronic check,69.14,2848.42,No
1224-DDLGB,Male,0,No,No,57,Yes,Yes,Fiber optic,No,No,Yes,Yes,Yes,No,Month-to-month,Yes,Electronic check,86.73,4996.99,Yes
4527-SENAQ,Male,0,Yes,No,36,Yes,Yes,Fiber optic,No,Yes,No,Yes,Yes,Yes,Month-to-month,No,Electronic check,90.27,3182.68,Yes
5098-AQSWA,Female,1,Yes,No,6,Yes,No,No,No internet service,No internet service,No internet service,No internet service,No internet service,No internet service,Month-to-month,Yes,Bank transfer (automatic),20.27,140.69,Yes
2318-PJCSQ,Male,0,No,No,66,Yes,Yes,DSL,No,No,No,Yes,Yes,No,Month-to-month,Yes,Bank transfer (automatic),60.45,3989.2,Yes
1285-JWDVT,Female,0,No,No,17,Yes,No,DSL,Yes,Yes,Yes,Yes,Yes,No,Month-to-month,Yes,Bank transfer (automatic),87.0,1469.12,Yes
5060-IKKRT,Male,0,No,No,63,Yes,No,Fiber optic,No,Yes,No,No,No,No,Month-to-month,Yes,Electronic check,67.61,4248.85,Yes
8009-RJOIR,Female,0,Yes,No,53,Yes,No,Fiber optic,Yes,Yes,No,No,No,Yes,Month-to-month,No,Electronic check,86.5,4527.78,Yes
5220-WCFQO,Female,0,No,Yes,35,Yes,No,Fiber optic,Yes,Yes,No,No,Yes,No,Two year,Yes,Credit card (automatic),93.78,3287.27,Yes
5819-SRCCJ,Male,1,No,No,54,Yes,Yes,No,No internet service,No internet service,No internet service,No internet service,No internet service,No internet service,Month-to-month,No,Electronic check,18.43,975.43,Yes
3809-APTJV,Female,0,No,No,72,Yes,No,Fiber optic,Yes,No,Yes,Yes,No,Yes,Month-to-month,No,Bank transfer (automatic),100.3,7236.91,No
2192-SDTOM,Male,0,Yes,Yes,39,Yes,No,No,No internet service,No internet service,No internet service,No internet service,No internet service,No internet service,Two year,No,Electronic check,20.96,800.16,No
9800-OUUIY,Female,0,No,No,49,Yes,Yes,Fiber optic,No,Yes,Yes,No,Yes,No,Month-to-month,No,Bank transfer (automatic),92.6,4565.97,No
7715-FATZC,Female,0,Yes,No,12,Yes,Yes,Fiber optic,No,No,No,No,Yes,No,Two year,Yes,Electronic check,75.87,877.11,No
9457-HHZYP,Male,0,No,Yes,47,Yes,No,No,No internet service,No internet service,No internet service,No internet service,No internet service,No internet service,Month-to-month,Yes,Mailed check,18.25,896.53,No
3496-CAEFH,Female,0,Yes,No,11,No,No phone service,DSL,Yes,No,Yes,No,No,No,Month-to-month,Yes,Electronic check,62.0,686.57,No
5860-CKJHD,Female,0,No,Yes,33,No,No phone service,Fiber optic,No,No,No,Yes,No,No,Two year,No,Mailed check,71.69,2345.19,No
7406-MSONZ,Female,0,Yes,No,15,Yes,Yes,Fiber optic,No,No,No,Yes,Yes,No,One year,Yes,Credit card (automatic),77.21,1184.28,No
2908-SYBBV,Female,0,Yes,No,19,Yes,No,Fiber optic,No,No,Yes,Yes,No,Yes,Month-to-month,Yes,Electronic check,94.66,1793.04,No
5955-CBBDV,Male,0,Yes,Yes,72,Yes,Yes,Fiber optic,Yes,Yes,Yes,No,Yes,Yes,Month-to-month,Yes,Electronic check,98.02,7066.84,Yes
2989-SVBAQ,Female,0,No,Yes,27,Yes,No,No,No internet service,No internet service,No internet service,No internet service,No internet service,No internet service,Two year,No,Electronic check,19.15,518.21,No
6935-OZLCT,Male,1,No,No,32,Yes,Yes,DSL,No,Yes,No,Yes,Yes,No,Two year,Yes,Electronic check,63.97,2001.99,Yes
1696-TPDJL,Male,0,No,No,48,No,No phone service,No,No internet service,No internet service,No internet service,No internet service,No internet service,No internet service,Month-to-month,No,Bank transfer (automatic),18.25,900.31,No
5927-GMMIF,Female,0,No,No,31,Yes,Yes,No,No internet service,No internet service,No internet service,No internet service,No internet service,No internet service,Month-to-month,Yes,Electronic check,24.25,749.63,Yes
9984-FQVYV,Male,0,Yes,No,46,Yes,Yes,DSL,No,No,No,No,Yes,No,Two year,No,Credit card (automatic),56.13,2581.86,No
1924-FWMNH,Female,0,Yes,Yes,49,Yes,Yes,DSL,Yes,No,No,No,No,Yes,Month-to-month,Yes,Electronic check,61.16,3007.01,Yes
9786-WOSAA,Male,0,Yes,No,17,Yes,No,Fiber optic,Yes,No,No,Yes,Yes,Yes,One year,Yes,Electronic check,95.02,1587.14,Yes
6392-QPVYI,Female,0,Yes,No,10,Yes,Yes,DSL,No,No,Yes,Yes,Yes,Yes,Month-to-month,Yes,Credit card (automatic),81.91,792.13,Yes
1276-VXRLF,Female,0,No,No,30,No,No phone service,Fiber optic,No,No,No,Yes,Yes,No,Month-to-month,Yes,Bank transfer (automatic),78.41,2358.7,Yes
9125-KJUGV,Male,0,Yes,No,19,Yes,Yes,Fiber optic,Yes,Yes,No,No,Yes,Yes,Month-to-month,No,Mailed check,86.78,1655.53,Yes
3956-DWQQL,Male,0,No,No,52,Yes,No,No,No internet service,No internet service,No internet service,No internet service,No internet service,No internet service,Two year,No,Electronic check,18.25,947.48,No
4299-RVAKD,Male,0,No,No,19,Yes,No,DSL,No,Yes,No,Yes,No,No,Two year,No,Bank transfer (automatic),68.85,1296.61,No
9624-QJICT,Female,1,No,No,72,Yes,Yes,Fiber optic,No,No,No,No,No,Yes,Month-to-month,Yes,Bank transfer (automatic),74.82,5342.67,Yes
2075-SQQUH,Female,1,Yes,Yes,72,Yes,No,No,No internet service,No internet service,No internet service,No internet service,No internet service,No internet service,Two year,No,Credit card (automatic),23.31,1702.22,No
6870-ZKSCL,Male,0,No,Yes,68,Yes,Yes,Fiber optic,No,No,No,No,No,Yes,Month-to-month,Yes,Credit card (automatic),77.56,5283.61,Yes
2870-GJKRN,Female,0,No,No,43,Yes,No,DSL,No,Yes,Yes,Yes,No,No,Month-to-month,Yes,Bank transfer (automatic),67.59,2908.07,No
2092-GBAAC,Male,0,No,No,16,Yes,No,DSL,Yes,No,Yes,No,Yes,Yes,Month-to-month,Yes,Electronic check,74.66,1219.08,Yes
3644-HPGVO,Male,1,No,No,21,Yes,Yes,Fiber optic,No,Yes,No,No,No,Yes,Month-to-month,Yes,Credit card (automatic),85.55,1779.26,Yes
8459-YMBVH,Male,0,Yes,Yes,43,No,No phone service,DSL,No,No,No,Yes,No,No,Month-to-month,No,Electronic check,51.35,2221.7,No
9741-XERMB,Male,0,No,Yes,25,Yes,Yes,DSL,Yes,No,No,No,Yes,Yes,Two year,No,Bank transfer (automatic),74.48,1893.26,No
2496-RUREX,Female,0,No,No,24,Yes,No,Fiber optic,Yes,No,No,No,No,Yes,Two year,No,Electronic check,76.07,1827.72,No
2763-JWVTF,Female,0,No,No,70,No,No phone service,Fiber optic,No,No,No,No,Yes,Yes,One year,Yes,Mailed check,75.03,5255.66,No
1535-CQXIW,Female,0,No,Yes,8,Yes,Yes,DSL,Yes,No,Yes,No,No,Yes,Month-to-month,Yes,Electronic check,70.35,573.85,Yes
8813-ZTHHQ,Female,0,No,Yes,45,Yes,Yes,Fiber optic,Yes,No,No,No,Yes,Yes,Month-to-month,No,Credit card (automatic),83.19,3773.49,Yes
3535-ETCAX,Male,0,Yes,No,41,Yes,No,Fiber optic,No,No,Yes,No,Yes,No,One year,Yes,Electronic check,81.44,3346.37,No
3418-XYJMB,Male,1,Yes,Yes,32,Yes,No,Fiber optic,No,No,Yes,Yes,Yes,Yes,Month-to-month,Yes,Bank transfer (automatic),95.95,3115.51,Yes
5283-BBTTA,Female,0,No,No,11,Yes,No,Fiber optic,No,No,Yes,No,Yes,No,Month-to-month,No,Electronic check,79.92,880.08,Yes
2231-SWKSS,Female,1,No,No,22,Yes,No,DSL,Yes,No,No,No,No,No,Two year,Yes,Credit card (automatic),54.23,1159.09,Yes
7904-ZYNIE,Female,0,No,Yes,31,Yes,Yes,Fiber optic,Yes,No,No,Yes,No,No,Two year,Yes,Credit card (automatic),83.51,2601.01,No
3935-LOUCN,Male,1,Yes,No,10,Yes,No,Fiber optic,No,Yes,Yes,No,Yes,No,Month-to-month,Yes,Credit card (automatic),93.38,950.12,Yes
7644-PLYXG,Female,0,No,Yes,61,Yes,No,No,No internet service,No internet service,No internet service,No internet service,No internet service,No internet service,Month-to-month,Yes,Bank transfer (automatic),18.25,1131.31,No
9297-ZZPYQ,Female,0,No,No,29,Yes,No,Fiber optic,Yes,No,Yes,Yes,Yes,No,Two year,Yes,Mailed check,96.36,2792.23,No
2094-ZDEDO,Female,0,No,No,27,Yes,Yes,DSL,No,No,Yes,No,Yes,No,Month-to-month,No,Bank transfer (automatic),62.02,1648.19,Yes
2343-RXVWT,Female,1,Yes,No,47,Yes,Yes,DSL,No,Yes,Yes,No,No,Yes,One year,Yes,Electronic check,69.13,3219.31,No
1179-YDIHE,Male,0,Yes,Yes,72,Yes,Yes,Fiber optic,No,Yes,No,Yes,No,No,Two year,Yes,Electronic check,79.74,5728.06,No
9079-OPGDM,Male,0,No,Yes,21,Yes,No,No,No internet service,No internet service,No internet service,No internet service,No internet service,No internet service,Month-to-month,Yes,Mailed check,22.01,413.11,No
1902-WPSLR,Male,0,No,Yes,9,No,No phone service,Fiber optic,No,No,No,Yes,Yes,No,Two year,Yes,Mailed check,79.42,742.28,Yes
9286-MDVHY,Male,0,Yes,No,72,Yes,Yes,Fiber optic,Yes,No,Yes,No,No,No,Two year,Yes,Credit card (automatic),78.28,5631.05,No
2626-IQVRO,Female,0,No,No,34,Yes,No,DSL,Yes,Yes,No,No,Yes,No,Month-to-month,Yes,Bank transfer (automatic),68.08,2354.37,Yes
4581-YBSFS,Female,0,Yes,No,72,Yes,Yes,DSL,No,No,No,Yes,No,No,Two year,No,Credit card (automatic),58.54,4249.3,No
9789-VBOZU,Male,0,Yes,Yes,72,Yes,Yes,Fiber optic,No,No,Yes,No,No,No,Two year,No,Electronic check,65.99,4758.38,No
8871-OTAAX,Male,0,Yes,No,14,Yes,No,DSL,Yes,Yes,Yes,No,Yes,Yes,Month-to-month,No,Bank transfer (automatic),78.77,1153.76,Yes
4741-ZZAMS,Female,0,Yes,No,24,Yes,Yes,DSL,No,Yes,Yes,No,Yes,Yes,One year,No,Mailed check,75.19,1810.86,No
6806-AOWMV,Female,0,No,Yes,1,Yes,No,DSL,No,No,Yes,Yes,No,No,Month-to-month,No,Electronic check,60.5,86.13,Yes
9614-HESHD,Male,0,Yes,No,16,Yes,No,No,No internet service,No internet service,No internet service,No internet service,No internet service,No internet service,Two year,No,Electronic check,20.48,357.23,No
9860-ITXAB,Female,0,No,No,7,Yes,Yes,DSL,Yes,No,Yes,No,No,Yes,Two year,No,Credit card (automatic),74.25,518.32,Yes
8313-TACYV,Male,0,Yes,No,17,Yes,No,DSL,No,No,Yes,Yes,Yes,Yes,Two year,No,Electronic check,82.35,1388.62,No
1708-KQAUH,Male,0,Yes,No,5,Yes,Yes,Fiber optic,No,No,Yes,No,Yes,Yes,One year,Yes,Electronic check,94.4,463.89,Yes
4796-FUNWN,Male,0,Yes,Yes,13,Yes,No,Fiber optic,No,Yes,No,Yes,No,Yes,One year,Yes,Bank transfer (automatic),87.05,1190.36,Yes
1344-BFRIX,Female,0,Yes,No,16,Yes,Yes,Fiber optic,No,Yes,No,No,Yes,No,Two year,No,Electronic check,84.04,1348.37,No
6248-HPUZD,Female,0,No,No,27,Yes,Yes,Fiber optic,No,No,No,Yes,Yes,Yes,Month-to-month,Yes,Bank transfer (automatic),85.03,2312.78,Yes
4885-ESGPS,Female,0,No,No,6,Yes,Yes,Fiber optic,Yes,No,No,Yes,Yes,No,Month-to-month,Yes,Mailed check,82.84,458.04,Yes
9883-EAYCL,Male,0,No,No,63,Yes,No,Fiber optic,No,Yes,Yes,No,Yes,Yes,Month-to-month,No,Bank transfer (automatic),91.75,5797.39,No
1865-SMXDA,Female,0,No,Yes,16,Yes,Yes,No,No internet service,No internet service,No internet service,No internet service,No internet service,No internet service,Two year,Yes,Mailed check,21.44,367.15,No
6076-LVFRE,Female,1,No,No,35,No,No phone service,DSL,Yes,No,No,Yes,No,Yes,Month-to-month,No,Bank transfer (automatic),68.86,2411.6,No
1895-SLXOH,Male,0,No,No,15,Yes,No,Fiber optic,No,Yes,No,No,Yes,No,Month-to-month,Yes,Bank transfer (automatic),81.19,1192.34,Yes
8542-SUHKB,Male,0,No,No,28,Yes,Yes,Fiber optic,No,Yes,No,No,Yes,No,Two year,Yes,Bank transfer (automatic),88.24,2464.07,No
4221-SJXVZ,Male,0,No,No,26,Yes,Yes,DSL,No,No,No,No,No,No,Month-to-month,Yes,Credit card (automatic),42.57,1098.87,No
4552-DYKIW,Female,0,Yes,No,65,Yes,Yes,Fiber optic,No,No,Yes,No,No,Yes,Month-to-month,No,Bank transfer (automatic),81.86,5286.07,Yes
9418-OIMMP,Male,0,Yes,No,23,Yes,No,Fiber optic,Yes,Yes,No,Yes,Yes,Yes,Two year,Yes,Electronic check,106.63,2450.83,No
5578-YPWCR,Male,1,No,No,24,No,No phone service,DSL,Yes,No,No,No,No,Yes,Month-to-month,Yes,Bank transfer (automatic),57.74,1390.43,No
6307-CXVQF,Female,0,No,Yes,10,Yes,No,Fiber optic,No,Yes,No,Yes,No,No,One year,Yes,Electronic check,78.78,760.44,Yes
9096-XJELQ,Female,0,Yes,No,5,Yes,No,Fiber optic,Yes,Yes,No,No,Yes,No,Month-to-month,No,Mailed check,85.8,442.43,Yes
9738-ZLGTS,Female,0,No,No,34,Yes,No,Fiber optic,Yes,Yes,Yes,No,No,No,Month-to-month,Yes,Electronic check,94.06,3206.99,No
2732-OUKHN,Female,1,Yes,No,34,Yes,Yes,DSL,Yes,No,No,No,Yes,No,Month-to-month,No,Bank transfer (automatic),64.95,2243.92,Yes
8265-PBENV,Male,0,No,No,31,Yes,No,Fiber optic,No,No,No,No,Yes,No,One year,Yes,Mailed check,69.44,2121.74,No
3179-TRGSJ,Female,0,No,No,54,Yes,Yes,Fiber optic,Yes,Yes,No,No,Yes,No,One year,Yes,Electronic check,87.18,4717.62,No
9304-IJARZ,Male,1,Yes,Yes,27,Yes,No,Fiber optic,No,No,Yes,No,No,Yes,Month-to-month,Yes,Bank transfer (automatic),73.66,1999.36,Yes
9282-BLOSY,Male,1,No,No,19,Yes,No,DSL,Yes,Yes,Yes,No,No,Yes,Month-to-month,Yes,Credit card (automatic),81.26,1541.6,Yes
2471-XMPLL,Female,0,No,No,31,Yes,Yes,DSL,No,Yes,No,No,No,Yes,Two year,No,Electronic check,59.18,1857.29,No
9115-HSEXR,Male,0,No,No,23,Yes,Yes,No,No internet service,No internet service,No internet service,No internet service,No internet service,No internet service,Month-to-month,Yes,Credit card (automatic),24.03,527.5,No
6047-XPNNW,Male,0,No,No,7,Yes,Yes,DSL,No,Yes,Yes,Yes,No,Yes,Month-to-month,No,Bank transfer (automatic),71.45,553.87,No
4470-BWDPF,Female,0,No,No,58,Yes,No,Fiber optic,No,No,Yes,Yes,Yes,Yes,Month-to-month,Yes,Mailed check,97.84,5661.16,Yes
8103-HXFQR,Male,0,No,No,15,No,No phone service,No,No internet service,No internet service,No internet service,No internet service,No internet service,No internet service,Two year,Yes,Bank transfer (automatic),18.25,299.74,No
2142-JWAFA,Male,0,No,Yes,25,Yes,Yes,DSL,Yes,Yes,No,No,No,No,Two year,Yes,Credit card (automatic),56.37,1419.2,No
6064-TOZWH,Female,0,Yes,No,17,Yes,No,Fiber optic,No,No,Yes,No,Yes,Yes,Month-to-month,Yes,Mailed check,86.04,1437.55,Yes
3776-RJDXW,Female,0,Yes,No,65,Yes,No,Fiber optic,No,Yes,No,Yes,No,No,Month-to-month,No,Electronic check,82.4,5389.48,Yes
8566-CZENO,Female,0,Yes,No,17,No,No phone service,Fiber optic,No,No,Yes,Yes,No,No,Month-to-month,Yes,Electronic check,76.84,1301.14,Yes
3362-VKHRS,Male,0,Yes,No,72,Yes,No,No,No internet service,No internet service,No internet service,No internet service,No internet service,No internet service,Two year,Yes,Credit card (automatic),23.48,1700.24,No
1110-LHGJU,Female,0,No,No,14,Yes,No,Fiber optic,Yes,Yes,Yes,No,Yes,Yes,One year,Yes,Credit card (automatic),101.15,1387.37,Yes
1294-QYFXT,Female,0,No,Yes,45,Yes,Yes,Fiber optic,Yes,No,No,Yes,No,No,Two year,Yes,Bank transfer (automatic),84.95,3819.99,No
3345-ICCCA,Male,0,No,No,24,Yes,Yes,Fiber optic,Yes,No,Yes,No,Yes,No,Month-to-month,Yes,Credit card (automatic),79.9,1923.97,No
9069-SDCRQ,Male,0,Yes,No,6,Yes,No,DSL,No,No,Yes,Yes,Yes,No,Month-to-month,Yes,Credit card (automatic),67.84,382.29,Yes
3454-TGVYI,Male,0,No,Yes,70,Yes,Yes,DSL,No,No,Yes,No,Yes,No,Month-to-month,Yes,Bank transfer (automatic),57.24,4004.36,No
8079-QXVEG,Female,1,No,No,13,Yes,No,No,No internet service,No internet service,No internet service,No internet service,No internet service,No internet service,Month-to-month,Yes,Electronic check,20.21,247.21,Yes
3421-YKFSU,Male,0,Yes,Yes,20,No,No phone service,DSL,No,No,Yes,Yes,No,No,Month-to-month,Yes,Electronic check,63.66,1263.32,No
8275-CKZOR,Female,1,No,No,33,Yes,No,DSL,No,No,No,Yes,No,Yes,Month-to-month,No,Electronic check,65.53,2181.55,Yes
8770-WPQLL,Female,0,Yes,No,9,Yes,Yes,DSL,No,No,No,No,No,No,Month-to-month,No,Bank transfer (automatic),43.19,382.89,Yes
4554-KMBFA,Male,0,No,Yes,15,Yes,No,No,No internet service,No internet service,No internet service,No internet service,No internet service,No internet service,One year,No,Bank transfer (automatic),22.87,353.35,No
4457-VFORG,Female,0,Yes,No,22,Yes,Yes,DSL,Yes,No,No,No,Yes,No,Month-to-month,Yes,Credit card (automatic),61.88,1363.16,No
1613-LGWEW,Male,0,No,No,5,Yes,Yes,Fiber optic,No,Yes,Yes,No,No,No,One year,Yes,Credit card (automatic),86.49,435.09,Yes
6374-JDJSY,Male,0,No,Yes,31,Yes,Yes,Fiber optic,Yes,No,No,Yes,No,No,Month-to-month,Yes,Electronic check,78.42,2430.79,Yes
8920-YCPOD,Female,0,No,No,8,Yes,Yes,Fiber optic,No,No,No,No,Yes,Yes,Month-to-month,No,Bank transfer (automatic),78.01,654.8,Yes
1812-RCGDY,Male,0,Yes,Yes,44,Yes,Yes,DSL,No,No,No,Yes,No,No,Month-to-month,No,Mailed check,50.34,2241.94,No
2356-MUHHG,Female,0,Yes,No,59,Yes,Yes,Fiber optic,Yes,No,No,No,Yes,Yes,One year,Yes,Credit card (automatic),82.92,4921.59,No
9918-GXZSA,Female,0,No,No,46,Yes,No,DSL,No,Yes,No,Yes,Yes,No,Month-to-month,Yes,Electronic check,66.19,3054.24,Yes
1715-MRAAZ,Male,0,Yes,Yes,51,Yes,No,Fiber optic,No,Yes,No,No,Yes,No,One year,No,Mailed check,76.73,3885.41,No
5731-IQDPD,Male,0,Yes,No,21,Yes,No,No,No internet service,No internet service,No internet service,No internet service,No internet service,No internet service,Month-to-month,Yes,Mailed check,22.75,483.0,No
2795-RYVXP,Male,0,No,No,7,Yes,No,Fiber optic,No,No,No,No,Yes,No,Two year,Yes,Mailed check,74.81,549.83,No
4694-QHQNT,Female,0,No,Yes,57,Yes,No,Fiber optic,No,No,Yes,No,No,No,Month-to-month,Yes,Bank transfer (automatic),73.6,4199.45,Yes
3469-OMVFP,Female,0,No,No,15,Yes,No,Fiber optic,Yes,No,Yes,No,Yes,No,Two year,No,Bank transfer (automatic),83.54,1268.42,No
5514-DPXKC,Male,0,Yes,No,26,Yes,Yes,Fiber optic,No,No,Yes,No,Yes,Yes,One year,No,Electronic check,86.38,2260.62,Yes
7647-YOIKX,Female,0,No,Yes,11,Yes,Yes,No,No internet service,No internet service,No internet service,No internet service,No internet service,No internet service,One year,No,Electronic check,24.16,257.41,No
3530-KEKIE,Female,0,No,No,10,Yes,No,Fiber optic,No,No,No,No,Yes,No,Month-to-month,No,Mailed check,71.94,727.67,Yes
7007-QIPWC,Female,0,Yes,No,33,Yes,Yes,Fiber optic,No,No,Yes,No,Yes,Yes,Month-to-month,No,Bank transfer (automatic),84.61,2776.62,Yes
6855-PLFMT,Male,0,Yes,No,28,Yes,Yes,DSL,No,No,No,Yes,Yes,No,Two year,No,Credit card (automatic),63.08,1801.74,No
6319-VIKZW,Male,0,Yes,No,5,Yes,Yes,Fiber optic,Yes,No,Yes,No,No,Yes,Two year,No,Electronic check,89.19,440.3,No
1710-ILKBX,Male,0,No,No,16,Yes,No,Fiber optic,No,No,Yes,Yes,No,Yes,Month-to-month,Yes,Electronic check,96.75,1538.35,Yes
9517-XZMKX,Male,0,Yes,Yes,72,Yes,No,Fiber optic,Yes,No,No,No,Yes,Yes,Month-to-month,Yes,Credit card (automatic),83.02,6027.75,No
6659-CJQAA,Male,0,No,Yes,40,Yes,No,Fiber optic,Yes,No,No,No,No,No,Month-to-month,Yes,Mailed check,71.22,2789.87,Yes
3669-APXFD,Male,0,Yes,No,14,Yes,No,DSL,No,Yes,Yes,No,Yes,No,Month-to-month,Yes,Electronic check,68.6,924.11,Yes
3493-DGDQW,Male,0,Yes,No,19,Yes,Yes,No,No internet service,No internet service,No internet service,No internet service,No internet service,No internet service,One year,Yes,Electronic check,18.25,321.06,No
4392-NXXYJ,Male,0,No,Yes,28,Yes,No,Fiber optic,No,Yes,No,No,Yes,Yes,Month-to-month,Yes,Mailed check,88.84,2496.89,Yes
4142-SNYCB,Male,0,No,Yes,19,Yes,No,No,No internet service,No internet service,No internet service,No internet service,No internet service,No internet service,One year,No,Credit card (automatic),18.25,336.32,No
2481-IVNPI,Female,0,No,No,67,Yes,Yes,DSL,Yes,No,No,Yes,Yes,Yes,Month-to-month,Yes,Mailed check,81.5,5463.17,No
2769-MKVOU,Female,0,No,No,39,Yes,No,Fiber optic,Yes,No,No,No,No,No,Month-to-month,No,Mailed check,74.47,2903.01,Yes
2695-XNNTD,Male,0,Yes,No,46,Yes,No,Fiber optic,Yes,No,No,No,Yes,Yes,Month-to-month,No,Bank transfer (automatic),94.55,4359.76,No
2473-IDASF,Female,1,Yes,No,50,Yes,No,Fiber optic,No,Yes,No,No,No,No,Two year,Yes,Electronic check,69.42,3457.29,Yes
2857-NJOZI,Male,0,Yes,No,38,Yes,Yes,DSL,No,No,No,Yes,Yes,No,Month-to-month,Yes,Electronic check,62.82,2395.23,Yes
6916-BWNAM,Female,0,Yes,Yes,42,Yes,Yes,No,No internet service,No internet service,No internet service,No internet service,No internet service,No internet service,One year,No,Electronic check,18.56,774.2,No
8460-OBVSB,Female,0,No,No,65,Yes,No,DSL,No,No,No,No,No,Yes,Month-to-month,Yes,Mailed check,45.41,2963.55,No
3086-EGIGZ,Male,0,No,Yes,44,No,No phone service,DSL,No,Yes,No,Yes,Yes,No,One year,Yes,Credit card (automatic),59.63,2642.18,No
5432-JRGGW,Female,0,Yes,No,9,Yes,Yes,No,No internet service,No internet service,No internet service,No internet service,No internet service,No internet service,Month-to-month,Yes,Mailed check,20.29,174.21,No
4538-UIFAA,Female,1,Yes,Yes,72,Yes,No,Fiber optic,Yes,Yes,No,No,No,Yes,Month-to-month,Yes,Credit card (automatic),94.25,6797.37,No
5688-EDBNU,Female,0,No,No,4,Yes,No,No,No internet service,No internet service,No internet service,No internet service,No internet service,No internet service,Two year,Yes,Bank transfer (automatic),21.92,108.26,No
6507-QJCFF,Male,0,No,No,37,Yes,No,No,No internet service,No internet service,No internet service,No internet service,No internet service,No internet service,Month-to-month,No,Mailed check,18.87,688.97,No
3833-WUUYY,Male,0,Yes,No,30,Yes,No,DSL,No,No,No,No,Yes,Yes,Month-to-month,Yes,Mailed check,52.18,1592.34,Yes
2057-CRQTB,Female,1,Yes,No,18,Yes,No,No,No internet service,No internet service,No internet service,No internet service,No internet service,No internet service,Month-to-month,Yes,Electronic check,22.1,419.18,Yes
3275-DWRMV,Male,0,Yes,No,50,Yes,Yes,DSL,No,No,No,Yes,Yes,Yes,One year,No,Credit card (automatic),65.35,3279.06,No
2732-MCSEX,Female,0,Yes,Yes,24,Yes,Yes,No,No internet service,No internet service,No internet service,No internet service,No internet service,No internet service,Month-to-month,Yes,Credit card (automatic),18.25,446.93,No
1523-NUWHZ,Female,0,Yes,No,39,Yes,No,Fiber optic,No,Yes,No,Yes,Yes,No,Two year,No,Electronic check,95.2,3739.52,No
2722-LIFPH,Male,0,No,No,8,Yes,No,No,No internet service,No internet service,No internet service,No internet service,No internet service,No internet service,One year,Yes,Credit card (automatic),21.13,159.57,No
5532-MJWVX,Male,0,Yes,No,56,Yes,No,Fiber optic,No,Yes,No,No,Yes,Yes,Two year,No,Electronic check,93.95,5265.55,No
4033-CIDUX,Male,0,No,No,53,Yes,Yes,Fiber optic,No,No,Yes,Yes,Yes,Yes,One year,Yes,Electronic check,98.55,5233.19,No
4600-XZDGY,Male,0,Yes,No,27,Yes,Yes,No,No internet service,No internet service,No internet service,No internet service,No internet service,No internet service,One year,No,Mailed check,18.46,478.76,No
6969-TGMUZ,Female,0,Yes,Yes,12,No,No phone service,DSL,Yes,No,No,No,Yes,No,Two year,Yes,Electronic check,52.12,640.53,No
5083-IHRVB,Female,0,Yes,No,59,Yes,Yes,Fiber optic,No,Yes,Yes,No,Yes,Yes,One year,Yes,Electronic check,102.4,6034.79,Yes
2215-EWBGG,Male,0,No,No,4,Yes,No,No,No internet service,No internet service,No internet service,No internet service,No internet service,No internet service,Month-to-month,No,Electronic check,22.13,62.35,No
2317-CWUOX,Female,0,No,Yes,28,Yes,Yes,No,No internet service,No internet service,No internet service,No internet service,No internet service,No internet service,One year,Yes,Mailed check,22.03,585.94,No
8057-DTLII,Female,0,Yes,No,21,Yes,No,Fiber optic,Yes,No,Yes,No,No,Yes,Month-to-month,Yes,Mailed check,85.16,1751.14,Yes
6356-ETGPH,Female,0,No,No,36,Yes,No,Fiber optic,Yes,Yes,Yes,Yes,Yes,No,Month-to-month,No,Credit card (automatic),98.74,3536.67,No
2954-RYBVZ,Male,0,No,Yes,21,Yes,Yes,DSL,No,No,No,No,Yes,No,Month-to-month,Yes,Mailed check,54.66,1101.19,No
4432-NHQVX,Female,0,Yes,No,51,Yes,No,Fiber optic,No,Yes,Yes,No,No,No,One year,No,Credit card (automatic),82.03,4175.65,No
2130-VDJVS,Female,0,No,No,9,Yes,No,No,No internet service,No internet service,No internet service,No internet service,No internet service,No internet service,Month-to-month,No,Bank transfer (automatic),24.87,205.25,No
4919-XNFVD,Male,0,No,Yes,59,Yes,Yes,DSL,Yes,Yes,Yes,No,Yes,Yes,Month-to-month,Yes,Credit card (automatic),78.87,4621.89,No
5724-MFFNR,Female,0,Yes,No,24,Yes,Yes,DSL,No,Yes,Yes,No,No,No,One year,Yes,Mailed check,62.49,1530.49,No
6067-DZFLZ,Female,0,No,No,17,Yes,Yes,DSL,Yes,No,No,Yes,Yes,Yes,Month-to-month,No,Electronic check,66.83,1118.38,Yes
5779-ECZEE,Male,0,No,Yes,36,Yes,No,DSL,No,No,No,No,No,Yes,Two year,No,Credit card (automatic),55.71,2055.59,No
6958-OTPFG,Female,0,No,No,49,Yes,No,Fiber optic,No,Yes,No,No,No,No,Two year,No,Bank transfer (automatic),69.49,3366.55,No
7525-AAEDX,Female,0,Yes,No,23,Yes,No,DSL,No,No,No,No,No,No,Month-to-month,Yes,Credit card (automatic),48.52,1148.1,No
2177-KQOYM,Female,0,No,No,24,Yes,Yes,Fiber optic,No,Yes,Yes,No,No,No,Month-to-month,No,Bank transfer (automatic),76.85,1847.49,Yes
8090-YYOID,Male,0,Yes,No,13,Yes,No,DSL,No,No,No,No,Yes,No,Month-to-month,Yes,Electronic check,49.88,670.95,Yes
1903-PZCQJ,Female,0,No,Yes,4,Yes,No,No,No internet service,No internet service,No internet service,No internet service,No internet service,No internet service,Month-to-month,No,Bank transfer (automatic),18.97,45.33,No
9067-DYPUC,Female,1,No,No,16,Yes,No,Fiber optic,Yes,Yes,Yes,No,No,No,Month-to-month,No,Credit card (automatic),93.68,1495.37,Yes
2537-SHNWD,Female,0,Yes,No,27,Yes,No,Fiber optic,No,No,No,No,No,Yes,Month-to-month,Yes,Bank transfer (automatic),69.31,1910.65,Yes
9279-XXMMF,Male,0,No,No,20,Yes,Yes,No,No internet service,No internet service,No internet service,No internet service,No internet service,No internet service,Month-to-month,No,Bank transfer (automatic),19.5,430.5,No
4437-NCUMG,Male,0,No,No,20,Yes,No,DSL,Yes,No,No,Yes,No,Yes,Month-to-month,Yes,Electronic check,63.41,1287.14,No
8752-FCALM,Female,0,No,Yes,9,No,No phone service,No,No internet service,No internet service,No internet service,No internet service,No internet service,No internet service,Two year,No,Credit card (automatic),18.77,154.81,No
5335-KXNTV,Male,0,No,Yes,11,Yes,No,DSL,No,Yes,No,Yes,Yes,Yes,Month-to-month,Yes,Electronic check,75.67,817.02,Yes
6523-PNFGG,Male,0,No,Yes,9,Yes,No,Fiber optic,Yes,No,No,No,No,Yes,Month-to-month,Yes,Bank transfer (automatic),79.87,726.85,Yes
3004-FGMGA,Male,0,Yes,Yes,28,Yes,Yes,DSL,No,Yes,No,No,No,Yes,One year,Yes,Electronic check,66.3,1831.47,Yes
1500-ZYPNT,Female,0,No,Yes,37,Yes,No,No,No internet service,No internet service,No internet service,No internet service,No internet service,No internet service,One year,Yes,Electronic check,20.88,746.99,No
2317-OIHLH,Male,0,No,No,29,Yes,Yes,Fiber optic,No,Yes,Yes,No,No,Yes,Month-to-month,Yes,Credit card (automatic),81.61,2370.43,Yes
7461-SHBXQ,Female,0,No,Yes,38,Yes,Yes,DSL,No,Yes,No,Yes,Yes,Yes,Two year,No,Electronic check,76.42,2890.89,No
3676-UVTCD,Female,0,No,Yes,10,Yes,Yes,Fiber optic,No,Yes,No,No,No,No,Month-to-month,No,Mailed check,71.95,741.38,Yes
4666-LTWMV,Female,0,No,Yes,26,Yes,No,No,No internet service,No internet service,No internet service,No internet service,No internet service,No internet service,Month-to-month,Yes,Mailed check,19.04,512.5,No
9981-OZLWE,Female,0,Yes,No,18,Yes,No,DSL,No,No,Yes,Yes,Yes,Yes,Two year,Yes,Bank transfer (automatic),77.24,1360.05,Yes
8908-UXCDA,Male,0,Yes,Yes,23,Yes,No,Fiber optic,No,Yes,Yes,No,Yes,No,Month-to-month,No,Credit card (automatic),80.72,1837.68,Yes
5469-RIAYR,Female,0,No,No,6,Yes,Yes,DSL,Yes,Yes,No,No,No,No,Month-to-month,Yes,Credit card (automatic),58.53,338.79,Yes
6787-MRMIG,Male,0,Yes,Yes,9,Yes,Yes,DSL,No,No,Yes,Yes,Yes,No,One year,No,Bank transfer (automatic),65.97,566.51,No
2760-HZDML,Female,0,Yes,Yes,27,Yes,Yes,No,No internet service,No internet service,No internet service,No internet service,No internet service,No internet service,Month-to-month,Yes,Bank transfer (automatic),23.2,605.18,No
5626-IRKYM,Male,1,Yes,No,13,Yes,Yes,Fiber optic,Yes,No,No,Yes,Yes,No,Month-to-month,Yes,Electronic check,85.84,1095.23,Yes
2934-TRHBZ,Female,0,No,No,14,Yes,No,DSL,Yes,No,No,Yes,No,No,Two year,No,Credit card (automatic),63.05,869.13,No
1244-RZADW,Female,0,Yes,No,21,Yes,Yes,No,No internet service,No internet service,No internet service,No internet service,No internet service,No internet service,One year,No,Electronic check,24.83,528.64,No
6115-XISII,Male,0,Yes,No,37,Yes,Yes,No,No internet service,No internet service,No internet service,No internet service,No internet service,No internet service,Two year,No,Electronic check,18.49,621.98,No
8719-BIUEM,Female,1,Yes,No,48,Yes,Yes,No,No internet service,No internet service,No internet service,No internet service,No internet service,No internet service,Month-to-month,No,Credit card (automatic),18.53,894.13,No
4151-XFMFH,Male,0,Yes,Yes,4,Yes,No,DSL,Yes,No,Yes,No,No,No,One year,Yes,Electronic check,58.4,247.04,Yes
9761-VGTTR,Male,1,Yes,No,17,Yes,Yes,Fiber optic,No,Yes,No,No,Yes,Yes,Two year,Yes,Electronic check,81.14,1410.64,Yes
4058-UVCAI,Male,0,Yes,Yes,30,Yes,No,No,No internet service,No internet service,No internet service,No internet service,No internet service,No internet service,Month-to-month,No,Credit card (automatic),19.48,605.14,No
7520-ZVPRU,Male,1,No,No,36,Yes,Yes,DSL,No,Yes,No,Yes,No,Yes,One year,No,Electronic check,66.42,2354.72,Yes
9884-EQVDL,Female,0,Yes,No,45,Yes,No,Fiber optic,Yes,No,No,No,Yes,Yes,Month-to-month,No,Bank transfer (automatic),88.26,3957.6,Yes
7572-TKGTM,Female,0,Yes,Yes,34,Yes,No,No,No internet service,No internet service,No internet service,No internet service,No internet service,No internet service,Month-to-month,No,Mailed check,24.59,816.38,No
7797-JRGYY,Male,0,No,No,15,Yes,Yes,DSL,No,No,Yes,No,No,No,One year,Yes,Credit card (automatic),52.36,803.3,No
1828-AIHFR,Female,0,Yes,No,29,Yes,Yes,Fiber optic,No,Yes,No,No,Yes,Yes,Month-to-month,Yes,Electronic check,82.12,2395.79,Yes
4924-RWDLA,Female,1,Yes,No,27,No,No phone service,No,No internet service,No internet service,No internet service,No internet service,No internet service,No internet service,Month-to-month,No,Electronic check,21.31,553.3,No
3380-VCVSS,Female,0,Yes,No,8,Yes,No,Fiber optic,Yes,No,No,No,No,No,Two year,No,Electronic check,68.67,533.24,No
2473-YYHEL,Male,0,Yes,No,13,No,No phone service,No,No internet service,No internet service,No internet service,No internet service,No internet service,No internet service,Month-to-month,No,Electronic check,18.25,234.23,No
9143-BCTOJ,Female,0,No,No,32,Yes,No,No,No internet service,No internet service,No internet service,No internet service,No internet service,No internet service,Two year,Yes,Bank transfer (automatic),20.56,651.71,No
5146-MRRSZ,Male,0,No,Yes,45,Yes,Yes,No,No internet service,No internet service,No internet service,No internet service,No internet service,No internet service,One year,Yes,Electronic check,22.65,996.41,No
7715-OGOEZ,Female,0,Yes,Yes,16,Yes,No,Fiber optic,Yes,Yes,No,No,Yes,No,Month-to-month,Yes,Mailed check,86.89,1390.09,No
6351-QOZQZ,Female,0,No,No,72,Yes,No,DSL,Yes,Yes,No,No,No,No,Two year,Yes,Bank transfer (automatic),59.27,4269.83,No
8150-NEQDG,Female,1,No,No,1,No,No phone service,Fiber optic,No,Yes,Yes,Yes,No,No,Month-to-month,No,Electronic check,85.29,119.45,Yes
6590-JKKOK,Male,1,No,No,25,Yes,No,No,No internet service,No internet service,No internet service,No internet service,No internet service,No internet service,One year,Yes,Credit card (automatic),19.96,542.53,No
5419-SGZMN,Male,0,No,No,27,Yes,Yes,DSL,No,No,Yes,No,No,Yes,Month-to-month,No,Mailed check,66.0,1746.49,Yes
1196-TNRSH,Female,0,No,No,51,Yes,Yes,DSL,No,Yes,Yes,No,No,Yes,Month-to-month,Yes,Electronic check,72.38,3708.19,Yes
1998-UDTLG,Male,1,No,No,14,Yes,No,Fiber optic,No,Yes,No,No,No,Yes,Month-to-month,No,Credit card (automatic),81.46,1174.2,Yes
8575-USIMO,Male,1,No,No,16,Yes,No,Fiber optic,Yes,No,No,Yes,No,Yes,Month-to-month,No,Electronic check,87.53,1358.66,No
8917-VGDXH,Female,0,Yes,No,17,Yes,No,No,No internet service,No internet service,No internet service,No internet service,No internet service,No internet service,Two year,No,Bank transfer (automatic),18.25,293.44,No
2209-TQWAX,Female,0,No,No,50,Yes,Yes,No,No internet service,No internet service,No internet service,No internet service,No internet service,No internet service,One year,No,Electronic check,22.97,1102.64,No
7695-QJJOQ,Male,0,No,No,56,Yes,Yes,DSL,Yes,Yes,No,No,Yes,No,Month-to-month,No,Mailed check,66.53,3736.16,No
7207-EMEMG,Male,0,No,No,19,No,No phone service,DSL,Yes,No,No,No,No,Yes,One year,Yes,Mailed check,56.85,1079.06,Yes
7422-HAIRY,Female,0,Yes,No,11,Yes,No,Fiber optic,No,No,No,No,Yes,Yes,Two year,Yes,Credit card (automatic),84.28,958.84,No
1421-WOEFC,Male,0,Yes,No,12,Yes,Yes,DSL,No,Yes,Yes,No,No,Yes,One year,No,Mailed check,64.57,777.38,No
7812-ICLKH,Male,0,Yes,No,7,Yes,Yes,DSL,No,No,Yes,No,No,Yes,Two year,Yes,Bank transfer (automatic),61.26,425.61,No
1168-MUUUY,Male,0,No,No,60,Yes,No,Fiber optic,Yes,Yes,No,No,Yes,Yes,Month-to-month,Yes,Credit card (automatic),101.39,6115.68,Yes
4223-DZEWU,Male,0,No,No,25,Yes,No,DSL,No,No,Yes,No,No,No,Two year,Yes,Electronic check,49.19,1256.61,No
8562-GNUTU,Female,0,No,No,48,Yes,No,Fiber optic,No,Yes,No,No,No,Yes,One year,Yes,Electronic check,80.75,3897.75,Yes
7755-NISBY,Male,1,Yes,No,21,Yes,No,DSL,No,No,No,No,Yes,Yes,Month-to-month,Yes,Bank transfer (automatic),65.78,1382.69,Yes
2398-YJFSK,Male,0,Yes,No,72,Yes,No,Fiber optic,No,No,Yes,No,Yes,Yes,One year,No,Electronic check,90.47,6501.86,No
7803-BYCHW,Female,0,Yes,Yes,42,Yes,No,Fiber optic,No,No,No,No,No,No,One year,No,Electronic check,61.06,2605.46,No
5065-FJQIY,Male,1,Yes,No,32,Yes,Yes,DSL,Yes,Yes,No,No,No,No,Month-to-month,Yes,Credit card (automatic),58.76,1869.86,Yes
4453-NHECF,Male,0,No,No,37,Yes,Yes,Fiber optic,No,Yes,No,Yes,No,Yes,Month-to-month,Yes,Electronic check,88.93,3308.89,Yes
8856-VJJHO,Female,0,No,No,11,Yes,Yes,DSL,Yes,No,No,No,Yes,Yes,Month-to-month,Yes,Credit card (automatic),67.1,698.04,Yes
2562-IJBEM,Female,0,No,No,17,Yes,No,Fiber optic,No,Yes,Yes,No,No,No,Month-to-month,No,Electronic check,84.84,1443.4,Yes
9734-XZUML,Male,0,No,No,47,No,No phone service,DSL,No,Yes,Yes,Yes,Yes,Yes,Month-to-month,Yes,Credit card (automatic),77.06,3624.17,Yes
3240-OZTYH,Male,1,Yes,No,26,Yes,No,No,No internet service,No internet service,No internet service,No internet service,No internet service,No internet service,Month-to-month,Yes,Electronic check,20.23,501.04,No
6595-UTIUM,Male,1,No,No,39,Yes,No,No,No internet service,No internet service,No internet service,No internet service,No internet service,No internet service,Two year,Yes,Bank transfer (automatic),18.25,718.52,No
2761-RMKUL,Male,0,No,No,20,Yes,No,Fiber optic,No,Yes,Yes,No,Yes,No,Month-to-month,Yes,Bank transfer (automatic),93.08,1871.93,Yes
1828-QYWOK,Female,0,No,No,23,No,No phone service,No,No internet service,No internet service,No internet service,No internet service,No internet service,No internet service,One year,Yes,Bank transfer (automatic),18.96,444.81,No
4664-MVKEE,Female,0,No,No,57,Yes,Yes,Fiber optic,No,No,No,No,Yes,Yes,One year,Yes,Credit card (automatic),78.21,4436.34,Yes
9983-XXYXZ,Female,0,Yes,No,29,Yes,No,DSL,No,Yes,Yes,Yes,No,Yes,One year,No,Credit card (automatic),79.34,2308.27,No
6287-BURHJ,Female,0,Yes,Yes,30,Yes,No,DSL,No,No,No,Yes,Yes,No,Month-to-month,Yes,Mailed check,64.92,1975.66,Yes
1278-DJIBR,Male,0,No,No,24,Yes,Yes,Fiber optic,No,Yes,No,No,No,No,Month-to-month,Yes,Bank transfer (automatic),72.89,1705.4,No
6064-QABTM,Female,1,No,No,18,Yes,Yes,Fiber optic,No,No,No,Yes,Yes,Yes,One year,No,Bank transfer (automatic),86.09,1565.24,Yes
7398-TXPOJ,Female,0,No,No,21,Yes,No,No,No internet service,No internet service,No internet service,No internet service,No internet service,No internet service,One year,No,Credit card (automatic),22.77,482.25,No
2699-THGAX,Male,0,Yes,No,26,Yes,No,No,No internet service,No internet service,No internet service,No internet service,No internet service,No internet service,Month-to-month,Yes,Electronic check,23.82,602.82,No
5610-YRTHT,Female,0,No,Yes,59,Yes,No,Fiber optic,Yes,Yes,Yes,Yes,Yes,Yes,Two year,Yes,Electronic check,110.68,6509.86,No
4064-WXJNH,Male,0,Yes,No,26,Yes,No,Fiber optic,No,No,No,No,No,No,Month-to-month,No,Credit card (automatic),66.08,1782.03,Yes
1824-JQSAY,Female,0,No,No,52,No,No phone service,DSL,Yes,No,No,No,Yes,Yes,Month-to-month,Yes,Electronic check,63.5,3304.5,No
8888-TDCFX,Female,0,Yes,No,12,Yes,No,DSL,No,Yes,No,Yes,No,Yes,Month-to-month,No,Electronic check,71.31,876.56,No
7035-EPLGA,Male,0,No,No,36,Yes,No,DSL,Yes,No,No,Yes,No,No,Two year,Yes,Electronic check,55.39,1996.94,No
5629-GIHXK,Female,0,Yes,Yes,4,Yes,No,Fiber optic,No,Yes,Yes,No,Yes,No,One year,Yes,Mailed check,91.27,370.85,Yes
5534-XVCUY,Male,0,Yes,Yes,14,Yes,No,DSL,No,Yes,No,Yes,No,Yes,Two year,No,Bank transfer (automatic),61.83,889.76,Yes
6397-YITGD,Female,0,Yes,Yes,14,Yes,Yes,No,No internet service,No internet service,No internet service,No internet service,No internet service,No internet service,Two year,No,Credit card (automatic),19.27,301.74,No
4603-JSYGD,Male,0,No,No,17,Yes,No,No,No internet service,No internet service,No internet service,No internet service,No internet service,No internet service,One year,Yes,Mailed check,18.77,346.06,No
1055-LFLEE,Male,0,No,No,52,Yes,No,DSL,No,Yes,No,Yes,Yes,No,Month-to-month,No,Bank transfer (automatic),65.79,3369.01,No
2788-HNCCS,Male,0,No,Yes,4,Yes,No,Fiber optic,Yes,No,No,Yes,No,No,Two year,Yes,Mailed check,84.81,358.69,No
4340-AALRQ,Female,0,No,No,56,No,No phone service,Fiber optic,No,No,Yes,No,No,No,Month-to-month,Yes,Bank transfer (automatic),63.86,3550.49,No
5623-BMXDT,Male,0,No,No,4,Yes,No,Fiber optic,No,No,No,No,No,No,One year,No,Electronic check,67.9,247.98,Yes
1871-XKXVN,Female,0,No,No,19,Yes,Yes,Fiber optic,Yes,Yes,Yes,No,Yes,Yes,Month-to-month,No,Mailed check,100.51,1943.38,Yes
4509-RQLOZ,Male,0,Yes,No,20,Yes,Yes,Fiber optic,Yes,Yes,Yes,No,Yes,Yes,Month-to-month,No,Credit card (automatic),110.73,2216.98,Yes
3671-KKULU,Male,0,No,No,69,Yes,No,Fiber optic,No,Yes,No,Yes,No,No,Month-to-month,Yes,Bank transfer (automatic),81.54,5590.51,Yes
6296-WXXLE,Male,0,No,Yes,41,Yes,No,DSL,No,No,Yes,Yes,No,No,One year,Yes,Mailed check,59.97,2465.41,No
6846-KGAVZ,Male,0,No,No,72,Yes,Yes,DSL,Yes,Yes,No,No,No,No,Two year,Yes,Credit card (automatic),59.32,4291.73,No
1182-RMMHA,Female,0,Yes,Yes,72,Yes,No,No,No internet service,No internet service,No internet service,No internet service,No internet service,No internet service,Month-to-month,No,Electronic check,23.19,1698.68,No
6789-IXFDT,Male,1,Yes,No,51,Yes,No,No,No internet service,No internet service,No internet service,No internet service,No internet service,No internet service,Two year,No,Bank transfer (automatic),24.77,1238.69,No
8010-AFZNF,Female,0,Yes,No,13,No,No phone service,Fiber optic,Yes,Yes,Yes,No,No,No,One year,No,Electronic check,83.52,1061.48,No
5187-AQJPU,Female,0,No,No,34,Yes,Yes,DSL,No,Yes,No,Yes,No,No,Two year,No,Bank transfer (automatic),65.44,2291.71,No
5255-EQOGO,Male,1,No,Yes,28,Yes,Yes,Fiber optic,Yes,No,No,Yes,Yes,Yes,Month-to-month,No,Electronic check,94.06,2580.66,Yes
3881-WQMIU,Female,0,No,No,16,No,No phone service,Fiber optic,No,No,No,Yes,No,Yes,One year,No,Mailed check,77.09,1267.77,Yes
6026-TGVUZ,Female,0,No,No,49,No,No phone service,Fiber optic,Yes,Yes,No,No,No,No,Month-to-month,Yes,Electronic check,82.49,4031.76,Yes
9636-BUYSS,Female,0,No,No,7,Yes,Yes,DSL,No,No,Yes,Yes,No,No,Two year,Yes,Credit card (automatic),62.09,413.66,Yes
4967-FPWUX,Female,1,Yes,No,12,Yes,No,No,No internet service,No internet service,No internet service,No internet service,No internet service,No internet service,Month-to-month,Yes,Credit card (automatic),20.41,236.93,Yes
7064-BPXFD,Female,0,Yes,Yes,4,No,No phone service,No,No internet service,No internet service,No internet service,No internet service,No internet service,No internet service,One year,No,Bank transfer (automatic),19.73,74.9,No
1798-DZRAA,Female,0,No,No,10,Yes,No,No,No internet service,No internet service,No internet service,No internet service,No internet service,No internet service,Month-to-month,No,Electronic check,22.15,209.52,No
7699-TMWNQ,Male,1,Yes,No,13,Yes,No,No,No internet service,No internet service,No internet service,No internet service,No internet service,No internet service,Month-to-month,Yes,Mailed check,23.55,298.72,Yes
4395-UPHQM,Female,0,Yes,No,22,No,No phone service,DSL,No,No,No,No,No,Yes,Month-to-month,Yes,Credit card (automatic),50.62,1113.81,Yes
1902-HIHLL,Male,0,Yes,No,52,Yes,No,DSL,No,No,Yes,Yes,No,Yes,Month-to-month,Yes,Bank transfer (automatic),62.89,3263.18,No
2078-ZRJVR,Female,0,Yes,No,17,Yes,No,Fiber optic,No,Yes,Yes,No,Yes,No,Month-to-month,No,Electronic check,97.27,1684.45,No
4942-GAMVX,Female,0,No,No,53,Yes,No,Fiber optic,No,No,No,Yes,Yes,No,Month-to-month,No,Electronic check,74.77,3959.54,Yes
2148-BILAW,Female,0,No,Yes,72,Yes,No,No,No internet service,No internet service,No internet service,No internet service,No internet service,No internet service,One year,Yes,Bank transfer (automatic),18.92,1360.64,No
8897-UPFLB,Female,1,No,No,58,Yes,No,DSL,No,No,No,No,No,Yes,Month-to-month,No,Bank transfer (automatic),51.38,2943.88,No
4297-XXIVI,Female,0,No,No,11,Yes,No,DSL,Yes,No,Yes,No,No,No,Month-to-month,Yes,Electronic check,66.04,786.87,Yes
6123-YEUOI,Female,0,Yes,No,14,Yes,No,Fiber optic,Yes,No,No,No,Yes,No,One year,Yes,Electronic check,77.79,1080.96,No
2606-TTOHM,Male,0,Yes,No,53,Yes,No,Fiber optic,No,Yes,No,Yes,No,Yes,Month-to-month,Yes,Electronic check,88.12,4685.47,Yes
7634-SIUAM,Male,0,No,No,14,Yes,No,Fiber optic,No,No,No,Yes,Yes,No,Month-to-month,No,Mailed check,87.64,1203.26,Yes
2315-MNWJN,Male,1,Yes,Yes,27,Yes,No,Fiber optic,Yes,Yes,Yes,No,No,Yes,One year,No,Electronic check,96.59,2575.51,Yes
9824-AXOUV,Male,0,No,No,36,Yes,Yes,No,No internet service,No internet service,No internet service,No internet service,No internet service,No internet service,Month-to-month,Yes,Mailed check,22.33,765.56,Yes
7856-BXTFH,Female,0,Yes,No,43,Yes,Yes,Fiber optic,Yes,No,No,Yes,No,Yes,Month-to-month,Yes,Credit card (automatic),93.93,4023.23,No
9731-GIHGD,Female,1,No,No,30,Yes,No,DSL,No,No,No,No,No,Yes,One year,Yes,Credit card (automatic),53.87,1629.3,Yes
4664-JFDYU,Female,1,No,Yes,9,Yes,Yes,Fiber optic,Yes,Yes,No,Yes,Yes,No,Month-to-month,No,Electronic check,96.11,878.66,Yes
4177-AMPNH,Male,0,No,No,18,Yes,No,Fiber optic,Yes,Yes,No,No,Yes,No,Month-to-month,Yes,Bank transfer (automatic),88.42,1612.59,No
3019-TEZWI,Female,0,No,No,58,Yes,Yes,Fiber optic,No,No,No,No,Yes,Yes,One year,No,Bank transfer (automatic),79.49,4620.62,Yes
5812-TYHQV,Male,0,No,No,26,Yes,No,Fiber optic,No,No,No,No,No,No,Month-to-month,No,Bank transfer (automatic),67.14,1744.05,No
2839-MGYAM,Female,0,Yes,Yes,72,Yes,No,Fiber optic,No,No,No,Yes,Yes,Yes,Month-to-month,Yes,Credit card (automatic),83.05,5991.12,Yes
5987-GATAQ,Female,0,No,Yes,31,Yes,No,DSL,Yes,No,No,No,No,Yes,Two year,Yes,Credit card (automatic),71.6,2229.02,No
8845-LWGLM,Male,1,No,No,12,Yes,Yes,No,No internet service,No internet service,No internet service,No internet service,No internet service,No internet service,Month-to-month,Yes,Bank transfer (automatic),18.25,163.5,No
6751-HKEAX,Male,0,No,No,39,Yes,No,Fiber optic,Yes,Yes,Yes,No,Yes,No,Month-to-month,No,Bank transfer (automatic),85.2,3321.61,Yes
6199-YMPUH,Male,0,No,No,60,Yes,Yes,No,No internet service,No internet service,No internet service,No internet service,No internet service,No internet service,Month-to-month,Yes,Electronic check,23.51,1437.1,No
3634-UKEGZ,Male,0,Yes,No,28,Yes,Yes,No,No internet service,No internet service,No internet service,No internet service,No internet service,No internet service,Two year,No,Electronic check,20.3,584.38,No
2978-XFVQU,Male,0,Yes,No,29,Yes,Yes,DSL,No,Yes,Yes,No,No,No,Two year,No,Electronic check,63.73,1806.6,No
5391-RCMVO,Male,0,No,Yes,34,Yes,No,DSL,No,No,Yes,No,Yes,No,Month-to-month,Yes,Electronic check,58.36,1981.15,Yes
3051-YFHYP,Male,0,Yes,No,37,Yes,Yes,Fiber optic,No,No,No,No,Yes,No,Month-to-month,Yes,Electronic check,74.64,2795.59,Yes
4698-BSGMV,Male,0,No,No,15,Yes,Yes,Fiber optic,No,No,Yes,Yes,Yes,No,Month-to-month,No,Credit card (automatic),87.51,1314.55,Yes
5126-UXOSG,Male,0,No,No,4,Yes,Yes,DSL,No,Yes,Yes,No,Yes,No,Month-to-month,Yes,Electronic check,67.15,262.29,No
7450-XKZBH,Female,0,No,No,41,Yes,No,Fiber optic,Yes,Yes,Yes,Yes,No,Yes,Month-to-month,Yes,Electronic check,99.31,4077.1,No
5483-AACKJ,Male,0,Yes,No,26,Yes,Yes,DSL,Yes,Yes,No,No,No,Yes,Month-to-month,Yes,Mailed check,70.76,1830.12,Yes
8852-ZEUEF,Female,0,Yes,No,35,Yes,Yes,DSL,No,Yes,No,No,No,Yes,Month-to-month,Yes,Mailed check,68.79,2407.19,No
1634-CBZTH,Male,0,No,No,22,Yes,Yes,Fiber optic,No,Yes,Yes,Yes,Yes,Yes,Month-to-month,Yes,Credit card (automatic),101.37,2225.99,No
3340-FZJIM,Male,0,No,No,35,Yes,No,DSL,Yes,No,Yes,No,Yes,No,Month-to-month,No,Mailed check,66.69,2319.02,No
6140-FCYCZ,Male,0,No,No,11,Yes,No,DSL,No,No,No,No,Yes,No,Month-to-month,No,Electronic check,51.77,546.79,No
9295-OJFXC,Female,0,Yes,No,19,No,No phone service,Fiber optic,No,No,No,Yes,Yes,Yes,Month-to-month,No,Mailed check,81.94,1544.39,Yes
4694-ICFIV,Male,0,Yes,No,11,Yes,No,DSL,Yes,Yes,No,Yes,Yes,No,Month-to-month,No,Credit card (automatic),78.2,881.64,Yes
9912-OBXFV,Female,0,No,No,19,Yes,No,Fiber optic,Yes,No,No,No,Yes,No,Month-to-month,Yes,Credit card (automatic),78.42,1473.72,Yes
9658-IOFYO,Male,1,No,Yes,7,No,No phone service,Fiber optic,No,Yes,No,No,No,No,Month-to-month,Yes,Mailed check,68.36,539.62,Yes
2596-WVGKH,Female,0,No,No,44,Yes,Yes,No,No internet service,No internet service,No internet service,No internet service,No internet service,No internet service,Month-to-month,No,Mailed check,19.49,868.7,No
9976-NSZYO,Male,0,No,No,67,Yes,No,Fiber optic,No,Yes,No,No,Yes,Yes,One year,Yes,Electronic check,90.44,6071.89,No
6814-JXQGL,Male,0,No,No,8,Yes,Yes,Fiber optic,Yes,Yes,No,No,No,No,Two year,Yes,Electronic check,75.57,593.15,No
9311-RIXQV,Female,0,No,No,26,Yes,No,DSL,No,No,Yes,No,Yes,Yes,Two year,No,Mailed check,62.65,1675.79,No
1749-XUZMY,Male,0,No,Yes,22,Yes,Yes,No,No internet service,No internet service,No internet service,No internet service,No internet service,No internet service,Month-to-month,Yes,Mailed check,18.25,391.95,No
4238-MJGKM,Male,1,No,Yes,69,No,No phone service,DSL,No,Yes,Yes,No,Yes,No,Month-to-month,Yes,Mailed check,59.07,4090.8,Yes
9163-DPQOS,Female,0,No,No,27,Yes,No,DSL,Yes,No,Yes,No,Yes,Yes,One year,Yes,Electronic check,75.05,2010.69,Yes
8968-WOJYK,Male,0,Yes,No,56,Yes,No,DSL,No,No,Yes,No,No,Yes,Month-to-month,Yes,Bank transfer (automatic),63.24,3539.01,Yes
7179-YPDSZ,Male,0,No,No,42,Yes,Yes,DSL,Yes,No,No,Yes,No,No,Month-to-month,Yes,Bank transfer (automatic),67.79,2835.95,Yes
1020-QDRFT,Male,0,No,Yes,32,Yes,Yes,Fiber optic,No,Yes,Yes,No,No,Yes,Two year,No,Mailed check,90.19,2888.73,No
3139-SWRNF,Male,1,No,Yes,16,No,No phone service,No,No internet service,No internet service,No internet service,No internet service,No internet service,No internet service,One year,Yes,Electronic check,18.94,277.85,No
2251-XROYI,Female,0,Yes,No,32,Yes,No,Fiber optic,Yes,No,No,Yes,Yes,No,Month-to-month,No,Electronic check,89.61,2868.18,Yes
6527-HVITC,Female,0,Yes,Yes,11,Yes,Yes,DSL,Yes,No,No,Yes,Yes,No,Month-to-month,Yes,Mailed check,67.39,782.02,Yes
8895-HMFAZ,Female,1,No,No,19,Yes,No,No,No internet service,No internet service,No internet service,No internet service,No internet service,No internet service,Two year,No,Mailed check,24.39,475.42,No
5243-CNVIX,Male,1,No,No,4,Yes,No,Fiber optic,No,Yes,No,No,No,No,Month-to-month,No,Mailed check,74.26,294.73,Yes
7066-DHEVB,Female,0,Yes,No,62,Yes,Yes,Fiber optic,No,No,No,No,Yes,No,Month-to-month,Yes,Electronic check,73.44,4566.04,No
9595-ZTOFE,Female,0,Yes,No,29,Yes,Yes,Fiber optic,Yes,No,No,No,No,Yes,Month-to-month,No,Electronic check,84.2,2457.04,Yes
3484-HMJJR,Male,0,No,Yes,61,Yes,No,Fiber optic,No,No,Yes,No,No,Yes,Month-to-month,Yes,Bank transfer (automatic),86.81,5295.86,Yes
3748-SJBXD,Female,1,No,No,28,Yes,No,DSL,No,No,No,Yes,Yes,No,One year,No,Credit card (automatic),58.2,1627.06,No
8640-JWJYN,Female,0,Yes,No,30,Yes,Yes,No,No internet service,No internet service,No internet service,No internet service,No internet service,No internet service,One year,Yes,Electronic check,21.58,667.52,No
9487-YOWMH,Female,0,Yes,No,40,Yes,Yes,DSL,No,Yes,No,No,Yes,No,One year,No,Bank transfer (automatic),55.2,2222.16,Yes
6596-XYGBL,Male,0,Yes,No,24,Yes,No,Fiber optic,Yes,No,No,Yes,No,Yes,Two year,No,Electronic check,94.68,2313.75,Yes
4487-BQWYF,Male,0,Yes,No,22,Yes,No,DSL,Yes,No,Yes,Yes,No,Yes,Two year,No,Electronic check,74.88,1620.86,No
3801-GEZYE,Female,0,Yes,Yes,20,Yes,Yes,Fiber optic,No,No,No,No,Yes,No,Month-to-month,Yes,Electronic check,75.33,1494.87,Yes
7302-SKTOX,Female,0,No,No,11,Yes,No,Fiber optic,Yes,Yes,No,No,No,No,Month-to-month,No,Electronic check,81.62,871.38,Yes
4402-ZZTAY,Male,0,No,Yes,20,Yes,Yes,Fiber optic,No,Yes,Yes,No,No,Yes,Month-to-month,Yes,Bank transfer (automatic),88.86,1785.67,Yes
8755-RCUVH,Male,0,Yes,Yes,52,Yes,Yes,DSL,No,Yes,No,Yes,Yes,Yes,Month-to-month,Yes,Electronic check,74.26,3824.8,Yes
3114-KXCCK,Female,0,Yes,No,18,Yes,No,Fiber optic,Yes,No,No,No,Yes,Yes,Month-to-month,Yes,Bank transfer (automatic),89.49,1602.65,Yes
3379-CKXNT,Male,0,No,Yes,72,Yes,No,No,No internet service,No internet service,No internet service,No internet service,No internet service,No internet service,Two year,Yes,Electronic check,18.42,1364.74,No
9233-QXVOX,Male,0,Yes,Yes,4,Yes,No,DSL,No,Yes,Yes,Yes,No,Yes,Month-to-month,No,Credit card (automatic),79.27,347.5,Yes
2038-KQKOG,Female,0,No,Yes,54,Yes,No,DSL,No,No,Yes,Yes,No,No,One year,No,Mailed check,58.01,3111.26,No
1174-IYDDT,Male,0,Yes,No,21,Yes,Yes,Fiber optic,No,No,No,Yes,Yes,Yes,Month-to-month,Yes,Bank transfer (automatic),85.76,1830.24,No
8930-ZEASU,Male,0,No,No,37,Yes,No,Fiber optic,No,No,Yes,Yes,Yes,Yes,Month-to-month,No,Mailed check,96.5,3574.14,Yes
8427-YLWVU,Male,0,No,No,12,Yes,No,DSL,No,No,No,No,Yes,Yes,Month-to-month,Yes,Mailed check,61.36,752.86,Yes
7624-FFDUT,Female,0,Yes,Yes,5,Yes,No,Fiber optic,No,No,No,No,Yes,No,Month-to-month,Yes,Electronic check,72.34,384.07,Yes
5637-DWIVC,Male,0,No,Yes,47,Yes,Yes,Fiber optic,Yes,No,Yes,No,Yes,No,Month-to-month,No,Electronic check,85.2,3999.86,Yes
8720-XEIZL,Female,0,No,No,61,Yes,Yes,DSL,No,Yes,No,Yes,No,No,One year,Yes,Bank transfer (automatic),56.56,3427.1,No
1450-AUKVN,Female,0,Yes,Yes,26,Yes,No,DSL,Yes,Yes,Yes,No,Yes,Yes,One year,Yes,Mailed check,90.23,2318.4,Yes
1696-XZPES,Female,0,No,No,18,Yes,No,DSL,Yes,Yes,Yes,Yes,Yes,Yes,One year,Yes,Credit card (automatic),81.74,1513.21,No
9495-MZHAV,Female,0,Yes,Yes,25,Yes,No,DSL,No,Yes,No,Yes,No,No,Two year,Yes,Bank transfer (automatic),61.21,1527.18,No
5674-KREAV,Female,0,No,No,25,Yes,Yes,No,No internet service,No internet service,No internet service,No internet service,No internet service,No internet service,Month-to-month,Yes,Electronic check,18.49,475.81,No
3829-SSUOH,Male,0,No,Yes,21,No,No phone service,DSL,Yes,No,No,No,Yes,Yes,Month-to-month,Yes,Bank transfer (automatic),66.83,1393.37,No
1359-GDCTT,Female,0,Yes,No,29,Yes,Yes,DSL,No,No,No,Yes,Yes,Yes,Month-to-month,No,Electronic check,66.91,1934.5,No
1354-TTKOH,Female,1,Yes,No,38,Yes,Yes,Fiber optic,No,No,No,No,No,No,Two year,Yes,Credit card (automatic),65.61,2477.32,No
3478-RZTNE,Female,0,Yes,Yes,36,Yes,No,Fiber optic,No,Yes,No,No,Yes,Yes,Month-to-month,No,Mailed check,87.8,3137.15,Yes
6282-EXIXJ,Male,0,No,No,15,Yes,No,No,No internet service,No internet service,No internet service,No internet service,No internet service,No internet service,Two year,No,Mailed check,22.83,338.12,No
2774-OYIOA,Male,0,Yes,No,21,Yes,Yes,Fiber optic,Yes,No,Yes,Yes,Yes,Yes,Two year,No,Electronic check,103.95,2148.47,No
6734-WNWCO,Female,0,Yes,No,10,Yes,No,No,No internet service,No internet service,No internet service,No internet service,No internet service,No internet service,Month-to-month,Yes,Electronic check,18.49,182.43,No
6023-PUZSB,Male,0,No,No,35,Yes,Yes,Fiber optic,No,No,Yes,No,Yes,No,Month-to-month,Yes,Bank transfer (automatic),76.35,2663.05,Yes
3438-MZXUX,Female,0,No,Yes,13,Yes,No,Fiber optic,No,No,No,No,No,Yes,One year,No,Mailed check,71.34,906.66,No
3013-ENVIF,Male,0,No,No,2,Yes,No,DSL,No,Yes,No,No,Yes,Yes,One year,Yes,Electronic check,73.55,101.41,Yes
5127-BTNQX,Female,1,No,Yes,17,Yes,No,Fiber optic,No,No,No,No,No,No,Two year,No,Mailed check,61.29,1020.64,No
9601-AQJXD,Female,0,Yes,No,36,Yes,Yes,DSL,Yes,No,Yes,No,Yes,Yes,One year,No,Electronic check,78.7,2865.38,Yes
5231-ARZMI,Male,0,No,No,38,Yes,Yes,Fiber optic,Yes,No,No,No,No,No,Two year,No,Bank transfer (automatic),73.65,2835.47,No
1387-CYHJF,Male,0,No,Yes,53,Yes,No,Fiber optic,Yes,No,Yes,No,No,No,Month-to-month,Yes,Mailed check,77.06,4056.67,No
6574-MHWKE,Female,1,Yes,No,72,Yes,Yes,DSL,No,No,Yes,Yes,Yes,No,Two year,Yes,Electronic check,69.09,4997.54,No
7612-HRTKB,Male,0,No,No,26,Yes,Yes,DSL,No,Yes,Yes,No,No,Yes,Month-to-month,No,Mailed check,73.91,1934.41,Yes
6581-TZTUE,Male,0,No,Yes,22,Yes,No,Fiber optic,Yes,Yes,No,No,Yes,No,Month-to-month,Yes,Credit card (automatic),92.46,2056.86,Yes
6197-MHIMM,Female,0,Yes,No,28,Yes,No,Fiber optic,No,No,No,Yes,Yes,No,Month-to-month,Yes,Bank transfer (automatic),72.41,2024.44,Yes
8228-YIWOR,Male,0,Yes,No,19,Yes,Yes,Fiber optic,No,No,No,Yes,Yes,No,Month-to-month,Yes,Bank transfer (automatic),79.58,1489.25,Yes
5328-XUTKV,Female,0,Yes,No,9,Yes,No,Fiber optic,No,Yes,Yes,Yes,No,Yes,One year,Yes,Credit card (automatic),104.0,936.0,Yes
1558-OGPQR,Male,0,No,No,8,No,No phone service,Fiber optic,No,Yes,Yes,No,Yes,Yes,One year,Yes,Bank transfer (automatic),89.29,702.06,Yes
1720-ILQRS,Male,0,Yes,No,23,No,No phone service,DSL,No,No,Yes,Yes,Yes,Yes,Two year,Yes,Mailed check,73.84,1772.5,No
5211-KHDFG,Female,0,No,No,65,Yes,Yes,Fiber optic,Yes,No,Yes,Yes,No,No,One year,No,Credit card (automatic),87.76,5687.52,Yes
7780-JNWQG,Male,0,Yes,No,18,Yes,Yes,DSL,No,No,No,No,No,No,Month-to-month,Yes,Electronic check,46.35,867.76,No
1384-OAHDT,Male,0,No,No,42,Yes,No,Fiber optic,Yes,Yes,No,No,No,No,Two year,No,Bank transfer (automatic),84.27,3557.8,No
4132-ZYHQW,Female,0,No,No,57,Yes,No,DSL,Yes,No,No,No,No,Yes,Month-to-month,No,Credit card (automatic),57.9,3314.84,Yes
4774-QUKTG,Female,1,Yes,No,42,Yes,Yes,Fiber optic,No,Yes,No,No,Yes,Yes,One year,Yes,Electronic check,83.58,3550.9,No
3404-AKTPW,Female,1,Yes,Yes,45,No,No phone service,Fiber optic,Yes,Yes,Yes,No,Yes,Yes,Month-to-month,No,Credit card (automatic),105.96,4775.57,Yes
5248-RWLFL,Female,0,No,No,9,Yes,No,DSL,No,No,Yes,No,Yes,Yes,Month-to-month,Yes,Electronic check,57.68,497.13,Yes
2375-GZWKS,Male,0,Yes,No,21,Yes,No,No,No internet service,No internet service,No internet service,No internet service,No internet service,No internet service,Month-to-month,Yes,Electronic check,18.25,383.24,No
9226-TKULU,Male,0,Yes,No,6,Yes,Yes,DSL,Yes,Yes,No,No,No,No,Two year,Yes,Credit card (automatic),58.81,360.34,No
9107-AGHCW,Female,1,No,Yes,15,Yes,Yes,DSL,Yes,No,No,Yes,No,No,Month-to-month,Yes,Electronic check,60.63,929.31,Yes
1313-LILBU,Female,0,No,No,8,Yes,Yes,Fiber optic,Yes,No,Yes,Yes,No,Yes,Month-to-month,No,Electronic check,95.14,778.45,Yes
6982-VBWTK,Female,0,No,Yes,36,Yes,Yes,No,No internet service,No internet service,No internet service,No internet service,No internet service,No internet service,One year,No,Credit card (automatic),19.86,686.36,No
2270-IYWSF,Male,0,No,No,8,Yes,Yes,DSL,Yes,No,No,No,No,Yes,Month-to-month,Yes,Credit card (automatic),59.19,480.63,No
2571-RXSWQ,Male,0,No,No,8,Yes,Yes,DSL,No,No,Yes,No,No,Yes,Month-to-month,No,Credit card (automatic),60.21,473.26,No
5311-EGRPB,Male,0,No,No,24,Yes,No,Fiber optic,No,Yes,Yes,No,No,No,One year,Yes,Electronic check,81.75,2007.23,Yes
5999-UUHUN,Female,0,Yes,No,4,No,No phone service,Fiber optic,No,Yes,No,No,Yes,No,Month-to-month,Yes,Bank transfer (automatic),83.23,358.59,Yes
8875-MBXHN,Female,0,No,No,72,No,No phone service,Fiber optic,No,No,Yes,No,No,No,One year,Yes,Electronic check,70.02,5058.72,Yes
2339-VXPPW,Male,0,No,No,21,Yes,Yes,No,No internet service,No internet service,No internet service,No internet service,No internet service,No internet service,Two year,Yes,Bank transfer (automatic),23.84,470.45,No
7520-SZFBC,Male,1,No,No,56,Yes,Yes,DSL,Yes,No,Yes,No,No,Yes,Month-to-month,No,Credit card (automatic),63.37,3561.01,Yes
9109-CRQQK,Male,0,No,Yes,9,Yes,No,DSL,No,Yes,Yes,No,Yes,Yes,One year,Yes,Electronic check,68.21,613.49,No
2596-AKNRX,Male,0,Yes,Yes,32,Yes,No,Fiber optic,No,No,No,Yes,Yes,No,Month-to-month,Yes,Mailed check,77.38,2504.19,Yes
9419-BGTFZ,Female,0,No,Yes,37,Yes,No,Fiber optic,No,No,No,Yes,No,Yes,Month-to-month,Yes,Electronic check,78.66,2888.57,Yes
1476-RHHYW,Female,0,No,Yes,11,Yes,Yes,Fiber optic,No,No,No,No,No,Yes,Month-to-month,No,Electronic check,68.67,750.49,Yes
8433-FZEMO,Male,0,Yes,No,44,Yes,Yes,No,No internet service,No internet service,No internet service,No internet service,No internet service,No internet service,Two year,Yes,Credit card (automatic),22.37,944.75,No
7077-EOIUY,Female,0,Yes,No,15,Yes,No,No,No internet service,No internet service,No internet service,No internet service,No internet service,No internet service,Month-to-month,No,Electronic check,20.73,308.59,No
9954-DLMCS,Female,1,No,No,18,Yes,Yes,DSL,Yes,No,No,Yes,No,Yes,Two year,No,Bank transfer (automatic),72.07,1313.1,Yes
4318-ZUMWH,Male,1,Yes,No,11,Yes,Yes,No,No internet service,No internet service,No internet service,No internet service,No internet service,No internet service,Month-to-month,No,Electronic check,18.25,219.65,No
8565-BTVFT,Male,0,No,No,46,Yes,No,Fiber optic,No,No,No,Yes,Yes,Yes,Month-to-month,Yes,Mailed check,88.04,4053.67,Yes
5665-WPBSR,Male,0,No,No,32,Yes,No,No,No internet service,No internet service,No internet service,No internet service,No internet service,No internet service,One year,No,Credit card (automatic),21.4,713.6,No
6226-FDOSG,Male,0,No,Yes,30,No,No phone service,Fiber optic,No,No,Yes,Yes,Yes,No,Two year,Yes,Electronic check,91.02,2735.46,No
5717-FIZFD,Female,0,No,No,30,Yes,No,No,No internet service,No internet service,No internet service,No internet service,No internet service,No internet service,Two year,Yes,Electronic check,18.25,517.18,No
2711-QWYPD,Female,0,Yes,No,31,Yes,No,No,No internet service,No internet service,No internet service,No internet service,No internet service,No internet service,Two year,Yes,Electronic check,24.71,761.1,No
5402-AKBKV,Male,1,Yes,No,14,No,No phone service,DSL,No,No,No,No,Yes,Yes,One year,Yes,Mailed check,57.14,797.48,No
5650-UATQS,Male,0,No,Yes,42,Yes,Yes,Fiber optic,No,No,No,Yes,Yes,No,Month-to-month,Yes,Credit card (automatic),74.89,3132.28,Yes
8490-JYBVM,Female,0,Yes,No,12,Yes,No,Fiber optic,No,No,No,Yes,Yes,Yes,Month-to-month,Yes,Electronic check,90.76,1032.62,Yes
1502-XTEKP,Male,1,No,No,30,Yes,Yes,Fiber optic,No,No,Yes,Yes,Yes,No,One year,No,Electronic check,94.04,2813.33,Yes
4331-IOTPI,Female,1,Yes,No,23,No,No phone service,DSL,No,No,No,No,No,Yes,One year,No,Electronic check,50.17,1113.08,No
3712-KYDBA,Female,0,Yes,No,17,Yes,Yes,DSL,No,No,No,No,No,Yes,One year,Yes,Electronic check,54.12,940.32,No
2675-SCFDA,Female,0,No,No,23,Yes,No,DSL,Yes,No,No,No,Yes,No,One year,Yes,Electronic check,64.3,1492.18,No
7311-TEEYT,Female,0,No,No,30,Yes,No,Fiber optic,No,No,Yes,Yes,Yes,No,Month-to-month,Yes,Mailed check,87.05,2611.34,Yes
7957-JGPPH,Female,0,No,No,42,Yes,No,Fiber optic,No,Yes,Yes,No,Yes,No,Two year,No,Electronic check,92.68,3866.51,No
2802-JQBHH,Female,0,Yes,No,27,Yes,No,Fiber optic,Yes,No,Yes,Yes,Yes,Yes,Month-to-month,Yes,Electronic check,104.73,2808.43,No
5125-ZTLZI,Male,0,No,No,49,Yes,No,DSL,No,Yes,Yes,No,No,Yes,One year,Yes,Mailed check,72.07,3536.92,No
9140-FFHAI,Male,0,No,No,15,Yes,No,No,No internet service,No internet service,No internet service,No internet service,No internet service,No internet service,One year,No,Electronic check,20.0,283.71,No
5805-XSGSO,Male,0,No,Yes,20,Yes,Yes,Fiber optic,No,Yes,Yes,Yes,Yes,Yes,Month-to-month,No,Credit card (automatic),94.86,1862.04,Yes
3066-JOGXN,Male,0,Yes,No,37,Yes,No,No,No internet service,No internet service,No internet service,No internet service,No internet service,No internet service,Month-to-month,No,Mailed check,21.22,731.96,No
5561-NTWEM,Male,0,Yes,No,9,Yes,No,No,No internet service,No internet service,No internet service,No internet service,No internet service,No internet service,Month-to-month,Yes,Mailed check,22.66,196.94,No
7335-GKHYE,Male,0,No,Yes,45,Yes,Yes,No,No internet service,No internet service,No internet service,No internet service,No internet service,No internet service,Month-to-month,No,Credit card (automatic),18.46,796.71,No
1051-ZEWYE,Male,0,No,No,9,Yes,No,Fiber optic,No,Yes,No,No,Yes,No,Month-to-month,Yes,Electronic check,76.1,699.08,Yes
5163-DONMQ,Male,0,Yes,No,72,Yes,Yes,Fiber optic,No,No,Yes,No,No,No,Month-to-month,Yes,Mailed check,73.24,5249.95,Yes
3318-OZKJK,Male,1,Yes,No,15,Yes,No,Fiber optic,No,Yes,Yes,No,Yes,No,One year,No,Mailed check,81.72,1253.22,No
3412-SOHLN,Female,0,No,No,72,Yes,No,DSL,No,No,No,Yes,Yes,Yes,Month-to-month,Yes,Electronic check,65.78,4798.19,No
7257-SGCEY,Female,0,No,Yes,43,Yes,No,No,No internet service,No internet service,No internet service,No internet service,No internet service,No internet service,Month-to-month,No,Mailed check,20.95,875.27,No
7128-ZAQUR,Female,0,No,Yes,7,Yes,No,Fiber optic,Yes,No,No,No,No,Yes,Month-to-month,Yes,Bank transfer (automatic),85.0,551.36,Yes
9604-HAURW,Female,1,No,No,12,Yes,No,Fiber optic,No,No,No,No,No,No,Month-to-month,Yes,Credit card (automatic),65.98,757.2,Yes
2707-YJGGK,Female,0,No,Yes,8,Yes,No,Fiber optic,No,No,Yes,No,No,Yes,Two year,Yes,Bank transfer (automatic),83.84,674.9,No
9730-KTEPV,Female,0,No,No,20,No,No phone service,Fiber optic,No,No,No,No,No,Yes,Two year,Yes,Electronic check,71.54,1388.89,Yes
7284-FPXPF,Male,1,No,No,49,Yes,No,Fiber optic,No,Yes,No,No,Yes,No,Month-to-month,No,Mailed check,77.15,3777.1,No
9525-ULQBF,Female,0,Yes,Yes,68,Yes,Yes,DSL,No,No,No,No,Yes,No,One year,No,Electronic check,55.56,3744.31,No
8678-WMQLI,Male,0,No,Yes,10,Yes,Yes,Fiber optic,No,No,No,Yes,Yes,Yes,Two year,Yes,Mailed check,86.71,860.94,No
4384-VJWBI,Female,0,No,No,9,Yes,No,No,No internet service,No internet service,No internet service,No internet service,No internet service,No internet service,Month-to-month,Yes,Credit card (automatic),21.61,186.6,Yes
9106-VBKQT,Female,1,No,No,34,No,No phone service,Fiber optic,No,No,Yes,No,No,No,Month-to-month,No,Credit card (automatic),70.74,2416.96,Yes
6064-ZRXDR,Male,0,Yes,No,7,Yes,No,DSL,Yes,No,No,Yes,No,No,Month-to-month,No,Mailed check,61.97,437.19,Yes
6157-LIPOO,Female,0,No,No,48,Yes,No,Fiber optic,No,Yes,Yes,No,No,No,Month-to-month,No,Credit card (automatic),80.33,3838.91,Yes
9584-DEPUL,Male,0,No,Yes,40,Yes,Yes,Fiber optic,No,No,Yes,No,No,Yes,One year,Yes,Electronic check,83.37,3295.94,Yes
2834-LMTLD,Male,0,Yes,No,27,Yes,Yes,No,No internet service,No internet service,No internet service,No internet service,No internet service,No internet service,Month-to-month,Yes,Credit card (automatic),18.47,534.73,No
3710-QOXVK,Male,0,No,No,47,Yes,No,No,No internet service,No internet service,No internet service,No internet service,No internet service,No internet service,Month-to-month,Yes,Bank transfer (automatic),21.38,991.36,No
9732-LWZXA,Male,0,Yes,No,46,Yes,No,DSL,No,Yes,Yes,No,No,No,One year,Yes,Credit card (automatic),56.55,2561.29,No
5842-TSNDO,Male,0,Yes,No,12,Yes,No,DSL,No,No,No,Yes,Yes,No,Month-to-month,Yes,Mailed check,58.71,752.66,No
3342-BRPKR,Female,0,Yes,No,9,Yes,Yes,DSL,No,Yes,No,Yes,No,No,Month-to-month,Yes,Bank transfer (automatic),56.75,546.04,Yes
1624-UWICS,Female,0,No,No,25,Yes,Yes,DSL,No,Yes,No,No,No,Yes,One year,Yes,Credit card (automatic),58.07,1493.8,No
7493-VHZRT,Male,1,Yes,No,48,Yes,Yes,Fiber optic,Yes,No,Yes,No,Yes,Yes,Month-to-month,Yes,Bank transfer (automatic),111.59,5365.73,No
1668-TFNZM,Female,0,No,No,11,Yes,No,Fiber optic,No,No,No,No,No,Yes,Month-to-month,Yes,Electronic check,75.14,845.14,No
4843-IKCKX,Male,0,No,No,9,Yes,No,No,No internet service,No internet service,No internet service,No internet service,No internet service,No internet service,Two year,Yes,Bank transfer (automatic),22.28,216.58,No
9299-AOBMA,Male,0,No,No,10,Yes,No,DSL,Yes,No,No,Yes,No,No,Month-to-month,Yes,Electronic check,59.06,614.39,No
4551-CVAVE,Female,0,No,No,18,Yes,Yes,DSL,No,No,No,Yes,Yes,Yes,Month-to-month,Yes,Electronic check,67.31,1184.08,Yes
6818-QJUZB,Female,0,No,Yes,1,Yes,Yes,Fiber optic,Yes,No,Yes,No,Yes,No,One year,No,Electronic check,82.35,117.37,Yes
9974-XYKJJ,Male,0,Yes,Yes,13,Yes,No,Fiber optic,No,Yes,No,No,No,No,Month-to-month,Yes,Electronic check,70.76,935.82,Yes
7767-MNLUM,Male,0,Yes,No,36,Yes,Yes,DSL,No,Yes,No,No,Yes,Yes,One year,Yes,Mailed check,67.29,2419.14,No
5653-CHSQJ,Female,0,Yes,No,48,Yes,Yes,DSL,No,No,No,No,No,Yes,One year,Yes,Bank transfer (automatic),49.27,2322.79,Yes
6440-JDGHN,Female,0,No,No,72,Yes,No,Fiber optic,No,No,No,Yes,Yes,No,Month-to-month,No,Bank transfer (automatic),75.55,5438.24,No
6806-HUAXA,Male,0,Yes,Yes,24,Yes,Yes,DSL,No,No,No,No,No,Yes,Month-to-month,Yes,Mailed check,50.95,1248.43,No
9264-JWQSS,Male,0,No,Yes,16,Yes,No,Fiber optic,No,No,Yes,Yes,Yes,No,Two year,No,Credit card (automatic),90.03,1478.25,No
8353-BSHLL,Male,0,No,No,72,Yes,Yes,No,No internet service,No internet service,No internet service,No internet service,No internet service,No internet service,One year,No,Electronic check,19.32,1373.85,No
6889-HRFGE,Female,0,No,No,26,Yes,Yes,DSL,No,No,Yes,No,Yes,Yes,Two year,Yes,Electronic check,62.87,1603.61,No
8967-XYJUK,Female,0,Yes,No,27,Yes,Yes,Fiber optic,No,No,No,No,Yes,Yes,Month-to-month,Yes,Bank transfer (automatic),79.61,2132.0,Yes
7804-UKREO,Female,0,Yes,No,59,No,No phone service,No,No internet service,No internet service,No internet service,No internet service,No internet service,No internet service,One year,No,Bank transfer (automatic),18.83,1122.42,No
8941-JZQVZ,Male,0,Yes,No,5,Yes,Yes,Fiber optic,Yes,No,No,Yes,Yes,No,Month-to-month,No,Electronic check,90.72,460.65,Yes
4540-ZIUZJ,Female,0,No,No,28,Yes,No,DSL,No,No,No,Yes,No,No,Month-to-month,No,Credit card (automatic),52.59,1481.91,No
3591-DRIDQ,Female,1,No,No,8,Yes,Yes,DSL,No,No,No,Yes,No,No,Two year,No,Credit card (automatic),55.0,446.84,Yes
5412-RKAVU,Male,0,No,No,4,No,No phone service,No,No internet service,No internet service,No internet service,No internet service,No internet service,No internet service,One year,Yes,Electronic check,18.25,70.54,No
9180-WGBTT,Female,0,No,Yes,12,Yes,Yes,DSL,No,No,Yes,Yes,No,No,Month-to-month,No,Mailed check,65.04,785.48,Yes
6790-HZXHC,Male,0,No,No,72,Yes,Yes,No,No internet service,No internet service,No internet service,No internet service,No internet service,No internet service,One year,No,Electronic check,21.0,1514.59,No
3543-DVHEG,Male,0,Yes,Yes,5,Yes,No,No,No internet service,No internet service,No internet service,No internet service,No internet service,No internet service,Two year,No,Electronic check,23.12,128.56,No
5556-PSXFV,Female,0,Yes,No,18,No,No phone service,No,No internet service,No internet service,No internet service,No internet service,No internet service,No internet service,One year,Yes,Credit card (automatic),18.25,317.91,No
8918-PXNET,Male,1,Yes,No,45,Yes,Yes,No,No internet service,No internet service,No internet service,No internet service,No internet service,No internet service,One year,Yes,Bank transfer (automatic),18.25,798.84,No
9397-BPXAS,Female,0,Yes,No,13,Yes,Yes,No,No internet service,No internet service,No internet service,No internet service,No internet service,No internet service,One year,Yes,Electronic check,20.81,242.5,No
1183-KCQJZ,Female,0,Yes,No,72,Yes,No,No,No internet service,No internet service,No internet service,No internet service,No internet service,No internet service,One year,No,Electronic check,23.56,1668.0,No
9309-YYNTC,Male,0,No,No,25,Yes,Yes,Fiber optic,No,Yes,No,No,No,Yes,Two year,No,Mailed check,79.11,1991.88,Yes
7429-VUIER,Male,0,Yes,Yes,5,Yes,No,DSL,No,No,Yes,Yes,Yes,No,Month-to-month,Yes,Mailed check,71.54,372.49,No
3256-MVHRB,Female,1,Yes,No,12,Yes,Yes,DSL,No,Yes,No,Yes,No,Yes,Month-to-month,Yes,Credit card (automatic),66.92,811.38,No
4316-GGVZC,Male,1,Yes,No,5,Yes,No,Fiber optic,No,No,Yes,No,No,No,One year,No,Credit card (automatic),72.85,396.07,Yes
3651-NDMUI,Female,0,Yes,No,13,Yes,No,DSL,No,Yes,No,Yes,Yes,Yes,Month-to-month,Yes,Credit card (automatic),74.8,1006.71,No
4437-KFTUL,Male,1,Yes,Yes,20,Yes,Yes,No,No internet service,No internet service,No internet service,No internet service,No internet service,No internet service,Two year,No,Credit card (automatic),22.93,504.92,No
4657-HIADL,Male,0,Yes,No,45,No,No phone service,No,No internet service,No internet service,No internet service,No internet service,No internet service,No internet service,Month-to-month,Yes,Bank transfer (automatic),19.93,938.81,No
8101-PCEBY,Female,0,Yes,No,72,Yes,No,Fiber optic,No,Yes,No,No,Yes,Yes,Two year,Yes,Bank transfer (automatic),97.14,6984.33,No
1675-ZMVMP,Male,0,No,No,21,Yes,Yes,No,No internet service,No internet service,No internet service,No internet service,No internet service,No internet service,Two year,Yes,Mailed check,18.67,386.07,No
4929-QORZI,Female,0,Yes,No,40,Yes,Yes,Fiber optic,No,No,Yes,No,No,No,Month-to-month,No,Credit card (automatic),73.02,2896.23,Yes
8349-HSEEC,Male,0,Yes,No,23,Yes,Yes,Fiber optic,Yes,Yes,Yes,No,Yes,Yes,Two year,Yes,Electronic check,106.86,2425.17,Yes
5652-JQABZ,Male,0,No,No,11,Yes,Yes,No,No internet service,No internet service,No internet service,No internet service,No internet service,No internet service,Month-to-month,No,Credit card (automatic),24.04,235.98,No
8809-OLINS,Female,0,Yes,No,15,Yes,No,No,No internet service,No internet service,No internet service,No internet service,No internet service,No internet service,Month-to-month,Yes,Mailed check,24.09,387.02,No
5813-VFDJJ,Female,0,No,Yes,67,No,No phone service,No,No internet service,No internet service,No internet service,No internet service,No internet service,No internet service,Month-to-month,Yes,Bank transfer (automatic),19.0,1274.15,No
9402-GKHJL,Female,0,Yes,No,17,Yes,No,Fiber optic,No,No,No,No,No,Yes,Month-to-month,Yes,Mailed check,72.53,1232.06,Yes
8145-YKUHW,Male,1,No,Yes,72,Yes,Yes,DSL,Yes,No,Yes,Yes,No,No,One year,Yes,Mailed check,65.88,4726.68,No
6669-QOEZK,Male,0,No,No,27,Yes,No,Fiber optic,No,No,No,Yes,No,Yes,Month-to-month,Yes,Credit card (automatic),77.69,2118.2,No
7561-FMHCU,Female,0,No,No,29,No,No phone service,Fiber optic,No,Yes,No,No,Yes,No,Month-to-month,Yes,Electronic check,76.26,2153.7,Yes
9585-VRUWE,Female,0,Yes,No,58,No,No phone service,No,No internet service,No internet service,No internet service,No internet service,No internet service,No internet service,Two year,Yes,Electronic check,19.25,1099.57,No
7371-HKTOB,Female,0,Yes,No,30,Yes,No,Fiber optic,No,No,No,Yes,No,Yes,Month-to-month,Yes,Mailed check,85.62,2573.95,Yes
9463-BNIMP,Female,0,Yes,No,1,Yes,Yes,No,No internet service,No internet service,No internet service,No internet service,No internet service,No internet service,One year,No,Electronic check,19.86,30.76,No
9128-JULED,Female,0,No,Yes,13,Yes,No,DSL,Yes,Yes,No,No,Yes,Yes,One year,Yes,Mailed check,73.65,943.1,Yes
5820-ADJJG,Male,0,Yes,Yes,29,Yes,Yes,Fiber optic,Yes,No,No,No,Yes,Yes,Month-to-month,Yes,Electronic check,92.4,2670.68,Yes
9434-PUDJU,Female,0,No,Yes,31,Yes,Yes,Fiber optic,No,No,Yes,Yes,Yes,Yes,Two year,No,Bank transfer (automatic),92.51,2843.14,Yes
6198-JPUGT,Male,0,Yes,No,31,Yes,Yes,No,No internet service,No internet service,No internet service,No internet service,No internet service,No internet service,Two year,Yes,Mailed check,25.15,792.57,No
7327-XUTPP,Male,0,Yes,No,24,Yes,Yes,Fiber optic,No,No,No,Yes,No,Yes,Month-to-month,No,Electronic check,86.28,2077.28,Yes
8372-RQFPV,Female,0,Yes,No,28,Yes,Yes,DSL,No,No,Yes,No,Yes,No,Two year,No,Mailed check,58.44,1629.01,Yes
2099-IWEOG,Male,0,Yes,Yes,62,Yes,No,No,No internet service,No internet service,No internet service,No internet service,No internet service,No internet service,Month-to-month,No,Electronic check,21.63,1336.69,No
9372-GDMVY,Male,0,No,Yes,19,Yes,No,DSL,No,No,Yes,Yes,No,Yes,Month-to-month,Yes,Credit card (automatic),64.22,1229.07,Yes
8020-GEYWM,Female,0,No,Yes,24,Yes,No,Fiber optic,Yes,No,Yes,No,No,Yes,One year,No,Mailed check,84.6,2009.69,Yes
1480-CUQIZ,Female,1,Yes,No,49,Yes,Yes,Fiber optic,No,Yes,No,Yes,Yes,Yes,Month-to-month,Yes,Electronic check,90.11,4424.42,Yes
1866-UTTCI,Female,0,Yes,No,51,Yes,No,No,No internet service,No internet service,No internet service,No internet service,No internet service,No internet service,Two year,Yes,Electronic check,23.28,1214.24,Yes
8455-SPGOI,Female,0,No,Yes,9,Yes,No,DSL,No,Yes,No,No,No,No,Month-to-month,Yes,Credit card (automatic),51.19,458.64,Yes
8431-SEWET,Male,0,No,No,3,Yes,No,Fiber optic,No,No,Yes,Yes,No,No,One year,No,Electronic check,81.18,259.4,Yes
7103-ECZZP,Female,0,No,Yes,43,Yes,No,DSL,No,No,No,No,Yes,No,Month-to-month,No,Credit card (automatic),48.91,2098.66,Yes
1014-DQHXT,Male,0,No,No,35,Yes,Yes,Fiber optic,No,Yes,Yes,Yes,Yes,Yes,Month-to-month,Yes,Mailed check,112.22,3963.34,Yes
8535-RZYUZ,Male,0,No,No,26,Yes,No,Fiber optic,Yes,No,No,No,Yes,No,One year,Yes,Mailed check,81.94,2130.77,No
7754-BSQNE,Male,0,No,No,46,No,No phone service,Fiber optic,Yes,Yes,No,No,Yes,Yes,Month-to-month,Yes,Bank transfer (automatic),85.8,3980.58,Yes
2020-QCTZL,Male,1,Yes,Yes,22,Yes,No,No,No internet service,No internet service,No internet service,No internet service,No internet service,No internet service,Two year,No,Electronic check,21.3,460.47,No
7307-DAITG,Male,0,No,Yes,34,No,No phone service,Fiber optic,No,Yes,No,No,Yes,No,Two year,Yes,Electronic check,77.05,2605.84,No
3011-HZWJL,Male,0,No,Yes,17,Yes,Yes,No,No internet service,No internet service,No internet service,No internet service,No internet service,No internet service,Month-to-month,No,Bank transfer (automatic),21.92,398.31,No
8670-PDLPS,Female,1,Yes,No,13,Yes,No,No,No internet service,No internet service,No internet service,No internet service,No internet service,No internet service,Month-to-month,No,Credit card (automatic),18.37,267.35,No
1052-HBVFK,Male,0,No,No,21,No,No phone service,Fiber optic,No,Yes,No,No,No,No,Month-to-month,Yes,Bank transfer (automatic),70.29,1496.49,Yes
8104-NKKCK,Male,0,Yes,No,6,Yes,No,DSL,No,Yes,No,No,Yes,No,Month-to-month,Yes,Electronic check,60.38,395.65,Yes
2745-KGVOY,Female,0,Yes,No,12,Yes,Yes,DSL,No,No,Yes,No,No,Yes,Month-to-month,Yes,Credit card (automatic),67.92,768.93,No
3866-XISUC,Female,0,No,Yes,25,Yes,No,Fiber optic,No,No,Yes,Yes,Yes,Yes,One year,No,Credit card (automatic),98.03,2437.45,Yes
9010-BLJTN,Female,0,No,No,34,Yes,Yes,DSL,No,Yes,Yes,No,Yes,Yes,Month-to-month,Yes,Credit card (automatic),78.53,2658.33,No
5431-WYXST,Male,0,Yes,No,57,Yes,No,DSL,No,No,Yes,No,Yes,No,Month-to-month,Yes,Mailed check,65.14,3690.42,Yes
7598-XRJLF,Male,0,No,No,24,Yes,No,DSL,No,No,No,Yes,Yes,Yes,One year,Yes,Mailed check,72.0,1729.91,No
2601-VWDRA,Female,0,Yes,No,13,Yes,Yes,Fiber optic,No,Yes,Yes,Yes,No,No,Two year,No,Electronic check,82.64,1069.1,Yes
1374-NZRGZ,Female,0,No,Yes,8,Yes,Yes,DSL,No,No,No,Yes,Yes,No,One year,Yes,Electronic check,60.49,477.99,Yes
2185-EYAPO,Male,1,Yes,No,54,Yes,Yes,DSL,No,Yes,No,Yes,Yes,Yes,One year,Yes,Bank transfer (automatic),72.48,3903.17,No
5887-YGRLU,Female,0,No,Yes,29,Yes,Yes,Fiber optic,Yes,No,No,Yes,Yes,Yes,Month-to-month,No,Mailed check,94.55,2746.49,Yes
1688-XRNTE,Female,0,Yes,Yes,23,Yes,No,DSL,Yes,No,No,Yes,Yes,Yes,Two year,Yes,Electronic check,67.85,1543.95,No
5365-GXVWH,Female,1,Yes,Yes,29,Yes,No,DSL,No,No,No,Yes,No,No,Month-to-month,Yes,Electronic check,51.67,1499.27,Yes
6304-YNZIP,Male,1,No,Yes,47,Yes,Yes,Fiber optic,No,No,Yes,Yes,Yes,Yes,One year,Yes,Bank transfer (automatic),108.04,5101.64,Yes
1380-HWHNY,Female,0,Yes,Yes,69,No,No phone service,No,No internet service,No internet service,No internet service,No internet service,No internet service,No internet service,Month-to-month,No,Bank transfer (automatic),18.25,1275.13,No
3583-LBZVM,Male,0,Yes,No,7,Yes,No,DSL,Yes,Yes,No,No,No,No,Month-to-month,No,Electronic check,66.33,472.83,Yes
6749-ITBGJ,Female,0,Yes,No,21,Yes,Yes,Fiber optic,No,Yes,No,No,Yes,No,Two year,No,Credit card (automatic),79.5,1716.9,No
1618-XBBPX,Male,0,No,No,44,No,No phone service,DSL,Yes,Yes,Yes,Yes,No,No,Month-to-month,Yes,Electronic check,68.16,2954.34,No
4780-UBTBE,Male,0,Yes,Yes,8,Yes,Yes,Fiber optic,No,Yes,No,No,No,No,One year,Yes,Mailed check,71.4,576.58,No
9705-BKVWH,Male,0,No,Yes,72,Yes,No,DSL,Yes,No,Yes,No,No,Yes,Two year,No,Credit card (automatic),67.17,4800.72,No
4815-LICOP,Female,0,Yes,Yes,21,Yes,Yes,Fiber optic,No,No,Yes,Yes,No,Yes,Month-to-month,No,Electronic check,90.62,1910.02,Yes
8471-FMTZQ,Female,0,No,Yes,72,Yes,Yes,Fiber optic,No,Yes,No,No,Yes,Yes,Month-to-month,Yes,Electronic check,80.07,5785.0,Yes
1358-YHMIB,Female,0,No,No,6,Yes,Yes,DSL,No,Yes,No,No,No,No,Month-to-month,No,Credit card (automatic),51.49,312.91,Yes
4811-GRMSS,Female,0,Yes,Yes,53,Yes,No,No,No internet service,No internet service,No internet service,No internet service,No internet service,No internet service,One year,No,Credit card (automatic),19.57,997.63,Yes
1149-VRLKF,Female,0,No,Yes,15,No,No phone service,Fiber optic,Yes,Yes,No,Yes,Yes,Yes,One year,No,Mailed check,100.66,1548.36,No
6274-ZTFME,Female,0,Yes,No,26,No,No phone service,DSL,No,No,Yes,No,Yes,Yes,Month-to-month,Yes,Credit card (automatic),66.22,1683.97,No
3522-AVBBE,Male,1,Yes,No,40,Yes,No,Fiber optic,Yes,No,Yes,No,Yes,No,Two year,Yes,Credit card (automatic),81.59,3244.81,No
9675-UMXPN,Female,1,No,Yes,50,Yes,Yes,DSL,Yes,No,No,No,Yes,No,Month-to-month,Yes,Electronic check,54.73,2766.1,No
2723-YAJGD,Male,0,No,No,36,Yes,No,DSL,Yes,No,Yes,Yes,Yes,No,Month-to-month,No,Bank transfer (automatic),77.94,2812.0,Yes
2994-ALBDQ,Male,0,No,No,25,No,No phone service,Fiber optic,Yes,No,No,Yes,No,Yes,Two year,Yes,Bank transfer (automatic),84.11,2047.7,No
8474-AEQAP,Male,1,No,No,29,Yes,Yes,No,No internet service,No internet service,No internet service,No internet service,No internet service,No internet service,Month-to-month,No,Credit card (automatic),21.94,638.27,No
9104-SYLVY,Male,1,Yes,No,72,Yes,Yes,No,No internet service,No internet service,No internet service,No internet service,No internet service,No internet service,Month-to-month,No,Credit card (automatic),18.89,1367.96,No
3433-TIDKK,Female,1,No,No,56,No,No phone service,Fiber optic,Yes,No,Yes,No,No,Yes,One year,Yes,Electronic check,86.86,4888.44,No
7019-VRBCA,Female,0,Yes,No,11,Yes,No,No,No internet service,No internet service,No internet service,No internet service,No internet service,No internet service,Two year,No,Electronic check,18.25,228.26,No
2146-VSXZS,Male,0,No,Yes,29,Yes,Yes,Fiber optic,Yes,No,No,No,No,Yes,Month-to-month,Yes,Electronic check,80.16,2341.02,Yes
6272-FKJYG,Female,0,No,No,37,Yes,No,DSL,Yes,No,Yes,No,No,Yes,One year,Yes,Bank transfer (automatic),59.63,2209.24,No
7801-DMOEY,Male,0,Yes,No,2,Yes,Yes,Fiber optic,No,No,Yes,No,Yes,Yes,Two year,Yes,Credit card (automatic),86.19,159.13,No
2088-GWJHY,Male,0,No,No,60,Yes,No,Fiber optic,No,No,Yes,No,No,No,Month-to-month,Yes,Bank transfer (automatic),74.98,4515.01,Yes
3449-DQEGE,Male,0,No,No,12,No,No phone service,DSL,No,No,Yes,No,No,Yes,Two year,No,Electronic check,57.5,689.71,No
7198-RUTQP,Male,0,No,No,16,Yes,Yes,Fiber optic,No,No,Yes,Yes,No,Yes,One year,Yes,Credit card (automatic),91.96,1499.51,No
7340-AVHFK,Male,0,No,No,9,Yes,Yes,DSL,No,No,No,No,No,Yes,Two year,No,Credit card (automatic),47.82,452.39,No
4919-CIEKM,Male,0,No,No,53,No,No phone service,Fiber optic,No,No,No,No,Yes,No,Two year,Yes,Electronic check,69.96,3665.28,No
6139-UPHBN,Male,0,No,No,42,No,No phone service,Fiber optic,No,No,No,No,Yes,Yes,Month-to-month,Yes,Mailed check,77.89,3337.93,No
7881-JBHHG,Male,0,No,No,55,Yes,No,Fiber optic,Yes,Yes,No,No,No,No,Month-to-month,No,Mailed check,78.05,4294.35,No
9465-SZMYI,Female,0,No,No,72,Yes,No,Fiber optic,No,No,No,No,Yes,No,Month-to-month,Yes,Electronic check,70.98,5126.03,Yes
9889-ZBKBN,Male,1,Yes,No,32,Yes,Yes,DSL,Yes,Yes,Yes,Yes,Yes,No,Month-to-month,Yes,Bank transfer (automatic),79.0,2487.19,No
2712-GFVSK,Male,0,Yes,Yes,18,Yes,No,Fiber optic,Yes,No,No,Yes,No,Yes,Month-to-month,Yes,Electronic check,89.53,1612.37,Yes
3184-YYJDB,Female,0,No,No,32,Yes,Yes,DSL,No,No,Yes,No,Yes,No,Month-to-month,No,Credit card (automatic),63.58,2017.85,Yes
9305-KCOQY,Male,0,No,No,16,No,No phone service,DSL,No,Yes,No,Yes,No,No,Month-to-month,No,Bank transfer (automatic),51.17,846.31,No
9227-EZMBJ,Female,0,No,No,40,Yes,No,Fiber optic,No,No,No,Yes,Yes,Yes,Month-to-month,Yes,Mailed check,90.56,3611.33,Yes
2685-JWLZG,Male,0,Yes,Yes,62,Yes,No,Fiber optic,Yes,No,No,No,Yes,No,Month-to-month,Yes,Bank transfer (automatic),88.59,5491.88,No
4847-MVFQR,Female,0,Yes,Yes,13,Yes,Yes,Fiber optic,Yes,Yes,Yes,No,No,Yes,Two year,Yes,Electronic check,91.26,1130.5,No
3003-SSOQN,Female,1,No,Yes,32,Yes,Yes,DSL,No,No,Yes,No,No,Yes,One year,Yes,Credit card (automatic),64.79,2064.54,No
4069-BBLVB,Female,0,Yes,Yes,25,Yes,Yes,No,No internet service,No internet service,No internet service,No internet service,No internet service,No internet service,One year,Yes,Credit card (automatic),20.79,584.43,No
7436-GIFQV,Female,1,Yes,No,26,Yes,No,No,No internet service,No internet service,No internet service,No internet service,No internet service,No internet service,Month-to-month,Yes,Bank transfer (automatic),20.99,561.5,No
6663-ZNOYA,Male,0,Yes,No,53,Yes,No,No,No internet service,No internet service,No internet service,No internet service,No internet service,No internet service,Month-to-month,Yes,Electronic check,25.88,1362.87,No
9601-PLEAK,Male,0,No,No,38,Yes,No,DSL,No,No,No,No,Yes,No,One year,Yes,Credit card (automatic),52.2,2006.57,No
9609-NPAAL,Male,0,No,No,22,Yes,No,DSL,Yes,Yes,No,No,Yes,No,Month-to-month,No,Bank transfer (automatic),69.77,1520.4,Yes
8495-GBMIY,Male,0,Yes,No,24,Yes,No,Fiber optic,No,No,No,No,Yes,No,Two year,Yes,Electronic check,76.81,1847.37,No
9974-GWVST,Male,1,No,No,29,Yes,Yes,DSL,No,No,Yes,No,Yes,Yes,Two year,No,Bank transfer (automatic),64.46,1890.17,No
6442-XQDSN,Male,0,Yes,No,28,Yes,No,DSL,No,No,Yes,No,No,Yes,One year,Yes,Electronic check,55.31,1569.75,No
8858-MQVZE,Female,0,No,No,29,Yes,Yes,Fiber optic,No,No,Yes,Yes,No,No,Month-to-month,Yes,Electronic check,80.82,2418.35,Yes
7010-AIKOV,Male,0,No,No,46,Yes,Yes,No,No internet service,No internet service,No internet service,No internet service,No internet service,No internet service,Month-to-month,No,Mailed check,18.25,799.66,No
5505-AEDLA,Male,1,No,No,9,Yes,Yes,Fiber optic,Yes,No,No,Yes,No,No,Month-to-month,Yes,Credit card (automatic),77.35,698.02,Yes
5486-MHPHK,Female,0,Yes,Yes,38,Yes,No,DSL,Yes,No,Yes,No,Yes,Yes,Month-to-month,Yes,Bank transfer (automatic),70.95,2716.61,No
2125-GXHUB,Male,0,Yes,No,41,Yes,Yes,DSL,Yes,Yes,Yes,No,Yes,No,Two year,No,Electronic check,73.75,3044.97,No
2814-TOGCY,Female,0,Yes,No,72,Yes,No,DSL,Yes,No,No,Yes,Yes,Yes,Month-to-month,No,Electronic check,79.97,5784.12,Yes
7289-XANMN,Female,0,No,No,25,Yes,No,DSL,No,No,Yes,No,No,Yes,Two year,Yes,Mailed check,59.22,1459.89,No
5167-KERMR,Female,0,Yes,No,38,Yes,No,DSL,No,No,Yes,Yes,Yes,No,Two year,Yes,Mailed check,63.15,2385.27,No
3459-UTLKV,Male,0,No,No,52,Yes,Yes,DSL,No,No,No,No,No,No,Two year,Yes,Credit card (automatic),40.72,2143.83,No
3524-NUBFT,Male,1,Yes,No,37,No,No phone service,DSL,No,Yes,No,No,No,No,Two year,Yes,Credit card (automatic),51.14,1926.77,No
5890-VYROF,Female,0,No,Yes,3,Yes,No,DSL,Yes,Yes,Yes,No,Yes,Yes,Month-to-month,No,Mailed check,80.86,212.59,No
1230-GNOSS,Female,0,No,Yes,4,Yes,No,No,No internet service,No internet service,No internet service,No internet service,No internet service,No internet service,One year,Yes,Bank transfer (automatic),23.43,47.07,Yes
2932-UPHHZ,Female,0,Yes,No,23,Yes,Yes,Fiber optic,No,No,No,No,Yes,Yes,Month-to-month,No,Credit card (automatic),77.74,1802.75,Yes
6358-KOPBV,Male,0,No,No,27,Yes,No,No,No internet service,No internet service,No internet service,No internet service,No internet service,No internet service,Month-to-month,Yes,Mailed check,19.5,535.8,No
8530-AMVIU,Male,0,No,No,34,Yes,Yes,Fiber optic,No,No,Yes,No,Yes,No,Two year,Yes,Bank transfer (automatic),84.83,2875.66,No
1141-IGJRP,Male,1,No,Yes,8,Yes,No,Fiber optic,No,No,Yes,No,Yes,Yes,Two year,Yes,Electronic check,91.01,758.76,No
4730-BDYDI,Male,0,No,Yes,42,Yes,Yes,Fiber optic,Yes,No,No,No,No,No,Month-to-month,Yes,Electronic check,73.48,3104.34,No
2478-LHPKN,Male,0,No,Yes,8,Yes,No,Fiber optic,Yes,Yes,Yes,Yes,No,No,Two year,No,Bank transfer (automatic),98.13,824.84,Yes
7274-URYGD,Female,1,No,No,37,Yes,No,DSL,No,No,No,Yes,Yes,No,Two year,No,Credit card (automatic),62.63,2312.14,No
9532-LOKKQ,Male,0,No,No,11,Yes,Yes,Fiber optic,No,No,Yes,No,Yes,No,Two year,Yes,Electronic check,81.1,917.45,No
9177-HLLIP,Female,0,Yes,Yes,41,Yes,Yes,DSL,Yes,Yes,No,No,No,Yes,Month-to-month,No,Bank transfer (automatic),66.64,2726.22,No
3200-RONOT,Female,0,No,No,52,Yes,Yes,No,No internet service,No internet service,No internet service,No internet service,No internet service,No internet service,Month-to-month,Yes,Mailed check,18.77,1032.43,No
5270-CVBYU,Male,0,No,No,14,Yes,No,DSL,Yes,Yes,Yes,No,No,No,Month-to-month,No,Bank transfer (automatic),65.4,950.04,Yes
3579-JORST,Female,0,Yes,No,36,Yes,Yes,DSL,No,No,Yes,Yes,Yes,Yes,Month-to-month,No,Electronic check,70.29,2485.62,No
7629-EZCLG,Female,0,No,Yes,31,Yes,No,Fiber optic,No,Yes,No,No,No,No,Month-to-month,Yes,Credit card (automatic),73.39,2262.08,Yes
6262-BETFH,Male,0,Yes,No,13,Yes,No,DSL,Yes,Yes,No,No,No,Yes,Month-to-month,No,Mailed check,75.34,976.42,No
1692-SUUWF,Male,0,Yes,No,8,Yes,Yes,No,No internet service,No internet service,No internet service,No internet service,No internet service,No internet service,Two year,Yes,Electronic check,20.61,150.03,No
4303-WWQEK,Female,1,No,Yes,43,Yes,Yes,Fiber optic,No,No,Yes,No,No,No,Month-to-month,Yes,Electronic check,75.27,3233.94,No
1738-IPJPG,Female,0,Yes,Yes,72,Yes,Yes,Fiber optic,No,No,No,No,No,No,Two year,No,Credit card (automatic),66.37,4773.29,No
7186-YXWYX,Female,1,No,No,21,Yes,Yes,DSL,No,No,Yes,No,No,No,One year,Yes,Bank transfer (automatic),49.16,976.71,No
5776-OBTQA,Female,0,Yes,No,3,Yes,No,Fiber optic,No,Yes,No,No,Yes,No,Month-to-month,No,Electronic check,83.11,247.17,Yes
1475-IVGAB,Male,1,No,No,2,No,No phone service,DSL,No,No,No,Yes,Yes,Yes,Two year,Yes,Mailed check,60.92,127.53,No
5879-IYWNY,Female,0,No,No,29,Yes,No,DSL,Yes,Yes,No,Yes,Yes,Yes,Month-to-month,Yes,Credit card (automatic),87.35,2499.6,Yes
8394-POQWA,Female,1,No,Yes,6,Yes,Yes,Fiber optic,No,No,No,No,Yes,Yes,One year,Yes,Mailed check,80.08,479.48,Yes
9164-THKRF,Female,0,No,No,4,Yes,Yes,DSL,Yes,No,No,No,No,No,Two year,Yes,Mailed check,53.5,228.73,No
4921-ANGWQ,Female,0,Yes,No,13,No,No phone service,Fiber optic,Yes,Yes,No,Yes,No,No,Month-to-month,No,Electronic check,91.07,1176.13,Yes
2685-RLRGS,Female,0,Yes,No,42,Yes,No,Fiber optic,No,No,Yes,No,No,No,Two year,Yes,Credit card (automatic),68.89,2909.92,No
4434-DUKJS,Female,0,No,Yes,40,Yes,No,No,No internet service,No internet service,No internet service,No internet service,No internet service,No internet service,Two year,Yes,Mailed check,18.25,744.26,No
6321-IQDYJ,Male,0,No,No,44,Yes,Yes,Fiber optic,Yes,Yes,No,No,Yes,No,Two year,No,Credit card (automatic),90.8,3941.15,No
6869-DVOOE,Female,1,No,No,17,No,No phone service,DSL,No,Yes,Yes,Yes,No,Yes,Two year,No,Electronic check,69.79,1168.25,No
6188-KXRBE,Male,0,No,Yes,18,Yes,Yes,No,No internet service,No internet service,No internet service,No internet service,No internet service,No internet service,Month-to-month,Yes,Electronic check,18.25,350.05,No
8507-IILAY,Female,1,Yes,No,55,Yes,Yes,Fiber optic,No,Yes,Yes,No,No,No,One year,Yes,Mailed check,76.62,4205.19,No
2052-QBHDW,Female,0,Yes,No,20,Yes,Yes,DSL,No,Yes,No,No,Yes,Yes,Month-to-month,No,Electronic check,67.93,1394.51,Yes
7575-ERVPJ,Female,1,No,No,8,Yes,Yes,Fiber optic,No,Yes,No,Yes,Yes,No,One year,Yes,Bank transfer (automatic),92.54,699.31,No
9943-JVNNZ,Male,1,No,Yes,13,Yes,No,Fiber optic,No,No,No,No,No,Yes,One year,No,Electronic check,80.21,1012.7,No
9205-HABIJ,Female,0,No,Yes,44,Yes,No,DSL,No,No,Yes,Yes,No,Yes,One year,Yes,Electronic check,72.01,3204.22,No
7243-JCSRV,Male,0,No,No,36,Yes,No,No,No internet service,No internet service,No internet service,No internet service,No internet service,No internet service,Two year,Yes,Bank transfer (automatic),22.42,827.0,No
8113-KJXUS,Male,0,No,No,23,Yes,No,No,No internet service,No internet service,No internet service,No internet service,No internet service,No internet service,Month-to-month,Yes,Electronic check,18.45,411.96,No
1430-PZSOY,Male,0,No,Yes,5,Yes,Yes,Fiber optic,No,No,Yes,Yes,No,Yes,Month-to-month,Yes,Electronic check,90.27,437.51,Yes
5145-DITTQ,Female,0,Yes,Yes,36,No,No phone service,DSL,Yes,Yes,Yes,No,Yes,No,One year,Yes,Bank transfer (automatic),75.1,2749.97,No
2845-UQXJS,Male,0,No,No,20,Yes,No,DSL,No,Yes,No,Yes,No,No,Month-to-month,Yes,Mailed check,61.88,1230.41,No
4519-DFMEF,Female,0,Yes,No,7,Yes,Yes,Fiber optic,No,No,No,Yes,No,Yes,Month-to-month,No,Electronic check,77.18,500.27,No
2110-BRARI,Male,0,Yes,Yes,44,Yes,Yes,DSL,Yes,No,Yes,No,No,Yes,Month-to-month,No,Credit card (automatic),66.73,2975.35,Yes
5780-QRPYO,Female,0,No,No,21,Yes,No,DSL,Yes,No,Yes,Yes,No,No,Month-to-month,Yes,Mailed check,71.22,1448.5,No
1598-ZTLWO,Female,0,Yes,No,28,Yes,No,Fiber optic,No,No,Yes,No,Yes,Yes,Two year,Yes,Bank transfer (automatic),93.44,2597.31,Yes
7616-PPWLY,Female,0,Yes,Yes,61,Yes,No,Fiber optic,No,Yes,No,No,No,No,One year,Yes,Electronic check,74.56,4508.75,No
2595-OCRLJ,Female,1,No,Yes,33,Yes,No,DSL,No,No,Yes,No,No,No,Month-to-month,Yes,Mailed check,49.65,1685.03,No
2041-MUUKF,Female,1,No,No,41,No,No phone service,Fiber optic,No,No,No,No,No,Yes,Two year,No,Credit card (automatic),73.79,3019.55,No
4808-PUBJN,Female,1,Yes,No,26,Yes,No,DSL,No,Yes,No,No,No,No,Two year,Yes,Credit card (automatic),54.27,1368.24,No
1614-FESOR,Female,0,No,No,47,Yes,No,Fiber optic,No,No,No,No,Yes,No,One year,Yes,Electronic check,75.83,3586.07,No
8204-XWLVQ,Male,0,No,No,9,Yes,No,Fiber optic,No,No,No,No,Yes,Yes,Two year,No,Electronic check,81.53,755.68,No
5361-UHGBX,Male,0,Yes,No,5,Yes,No,DSL,No,Yes,No,No,No,No,Month-to-month,Yes,Bank transfer (automatic),58.03,261.06,No
8252-HSAAD,Female,0,No,No,8,Yes,No,No,No internet service,No internet service,No internet service,No internet service,No internet service,No internet service,Month-to-month,Yes,Bank transfer (automatic),25.96,253.12,No
9362-ODHKI,Male,1,No,No,18,Yes,Yes,No,No internet service,No internet service,No internet service,No internet service,No internet service,No internet service,Month-to-month,Yes,Electronic check,18.25,282.11,Yes
3986-CSSQM,Female,0,No,No,41,Yes,No,No,No internet service,No internet service,No internet service,No internet service,No internet service,No internet service,One year,No,Credit card (automatic),19.64,818.23,No
6295-QZHNR,Female,0,No,No,17,Yes,No,DSL,No,Yes,Yes,Yes,No,Yes,One year,No,Credit card (automatic),76.37,1337.92,No
8932-YLRCM,Male,1,No,Yes,40,Yes,No,No,No internet service,No internet service,No internet service,No internet service,No internet service,No internet service,Month-to-month,No,Mailed check,18.57,791.12,No
8037-PSVHX,Female,0,No,No,29,Yes,No,Fiber optic,Yes,No,No,Yes,Yes,No,Month-to-month,Yes,Credit card (automatic),88.64,2594.54,No
7850-EYMMX,Female,0,Yes,No,72,Yes,No,DSL,No,No,No,No,No,No,Two year,Yes,Electronic check,50.27,3600.0,Yes
2077-ILJAD,Female,0,No,No,29,Yes,No,Fiber optic,No,No,Yes,Yes,Yes,Yes,Month-to-month,No,Bank transfer (automatic),92.88,2703.85,Yes
2115-QIQEX,Female,0,No,Yes,15,Yes,Yes,No,No internet service,No internet service,No internet service,No internet service,No internet service,No internet service,Month-to-month,Yes,Mailed check,23.17,324.21,No
4244-XEVCL,Female,0,Yes,No,38,Yes,Yes,No,No internet service,No internet service,No internet service,No internet service,No internet service,No internet service,One year,Yes,Credit card (automatic),20.08,795.18,No
7698-FFTXG,Female,0,No,No,27,Yes,No,DSL,No,Yes,Yes,No,Yes,Yes,One year,No,Credit card (automatic),81.28,2215.46,No
3437-UUPOB,Female,0,No,Yes,9,Yes,Yes,DSL,No,No,No,Yes,Yes,No,Month-to-month,Yes,Bank transfer (automatic),60.51,584.89,No
7760-OEVTT,Male,0,Yes,No,23,No,No phone service,Fiber optic,No,No,No,No,No,Yes,Two year,No,Electronic check,68.02,1570.66,No
9775-BHRBJ,Female,0,Yes,No,22,Yes,No,No,No internet service,No internet service,No internet service,No internet service,No internet service,No internet service,Month-to-month,Yes,Electronic check,19.47,420.7,No
6829-YCTAW,Female,0,No,No,23,No,No phone service,No,No internet service,No internet service,No internet service,No internet service,No internet service,No internet service,Month-to-month,Yes,Credit card (automatic),18.25,456.27,No
6131-TBJGO,Male,0,Yes,No,10,No,No phone service,DSL,No,No,Yes,No,No,No,Month-to-month,Yes,Mailed check,52.69,506.13,Yes
5832-IVAFW,Male,0,No,No,72,Yes,No,DSL,No,Yes,Yes,Yes,Yes,Yes,Month-to-month,Yes,Electronic check,81.56,5889.25,Yes
3551-HPCRM,Female,0,Yes,Yes,6,No,No phone service,Fiber optic,No,No,Yes,No,No,No,One year,No,Bank transfer (automatic),70.66,425.37,Yes
5769-MHNQS,Male,0,No,No,61,Yes,No,DSL,No,Yes,Yes,No,Yes,No,Month-to-month,Yes,Credit card (automatic),69.39,4260.96,Yes
1056-IKWVI,Female,0,No,No,25,Yes,Yes,DSL,No,No,No,No,No,Yes,Month-to-month,Yes,Mailed check,52.49,1316.14,Yes
3830-EREEO,Male,0,Yes,Yes,12,Yes,No,Fiber optic,No,Yes,Yes,Yes,No,Yes,Month-to-month,No,Credit card (automatic),95.93,1163.42,No
8231-GMSYN,Male,0,No,No,72,Yes,No,DSL,No,Yes,Yes,Yes,No,Yes,Month-to-month,Yes,Bank transfer (automatic),68.91,4927.95,Yes
7072-WPYNN,Female,0,Yes,No,1,Yes,No,Fiber optic,Yes,Yes,No,Yes,Yes,Yes,Month-to-month,Yes,Mailed check,103.97,86.99,Yes
1756-GUUTR,Male,1,Yes,No,12,Yes,Yes,No,No internet service,No internet service,No internet service,No internet service,No internet service,No internet service,Month-to-month,Yes,Electronic check,21.76,252.75,No
9411-KRVYF,Male,1,No,No,22,Yes,No,DSL,No,No,Yes,Yes,Yes,Yes,One year,No,Mailed check,76.5,1701.08,No
4575-OQTQN,Female,1,Yes,No,13,Yes,Yes,Fiber optic,No,No,Yes,Yes,No,Yes,Month-to-month,Yes,Credit card (automatic),85.97,1111.08,Yes
6046-ESQMP,Female,0,No,No,24,Yes,Yes,Fiber optic,No,No,Yes,No,Yes,Yes,Month-to-month,No,Mailed check,84.15,2012.66,Yes
7906-IUGHP,Male,1,No,No,39,Yes,Yes,Fiber optic,Yes,No,No,Yes,Yes,Yes,Month-to-month,Yes,Mailed check,94.3,3717.29,Yes
2411-MWSNN,Female,0,Yes,No,8,Yes,No,No,No internet service,No internet service,No internet service,No internet service,No internet service,No internet service,Month-to-month,No,Electronic check,20.01,173.96,No
8593-JMPVQ,Female,0,Yes,No,31,Yes,No,DSL,Yes,Yes,No,Yes,No,No,Month-to-month,Yes,Electronic check,70.19,2167.7,Yes
8643-RMBCT,Female,1,No,No,42,Yes,No,No,No internet service,No internet service,No internet service,No internet service,No internet service,No internet service,One year,No,Mailed check,24.11,1027.97,No
7322-FDOYE,Male,0,Yes,No,9,No,No phone service,Fiber optic,No,Yes,No,No,Yes,Yes,One year,Yes,Credit card (automatic),88.44,776.2,Yes
3216-MMAFS,Male,0,No,No,29,Yes,Yes,DSL,No,Yes,No,No,No,No,Month-to-month,Yes,Electronic check,47.97,1417.71,No
4038-ORISY,Female,0,Yes,No,22,Yes,Yes,Fiber optic,Yes,No,No,Yes,Yes,Yes,Month-to-month,Yes,Credit card (automatic),91.93,2027.48,No
6031-PAKZJ,Female,0,No,Yes,10,Yes,Yes,Fiber optic,Yes,Yes,No,Yes,Yes,Yes,One year,No,Bank transfer (automatic),107.34,1094.63,No
9383-LSBTT,Male,0,Yes,Yes,11,Yes,No,DSL,No,Yes,No,No,No,Yes,Two year,Yes,Electronic check,59.48,622.88,No
5190-ZNRIP,Female,0,No,Yes,11,Yes,Yes,No,No internet service,No internet service,No internet service,No internet service,No internet service,No internet service,Month-to-month,No,Bank transfer (automatic),24.47,263.26,No
1153-SYWIS,Male,0,No,No,17,Yes,No,DSL,No,Yes,No,No,No,No,Month-to-month,Yes,Credit card (automatic),57.92,944.23,No
1887-XAIQG,Female,0,Yes,No,17,Yes,No,DSL,No,No,No,Yes,Yes,No,Two year,Yes,Credit card (automatic),66.52,1100.56,No
9728-XTFJP,Female,0,No,No,63,Yes,Yes,Fiber optic,No,Yes,No,No,Yes,No,One year,Yes,Bank transfer (automatic),86.21,5395.35,No
6428-JQBQN,Female,0,Yes,No,32,Yes,Yes,Fiber optic,Yes,Yes,No,No,No,No,One year,Yes,Credit card (automatic),72.56,2359.57,No
3098-RYXXX,Female,0,Yes,Yes,33,Yes,Yes,Fiber optic,No,No,No,No,No,Yes,One year,No,Mailed check,74.85,2506.83,No
6211-JPBNG,Male,0,Yes,No,28,Yes,No,Fiber optic,Yes,Yes,No,No,Yes,No,One year,Yes,Bank transfer (automatic),83.79,2324.4,Yes
3922-DZTEX,Female,0,No,Yes,29,Yes,No,Fiber optic,Yes,Yes,Yes,No,No,Yes,Month-to-month,Yes,Mailed check,98.26,2866.5,Yes
6100-ENKBP,Male,0,No,No,35,Yes,No,Fiber optic,No,No,No,Yes,Yes,Yes,One year,No,Credit card (automatic),85.63,2990.91,Yes
2338-XNRKN,Female,0,Yes,Yes,9,Yes,Yes,Fiber optic,No,No,No,Yes,Yes,No,Two year,Yes,Electronic check,73.16,691.44,Yes
3676-FQIJS,Female,0,No,Yes,23,Yes,Yes,DSL,Yes,No,No,No,No,No,Month-to-month,Yes,Electronic check,53.89,1287.89,No
5898-VZFXB,Male,0,No,Yes,12,Yes,No,Fiber optic,No,No,Yes,No,No,No,One year,Yes,Mailed check,70.09,814.52,No
9484-VJLFV,Male,0,Yes,No,49,Yes,No,No,No internet service,No internet service,No internet service,No internet service,No internet service,No internet service,Two year,Yes,Mailed check,23.53,1135.39,No
8417-UUSHG,Male,0,Yes,Yes,16,Yes,No,Fiber optic,No,No,No,No,Yes,Yes,Month-to-month,Yes,Credit card (automatic),82.32,1277.6,No
7412-BUUBW,Male,0,Yes,No,35,Yes,No,Fiber optic,No,Yes,Yes,Yes,No,Yes,Two year,No,Mailed check,100.52,3546.2,Yes
5388-PMNHP,Male,0,Yes,No,40,Yes,Yes,Fiber optic,No,No,No,No,Yes,No,Month-to-month,Yes,Electronic check,76.41,3061.87,Yes
2928-MYUEI,Female,0,No,No,31,Yes,No,DSL,No,No,No,No,No,No,Two year,Yes,Bank transfer (automatic),45.87,1394.15,No
3246-BTEWW,Female,1,No,Yes,28,No,No phone service,DSL,Yes,Yes,No,Yes,No,No,One year,Yes,Electronic check,62.65,1789.24,No
3282-IWLKV,Female,0,Yes,No,25,Yes,Yes,DSL,No,No,No,Yes,No,Yes,Month-to-month,Yes,Mailed check,58.64,1439.83,Yes
9174-TECAK,Female,1,No,Yes,41,Yes,Yes,Fiber optic,No,No,No,No,Yes,No,Two year,Yes,Electronic check,72.32,2942.02,No
2364-ZKHTW,Female,0,Yes,No,13,No,No phone service,DSL,Yes,No,No,No,Yes,Yes,Month-to-month,Yes,Mailed check,64.08,843.29,Yes
9587-XEUCJ,Male,0,No,No,33,Yes,Yes,DSL,No,No,Yes,No,Yes,Yes,Month-to-month,Yes,Credit card (automatic),58.97,1904.49,No
8134-RPMJI,Female,0,No,No,4,Yes,Yes,No,No internet service,No internet service,No internet service,No internet service,No internet service,No internet service,Month-to-month,Yes,Mailed check,22.68,72.03,No
4677-OENFB,Female,0,Yes,Yes,15,Yes,No,Fiber optic,No,No,No,Yes,Yes,Yes,Two year,No,Electronic check,87.14,1327.43,No
9724-KBWGH,Female,1,No,No,17,Yes,Yes,DSL,Yes,No,No,No,Yes,No,Two year,No,Bank transfer (automatic),62.91,1028.66,No
6343-DHDOX,Female,0,Yes,No,7,Yes,No,DSL,No,Yes,Yes,Yes,Yes,No,Two year,No,Bank transfer (automatic),73.4,525.24,No
7528-EMNVB,Female,0,No,Yes,28,Yes,No,Fiber optic,No,Yes,No,No,No,No,Two year,No,Credit card (automatic),69.49,1987.23,No
2863-XACPF,Female,1,Yes,No,13,Yes,Yes,DSL,No,No,No,Yes,No,Yes,Month-to-month,No,Electronic check,62.1,818.24,No
3987-MVOWJ,Female,1,No,No,56,Yes,No,DSL,Yes,Yes,No,No,Yes,Yes,Month-to-month,Yes,Mailed check,79.57,4464.42,Yes
7579-AIAQT,Male,0,No,No,21,Yes,Yes,No,No internet service,No internet service,No internet service,No internet service,No internet service,No internet service,Two year,No,Bank transfer (automatic),22.62,489.54,No
8087-MDOSG,Female,0,No,No,39,Yes,Yes,Fiber optic,No,Yes,Yes,Yes,No,No,Month-to-month,Yes,Bank transfer (automatic),81.52,3171.0,No
4778-FYZUB,Male,0,No,Yes,50,Yes,No,No,No internet service,No internet service,No internet service,No internet service,No internet service,No internet service,Month-to-month,Yes,Bank transfer (automatic),21.8,1095.86,No
3608-PFHOD,Male,0,No,Yes,36,No,No phone service,Fiber optic,Yes,No,Yes,No,Yes,No,Month-to-month,Yes,Bank transfer (automatic),81.69,2958.61,Yes
4602-BIJNA,Female,1,Yes,No,18,Yes,Yes,DSL,Yes,No,No,No,No,No,One year,No,Mailed check,50.89,919.14,No
5500-ALOMR,Male,0,No,No,25,Yes,No,Fiber optic,Yes,Yes,Yes,No,Yes,Yes,One year,No,Credit card (automatic),110.58,2788.22,Yes
9014-YKBTR,Female,0,Yes,Yes,7,Yes,No,DSL,No,No,No,Yes,Yes,No,Month-to-month,Yes,Credit card (automatic),65.75,468.66,No
1646-WINIS,Male,0,No,No,39,Yes,No,DSL,Yes,No,No,No,Yes,No,Two year,Yes,Bank transfer (automatic),61.37,2365.5,No
2966-LCPQQ,Female,0,No,No,72,Yes,No,DSL,No,Yes,Yes,No,Yes,No,One year,No,Electronic check,67.4,4837.1,No
6143-DPRSH,Male,0,Yes,Yes,47,Yes,No,No,No internet service,No internet service,No internet service,No internet service,No internet service,No internet service,Two year,Yes,Credit card (automatic),23.02,1066.23,No
5064-YWUJQ,Female,0,Yes,Yes,18,Yes,No,Fiber optic,No,Yes,No,No,Yes,No,Two year,No,Electronic check,77.13,1377.71,No
8607-QJDUW,Male,0,Yes,No,19,Yes,No,Fiber optic,Yes,Yes,No,No,Yes,No,Two year,Yes,Credit card (automatic),84.7,1608.79,No
9672-DTVER,Male,0,Yes,No,49,Yes,Yes,Fiber optic,No,Yes,No,Yes,No,Yes,One year,Yes,Bank transfer (automatic),87.16,4224.46,Yes
6985-QMUUG,Male,0,No,No,8,No,No phone service,DSL,No,Yes,Yes,No,Yes,No,Month-to-month,Yes,Electronic check,68.92,580.16,No
9538-ASEDP,Female,0,Yes,Yes,14,Yes,Yes,Fiber optic,No,No,No,No,Yes,No,Month-to-month,Yes,Electronic check,70.81,1002.22,Yes
3967-RCYCT,Female,0,No,No,15,Yes,Yes,DSL,No,No,No,Yes,No,Yes,Month-to-month,Yes,Credit card (automatic),62.81,939.65,Yes
6243-TLLUE,Female,0,Yes,No,4,Yes,No,DSL,Yes,Yes,Yes,No,Yes,Yes,Month-to-month,Yes,Mailed check,92.46,383.05,Yes
3197-QGERX,Male,0,No,No,34,Yes,Yes,DSL,Yes,No,Yes,No,No,Yes,Month-to-month,Yes,Mailed check,66.31,2246.6,No
4212-ZCWMN,Male,1,Yes,No,18,Yes,Yes,DSL,Yes,Yes,Yes,No,No,No,Month-to-month,Yes,Electronic check,72.0,1307.07,Yes
3463-FIYIG,Male,0,Yes,Yes,18,Yes,No,Fiber optic,Yes,No,Yes,Yes,No,No,Month-to-month,Yes,Electronic check,88.54,1605.54,Yes
3974-DINMW,Female,0,No,No,28,Yes,No,Fiber optic,No,No,Yes,Yes,No,Yes,Two year,Yes,Electronic check,93.68,2620.49,No
7072-UTCDP,Female,0,Yes,No,6,Yes,No,Fiber optic,Yes,No,No,No,No,No,One year,No,Electronic check,78.68,465.93,Yes
1539-DGDAU,Male,0,No,Yes,23,Yes,No,No,No internet service,No internet service,No internet service,No internet service,No internet service,No internet service,Two year,No,Bank transfer (automatic),19.11,458.88,No
4344-FZZEY,Female,0,No,No,5,Yes,Yes,Fiber optic,No,No,No,No,No,Yes,Month-to-month,Yes,Bank transfer (automatic),76.73,405.42,No
7657-ZSUOG,Female,0,Yes,No,34,Yes,No,Fiber optic,No,No,Yes,No,Yes,Yes,One year,Yes,Bank transfer (automatic),92.12,3143.75,Yes
9477-XQBUF,Male,0,Yes,Yes,53,Yes,No,Fiber optic,No,Yes,Yes,No,Yes,No,Month-to-month,Yes,Bank transfer (automatic),92.47,4909.43,Yes
9760-UANHT,Male,0,Yes,Yes,39,Yes,No,DSL,No,No,Yes,No,No,No,Month-to-month,Yes,Mailed check,51.16,2030.03,Yes
9179-LEURE,Male,0,Yes,No,15,Yes,Yes,No,No internet service,No internet service,No internet service,No internet service,No internet service,No internet service,Month-to-month,No,Credit card (automatic),20.99,324.89,Yes
6464-BLXDO,Male,0,No,No,36,Yes,No,Fiber optic,No,No,Yes,No,No,Yes,Two year,No,Electronic check,73.17,2604.56,No
1035-PUUZI,Male,0,Yes,No,20,Yes,No,Fiber optic,No,Yes,No,No,Yes,Yes,Month-to-month,Yes,Mailed check,77.78,1542.55,Yes
9153-LMFUM,Female,0,Yes,No,26,Yes,No,DSL,Yes,Yes,No,No,No,No,One year,Yes,Credit card (automatic),62.42,1641.83,Yes
6648-ZDUJK,Male,0,No,Yes,35,Yes,No,No,No internet service,No internet service,No internet service,No internet service,No internet service,No internet service,Month-to-month,Yes,Mailed check,18.45,630.81,No
6858-EVYLZ,Female,0,Yes,No,0,Yes,No,Fiber optic,No,No,No,No,Yes,Yes,Month-to-month,No,Mailed check,84.16, ,Yes
8951-QZJZM,Female,0,No,No,4,Yes,No,DSL,No,No,Yes,Yes,No,Yes,Two year,No,Bank transfer (automatic),64.89,285.98,No
9616-ZAZDI,Female,0,No,Yes,21,Yes,Yes,DSL,Yes,Yes,Yes,No,Yes,No,Two year,No,Credit card (automatic),71.05,1470.86,No
8952-VQWIK,Female,0,No,Yes,12,Yes,No,Fiber optic,No,Yes,No,No,No,No,Month-to-month,No,Electronic check,63.95,732.93,Yes
9507-UGXWU,Male,0,No,No,24,Yes,Yes,DSL,Yes,No,No,Yes,Yes,Yes,Two year,Yes,Electronic check,76.93,1852.62,Yes
6564-BMTMC,Male,0,Yes,No,27,Yes,Yes,DSL,No,No,No,No,Yes,Yes,Month-to-month,Yes,Electronic check,63.16,1656.41,Yes
